full_snapshot_revision,full_snapshot_clean,full_snapshot_measured_at,full_snapshot_sha256,pillow_simd_snapshot_revision,pillow_simd_snapshot_clean,pillow_simd_snapshot_measured_at,pillow_simd_snapshot_sha256,operation,api_path,target_api_paths,kind,classification,profile,baseline,goal_threshold_speedup,profile_applicability,profile_status,declared_profiles,manifest_target_profiles,workload_target_profiles,benchmark_workloads,published_workloads,missing_published_workloads,published_profile_rows,verified_comparisons,below_baseline_comparisons,below_2x_comparisons,below_5x_comparisons,worst_verified_speedup,worst_verified_workload,worst_verified_runner,execution_only_rows,parity_not_proven_rows,failed_rows,not_run_rows,fallback_rows,wrong_backend_rows,pillow_simd_snapshot_workloads,verified_pillow_simd_comparisons,worst_verified_speedup_vs_pillow_simd,gpu_sustained_throughput_status,benchmark_workload_ids
df5231519bb4810e6b0098560c5c791e56dc9952,true,2026-10-09T01:11:25.338187Z,48d69f9756559a7a8da696b16d93e10be849504250560e4830f3dc8ee97b4d9a,101fdb8cc2c9da7ea98da8602ac4e7879ab23c9d,false,2026-10-07T13:19:09.608307Z,8963ea465b99a6b2a2cca91ab2aa07ee321fb3a450edfd10a102f4681b3247e4,PIL.Image.Image.alpha_composite,PIL.Image.Image.alpha_composite,PIL.Image.Image.alpha_composite,method,endpoint,python-cpu,Pillow,1.0,benchmark_workload,target_met_in_verified_rows,python-cpu;python-gpu;python-simd,python-cpu,python-cpu;python-gpu;python-simd,10,9,pil-image-image.alpha-composite.standard,27,3,0,3,,1.042315,pipeline-chain.alpha-composite.rgba-mirror-1024x768,ubuntu-24.04-arm64,24,0,0,0,0,0,0,0,,,pil-image-image.alpha-composite.standard;pipeline-chain.alpha-composite.la-1024x768;pipeline-chain.alpha-composite.la-256x256;pipeline-chain.alpha-composite.rgba-1024x768;pipeline-chain.alpha-composite.rgba-256x256;pipeline-chain.alpha-composite.rgba-mirror-1024x768;pipeline-chain.matrix-009;pipeline-chain.matrix-021;pipeline-op.alphacomposite.benchmark-materialized;pipeline-op.alphacomposite.matrix-32x24
df5231519bb4810e6b0098560c5c791e56dc9952,true,2026-10-09T01:11:25.338187Z,48d69f9756559a7a8da696b16d93e10be849504250560e4830f3dc8ee97b4d9a,101fdb8cc2c9da7ea98da8602ac4e7879ab23c9d,false,2026-10-07T13:19:09.608307Z,8963ea465b99a6b2a2cca91ab2aa07ee321fb3a450edfd10a102f4681b3247e4,PIL.Image.Image.alpha_composite,PIL.Image.Image.alpha_composite,PIL.Image.Image.alpha_composite,method,endpoint,python-simd,Pillow,2.0,benchmark_workload,target_unmet_in_verified_rows,python-cpu;python-gpu;python-simd,python-cpu,python-cpu;python-gpu;python-simd,10,9,pil-image-image.alpha-composite.standard,27,3,0,1,3,1.396824,pipeline-chain.alpha-composite.rgba-mirror-1024x768,ubuntu-24.04-x86_64,24,0,0,0,0,0,0,0,,,pil-image-image.alpha-composite.standard;pipeline-chain.alpha-composite.la-1024x768;pipeline-chain.alpha-composite.la-256x256;pipeline-chain.alpha-composite.rgba-1024x768;pipeline-chain.alpha-composite.rgba-256x256;pipeline-chain.alpha-composite.rgba-mirror-1024x768;pipeline-chain.matrix-009;pipeline-chain.matrix-021;pipeline-op.alphacomposite.benchmark-materialized;pipeline-op.alphacomposite.matrix-32x24
df5231519bb4810e6b0098560c5c791e56dc9952,true,2026-10-09T01:11:25.338187Z,48d69f9756559a7a8da696b16d93e10be849504250560e4830f3dc8ee97b4d9a,101fdb8cc2c9da7ea98da8602ac4e7879ab23c9d,false,2026-10-07T13:19:09.608307Z,8963ea465b99a6b2a2cca91ab2aa07ee321fb3a450edfd10a102f4681b3247e4,PIL.Image.Image.alpha_composite,PIL.Image.Image.alpha_composite,PIL.Image.Image.alpha_composite,method,endpoint,python-gpu,SIMD,1.0,benchmark_workload,target_unmet_in_verified_rows,python-cpu;python-gpu;python-simd,python-cpu,python-cpu;python-gpu;python-simd,10,9,pil-image-image.alpha-composite.standard,9,1,1,1,,0.262755,pipeline-chain.alpha-composite.rgba-mirror-1024x768,macos-15-arm64,8,0,0,0,0,0,0,0,,not_measured,pil-image-image.alpha-composite.standard;pipeline-chain.alpha-composite.la-1024x768;pipeline-chain.alpha-composite.la-256x256;pipeline-chain.alpha-composite.rgba-1024x768;pipeline-chain.alpha-composite.rgba-256x256;pipeline-chain.alpha-composite.rgba-mirror-1024x768;pipeline-chain.matrix-009;pipeline-chain.matrix-021;pipeline-op.alphacomposite.benchmark-materialized;pipeline-op.alphacomposite.matrix-32x24
df5231519bb4810e6b0098560c5c791e56dc9952,true,2026-10-09T01:11:25.338187Z,48d69f9756559a7a8da696b16d93e10be849504250560e4830f3dc8ee97b4d9a,101fdb8cc2c9da7ea98da8602ac4e7879ab23c9d,false,2026-10-07T13:19:09.608307Z,8963ea465b99a6b2a2cca91ab2aa07ee321fb3a450edfd10a102f4681b3247e4,PIL.Image.Image.alpha_composite,PIL.Image.Image.alpha_composite,PIL.Image.Image.alpha_composite,method,endpoint,python-parallel-cpu,Pillow,,published_rows_only,tracked_as_separate_profile,python-cpu;python-gpu;python-simd,python-cpu,python-cpu;python-gpu;python-simd,10,9,pil-image-image.alpha-composite.standard,27,3,0,2,,1.557497,pipeline-chain.alpha-composite.rgba-mirror-1024x768,macos-15-arm64,24,0,0,0,0,0,0,0,,,pil-image-image.alpha-composite.standard;pipeline-chain.alpha-composite.la-1024x768;pipeline-chain.alpha-composite.la-256x256;pipeline-chain.alpha-composite.rgba-1024x768;pipeline-chain.alpha-composite.rgba-256x256;pipeline-chain.alpha-composite.rgba-mirror-1024x768;pipeline-chain.matrix-009;pipeline-chain.matrix-021;pipeline-op.alphacomposite.benchmark-materialized;pipeline-op.alphacomposite.matrix-32x24
df5231519bb4810e6b0098560c5c791e56dc9952,true,2026-10-09T01:11:25.338187Z,48d69f9756559a7a8da696b16d93e10be849504250560e4830f3dc8ee97b4d9a,101fdb8cc2c9da7ea98da8602ac4e7879ab23c9d,false,2026-10-07T13:19:09.608307Z,8963ea465b99a6b2a2cca91ab2aa07ee321fb3a450edfd10a102f4681b3247e4,PIL.Image.Image.apply_transparency,PIL.Image.Image.apply_transparency,PIL.Image.Image.apply_transparency,method,endpoint,python-cpu,Pillow,1.0,benchmark_workload,not_in_published_snapshot,python-cpu;python-gpu;python-simd,python-cpu,python-cpu;python-gpu;python-simd,1,0,pil-image-image.apply-transparency.standard,0,0,0,0,,,,,0,0,0,0,0,0,0,0,,,pil-image-image.apply-transparency.standard
df5231519bb4810e6b0098560c5c791e56dc9952,true,2026-10-09T01:11:25.338187Z,48d69f9756559a7a8da696b16d93e10be849504250560e4830f3dc8ee97b4d9a,101fdb8cc2c9da7ea98da8602ac4e7879ab23c9d,false,2026-10-07T13:19:09.608307Z,8963ea465b99a6b2a2cca91ab2aa07ee321fb3a450edfd10a102f4681b3247e4,PIL.Image.Image.apply_transparency,PIL.Image.Image.apply_transparency,PIL.Image.Image.apply_transparency,method,endpoint,python-simd,Pillow,2.0,benchmark_workload,not_in_published_snapshot,python-cpu;python-gpu;python-simd,python-cpu,python-cpu;python-gpu;python-simd,1,0,pil-image-image.apply-transparency.standard,0,0,0,0,0,,,,0,0,0,0,0,0,0,0,,,pil-image-image.apply-transparency.standard
df5231519bb4810e6b0098560c5c791e56dc9952,true,2026-10-09T01:11:25.338187Z,48d69f9756559a7a8da696b16d93e10be849504250560e4830f3dc8ee97b4d9a,101fdb8cc2c9da7ea98da8602ac4e7879ab23c9d,false,2026-10-07T13:19:09.608307Z,8963ea465b99a6b2a2cca91ab2aa07ee321fb3a450edfd10a102f4681b3247e4,PIL.Image.Image.apply_transparency,PIL.Image.Image.apply_transparency,PIL.Image.Image.apply_transparency,method,endpoint,python-gpu,SIMD,1.0,benchmark_workload,not_in_published_snapshot,python-cpu;python-gpu;python-simd,python-cpu,python-cpu;python-gpu;python-simd,1,0,pil-image-image.apply-transparency.standard,0,0,0,0,,,,,0,0,0,0,0,0,0,0,,not_measured,pil-image-image.apply-transparency.standard
df5231519bb4810e6b0098560c5c791e56dc9952,true,2026-10-09T01:11:25.338187Z,48d69f9756559a7a8da696b16d93e10be849504250560e4830f3dc8ee97b4d9a,101fdb8cc2c9da7ea98da8602ac4e7879ab23c9d,false,2026-10-07T13:19:09.608307Z,8963ea465b99a6b2a2cca91ab2aa07ee321fb3a450edfd10a102f4681b3247e4,PIL.Image.Image.apply_transparency,PIL.Image.Image.apply_transparency,PIL.Image.Image.apply_transparency,method,endpoint,python-parallel-cpu,Pillow,,not_declared,not_declared_in_manifest_or_workload,python-cpu;python-gpu;python-simd,python-cpu,python-cpu;python-gpu;python-simd,1,0,pil-image-image.apply-transparency.standard,0,0,0,0,,,,,0,0,0,0,0,0,0,0,,,pil-image-image.apply-transparency.standard
df5231519bb4810e6b0098560c5c791e56dc9952,true,2026-10-09T01:11:25.338187Z,48d69f9756559a7a8da696b16d93e10be849504250560e4830f3dc8ee97b4d9a,101fdb8cc2c9da7ea98da8602ac4e7879ab23c9d,false,2026-10-07T13:19:09.608307Z,8963ea465b99a6b2a2cca91ab2aa07ee321fb3a450edfd10a102f4681b3247e4,PIL.Image.Image.close,PIL.Image.Image.close,PIL.Image.Image.close,method,endpoint,python-cpu,Pillow,1.0,benchmark_workload,not_in_published_snapshot,python-cpu;python-gpu;python-simd,python-cpu,python-cpu;python-gpu;python-simd,1,0,pil-image-image.close.standard,0,0,0,0,,,,,0,0,0,0,0,0,0,0,,,pil-image-image.close.standard
df5231519bb4810e6b0098560c5c791e56dc9952,true,2026-10-09T01:11:25.338187Z,48d69f9756559a7a8da696b16d93e10be849504250560e4830f3dc8ee97b4d9a,101fdb8cc2c9da7ea98da8602ac4e7879ab23c9d,false,2026-10-07T13:19:09.608307Z,8963ea465b99a6b2a2cca91ab2aa07ee321fb3a450edfd10a102f4681b3247e4,PIL.Image.Image.close,PIL.Image.Image.close,PIL.Image.Image.close,method,endpoint,python-simd,Pillow,2.0,benchmark_workload,not_in_published_snapshot,python-cpu;python-gpu;python-simd,python-cpu,python-cpu;python-gpu;python-simd,1,0,pil-image-image.close.standard,0,0,0,0,0,,,,0,0,0,0,0,0,0,0,,,pil-image-image.close.standard
df5231519bb4810e6b0098560c5c791e56dc9952,true,2026-10-09T01:11:25.338187Z,48d69f9756559a7a8da696b16d93e10be849504250560e4830f3dc8ee97b4d9a,101fdb8cc2c9da7ea98da8602ac4e7879ab23c9d,false,2026-10-07T13:19:09.608307Z,8963ea465b99a6b2a2cca91ab2aa07ee321fb3a450edfd10a102f4681b3247e4,PIL.Image.Image.close,PIL.Image.Image.close,PIL.Image.Image.close,method,endpoint,python-gpu,SIMD,1.0,benchmark_workload,not_in_published_snapshot,python-cpu;python-gpu;python-simd,python-cpu,python-cpu;python-gpu;python-simd,1,0,pil-image-image.close.standard,0,0,0,0,,,,,0,0,0,0,0,0,0,0,,not_measured,pil-image-image.close.standard
df5231519bb4810e6b0098560c5c791e56dc9952,true,2026-10-09T01:11:25.338187Z,48d69f9756559a7a8da696b16d93e10be849504250560e4830f3dc8ee97b4d9a,101fdb8cc2c9da7ea98da8602ac4e7879ab23c9d,false,2026-10-07T13:19:09.608307Z,8963ea465b99a6b2a2cca91ab2aa07ee321fb3a450edfd10a102f4681b3247e4,PIL.Image.Image.close,PIL.Image.Image.close,PIL.Image.Image.close,method,endpoint,python-parallel-cpu,Pillow,,not_declared,not_declared_in_manifest_or_workload,python-cpu;python-gpu;python-simd,python-cpu,python-cpu;python-gpu;python-simd,1,0,pil-image-image.close.standard,0,0,0,0,,,,,0,0,0,0,0,0,0,0,,,pil-image-image.close.standard
df5231519bb4810e6b0098560c5c791e56dc9952,true,2026-10-09T01:11:25.338187Z,48d69f9756559a7a8da696b16d93e10be849504250560e4830f3dc8ee97b4d9a,101fdb8cc2c9da7ea98da8602ac4e7879ab23c9d,false,2026-10-07T13:19:09.608307Z,8963ea465b99a6b2a2cca91ab2aa07ee321fb3a450edfd10a102f4681b3247e4,PIL.Image.Image.convert,PIL.Image.Image.convert,PIL.Image.Image.convert,method,endpoint,python-cpu,Pillow,1.0,benchmark_workload,target_met_in_verified_rows,python-cpu;python-gpu;python-simd,python-cpu,python-cpu;python-gpu;python-simd,60,54,pil-image-image.convert.l-to-rgb-material;pil-image-image.convert.l-to-rgba-material;pil-image-image.convert.pa-to-rgba-material;pil-image-image.convert.rgb-to-l-material;pil-image-image.convert.rgb-to-rgba-material;pil-image-image.convert.standard,162,6,0,0,,51.928527,pipeline-chain.convert.material-cmyk-to-rgb-1024x768,ubuntu-24.04-arm64,153,0,0,0,0,3,0,0,,,pil-image-image.convert.l-to-rgb-material;pil-image-image.convert.l-to-rgba-material;pil-image-image.convert.pa-to-rgba-material;pil-image-image.convert.rgb-to-l-material;pil-image-image.convert.rgb-to-rgba-material;pil-image-image.convert.standard;pipeline-chain.color.convert-mode-1;pipeline-chain.color.convert-mode-cmyk;pipeline-chain.color.convert-mode-f;pipeline-chain.color.convert-mode-hsv;pipeline-chain.color.convert-mode-i;pipeline-chain.color.convert-mode-l;pipeline-chain.color.convert-mode-la;pipeline-chain.color.convert-mode-p;pipeline-chain.color.convert-mode-ycbcr;pipeline-chain.convert.material-cmyk-to-1-1024x768;pipeline-chain.convert.material-cmyk-to-rgb-1024x768;pipeline-chain.loaded-10.rgb-jpeg-512x384;pipeline-chain.loaded-10.rgba-png-512x384;pipeline-chain.matrix-036;pipeline-chain.matrix-037;pipeline-chain.matrix-038;pipeline-chain.matrix-039;pipeline-chain.matrix-040;pipeline-chain.matrix-041;pipeline-chain.matrix-042;pipeline-chain.matrix-043;pipeline-chain.matrix-045;pipeline-chain.matrix-054;pipeline-chain.matrix-057;pipeline-chain.matrix-058;pipeline-chain.matrix-059;pipeline-chain.matrix-066;pipeline-chain.matrix-067;pipeline-chain.matrix-068;pipeline-chain.matrix-069;pipeline-chain.matrix-070;pipeline-chain.matrix-071;pipeline-chain.reviewed.convert-cmyk-1-dither;pipeline-chain.reviewed.convert-cmyk-1-no-dither;pipeline-chain.reviewed.convert-cmyk-f;pipeline-chain.reviewed.convert-cmyk-i;pipeline-chain.reviewed.convert-cmyk-la;pipeline-chain.reviewed.convert-cmyk-rgba;pipeline-chain.reviewed.convert-one-cmyk;pipeline-chain.reviewed.convert-p-no-palette-rgb;pipeline-chain.reviewed.convert-palette-rgb;pipeline-chain.reviewed.convert-rgba-cmyk-la;pipeline-matrix.expanded.convert.1024x768;pipeline-matrix.expanded.convert.1x1;pipeline-matrix.expanded.convert.256x256;pipeline-matrix.expanded.convert.32x32;pipeline-op.convert-mode-cmyk-to-rgb-1024x768;pipeline-op.convert-mode-f-to-i-1024x768;pipeline-op.convert-mode-f-to-l-1024x768;pipeline-op.convert-mode-i-to-f-1024x768;pipeline-op.convert-mode-i-to-l-1024x768;pipeline-op.convert.benchmark-materialized;pipeline-op.convert.matrix-32x24;pipeline-op.convertlab.benchmark-materialized
df5231519bb4810e6b0098560c5c791e56dc9952,true,2026-10-09T01:11:25.338187Z,48d69f9756559a7a8da696b16d93e10be849504250560e4830f3dc8ee97b4d9a,101fdb8cc2c9da7ea98da8602ac4e7879ab23c9d,false,2026-10-07T13:19:09.608307Z,8963ea465b99a6b2a2cca91ab2aa07ee321fb3a450edfd10a102f4681b3247e4,PIL.Image.Image.convert,PIL.Image.Image.convert,PIL.Image.Image.convert,method,endpoint,python-simd,Pillow,2.0,benchmark_workload,target_met_in_verified_rows,python-cpu;python-gpu;python-simd,python-cpu,python-cpu;python-gpu;python-simd,60,54,pil-image-image.convert.l-to-rgb-material;pil-image-image.convert.l-to-rgba-material;pil-image-image.convert.pa-to-rgba-material;pil-image-image.convert.rgb-to-l-material;pil-image-image.convert.rgb-to-rgba-material;pil-image-image.convert.standard,162,6,0,0,0,50.875844,pipeline-chain.convert.material-cmyk-to-rgb-1024x768,macos-15-arm64,153,0,0,0,0,3,0,0,,,pil-image-image.convert.l-to-rgb-material;pil-image-image.convert.l-to-rgba-material;pil-image-image.convert.pa-to-rgba-material;pil-image-image.convert.rgb-to-l-material;pil-image-image.convert.rgb-to-rgba-material;pil-image-image.convert.standard;pipeline-chain.color.convert-mode-1;pipeline-chain.color.convert-mode-cmyk;pipeline-chain.color.convert-mode-f;pipeline-chain.color.convert-mode-hsv;pipeline-chain.color.convert-mode-i;pipeline-chain.color.convert-mode-l;pipeline-chain.color.convert-mode-la;pipeline-chain.color.convert-mode-p;pipeline-chain.color.convert-mode-ycbcr;pipeline-chain.convert.material-cmyk-to-1-1024x768;pipeline-chain.convert.material-cmyk-to-rgb-1024x768;pipeline-chain.loaded-10.rgb-jpeg-512x384;pipeline-chain.loaded-10.rgba-png-512x384;pipeline-chain.matrix-036;pipeline-chain.matrix-037;pipeline-chain.matrix-038;pipeline-chain.matrix-039;pipeline-chain.matrix-040;pipeline-chain.matrix-041;pipeline-chain.matrix-042;pipeline-chain.matrix-043;pipeline-chain.matrix-045;pipeline-chain.matrix-054;pipeline-chain.matrix-057;pipeline-chain.matrix-058;pipeline-chain.matrix-059;pipeline-chain.matrix-066;pipeline-chain.matrix-067;pipeline-chain.matrix-068;pipeline-chain.matrix-069;pipeline-chain.matrix-070;pipeline-chain.matrix-071;pipeline-chain.reviewed.convert-cmyk-1-dither;pipeline-chain.reviewed.convert-cmyk-1-no-dither;pipeline-chain.reviewed.convert-cmyk-f;pipeline-chain.reviewed.convert-cmyk-i;pipeline-chain.reviewed.convert-cmyk-la;pipeline-chain.reviewed.convert-cmyk-rgba;pipeline-chain.reviewed.convert-one-cmyk;pipeline-chain.reviewed.convert-p-no-palette-rgb;pipeline-chain.reviewed.convert-palette-rgb;pipeline-chain.reviewed.convert-rgba-cmyk-la;pipeline-matrix.expanded.convert.1024x768;pipeline-matrix.expanded.convert.1x1;pipeline-matrix.expanded.convert.256x256;pipeline-matrix.expanded.convert.32x32;pipeline-op.convert-mode-cmyk-to-rgb-1024x768;pipeline-op.convert-mode-f-to-i-1024x768;pipeline-op.convert-mode-f-to-l-1024x768;pipeline-op.convert-mode-i-to-f-1024x768;pipeline-op.convert-mode-i-to-l-1024x768;pipeline-op.convert.benchmark-materialized;pipeline-op.convert.matrix-32x24;pipeline-op.convertlab.benchmark-materialized
df5231519bb4810e6b0098560c5c791e56dc9952,true,2026-10-09T01:11:25.338187Z,48d69f9756559a7a8da696b16d93e10be849504250560e4830f3dc8ee97b4d9a,101fdb8cc2c9da7ea98da8602ac4e7879ab23c9d,false,2026-10-07T13:19:09.608307Z,8963ea465b99a6b2a2cca91ab2aa07ee321fb3a450edfd10a102f4681b3247e4,PIL.Image.Image.convert,PIL.Image.Image.convert,PIL.Image.Image.convert,method,endpoint,python-gpu,SIMD,1.0,benchmark_workload,target_unmet_in_verified_rows,python-cpu;python-gpu;python-simd,python-cpu,python-cpu;python-gpu;python-simd,60,54,pil-image-image.convert.l-to-rgb-material;pil-image-image.convert.l-to-rgba-material;pil-image-image.convert.pa-to-rgba-material;pil-image-image.convert.rgb-to-l-material;pil-image-image.convert.rgb-to-rgba-material;pil-image-image.convert.standard,54,2,2,2,,0.570462,pipeline-chain.convert.material-cmyk-to-rgb-1024x768,macos-15-arm64,51,0,0,0,0,1,0,0,,not_measured,pil-image-image.convert.l-to-rgb-material;pil-image-image.convert.l-to-rgba-material;pil-image-image.convert.pa-to-rgba-material;pil-image-image.convert.rgb-to-l-material;pil-image-image.convert.rgb-to-rgba-material;pil-image-image.convert.standard;pipeline-chain.color.convert-mode-1;pipeline-chain.color.convert-mode-cmyk;pipeline-chain.color.convert-mode-f;pipeline-chain.color.convert-mode-hsv;pipeline-chain.color.convert-mode-i;pipeline-chain.color.convert-mode-l;pipeline-chain.color.convert-mode-la;pipeline-chain.color.convert-mode-p;pipeline-chain.color.convert-mode-ycbcr;pipeline-chain.convert.material-cmyk-to-1-1024x768;pipeline-chain.convert.material-cmyk-to-rgb-1024x768;pipeline-chain.loaded-10.rgb-jpeg-512x384;pipeline-chain.loaded-10.rgba-png-512x384;pipeline-chain.matrix-036;pipeline-chain.matrix-037;pipeline-chain.matrix-038;pipeline-chain.matrix-039;pipeline-chain.matrix-040;pipeline-chain.matrix-041;pipeline-chain.matrix-042;pipeline-chain.matrix-043;pipeline-chain.matrix-045;pipeline-chain.matrix-054;pipeline-chain.matrix-057;pipeline-chain.matrix-058;pipeline-chain.matrix-059;pipeline-chain.matrix-066;pipeline-chain.matrix-067;pipeline-chain.matrix-068;pipeline-chain.matrix-069;pipeline-chain.matrix-070;pipeline-chain.matrix-071;pipeline-chain.reviewed.convert-cmyk-1-dither;pipeline-chain.reviewed.convert-cmyk-1-no-dither;pipeline-chain.reviewed.convert-cmyk-f;pipeline-chain.reviewed.convert-cmyk-i;pipeline-chain.reviewed.convert-cmyk-la;pipeline-chain.reviewed.convert-cmyk-rgba;pipeline-chain.reviewed.convert-one-cmyk;pipeline-chain.reviewed.convert-p-no-palette-rgb;pipeline-chain.reviewed.convert-palette-rgb;pipeline-chain.reviewed.convert-rgba-cmyk-la;pipeline-matrix.expanded.convert.1024x768;pipeline-matrix.expanded.convert.1x1;pipeline-matrix.expanded.convert.256x256;pipeline-matrix.expanded.convert.32x32;pipeline-op.convert-mode-cmyk-to-rgb-1024x768;pipeline-op.convert-mode-f-to-i-1024x768;pipeline-op.convert-mode-f-to-l-1024x768;pipeline-op.convert-mode-i-to-f-1024x768;pipeline-op.convert-mode-i-to-l-1024x768;pipeline-op.convert.benchmark-materialized;pipeline-op.convert.matrix-32x24;pipeline-op.convertlab.benchmark-materialized
df5231519bb4810e6b0098560c5c791e56dc9952,true,2026-10-09T01:11:25.338187Z,48d69f9756559a7a8da696b16d93e10be849504250560e4830f3dc8ee97b4d9a,101fdb8cc2c9da7ea98da8602ac4e7879ab23c9d,false,2026-10-07T13:19:09.608307Z,8963ea465b99a6b2a2cca91ab2aa07ee321fb3a450edfd10a102f4681b3247e4,PIL.Image.Image.convert,PIL.Image.Image.convert,PIL.Image.Image.convert,method,endpoint,python-parallel-cpu,Pillow,,published_rows_only,tracked_as_separate_profile,python-cpu;python-gpu;python-simd,python-cpu,python-cpu;python-gpu;python-simd,60,54,pil-image-image.convert.l-to-rgb-material;pil-image-image.convert.l-to-rgba-material;pil-image-image.convert.pa-to-rgba-material;pil-image-image.convert.rgb-to-l-material;pil-image-image.convert.rgb-to-rgba-material;pil-image-image.convert.standard,162,6,0,0,,35.228208,pipeline-chain.convert.material-cmyk-to-rgb-1024x768,macos-15-arm64,153,0,0,0,0,3,0,0,,,pil-image-image.convert.l-to-rgb-material;pil-image-image.convert.l-to-rgba-material;pil-image-image.convert.pa-to-rgba-material;pil-image-image.convert.rgb-to-l-material;pil-image-image.convert.rgb-to-rgba-material;pil-image-image.convert.standard;pipeline-chain.color.convert-mode-1;pipeline-chain.color.convert-mode-cmyk;pipeline-chain.color.convert-mode-f;pipeline-chain.color.convert-mode-hsv;pipeline-chain.color.convert-mode-i;pipeline-chain.color.convert-mode-l;pipeline-chain.color.convert-mode-la;pipeline-chain.color.convert-mode-p;pipeline-chain.color.convert-mode-ycbcr;pipeline-chain.convert.material-cmyk-to-1-1024x768;pipeline-chain.convert.material-cmyk-to-rgb-1024x768;pipeline-chain.loaded-10.rgb-jpeg-512x384;pipeline-chain.loaded-10.rgba-png-512x384;pipeline-chain.matrix-036;pipeline-chain.matrix-037;pipeline-chain.matrix-038;pipeline-chain.matrix-039;pipeline-chain.matrix-040;pipeline-chain.matrix-041;pipeline-chain.matrix-042;pipeline-chain.matrix-043;pipeline-chain.matrix-045;pipeline-chain.matrix-054;pipeline-chain.matrix-057;pipeline-chain.matrix-058;pipeline-chain.matrix-059;pipeline-chain.matrix-066;pipeline-chain.matrix-067;pipeline-chain.matrix-068;pipeline-chain.matrix-069;pipeline-chain.matrix-070;pipeline-chain.matrix-071;pipeline-chain.reviewed.convert-cmyk-1-dither;pipeline-chain.reviewed.convert-cmyk-1-no-dither;pipeline-chain.reviewed.convert-cmyk-f;pipeline-chain.reviewed.convert-cmyk-i;pipeline-chain.reviewed.convert-cmyk-la;pipeline-chain.reviewed.convert-cmyk-rgba;pipeline-chain.reviewed.convert-one-cmyk;pipeline-chain.reviewed.convert-p-no-palette-rgb;pipeline-chain.reviewed.convert-palette-rgb;pipeline-chain.reviewed.convert-rgba-cmyk-la;pipeline-matrix.expanded.convert.1024x768;pipeline-matrix.expanded.convert.1x1;pipeline-matrix.expanded.convert.256x256;pipeline-matrix.expanded.convert.32x32;pipeline-op.convert-mode-cmyk-to-rgb-1024x768;pipeline-op.convert-mode-f-to-i-1024x768;pipeline-op.convert-mode-f-to-l-1024x768;pipeline-op.convert-mode-i-to-f-1024x768;pipeline-op.convert-mode-i-to-l-1024x768;pipeline-op.convert.benchmark-materialized;pipeline-op.convert.matrix-32x24;pipeline-op.convertlab.benchmark-materialized
df5231519bb4810e6b0098560c5c791e56dc9952,true,2026-10-09T01:11:25.338187Z,48d69f9756559a7a8da696b16d93e10be849504250560e4830f3dc8ee97b4d9a,101fdb8cc2c9da7ea98da8602ac4e7879ab23c9d,false,2026-10-07T13:19:09.608307Z,8963ea465b99a6b2a2cca91ab2aa07ee321fb3a450edfd10a102f4681b3247e4,PIL.Image.Image.copy,PIL.Image.Image.copy,PIL.Image.Image.copy,method,endpoint,python-cpu,Pillow,1.0,benchmark_workload,not_in_published_snapshot,python-cpu;python-gpu;python-simd,python-cpu,python-cpu;python-gpu;python-simd,1,0,pil-image-image.copy.standard,0,0,0,0,,,,,0,0,0,0,0,0,0,0,,,pil-image-image.copy.standard
df5231519bb4810e6b0098560c5c791e56dc9952,true,2026-10-09T01:11:25.338187Z,48d69f9756559a7a8da696b16d93e10be849504250560e4830f3dc8ee97b4d9a,101fdb8cc2c9da7ea98da8602ac4e7879ab23c9d,false,2026-10-07T13:19:09.608307Z,8963ea465b99a6b2a2cca91ab2aa07ee321fb3a450edfd10a102f4681b3247e4,PIL.Image.Image.copy,PIL.Image.Image.copy,PIL.Image.Image.copy,method,endpoint,python-simd,Pillow,2.0,benchmark_workload,not_in_published_snapshot,python-cpu;python-gpu;python-simd,python-cpu,python-cpu;python-gpu;python-simd,1,0,pil-image-image.copy.standard,0,0,0,0,0,,,,0,0,0,0,0,0,0,0,,,pil-image-image.copy.standard
df5231519bb4810e6b0098560c5c791e56dc9952,true,2026-10-09T01:11:25.338187Z,48d69f9756559a7a8da696b16d93e10be849504250560e4830f3dc8ee97b4d9a,101fdb8cc2c9da7ea98da8602ac4e7879ab23c9d,false,2026-10-07T13:19:09.608307Z,8963ea465b99a6b2a2cca91ab2aa07ee321fb3a450edfd10a102f4681b3247e4,PIL.Image.Image.copy,PIL.Image.Image.copy,PIL.Image.Image.copy,method,endpoint,python-gpu,SIMD,1.0,benchmark_workload,not_in_published_snapshot,python-cpu;python-gpu;python-simd,python-cpu,python-cpu;python-gpu;python-simd,1,0,pil-image-image.copy.standard,0,0,0,0,,,,,0,0,0,0,0,0,0,0,,not_measured,pil-image-image.copy.standard
df5231519bb4810e6b0098560c5c791e56dc9952,true,2026-10-09T01:11:25.338187Z,48d69f9756559a7a8da696b16d93e10be849504250560e4830f3dc8ee97b4d9a,101fdb8cc2c9da7ea98da8602ac4e7879ab23c9d,false,2026-10-07T13:19:09.608307Z,8963ea465b99a6b2a2cca91ab2aa07ee321fb3a450edfd10a102f4681b3247e4,PIL.Image.Image.copy,PIL.Image.Image.copy,PIL.Image.Image.copy,method,endpoint,python-parallel-cpu,Pillow,,not_declared,not_declared_in_manifest_or_workload,python-cpu;python-gpu;python-simd,python-cpu,python-cpu;python-gpu;python-simd,1,0,pil-image-image.copy.standard,0,0,0,0,,,,,0,0,0,0,0,0,0,0,,,pil-image-image.copy.standard
df5231519bb4810e6b0098560c5c791e56dc9952,true,2026-10-09T01:11:25.338187Z,48d69f9756559a7a8da696b16d93e10be849504250560e4830f3dc8ee97b4d9a,101fdb8cc2c9da7ea98da8602ac4e7879ab23c9d,false,2026-10-07T13:19:09.608307Z,8963ea465b99a6b2a2cca91ab2aa07ee321fb3a450edfd10a102f4681b3247e4,PIL.Image.Image.crop,PIL.Image.Image.crop,PIL.Image.Image.crop,method,endpoint,python-cpu,Pillow,1.0,benchmark_workload,no_verified_comparison,python-cpu;python-gpu;python-simd,python-cpu,python-cpu;python-gpu;python-simd,16,14,pil-image-image.crop.materialized.full-width-rgb-1024x768;pil-image-image.crop.standard,42,0,0,0,,,,,42,0,0,0,0,0,0,0,,,pil-image-image.crop.materialized.full-width-rgb-1024x768;pil-image-image.crop.standard;pipeline-chain.geometry-copy.crop-chain-rgb-1024x768;pipeline-chain.geometry-copy.crop-l-1024x768;pipeline-chain.geometry-copy.crop-la-1024x768;pipeline-chain.geometry-copy.crop-rgb-1024x768;pipeline-chain.geometry-copy.crop-rgba-1024x768;pipeline-chain.geometry-material.crop-rgb-1024x768;pipeline-chain.loaded-10.rgb-jpeg-512x384;pipeline-chain.loaded-10.rgba-png-512x384;pipeline-matrix.expanded.crop.1024x768;pipeline-matrix.expanded.crop.1x1;pipeline-matrix.expanded.crop.256x256;pipeline-matrix.expanded.crop.32x32;pipeline-op.crop.benchmark-materialized;pipeline-op.crop.matrix-32x24
df5231519bb4810e6b0098560c5c791e56dc9952,true,2026-10-09T01:11:25.338187Z,48d69f9756559a7a8da696b16d93e10be849504250560e4830f3dc8ee97b4d9a,101fdb8cc2c9da7ea98da8602ac4e7879ab23c9d,false,2026-10-07T13:19:09.608307Z,8963ea465b99a6b2a2cca91ab2aa07ee321fb3a450edfd10a102f4681b3247e4,PIL.Image.Image.crop,PIL.Image.Image.crop,PIL.Image.Image.crop,method,endpoint,python-simd,Pillow,2.0,benchmark_workload,no_verified_comparison,python-cpu;python-gpu;python-simd,python-cpu,python-cpu;python-gpu;python-simd,16,14,pil-image-image.crop.materialized.full-width-rgb-1024x768;pil-image-image.crop.standard,42,0,0,0,0,,,,42,0,0,0,0,0,0,0,,,pil-image-image.crop.materialized.full-width-rgb-1024x768;pil-image-image.crop.standard;pipeline-chain.geometry-copy.crop-chain-rgb-1024x768;pipeline-chain.geometry-copy.crop-l-1024x768;pipeline-chain.geometry-copy.crop-la-1024x768;pipeline-chain.geometry-copy.crop-rgb-1024x768;pipeline-chain.geometry-copy.crop-rgba-1024x768;pipeline-chain.geometry-material.crop-rgb-1024x768;pipeline-chain.loaded-10.rgb-jpeg-512x384;pipeline-chain.loaded-10.rgba-png-512x384;pipeline-matrix.expanded.crop.1024x768;pipeline-matrix.expanded.crop.1x1;pipeline-matrix.expanded.crop.256x256;pipeline-matrix.expanded.crop.32x32;pipeline-op.crop.benchmark-materialized;pipeline-op.crop.matrix-32x24
df5231519bb4810e6b0098560c5c791e56dc9952,true,2026-10-09T01:11:25.338187Z,48d69f9756559a7a8da696b16d93e10be849504250560e4830f3dc8ee97b4d9a,101fdb8cc2c9da7ea98da8602ac4e7879ab23c9d,false,2026-10-07T13:19:09.608307Z,8963ea465b99a6b2a2cca91ab2aa07ee321fb3a450edfd10a102f4681b3247e4,PIL.Image.Image.crop,PIL.Image.Image.crop,PIL.Image.Image.crop,method,endpoint,python-gpu,SIMD,1.0,benchmark_workload,no_verified_comparison,python-cpu;python-gpu;python-simd,python-cpu,python-cpu;python-gpu;python-simd,16,14,pil-image-image.crop.materialized.full-width-rgb-1024x768;pil-image-image.crop.standard,14,0,0,0,,,,,14,0,0,0,0,0,0,0,,not_measured,pil-image-image.crop.materialized.full-width-rgb-1024x768;pil-image-image.crop.standard;pipeline-chain.geometry-copy.crop-chain-rgb-1024x768;pipeline-chain.geometry-copy.crop-l-1024x768;pipeline-chain.geometry-copy.crop-la-1024x768;pipeline-chain.geometry-copy.crop-rgb-1024x768;pipeline-chain.geometry-copy.crop-rgba-1024x768;pipeline-chain.geometry-material.crop-rgb-1024x768;pipeline-chain.loaded-10.rgb-jpeg-512x384;pipeline-chain.loaded-10.rgba-png-512x384;pipeline-matrix.expanded.crop.1024x768;pipeline-matrix.expanded.crop.1x1;pipeline-matrix.expanded.crop.256x256;pipeline-matrix.expanded.crop.32x32;pipeline-op.crop.benchmark-materialized;pipeline-op.crop.matrix-32x24
df5231519bb4810e6b0098560c5c791e56dc9952,true,2026-10-09T01:11:25.338187Z,48d69f9756559a7a8da696b16d93e10be849504250560e4830f3dc8ee97b4d9a,101fdb8cc2c9da7ea98da8602ac4e7879ab23c9d,false,2026-10-07T13:19:09.608307Z,8963ea465b99a6b2a2cca91ab2aa07ee321fb3a450edfd10a102f4681b3247e4,PIL.Image.Image.crop,PIL.Image.Image.crop,PIL.Image.Image.crop,method,endpoint,python-parallel-cpu,Pillow,,published_rows_only,no_verified_comparison,python-cpu;python-gpu;python-simd,python-cpu,python-cpu;python-gpu;python-simd,16,14,pil-image-image.crop.materialized.full-width-rgb-1024x768;pil-image-image.crop.standard,42,0,0,0,,,,,42,0,0,0,0,0,0,0,,,pil-image-image.crop.materialized.full-width-rgb-1024x768;pil-image-image.crop.standard;pipeline-chain.geometry-copy.crop-chain-rgb-1024x768;pipeline-chain.geometry-copy.crop-l-1024x768;pipeline-chain.geometry-copy.crop-la-1024x768;pipeline-chain.geometry-copy.crop-rgb-1024x768;pipeline-chain.geometry-copy.crop-rgba-1024x768;pipeline-chain.geometry-material.crop-rgb-1024x768;pipeline-chain.loaded-10.rgb-jpeg-512x384;pipeline-chain.loaded-10.rgba-png-512x384;pipeline-matrix.expanded.crop.1024x768;pipeline-matrix.expanded.crop.1x1;pipeline-matrix.expanded.crop.256x256;pipeline-matrix.expanded.crop.32x32;pipeline-op.crop.benchmark-materialized;pipeline-op.crop.matrix-32x24
df5231519bb4810e6b0098560c5c791e56dc9952,true,2026-10-09T01:11:25.338187Z,48d69f9756559a7a8da696b16d93e10be849504250560e4830f3dc8ee97b4d9a,101fdb8cc2c9da7ea98da8602ac4e7879ab23c9d,false,2026-10-07T13:19:09.608307Z,8963ea465b99a6b2a2cca91ab2aa07ee321fb3a450edfd10a102f4681b3247e4,PIL.Image.Image.draft,PIL.Image.Image.draft,PIL.Image.Image.draft,method,endpoint,python-cpu,Pillow,1.0,benchmark_workload,not_in_published_snapshot,python-cpu;python-gpu;python-simd,python-cpu,python-cpu;python-gpu;python-simd,1,0,pil-image-image.draft.standard,0,0,0,0,,,,,0,0,0,0,0,0,0,0,,,pil-image-image.draft.standard
df5231519bb4810e6b0098560c5c791e56dc9952,true,2026-10-09T01:11:25.338187Z,48d69f9756559a7a8da696b16d93e10be849504250560e4830f3dc8ee97b4d9a,101fdb8cc2c9da7ea98da8602ac4e7879ab23c9d,false,2026-10-07T13:19:09.608307Z,8963ea465b99a6b2a2cca91ab2aa07ee321fb3a450edfd10a102f4681b3247e4,PIL.Image.Image.draft,PIL.Image.Image.draft,PIL.Image.Image.draft,method,endpoint,python-simd,Pillow,2.0,benchmark_workload,not_in_published_snapshot,python-cpu;python-gpu;python-simd,python-cpu,python-cpu;python-gpu;python-simd,1,0,pil-image-image.draft.standard,0,0,0,0,0,,,,0,0,0,0,0,0,0,0,,,pil-image-image.draft.standard
df5231519bb4810e6b0098560c5c791e56dc9952,true,2026-10-09T01:11:25.338187Z,48d69f9756559a7a8da696b16d93e10be849504250560e4830f3dc8ee97b4d9a,101fdb8cc2c9da7ea98da8602ac4e7879ab23c9d,false,2026-10-07T13:19:09.608307Z,8963ea465b99a6b2a2cca91ab2aa07ee321fb3a450edfd10a102f4681b3247e4,PIL.Image.Image.draft,PIL.Image.Image.draft,PIL.Image.Image.draft,method,endpoint,python-gpu,SIMD,1.0,benchmark_workload,not_in_published_snapshot,python-cpu;python-gpu;python-simd,python-cpu,python-cpu;python-gpu;python-simd,1,0,pil-image-image.draft.standard,0,0,0,0,,,,,0,0,0,0,0,0,0,0,,not_measured,pil-image-image.draft.standard
df5231519bb4810e6b0098560c5c791e56dc9952,true,2026-10-09T01:11:25.338187Z,48d69f9756559a7a8da696b16d93e10be849504250560e4830f3dc8ee97b4d9a,101fdb8cc2c9da7ea98da8602ac4e7879ab23c9d,false,2026-10-07T13:19:09.608307Z,8963ea465b99a6b2a2cca91ab2aa07ee321fb3a450edfd10a102f4681b3247e4,PIL.Image.Image.draft,PIL.Image.Image.draft,PIL.Image.Image.draft,method,endpoint,python-parallel-cpu,Pillow,,not_declared,not_declared_in_manifest_or_workload,python-cpu;python-gpu;python-simd,python-cpu,python-cpu;python-gpu;python-simd,1,0,pil-image-image.draft.standard,0,0,0,0,,,,,0,0,0,0,0,0,0,0,,,pil-image-image.draft.standard
df5231519bb4810e6b0098560c5c791e56dc9952,true,2026-10-09T01:11:25.338187Z,48d69f9756559a7a8da696b16d93e10be849504250560e4830f3dc8ee97b4d9a,101fdb8cc2c9da7ea98da8602ac4e7879ab23c9d,false,2026-10-07T13:19:09.608307Z,8963ea465b99a6b2a2cca91ab2aa07ee321fb3a450edfd10a102f4681b3247e4,PIL.Image.Image.effect_spread,PIL.Image.Image.effect_spread,PIL.Image.Image.effect_spread,method,endpoint,python-cpu,Pillow,1.0,benchmark_workload,no_verified_comparison,python-cpu;python-gpu;python-simd,python-cpu,python-cpu;python-gpu;python-simd,7,6,pil-image-image.effect-spread.standard,18,0,0,0,,,,,18,0,0,0,0,0,0,0,,,pil-image-image.effect-spread.standard;pipeline-matrix.expanded.effectspread.1024x768;pipeline-matrix.expanded.effectspread.1x1;pipeline-matrix.expanded.effectspread.256x256;pipeline-matrix.expanded.effectspread.32x32;pipeline-op.effectspread.benchmark-materialized;pipeline-op.effectspread.matrix-32x24
df5231519bb4810e6b0098560c5c791e56dc9952,true,2026-10-09T01:11:25.338187Z,48d69f9756559a7a8da696b16d93e10be849504250560e4830f3dc8ee97b4d9a,101fdb8cc2c9da7ea98da8602ac4e7879ab23c9d,false,2026-10-07T13:19:09.608307Z,8963ea465b99a6b2a2cca91ab2aa07ee321fb3a450edfd10a102f4681b3247e4,PIL.Image.Image.effect_spread,PIL.Image.Image.effect_spread,PIL.Image.Image.effect_spread,method,endpoint,python-simd,Pillow,2.0,benchmark_workload,no_verified_comparison,python-cpu;python-gpu;python-simd,python-cpu,python-cpu;python-gpu;python-simd,7,6,pil-image-image.effect-spread.standard,18,0,0,0,0,,,,18,0,0,0,0,0,0,0,,,pil-image-image.effect-spread.standard;pipeline-matrix.expanded.effectspread.1024x768;pipeline-matrix.expanded.effectspread.1x1;pipeline-matrix.expanded.effectspread.256x256;pipeline-matrix.expanded.effectspread.32x32;pipeline-op.effectspread.benchmark-materialized;pipeline-op.effectspread.matrix-32x24
df5231519bb4810e6b0098560c5c791e56dc9952,true,2026-10-09T01:11:25.338187Z,48d69f9756559a7a8da696b16d93e10be849504250560e4830f3dc8ee97b4d9a,101fdb8cc2c9da7ea98da8602ac4e7879ab23c9d,false,2026-10-07T13:19:09.608307Z,8963ea465b99a6b2a2cca91ab2aa07ee321fb3a450edfd10a102f4681b3247e4,PIL.Image.Image.effect_spread,PIL.Image.Image.effect_spread,PIL.Image.Image.effect_spread,method,endpoint,python-gpu,SIMD,1.0,benchmark_workload,no_verified_comparison,python-cpu;python-gpu;python-simd,python-cpu,python-cpu;python-gpu;python-simd,7,6,pil-image-image.effect-spread.standard,6,0,0,0,,,,,6,0,0,0,0,0,0,0,,not_measured,pil-image-image.effect-spread.standard;pipeline-matrix.expanded.effectspread.1024x768;pipeline-matrix.expanded.effectspread.1x1;pipeline-matrix.expanded.effectspread.256x256;pipeline-matrix.expanded.effectspread.32x32;pipeline-op.effectspread.benchmark-materialized;pipeline-op.effectspread.matrix-32x24
df5231519bb4810e6b0098560c5c791e56dc9952,true,2026-10-09T01:11:25.338187Z,48d69f9756559a7a8da696b16d93e10be849504250560e4830f3dc8ee97b4d9a,101fdb8cc2c9da7ea98da8602ac4e7879ab23c9d,false,2026-10-07T13:19:09.608307Z,8963ea465b99a6b2a2cca91ab2aa07ee321fb3a450edfd10a102f4681b3247e4,PIL.Image.Image.effect_spread,PIL.Image.Image.effect_spread,PIL.Image.Image.effect_spread,method,endpoint,python-parallel-cpu,Pillow,,published_rows_only,no_verified_comparison,python-cpu;python-gpu;python-simd,python-cpu,python-cpu;python-gpu;python-simd,7,6,pil-image-image.effect-spread.standard,18,0,0,0,,,,,18,0,0,0,0,0,0,0,,,pil-image-image.effect-spread.standard;pipeline-matrix.expanded.effectspread.1024x768;pipeline-matrix.expanded.effectspread.1x1;pipeline-matrix.expanded.effectspread.256x256;pipeline-matrix.expanded.effectspread.32x32;pipeline-op.effectspread.benchmark-materialized;pipeline-op.effectspread.matrix-32x24
df5231519bb4810e6b0098560c5c791e56dc9952,true,2026-10-09T01:11:25.338187Z,48d69f9756559a7a8da696b16d93e10be849504250560e4830f3dc8ee97b4d9a,101fdb8cc2c9da7ea98da8602ac4e7879ab23c9d,false,2026-10-07T13:19:09.608307Z,8963ea465b99a6b2a2cca91ab2aa07ee321fb3a450edfd10a102f4681b3247e4,PIL.Image.Image.entropy,PIL.Image.Image.entropy,PIL.Image.Image.entropy,method,endpoint,python-cpu,Pillow,1.0,benchmark_workload,no_verified_comparison,python-cpu;python-gpu;python-simd,python-cpu,python-cpu;python-gpu;python-simd,5,2,pil-image-image.entropy.materialized.la-noise-1024x768;pil-image-image.entropy.materialized.rgba-noise-1024x768;pil-image-image.entropy.standard,6,0,0,0,,,,,6,0,0,0,0,0,0,0,,,pil-image-image.entropy.materialized.la-noise-1024x768;pil-image-image.entropy.materialized.rgba-noise-1024x768;pil-image-image.entropy.standard;pipeline-chain.terminal-read.analysis-masked-rgb-1024x768;pipeline-chain.terminal-read.analysis-suite.rgb
df5231519bb4810e6b0098560c5c791e56dc9952,true,2026-10-09T01:11:25.338187Z,48d69f9756559a7a8da696b16d93e10be849504250560e4830f3dc8ee97b4d9a,101fdb8cc2c9da7ea98da8602ac4e7879ab23c9d,false,2026-10-07T13:19:09.608307Z,8963ea465b99a6b2a2cca91ab2aa07ee321fb3a450edfd10a102f4681b3247e4,PIL.Image.Image.entropy,PIL.Image.Image.entropy,PIL.Image.Image.entropy,method,endpoint,python-simd,Pillow,2.0,benchmark_workload,no_verified_comparison,python-cpu;python-gpu;python-simd,python-cpu,python-cpu;python-gpu;python-simd,5,2,pil-image-image.entropy.materialized.la-noise-1024x768;pil-image-image.entropy.materialized.rgba-noise-1024x768;pil-image-image.entropy.standard,6,0,0,0,0,,,,6,0,0,0,0,0,0,0,,,pil-image-image.entropy.materialized.la-noise-1024x768;pil-image-image.entropy.materialized.rgba-noise-1024x768;pil-image-image.entropy.standard;pipeline-chain.terminal-read.analysis-masked-rgb-1024x768;pipeline-chain.terminal-read.analysis-suite.rgb
df5231519bb4810e6b0098560c5c791e56dc9952,true,2026-10-09T01:11:25.338187Z,48d69f9756559a7a8da696b16d93e10be849504250560e4830f3dc8ee97b4d9a,101fdb8cc2c9da7ea98da8602ac4e7879ab23c9d,false,2026-10-07T13:19:09.608307Z,8963ea465b99a6b2a2cca91ab2aa07ee321fb3a450edfd10a102f4681b3247e4,PIL.Image.Image.entropy,PIL.Image.Image.entropy,PIL.Image.Image.entropy,method,endpoint,python-gpu,SIMD,1.0,benchmark_workload,no_verified_comparison,python-cpu;python-gpu;python-simd,python-cpu,python-cpu;python-gpu;python-simd,5,2,pil-image-image.entropy.materialized.la-noise-1024x768;pil-image-image.entropy.materialized.rgba-noise-1024x768;pil-image-image.entropy.standard,2,0,0,0,,,,,2,0,0,0,0,0,0,0,,not_measured,pil-image-image.entropy.materialized.la-noise-1024x768;pil-image-image.entropy.materialized.rgba-noise-1024x768;pil-image-image.entropy.standard;pipeline-chain.terminal-read.analysis-masked-rgb-1024x768;pipeline-chain.terminal-read.analysis-suite.rgb
df5231519bb4810e6b0098560c5c791e56dc9952,true,2026-10-09T01:11:25.338187Z,48d69f9756559a7a8da696b16d93e10be849504250560e4830f3dc8ee97b4d9a,101fdb8cc2c9da7ea98da8602ac4e7879ab23c9d,false,2026-10-07T13:19:09.608307Z,8963ea465b99a6b2a2cca91ab2aa07ee321fb3a450edfd10a102f4681b3247e4,PIL.Image.Image.entropy,PIL.Image.Image.entropy,PIL.Image.Image.entropy,method,endpoint,python-parallel-cpu,Pillow,,published_rows_only,no_verified_comparison,python-cpu;python-gpu;python-simd,python-cpu,python-cpu;python-gpu;python-simd,5,2,pil-image-image.entropy.materialized.la-noise-1024x768;pil-image-image.entropy.materialized.rgba-noise-1024x768;pil-image-image.entropy.standard,6,0,0,0,,,,,6,0,0,0,0,0,0,0,,,pil-image-image.entropy.materialized.la-noise-1024x768;pil-image-image.entropy.materialized.rgba-noise-1024x768;pil-image-image.entropy.standard;pipeline-chain.terminal-read.analysis-masked-rgb-1024x768;pipeline-chain.terminal-read.analysis-suite.rgb
df5231519bb4810e6b0098560c5c791e56dc9952,true,2026-10-09T01:11:25.338187Z,48d69f9756559a7a8da696b16d93e10be849504250560e4830f3dc8ee97b4d9a,101fdb8cc2c9da7ea98da8602ac4e7879ab23c9d,false,2026-10-07T13:19:09.608307Z,8963ea465b99a6b2a2cca91ab2aa07ee321fb3a450edfd10a102f4681b3247e4,PIL.Image.Image.filter,PIL.Image.Image.filter,PIL.Image.Image.filter,method,endpoint,python-cpu,Pillow,1.0,benchmark_workload,target_met_in_verified_rows,python-cpu;python-gpu;python-simd,python-cpu,python-cpu;python-gpu;python-simd,87,86,pil-image-image.filter.standard,258,30,0,11,,1.218422,pipeline-chain.convolution-i.5x5-noise-1024x768,ubuntu-24.04-arm64,225,0,0,0,0,0,0,0,,,pil-image-image.filter.standard;pipeline-chain.blur-material.box-l-1024x768-radius-4;pipeline-chain.blur-material.box-l-256x256-radius-0.5;pipeline-chain.blur-material.box-la-1024x768-radius-4;pipeline-chain.blur-material.box-rgb-1024x1024;pipeline-chain.blur-material.box-rgb-1024x768-radius-4;pipeline-chain.blur-material.box-rgb-256x256-radius-1;pipeline-chain.blur-material.box-rgba-1024x768-radius-4;pipeline-chain.blur-material.box-rgba-256x256-radius-2;pipeline-chain.blur-material.gaussian-l-1024x768;pipeline-chain.blur-material.gaussian-l-256x256-radius-0.5;pipeline-chain.blur-material.gaussian-la-1024x768;pipeline-chain.blur-material.gaussian-rgb-1024x1024;pipeline-chain.blur-material.gaussian-rgb-1024x768-radius-4;pipeline-chain.blur-material.gaussian-rgb-256x256-radius-1;pipeline-chain.blur-material.gaussian-rgba-1024x768;pipeline-chain.blur-material.gaussian-rgba-256x256-radius-2;pipeline-chain.convolution-i.3x3-1024x768;pipeline-chain.convolution-i.3x3-varied-1024x768;pipeline-chain.convolution-i.5x5-1024x768;pipeline-chain.convolution-i.5x5-noise-1024x768;pipeline-chain.loaded-10.rgb-jpeg-512x384;pipeline-chain.loaded-10.rgba-png-512x384;pipeline-chain.matrix-001;pipeline-chain.matrix-013;pipeline-chain.metadata-cache.color3dlut-rgb;pipeline-chain.rank-filter.large-f-9x9;pipeline-chain.rank-filter.material.f-9x9-256x256;pipeline-chain.rank-filter.material.l-9x9-256x256;pipeline-chain.rank-filter.material.l-noise-1024x768-size3-rank1;pipeline-chain.rank-filter.material.l-noise-256x256-size9-rank40;pipeline-chain.rank-filter.material.la-noise-1024x768-size3-rank1;pipeline-chain.reviewed.filter-invert-mirror;pipeline-lifecycle.cold.gaussianblur-invert.rgb-1024;pipeline-lifecycle.resident.gaussianblur-invert.rgb-1024;pipeline-matrix.expanded.boxblur.1024x768;pipeline-matrix.expanded.boxblur.1x1;pipeline-matrix.expanded.boxblur.256x256;pipeline-matrix.expanded.boxblur.32x32;pipeline-matrix.expanded.filter3x3.1024x768;pipeline-matrix.expanded.filter3x3.1x1;pipeline-matrix.expanded.filter3x3.256x256;pipeline-matrix.expanded.filter3x3.32x32;pipeline-matrix.expanded.filter5x5.1024x768;pipeline-matrix.expanded.filter5x5.1x1;pipeline-matrix.expanded.filter5x5.256x256;pipeline-matrix.expanded.filter5x5.32x32;pipeline-matrix.expanded.gaussianblur.1024x768;pipeline-matrix.expanded.gaussianblur.1x1;pipeline-matrix.expanded.gaussianblur.256x256;pipeline-matrix.expanded.gaussianblur.32x32;pipeline-matrix.expanded.maxfilter.1024x768;pipeline-matrix.expanded.maxfilter.1x1;pipeline-matrix.expanded.maxfilter.256x256;pipeline-matrix.expanded.maxfilter.32x32;pipeline-matrix.expanded.medianfilter.1024x768;pipeline-matrix.expanded.medianfilter.1x1;pipeline-matrix.expanded.medianfilter.256x256;pipeline-matrix.expanded.medianfilter.32x32;pipeline-matrix.expanded.minfilter.1024x768;pipeline-matrix.expanded.minfilter.1x1;pipeline-matrix.expanded.minfilter.256x256;pipeline-matrix.expanded.minfilter.32x32;pipeline-op.boxblur.benchmark-materialized;pipeline-op.boxblur.matrix-32x24;pipeline-op.color3dlut.benchmark-materialized;pipeline-op.color3dlut.matrix-32x24;pipeline-op.filter.material-i-bounded-noise-5x5-1024x768;pipeline-op.filter.material-i-noise-5x5-1024x768;pipeline-op.filter.material-l-noise-5x5-1024x768;pipeline-op.filter.material-l-noise-flat-5x5-1024x768;pipeline-op.filter.material-la-noise-3x3-1024x768;pipeline-op.filter.material-la-noise-5x5-1024x768;pipeline-op.filter3x3.benchmark-materialized;pipeline-op.filter3x3.matrix-32x24;pipeline-op.filter5x5.benchmark-materialized;pipeline-op.filter5x5.matrix-32x24;pipeline-op.gaussianblur.benchmark-materialized;pipeline-op.gaussianblur.matrix-32x24;pipeline-op.maxfilter.benchmark-materialized;pipeline-op.maxfilter.matrix-32x24;pipeline-op.medianfilter.benchmark-materialized;pipeline-op.medianfilter.matrix-32x24;pipeline-op.minfilter.benchmark-materialized;pipeline-op.minfilter.matrix-32x24;pipeline-op.rankfilter.benchmark-materialized;pipeline.quick.gaussianblur-invert.rgb-1024
df5231519bb4810e6b0098560c5c791e56dc9952,true,2026-10-09T01:11:25.338187Z,48d69f9756559a7a8da696b16d93e10be849504250560e4830f3dc8ee97b4d9a,101fdb8cc2c9da7ea98da8602ac4e7879ab23c9d,false,2026-10-07T13:19:09.608307Z,8963ea465b99a6b2a2cca91ab2aa07ee321fb3a450edfd10a102f4681b3247e4,PIL.Image.Image.filter,PIL.Image.Image.filter,PIL.Image.Image.filter,method,endpoint,python-simd,Pillow,2.0,benchmark_workload,target_met_in_verified_rows,python-cpu;python-gpu;python-simd,python-cpu,python-cpu;python-gpu;python-simd,87,86,pil-image-image.filter.standard,258,30,0,0,16,2.092040,pipeline-chain.convolution-i.5x5-noise-1024x768,ubuntu-24.04-arm64,225,0,0,0,0,0,0,0,,,pil-image-image.filter.standard;pipeline-chain.blur-material.box-l-1024x768-radius-4;pipeline-chain.blur-material.box-l-256x256-radius-0.5;pipeline-chain.blur-material.box-la-1024x768-radius-4;pipeline-chain.blur-material.box-rgb-1024x1024;pipeline-chain.blur-material.box-rgb-1024x768-radius-4;pipeline-chain.blur-material.box-rgb-256x256-radius-1;pipeline-chain.blur-material.box-rgba-1024x768-radius-4;pipeline-chain.blur-material.box-rgba-256x256-radius-2;pipeline-chain.blur-material.gaussian-l-1024x768;pipeline-chain.blur-material.gaussian-l-256x256-radius-0.5;pipeline-chain.blur-material.gaussian-la-1024x768;pipeline-chain.blur-material.gaussian-rgb-1024x1024;pipeline-chain.blur-material.gaussian-rgb-1024x768-radius-4;pipeline-chain.blur-material.gaussian-rgb-256x256-radius-1;pipeline-chain.blur-material.gaussian-rgba-1024x768;pipeline-chain.blur-material.gaussian-rgba-256x256-radius-2;pipeline-chain.convolution-i.3x3-1024x768;pipeline-chain.convolution-i.3x3-varied-1024x768;pipeline-chain.convolution-i.5x5-1024x768;pipeline-chain.convolution-i.5x5-noise-1024x768;pipeline-chain.loaded-10.rgb-jpeg-512x384;pipeline-chain.loaded-10.rgba-png-512x384;pipeline-chain.matrix-001;pipeline-chain.matrix-013;pipeline-chain.metadata-cache.color3dlut-rgb;pipeline-chain.rank-filter.large-f-9x9;pipeline-chain.rank-filter.material.f-9x9-256x256;pipeline-chain.rank-filter.material.l-9x9-256x256;pipeline-chain.rank-filter.material.l-noise-1024x768-size3-rank1;pipeline-chain.rank-filter.material.l-noise-256x256-size9-rank40;pipeline-chain.rank-filter.material.la-noise-1024x768-size3-rank1;pipeline-chain.reviewed.filter-invert-mirror;pipeline-lifecycle.cold.gaussianblur-invert.rgb-1024;pipeline-lifecycle.resident.gaussianblur-invert.rgb-1024;pipeline-matrix.expanded.boxblur.1024x768;pipeline-matrix.expanded.boxblur.1x1;pipeline-matrix.expanded.boxblur.256x256;pipeline-matrix.expanded.boxblur.32x32;pipeline-matrix.expanded.filter3x3.1024x768;pipeline-matrix.expanded.filter3x3.1x1;pipeline-matrix.expanded.filter3x3.256x256;pipeline-matrix.expanded.filter3x3.32x32;pipeline-matrix.expanded.filter5x5.1024x768;pipeline-matrix.expanded.filter5x5.1x1;pipeline-matrix.expanded.filter5x5.256x256;pipeline-matrix.expanded.filter5x5.32x32;pipeline-matrix.expanded.gaussianblur.1024x768;pipeline-matrix.expanded.gaussianblur.1x1;pipeline-matrix.expanded.gaussianblur.256x256;pipeline-matrix.expanded.gaussianblur.32x32;pipeline-matrix.expanded.maxfilter.1024x768;pipeline-matrix.expanded.maxfilter.1x1;pipeline-matrix.expanded.maxfilter.256x256;pipeline-matrix.expanded.maxfilter.32x32;pipeline-matrix.expanded.medianfilter.1024x768;pipeline-matrix.expanded.medianfilter.1x1;pipeline-matrix.expanded.medianfilter.256x256;pipeline-matrix.expanded.medianfilter.32x32;pipeline-matrix.expanded.minfilter.1024x768;pipeline-matrix.expanded.minfilter.1x1;pipeline-matrix.expanded.minfilter.256x256;pipeline-matrix.expanded.minfilter.32x32;pipeline-op.boxblur.benchmark-materialized;pipeline-op.boxblur.matrix-32x24;pipeline-op.color3dlut.benchmark-materialized;pipeline-op.color3dlut.matrix-32x24;pipeline-op.filter.material-i-bounded-noise-5x5-1024x768;pipeline-op.filter.material-i-noise-5x5-1024x768;pipeline-op.filter.material-l-noise-5x5-1024x768;pipeline-op.filter.material-l-noise-flat-5x5-1024x768;pipeline-op.filter.material-la-noise-3x3-1024x768;pipeline-op.filter.material-la-noise-5x5-1024x768;pipeline-op.filter3x3.benchmark-materialized;pipeline-op.filter3x3.matrix-32x24;pipeline-op.filter5x5.benchmark-materialized;pipeline-op.filter5x5.matrix-32x24;pipeline-op.gaussianblur.benchmark-materialized;pipeline-op.gaussianblur.matrix-32x24;pipeline-op.maxfilter.benchmark-materialized;pipeline-op.maxfilter.matrix-32x24;pipeline-op.medianfilter.benchmark-materialized;pipeline-op.medianfilter.matrix-32x24;pipeline-op.minfilter.benchmark-materialized;pipeline-op.minfilter.matrix-32x24;pipeline-op.rankfilter.benchmark-materialized;pipeline.quick.gaussianblur-invert.rgb-1024
df5231519bb4810e6b0098560c5c791e56dc9952,true,2026-10-09T01:11:25.338187Z,48d69f9756559a7a8da696b16d93e10be849504250560e4830f3dc8ee97b4d9a,101fdb8cc2c9da7ea98da8602ac4e7879ab23c9d,false,2026-10-07T13:19:09.608307Z,8963ea465b99a6b2a2cca91ab2aa07ee321fb3a450edfd10a102f4681b3247e4,PIL.Image.Image.filter,PIL.Image.Image.filter,PIL.Image.Image.filter,method,endpoint,python-gpu,SIMD,1.0,benchmark_workload,target_unmet_in_verified_rows,python-cpu;python-gpu;python-simd,python-cpu,python-cpu;python-gpu;python-simd,87,86,pil-image-image.filter.standard,86,10,7,8,,0.196568,pipeline-op.filter.material-la-noise-3x3-1024x768,macos-15-arm64,75,0,0,0,0,0,0,0,,not_measured,pil-image-image.filter.standard;pipeline-chain.blur-material.box-l-1024x768-radius-4;pipeline-chain.blur-material.box-l-256x256-radius-0.5;pipeline-chain.blur-material.box-la-1024x768-radius-4;pipeline-chain.blur-material.box-rgb-1024x1024;pipeline-chain.blur-material.box-rgb-1024x768-radius-4;pipeline-chain.blur-material.box-rgb-256x256-radius-1;pipeline-chain.blur-material.box-rgba-1024x768-radius-4;pipeline-chain.blur-material.box-rgba-256x256-radius-2;pipeline-chain.blur-material.gaussian-l-1024x768;pipeline-chain.blur-material.gaussian-l-256x256-radius-0.5;pipeline-chain.blur-material.gaussian-la-1024x768;pipeline-chain.blur-material.gaussian-rgb-1024x1024;pipeline-chain.blur-material.gaussian-rgb-1024x768-radius-4;pipeline-chain.blur-material.gaussian-rgb-256x256-radius-1;pipeline-chain.blur-material.gaussian-rgba-1024x768;pipeline-chain.blur-material.gaussian-rgba-256x256-radius-2;pipeline-chain.convolution-i.3x3-1024x768;pipeline-chain.convolution-i.3x3-varied-1024x768;pipeline-chain.convolution-i.5x5-1024x768;pipeline-chain.convolution-i.5x5-noise-1024x768;pipeline-chain.loaded-10.rgb-jpeg-512x384;pipeline-chain.loaded-10.rgba-png-512x384;pipeline-chain.matrix-001;pipeline-chain.matrix-013;pipeline-chain.metadata-cache.color3dlut-rgb;pipeline-chain.rank-filter.large-f-9x9;pipeline-chain.rank-filter.material.f-9x9-256x256;pipeline-chain.rank-filter.material.l-9x9-256x256;pipeline-chain.rank-filter.material.l-noise-1024x768-size3-rank1;pipeline-chain.rank-filter.material.l-noise-256x256-size9-rank40;pipeline-chain.rank-filter.material.la-noise-1024x768-size3-rank1;pipeline-chain.reviewed.filter-invert-mirror;pipeline-lifecycle.cold.gaussianblur-invert.rgb-1024;pipeline-lifecycle.resident.gaussianblur-invert.rgb-1024;pipeline-matrix.expanded.boxblur.1024x768;pipeline-matrix.expanded.boxblur.1x1;pipeline-matrix.expanded.boxblur.256x256;pipeline-matrix.expanded.boxblur.32x32;pipeline-matrix.expanded.filter3x3.1024x768;pipeline-matrix.expanded.filter3x3.1x1;pipeline-matrix.expanded.filter3x3.256x256;pipeline-matrix.expanded.filter3x3.32x32;pipeline-matrix.expanded.filter5x5.1024x768;pipeline-matrix.expanded.filter5x5.1x1;pipeline-matrix.expanded.filter5x5.256x256;pipeline-matrix.expanded.filter5x5.32x32;pipeline-matrix.expanded.gaussianblur.1024x768;pipeline-matrix.expanded.gaussianblur.1x1;pipeline-matrix.expanded.gaussianblur.256x256;pipeline-matrix.expanded.gaussianblur.32x32;pipeline-matrix.expanded.maxfilter.1024x768;pipeline-matrix.expanded.maxfilter.1x1;pipeline-matrix.expanded.maxfilter.256x256;pipeline-matrix.expanded.maxfilter.32x32;pipeline-matrix.expanded.medianfilter.1024x768;pipeline-matrix.expanded.medianfilter.1x1;pipeline-matrix.expanded.medianfilter.256x256;pipeline-matrix.expanded.medianfilter.32x32;pipeline-matrix.expanded.minfilter.1024x768;pipeline-matrix.expanded.minfilter.1x1;pipeline-matrix.expanded.minfilter.256x256;pipeline-matrix.expanded.minfilter.32x32;pipeline-op.boxblur.benchmark-materialized;pipeline-op.boxblur.matrix-32x24;pipeline-op.color3dlut.benchmark-materialized;pipeline-op.color3dlut.matrix-32x24;pipeline-op.filter.material-i-bounded-noise-5x5-1024x768;pipeline-op.filter.material-i-noise-5x5-1024x768;pipeline-op.filter.material-l-noise-5x5-1024x768;pipeline-op.filter.material-l-noise-flat-5x5-1024x768;pipeline-op.filter.material-la-noise-3x3-1024x768;pipeline-op.filter.material-la-noise-5x5-1024x768;pipeline-op.filter3x3.benchmark-materialized;pipeline-op.filter3x3.matrix-32x24;pipeline-op.filter5x5.benchmark-materialized;pipeline-op.filter5x5.matrix-32x24;pipeline-op.gaussianblur.benchmark-materialized;pipeline-op.gaussianblur.matrix-32x24;pipeline-op.maxfilter.benchmark-materialized;pipeline-op.maxfilter.matrix-32x24;pipeline-op.medianfilter.benchmark-materialized;pipeline-op.medianfilter.matrix-32x24;pipeline-op.minfilter.benchmark-materialized;pipeline-op.minfilter.matrix-32x24;pipeline-op.rankfilter.benchmark-materialized;pipeline.quick.gaussianblur-invert.rgb-1024
df5231519bb4810e6b0098560c5c791e56dc9952,true,2026-10-09T01:11:25.338187Z,48d69f9756559a7a8da696b16d93e10be849504250560e4830f3dc8ee97b4d9a,101fdb8cc2c9da7ea98da8602ac4e7879ab23c9d,false,2026-10-07T13:19:09.608307Z,8963ea465b99a6b2a2cca91ab2aa07ee321fb3a450edfd10a102f4681b3247e4,PIL.Image.Image.filter,PIL.Image.Image.filter,PIL.Image.Image.filter,method,endpoint,python-parallel-cpu,Pillow,,published_rows_only,tracked_as_separate_profile,python-cpu;python-gpu;python-simd,python-cpu,python-cpu;python-gpu;python-simd,87,86,pil-image-image.filter.standard,258,30,7,15,,0.437609,pipeline-op.filter.material-l-noise-5x5-1024x768,ubuntu-24.04-x86_64,225,0,0,0,0,0,0,0,,,pil-image-image.filter.standard;pipeline-chain.blur-material.box-l-1024x768-radius-4;pipeline-chain.blur-material.box-l-256x256-radius-0.5;pipeline-chain.blur-material.box-la-1024x768-radius-4;pipeline-chain.blur-material.box-rgb-1024x1024;pipeline-chain.blur-material.box-rgb-1024x768-radius-4;pipeline-chain.blur-material.box-rgb-256x256-radius-1;pipeline-chain.blur-material.box-rgba-1024x768-radius-4;pipeline-chain.blur-material.box-rgba-256x256-radius-2;pipeline-chain.blur-material.gaussian-l-1024x768;pipeline-chain.blur-material.gaussian-l-256x256-radius-0.5;pipeline-chain.blur-material.gaussian-la-1024x768;pipeline-chain.blur-material.gaussian-rgb-1024x1024;pipeline-chain.blur-material.gaussian-rgb-1024x768-radius-4;pipeline-chain.blur-material.gaussian-rgb-256x256-radius-1;pipeline-chain.blur-material.gaussian-rgba-1024x768;pipeline-chain.blur-material.gaussian-rgba-256x256-radius-2;pipeline-chain.convolution-i.3x3-1024x768;pipeline-chain.convolution-i.3x3-varied-1024x768;pipeline-chain.convolution-i.5x5-1024x768;pipeline-chain.convolution-i.5x5-noise-1024x768;pipeline-chain.loaded-10.rgb-jpeg-512x384;pipeline-chain.loaded-10.rgba-png-512x384;pipeline-chain.matrix-001;pipeline-chain.matrix-013;pipeline-chain.metadata-cache.color3dlut-rgb;pipeline-chain.rank-filter.large-f-9x9;pipeline-chain.rank-filter.material.f-9x9-256x256;pipeline-chain.rank-filter.material.l-9x9-256x256;pipeline-chain.rank-filter.material.l-noise-1024x768-size3-rank1;pipeline-chain.rank-filter.material.l-noise-256x256-size9-rank40;pipeline-chain.rank-filter.material.la-noise-1024x768-size3-rank1;pipeline-chain.reviewed.filter-invert-mirror;pipeline-lifecycle.cold.gaussianblur-invert.rgb-1024;pipeline-lifecycle.resident.gaussianblur-invert.rgb-1024;pipeline-matrix.expanded.boxblur.1024x768;pipeline-matrix.expanded.boxblur.1x1;pipeline-matrix.expanded.boxblur.256x256;pipeline-matrix.expanded.boxblur.32x32;pipeline-matrix.expanded.filter3x3.1024x768;pipeline-matrix.expanded.filter3x3.1x1;pipeline-matrix.expanded.filter3x3.256x256;pipeline-matrix.expanded.filter3x3.32x32;pipeline-matrix.expanded.filter5x5.1024x768;pipeline-matrix.expanded.filter5x5.1x1;pipeline-matrix.expanded.filter5x5.256x256;pipeline-matrix.expanded.filter5x5.32x32;pipeline-matrix.expanded.gaussianblur.1024x768;pipeline-matrix.expanded.gaussianblur.1x1;pipeline-matrix.expanded.gaussianblur.256x256;pipeline-matrix.expanded.gaussianblur.32x32;pipeline-matrix.expanded.maxfilter.1024x768;pipeline-matrix.expanded.maxfilter.1x1;pipeline-matrix.expanded.maxfilter.256x256;pipeline-matrix.expanded.maxfilter.32x32;pipeline-matrix.expanded.medianfilter.1024x768;pipeline-matrix.expanded.medianfilter.1x1;pipeline-matrix.expanded.medianfilter.256x256;pipeline-matrix.expanded.medianfilter.32x32;pipeline-matrix.expanded.minfilter.1024x768;pipeline-matrix.expanded.minfilter.1x1;pipeline-matrix.expanded.minfilter.256x256;pipeline-matrix.expanded.minfilter.32x32;pipeline-op.boxblur.benchmark-materialized;pipeline-op.boxblur.matrix-32x24;pipeline-op.color3dlut.benchmark-materialized;pipeline-op.color3dlut.matrix-32x24;pipeline-op.filter.material-i-bounded-noise-5x5-1024x768;pipeline-op.filter.material-i-noise-5x5-1024x768;pipeline-op.filter.material-l-noise-5x5-1024x768;pipeline-op.filter.material-l-noise-flat-5x5-1024x768;pipeline-op.filter.material-la-noise-3x3-1024x768;pipeline-op.filter.material-la-noise-5x5-1024x768;pipeline-op.filter3x3.benchmark-materialized;pipeline-op.filter3x3.matrix-32x24;pipeline-op.filter5x5.benchmark-materialized;pipeline-op.filter5x5.matrix-32x24;pipeline-op.gaussianblur.benchmark-materialized;pipeline-op.gaussianblur.matrix-32x24;pipeline-op.maxfilter.benchmark-materialized;pipeline-op.maxfilter.matrix-32x24;pipeline-op.medianfilter.benchmark-materialized;pipeline-op.medianfilter.matrix-32x24;pipeline-op.minfilter.benchmark-materialized;pipeline-op.minfilter.matrix-32x24;pipeline-op.rankfilter.benchmark-materialized;pipeline.quick.gaussianblur-invert.rgb-1024
df5231519bb4810e6b0098560c5c791e56dc9952,true,2026-10-09T01:11:25.338187Z,48d69f9756559a7a8da696b16d93e10be849504250560e4830f3dc8ee97b4d9a,101fdb8cc2c9da7ea98da8602ac4e7879ab23c9d,false,2026-10-07T13:19:09.608307Z,8963ea465b99a6b2a2cca91ab2aa07ee321fb3a450edfd10a102f4681b3247e4,PIL.Image.Image.format,PIL.Image.Image.format,PIL.Image.Image.format,property_get,endpoint,python-cpu,Pillow,1.0,benchmark_workload,not_in_published_snapshot,python-cpu;python-gpu;python-simd,python-cpu,python-cpu;python-gpu;python-simd,1,0,pil-image-image.format.standard,0,0,0,0,,,,,0,0,0,0,0,0,0,0,,,pil-image-image.format.standard
df5231519bb4810e6b0098560c5c791e56dc9952,true,2026-10-09T01:11:25.338187Z,48d69f9756559a7a8da696b16d93e10be849504250560e4830f3dc8ee97b4d9a,101fdb8cc2c9da7ea98da8602ac4e7879ab23c9d,false,2026-10-07T13:19:09.608307Z,8963ea465b99a6b2a2cca91ab2aa07ee321fb3a450edfd10a102f4681b3247e4,PIL.Image.Image.format,PIL.Image.Image.format,PIL.Image.Image.format,property_get,endpoint,python-simd,Pillow,2.0,benchmark_workload,not_in_published_snapshot,python-cpu;python-gpu;python-simd,python-cpu,python-cpu;python-gpu;python-simd,1,0,pil-image-image.format.standard,0,0,0,0,0,,,,0,0,0,0,0,0,0,0,,,pil-image-image.format.standard
df5231519bb4810e6b0098560c5c791e56dc9952,true,2026-10-09T01:11:25.338187Z,48d69f9756559a7a8da696b16d93e10be849504250560e4830f3dc8ee97b4d9a,101fdb8cc2c9da7ea98da8602ac4e7879ab23c9d,false,2026-10-07T13:19:09.608307Z,8963ea465b99a6b2a2cca91ab2aa07ee321fb3a450edfd10a102f4681b3247e4,PIL.Image.Image.format,PIL.Image.Image.format,PIL.Image.Image.format,property_get,endpoint,python-gpu,SIMD,1.0,benchmark_workload,not_in_published_snapshot,python-cpu;python-gpu;python-simd,python-cpu,python-cpu;python-gpu;python-simd,1,0,pil-image-image.format.standard,0,0,0,0,,,,,0,0,0,0,0,0,0,0,,not_measured,pil-image-image.format.standard
df5231519bb4810e6b0098560c5c791e56dc9952,true,2026-10-09T01:11:25.338187Z,48d69f9756559a7a8da696b16d93e10be849504250560e4830f3dc8ee97b4d9a,101fdb8cc2c9da7ea98da8602ac4e7879ab23c9d,false,2026-10-07T13:19:09.608307Z,8963ea465b99a6b2a2cca91ab2aa07ee321fb3a450edfd10a102f4681b3247e4,PIL.Image.Image.format,PIL.Image.Image.format,PIL.Image.Image.format,property_get,endpoint,python-parallel-cpu,Pillow,,not_declared,not_declared_in_manifest_or_workload,python-cpu;python-gpu;python-simd,python-cpu,python-cpu;python-gpu;python-simd,1,0,pil-image-image.format.standard,0,0,0,0,,,,,0,0,0,0,0,0,0,0,,,pil-image-image.format.standard
df5231519bb4810e6b0098560c5c791e56dc9952,true,2026-10-09T01:11:25.338187Z,48d69f9756559a7a8da696b16d93e10be849504250560e4830f3dc8ee97b4d9a,101fdb8cc2c9da7ea98da8602ac4e7879ab23c9d,false,2026-10-07T13:19:09.608307Z,8963ea465b99a6b2a2cca91ab2aa07ee321fb3a450edfd10a102f4681b3247e4,PIL.Image.Image.frombytes,PIL.Image.Image.frombytes,PIL.Image.Image.frombytes,method,endpoint,python-cpu,Pillow,1.0,benchmark_workload,not_in_published_snapshot,python-cpu;python-gpu;python-simd,python-cpu,python-cpu;python-gpu;python-simd,1,0,pil-image-image.frombytes.standard,0,0,0,0,,,,,0,0,0,0,0,0,0,0,,,pil-image-image.frombytes.standard
df5231519bb4810e6b0098560c5c791e56dc9952,true,2026-10-09T01:11:25.338187Z,48d69f9756559a7a8da696b16d93e10be849504250560e4830f3dc8ee97b4d9a,101fdb8cc2c9da7ea98da8602ac4e7879ab23c9d,false,2026-10-07T13:19:09.608307Z,8963ea465b99a6b2a2cca91ab2aa07ee321fb3a450edfd10a102f4681b3247e4,PIL.Image.Image.frombytes,PIL.Image.Image.frombytes,PIL.Image.Image.frombytes,method,endpoint,python-simd,Pillow,2.0,benchmark_workload,not_in_published_snapshot,python-cpu;python-gpu;python-simd,python-cpu,python-cpu;python-gpu;python-simd,1,0,pil-image-image.frombytes.standard,0,0,0,0,0,,,,0,0,0,0,0,0,0,0,,,pil-image-image.frombytes.standard
df5231519bb4810e6b0098560c5c791e56dc9952,true,2026-10-09T01:11:25.338187Z,48d69f9756559a7a8da696b16d93e10be849504250560e4830f3dc8ee97b4d9a,101fdb8cc2c9da7ea98da8602ac4e7879ab23c9d,false,2026-10-07T13:19:09.608307Z,8963ea465b99a6b2a2cca91ab2aa07ee321fb3a450edfd10a102f4681b3247e4,PIL.Image.Image.frombytes,PIL.Image.Image.frombytes,PIL.Image.Image.frombytes,method,endpoint,python-gpu,SIMD,1.0,benchmark_workload,not_in_published_snapshot,python-cpu;python-gpu;python-simd,python-cpu,python-cpu;python-gpu;python-simd,1,0,pil-image-image.frombytes.standard,0,0,0,0,,,,,0,0,0,0,0,0,0,0,,not_measured,pil-image-image.frombytes.standard
df5231519bb4810e6b0098560c5c791e56dc9952,true,2026-10-09T01:11:25.338187Z,48d69f9756559a7a8da696b16d93e10be849504250560e4830f3dc8ee97b4d9a,101fdb8cc2c9da7ea98da8602ac4e7879ab23c9d,false,2026-10-07T13:19:09.608307Z,8963ea465b99a6b2a2cca91ab2aa07ee321fb3a450edfd10a102f4681b3247e4,PIL.Image.Image.frombytes,PIL.Image.Image.frombytes,PIL.Image.Image.frombytes,method,endpoint,python-parallel-cpu,Pillow,,not_declared,not_declared_in_manifest_or_workload,python-cpu;python-gpu;python-simd,python-cpu,python-cpu;python-gpu;python-simd,1,0,pil-image-image.frombytes.standard,0,0,0,0,,,,,0,0,0,0,0,0,0,0,,,pil-image-image.frombytes.standard
df5231519bb4810e6b0098560c5c791e56dc9952,true,2026-10-09T01:11:25.338187Z,48d69f9756559a7a8da696b16d93e10be849504250560e4830f3dc8ee97b4d9a,101fdb8cc2c9da7ea98da8602ac4e7879ab23c9d,false,2026-10-07T13:19:09.608307Z,8963ea465b99a6b2a2cca91ab2aa07ee321fb3a450edfd10a102f4681b3247e4,PIL.Image.Image.get_child_images,PIL.Image.Image.get_child_images,PIL.Image.Image.get_child_images,method,endpoint,python-cpu,Pillow,1.0,benchmark_workload,not_in_published_snapshot,python-cpu;python-gpu;python-simd,python-cpu,python-cpu;python-gpu;python-simd,1,0,pil-image-image.get-child-images.standard,0,0,0,0,,,,,0,0,0,0,0,0,0,0,,,pil-image-image.get-child-images.standard
df5231519bb4810e6b0098560c5c791e56dc9952,true,2026-10-09T01:11:25.338187Z,48d69f9756559a7a8da696b16d93e10be849504250560e4830f3dc8ee97b4d9a,101fdb8cc2c9da7ea98da8602ac4e7879ab23c9d,false,2026-10-07T13:19:09.608307Z,8963ea465b99a6b2a2cca91ab2aa07ee321fb3a450edfd10a102f4681b3247e4,PIL.Image.Image.get_child_images,PIL.Image.Image.get_child_images,PIL.Image.Image.get_child_images,method,endpoint,python-simd,Pillow,2.0,benchmark_workload,not_in_published_snapshot,python-cpu;python-gpu;python-simd,python-cpu,python-cpu;python-gpu;python-simd,1,0,pil-image-image.get-child-images.standard,0,0,0,0,0,,,,0,0,0,0,0,0,0,0,,,pil-image-image.get-child-images.standard
df5231519bb4810e6b0098560c5c791e56dc9952,true,2026-10-09T01:11:25.338187Z,48d69f9756559a7a8da696b16d93e10be849504250560e4830f3dc8ee97b4d9a,101fdb8cc2c9da7ea98da8602ac4e7879ab23c9d,false,2026-10-07T13:19:09.608307Z,8963ea465b99a6b2a2cca91ab2aa07ee321fb3a450edfd10a102f4681b3247e4,PIL.Image.Image.get_child_images,PIL.Image.Image.get_child_images,PIL.Image.Image.get_child_images,method,endpoint,python-gpu,SIMD,1.0,benchmark_workload,not_in_published_snapshot,python-cpu;python-gpu;python-simd,python-cpu,python-cpu;python-gpu;python-simd,1,0,pil-image-image.get-child-images.standard,0,0,0,0,,,,,0,0,0,0,0,0,0,0,,not_measured,pil-image-image.get-child-images.standard
df5231519bb4810e6b0098560c5c791e56dc9952,true,2026-10-09T01:11:25.338187Z,48d69f9756559a7a8da696b16d93e10be849504250560e4830f3dc8ee97b4d9a,101fdb8cc2c9da7ea98da8602ac4e7879ab23c9d,false,2026-10-07T13:19:09.608307Z,8963ea465b99a6b2a2cca91ab2aa07ee321fb3a450edfd10a102f4681b3247e4,PIL.Image.Image.get_child_images,PIL.Image.Image.get_child_images,PIL.Image.Image.get_child_images,method,endpoint,python-parallel-cpu,Pillow,,not_declared,not_declared_in_manifest_or_workload,python-cpu;python-gpu;python-simd,python-cpu,python-cpu;python-gpu;python-simd,1,0,pil-image-image.get-child-images.standard,0,0,0,0,,,,,0,0,0,0,0,0,0,0,,,pil-image-image.get-child-images.standard
df5231519bb4810e6b0098560c5c791e56dc9952,true,2026-10-09T01:11:25.338187Z,48d69f9756559a7a8da696b16d93e10be849504250560e4830f3dc8ee97b4d9a,101fdb8cc2c9da7ea98da8602ac4e7879ab23c9d,false,2026-10-07T13:19:09.608307Z,8963ea465b99a6b2a2cca91ab2aa07ee321fb3a450edfd10a102f4681b3247e4,PIL.Image.Image.get_flattened_data,PIL.Image.Image.get_flattened_data,PIL.Image.Image.get_flattened_data,method,endpoint,python-cpu,Pillow,1.0,benchmark_workload,not_in_published_snapshot,python-cpu;python-gpu;python-simd,python-cpu,python-cpu;python-gpu;python-simd,1,0,pil-image-image.get-flattened-data.standard,0,0,0,0,,,,,0,0,0,0,0,0,0,0,,,pil-image-image.get-flattened-data.standard
df5231519bb4810e6b0098560c5c791e56dc9952,true,2026-10-09T01:11:25.338187Z,48d69f9756559a7a8da696b16d93e10be849504250560e4830f3dc8ee97b4d9a,101fdb8cc2c9da7ea98da8602ac4e7879ab23c9d,false,2026-10-07T13:19:09.608307Z,8963ea465b99a6b2a2cca91ab2aa07ee321fb3a450edfd10a102f4681b3247e4,PIL.Image.Image.get_flattened_data,PIL.Image.Image.get_flattened_data,PIL.Image.Image.get_flattened_data,method,endpoint,python-simd,Pillow,2.0,benchmark_workload,not_in_published_snapshot,python-cpu;python-gpu;python-simd,python-cpu,python-cpu;python-gpu;python-simd,1,0,pil-image-image.get-flattened-data.standard,0,0,0,0,0,,,,0,0,0,0,0,0,0,0,,,pil-image-image.get-flattened-data.standard
df5231519bb4810e6b0098560c5c791e56dc9952,true,2026-10-09T01:11:25.338187Z,48d69f9756559a7a8da696b16d93e10be849504250560e4830f3dc8ee97b4d9a,101fdb8cc2c9da7ea98da8602ac4e7879ab23c9d,false,2026-10-07T13:19:09.608307Z,8963ea465b99a6b2a2cca91ab2aa07ee321fb3a450edfd10a102f4681b3247e4,PIL.Image.Image.get_flattened_data,PIL.Image.Image.get_flattened_data,PIL.Image.Image.get_flattened_data,method,endpoint,python-gpu,SIMD,1.0,benchmark_workload,not_in_published_snapshot,python-cpu;python-gpu;python-simd,python-cpu,python-cpu;python-gpu;python-simd,1,0,pil-image-image.get-flattened-data.standard,0,0,0,0,,,,,0,0,0,0,0,0,0,0,,not_measured,pil-image-image.get-flattened-data.standard
df5231519bb4810e6b0098560c5c791e56dc9952,true,2026-10-09T01:11:25.338187Z,48d69f9756559a7a8da696b16d93e10be849504250560e4830f3dc8ee97b4d9a,101fdb8cc2c9da7ea98da8602ac4e7879ab23c9d,false,2026-10-07T13:19:09.608307Z,8963ea465b99a6b2a2cca91ab2aa07ee321fb3a450edfd10a102f4681b3247e4,PIL.Image.Image.get_flattened_data,PIL.Image.Image.get_flattened_data,PIL.Image.Image.get_flattened_data,method,endpoint,python-parallel-cpu,Pillow,,not_declared,not_declared_in_manifest_or_workload,python-cpu;python-gpu;python-simd,python-cpu,python-cpu;python-gpu;python-simd,1,0,pil-image-image.get-flattened-data.standard,0,0,0,0,,,,,0,0,0,0,0,0,0,0,,,pil-image-image.get-flattened-data.standard
df5231519bb4810e6b0098560c5c791e56dc9952,true,2026-10-09T01:11:25.338187Z,48d69f9756559a7a8da696b16d93e10be849504250560e4830f3dc8ee97b4d9a,101fdb8cc2c9da7ea98da8602ac4e7879ab23c9d,false,2026-10-07T13:19:09.608307Z,8963ea465b99a6b2a2cca91ab2aa07ee321fb3a450edfd10a102f4681b3247e4,PIL.Image.Image.getbands,PIL.Image.Image.getbands,PIL.Image.Image.getbands,method,endpoint,python-cpu,Pillow,1.0,benchmark_workload,not_in_published_snapshot,python-cpu;python-gpu;python-simd,python-cpu,python-cpu;python-gpu;python-simd,1,0,pil-image-image.getbands.standard,0,0,0,0,,,,,0,0,0,0,0,0,0,0,,,pil-image-image.getbands.standard
df5231519bb4810e6b0098560c5c791e56dc9952,true,2026-10-09T01:11:25.338187Z,48d69f9756559a7a8da696b16d93e10be849504250560e4830f3dc8ee97b4d9a,101fdb8cc2c9da7ea98da8602ac4e7879ab23c9d,false,2026-10-07T13:19:09.608307Z,8963ea465b99a6b2a2cca91ab2aa07ee321fb3a450edfd10a102f4681b3247e4,PIL.Image.Image.getbands,PIL.Image.Image.getbands,PIL.Image.Image.getbands,method,endpoint,python-simd,Pillow,2.0,benchmark_workload,not_in_published_snapshot,python-cpu;python-gpu;python-simd,python-cpu,python-cpu;python-gpu;python-simd,1,0,pil-image-image.getbands.standard,0,0,0,0,0,,,,0,0,0,0,0,0,0,0,,,pil-image-image.getbands.standard
df5231519bb4810e6b0098560c5c791e56dc9952,true,2026-10-09T01:11:25.338187Z,48d69f9756559a7a8da696b16d93e10be849504250560e4830f3dc8ee97b4d9a,101fdb8cc2c9da7ea98da8602ac4e7879ab23c9d,false,2026-10-07T13:19:09.608307Z,8963ea465b99a6b2a2cca91ab2aa07ee321fb3a450edfd10a102f4681b3247e4,PIL.Image.Image.getbands,PIL.Image.Image.getbands,PIL.Image.Image.getbands,method,endpoint,python-gpu,SIMD,1.0,benchmark_workload,not_in_published_snapshot,python-cpu;python-gpu;python-simd,python-cpu,python-cpu;python-gpu;python-simd,1,0,pil-image-image.getbands.standard,0,0,0,0,,,,,0,0,0,0,0,0,0,0,,not_measured,pil-image-image.getbands.standard
df5231519bb4810e6b0098560c5c791e56dc9952,true,2026-10-09T01:11:25.338187Z,48d69f9756559a7a8da696b16d93e10be849504250560e4830f3dc8ee97b4d9a,101fdb8cc2c9da7ea98da8602ac4e7879ab23c9d,false,2026-10-07T13:19:09.608307Z,8963ea465b99a6b2a2cca91ab2aa07ee321fb3a450edfd10a102f4681b3247e4,PIL.Image.Image.getbands,PIL.Image.Image.getbands,PIL.Image.Image.getbands,method,endpoint,python-parallel-cpu,Pillow,,not_declared,not_declared_in_manifest_or_workload,python-cpu;python-gpu;python-simd,python-cpu,python-cpu;python-gpu;python-simd,1,0,pil-image-image.getbands.standard,0,0,0,0,,,,,0,0,0,0,0,0,0,0,,,pil-image-image.getbands.standard
df5231519bb4810e6b0098560c5c791e56dc9952,true,2026-10-09T01:11:25.338187Z,48d69f9756559a7a8da696b16d93e10be849504250560e4830f3dc8ee97b4d9a,101fdb8cc2c9da7ea98da8602ac4e7879ab23c9d,false,2026-10-07T13:19:09.608307Z,8963ea465b99a6b2a2cca91ab2aa07ee321fb3a450edfd10a102f4681b3247e4,PIL.Image.Image.getbbox,PIL.Image.Image.getbbox,PIL.Image.Image.getbbox,method,endpoint,python-cpu,Pillow,1.0,benchmark_workload,no_verified_comparison,python-cpu;python-gpu;python-simd,python-cpu,python-cpu;python-gpu;python-simd,5,2,pil-image-image.getbbox.materialized.rgb-filled-1024x768;pil-image-image.getbbox.materialized.rgb-noise-1024x768;pil-image-image.getbbox.standard,6,0,0,0,,,,,6,0,0,0,0,0,0,0,,,pil-image-image.getbbox.materialized.rgb-filled-1024x768;pil-image-image.getbbox.materialized.rgb-noise-1024x768;pil-image-image.getbbox.standard;pipeline-chain.terminal-read.analysis-scalar-if-1024x768;pipeline-chain.terminal-read.analysis-suite.rgb
df5231519bb4810e6b0098560c5c791e56dc9952,true,2026-10-09T01:11:25.338187Z,48d69f9756559a7a8da696b16d93e10be849504250560e4830f3dc8ee97b4d9a,101fdb8cc2c9da7ea98da8602ac4e7879ab23c9d,false,2026-10-07T13:19:09.608307Z,8963ea465b99a6b2a2cca91ab2aa07ee321fb3a450edfd10a102f4681b3247e4,PIL.Image.Image.getbbox,PIL.Image.Image.getbbox,PIL.Image.Image.getbbox,method,endpoint,python-simd,Pillow,2.0,benchmark_workload,no_verified_comparison,python-cpu;python-gpu;python-simd,python-cpu,python-cpu;python-gpu;python-simd,5,2,pil-image-image.getbbox.materialized.rgb-filled-1024x768;pil-image-image.getbbox.materialized.rgb-noise-1024x768;pil-image-image.getbbox.standard,6,0,0,0,0,,,,6,0,0,0,0,0,0,0,,,pil-image-image.getbbox.materialized.rgb-filled-1024x768;pil-image-image.getbbox.materialized.rgb-noise-1024x768;pil-image-image.getbbox.standard;pipeline-chain.terminal-read.analysis-scalar-if-1024x768;pipeline-chain.terminal-read.analysis-suite.rgb
df5231519bb4810e6b0098560c5c791e56dc9952,true,2026-10-09T01:11:25.338187Z,48d69f9756559a7a8da696b16d93e10be849504250560e4830f3dc8ee97b4d9a,101fdb8cc2c9da7ea98da8602ac4e7879ab23c9d,false,2026-10-07T13:19:09.608307Z,8963ea465b99a6b2a2cca91ab2aa07ee321fb3a450edfd10a102f4681b3247e4,PIL.Image.Image.getbbox,PIL.Image.Image.getbbox,PIL.Image.Image.getbbox,method,endpoint,python-gpu,SIMD,1.0,benchmark_workload,no_verified_comparison,python-cpu;python-gpu;python-simd,python-cpu,python-cpu;python-gpu;python-simd,5,2,pil-image-image.getbbox.materialized.rgb-filled-1024x768;pil-image-image.getbbox.materialized.rgb-noise-1024x768;pil-image-image.getbbox.standard,2,0,0,0,,,,,2,0,0,0,0,0,0,0,,not_measured,pil-image-image.getbbox.materialized.rgb-filled-1024x768;pil-image-image.getbbox.materialized.rgb-noise-1024x768;pil-image-image.getbbox.standard;pipeline-chain.terminal-read.analysis-scalar-if-1024x768;pipeline-chain.terminal-read.analysis-suite.rgb
df5231519bb4810e6b0098560c5c791e56dc9952,true,2026-10-09T01:11:25.338187Z,48d69f9756559a7a8da696b16d93e10be849504250560e4830f3dc8ee97b4d9a,101fdb8cc2c9da7ea98da8602ac4e7879ab23c9d,false,2026-10-07T13:19:09.608307Z,8963ea465b99a6b2a2cca91ab2aa07ee321fb3a450edfd10a102f4681b3247e4,PIL.Image.Image.getbbox,PIL.Image.Image.getbbox,PIL.Image.Image.getbbox,method,endpoint,python-parallel-cpu,Pillow,,published_rows_only,no_verified_comparison,python-cpu;python-gpu;python-simd,python-cpu,python-cpu;python-gpu;python-simd,5,2,pil-image-image.getbbox.materialized.rgb-filled-1024x768;pil-image-image.getbbox.materialized.rgb-noise-1024x768;pil-image-image.getbbox.standard,6,0,0,0,,,,,6,0,0,0,0,0,0,0,,,pil-image-image.getbbox.materialized.rgb-filled-1024x768;pil-image-image.getbbox.materialized.rgb-noise-1024x768;pil-image-image.getbbox.standard;pipeline-chain.terminal-read.analysis-scalar-if-1024x768;pipeline-chain.terminal-read.analysis-suite.rgb
df5231519bb4810e6b0098560c5c791e56dc9952,true,2026-10-09T01:11:25.338187Z,48d69f9756559a7a8da696b16d93e10be849504250560e4830f3dc8ee97b4d9a,101fdb8cc2c9da7ea98da8602ac4e7879ab23c9d,false,2026-10-07T13:19:09.608307Z,8963ea465b99a6b2a2cca91ab2aa07ee321fb3a450edfd10a102f4681b3247e4,PIL.Image.Image.getchannel,PIL.Image.Image.getchannel,PIL.Image.Image.getchannel,method,endpoint,python-cpu,Pillow,1.0,benchmark_workload,no_verified_comparison,python-cpu;python-gpu;python-simd,python-cpu,python-cpu;python-gpu;python-simd,14,9,pil-image-image.getchannel.materialized.l-1024x768;pil-image-image.getchannel.materialized.la-1024x768;pil-image-image.getchannel.materialized.rgb-1024x768;pil-image-image.getchannel.materialized.rgba-1024x768;pil-image-image.getchannel.standard,27,0,0,0,,,,,27,0,0,0,0,0,0,0,,,pil-image-image.getchannel.materialized.l-1024x768;pil-image-image.getchannel.materialized.la-1024x768;pil-image-image.getchannel.materialized.rgb-1024x768;pil-image-image.getchannel.materialized.rgba-1024x768;pil-image-image.getchannel.standard;pipeline-chain.color.getchannel-mode-cmyk;pipeline-chain.color.getchannel-mode-la;pipeline-chain.color.getchannel-mode-rgba;pipeline-chain.color.getchannel-mode-ycbcr;pipeline-chain.matrix-073;pipeline-chain.matrix-074;pipeline-chain.metadata-cache.extractband-rgba;pipeline-op.extractband.benchmark-materialized;pipeline-op.extractband.matrix-32x24
df5231519bb4810e6b0098560c5c791e56dc9952,true,2026-10-09T01:11:25.338187Z,48d69f9756559a7a8da696b16d93e10be849504250560e4830f3dc8ee97b4d9a,101fdb8cc2c9da7ea98da8602ac4e7879ab23c9d,false,2026-10-07T13:19:09.608307Z,8963ea465b99a6b2a2cca91ab2aa07ee321fb3a450edfd10a102f4681b3247e4,PIL.Image.Image.getchannel,PIL.Image.Image.getchannel,PIL.Image.Image.getchannel,method,endpoint,python-simd,Pillow,2.0,benchmark_workload,no_verified_comparison,python-cpu;python-gpu;python-simd,python-cpu,python-cpu;python-gpu;python-simd,14,9,pil-image-image.getchannel.materialized.l-1024x768;pil-image-image.getchannel.materialized.la-1024x768;pil-image-image.getchannel.materialized.rgb-1024x768;pil-image-image.getchannel.materialized.rgba-1024x768;pil-image-image.getchannel.standard,27,0,0,0,0,,,,27,0,0,0,0,0,4,0,,,pil-image-image.getchannel.materialized.l-1024x768;pil-image-image.getchannel.materialized.la-1024x768;pil-image-image.getchannel.materialized.rgb-1024x768;pil-image-image.getchannel.materialized.rgba-1024x768;pil-image-image.getchannel.standard;pipeline-chain.color.getchannel-mode-cmyk;pipeline-chain.color.getchannel-mode-la;pipeline-chain.color.getchannel-mode-rgba;pipeline-chain.color.getchannel-mode-ycbcr;pipeline-chain.matrix-073;pipeline-chain.matrix-074;pipeline-chain.metadata-cache.extractband-rgba;pipeline-op.extractband.benchmark-materialized;pipeline-op.extractband.matrix-32x24
df5231519bb4810e6b0098560c5c791e56dc9952,true,2026-10-09T01:11:25.338187Z,48d69f9756559a7a8da696b16d93e10be849504250560e4830f3dc8ee97b4d9a,101fdb8cc2c9da7ea98da8602ac4e7879ab23c9d,false,2026-10-07T13:19:09.608307Z,8963ea465b99a6b2a2cca91ab2aa07ee321fb3a450edfd10a102f4681b3247e4,PIL.Image.Image.getchannel,PIL.Image.Image.getchannel,PIL.Image.Image.getchannel,method,endpoint,python-gpu,SIMD,1.0,benchmark_workload,no_verified_comparison,python-cpu;python-gpu;python-simd,python-cpu,python-cpu;python-gpu;python-simd,14,9,pil-image-image.getchannel.materialized.l-1024x768;pil-image-image.getchannel.materialized.la-1024x768;pil-image-image.getchannel.materialized.rgb-1024x768;pil-image-image.getchannel.materialized.rgba-1024x768;pil-image-image.getchannel.standard,9,0,0,0,,,,,9,0,0,0,0,0,0,0,,not_measured,pil-image-image.getchannel.materialized.l-1024x768;pil-image-image.getchannel.materialized.la-1024x768;pil-image-image.getchannel.materialized.rgb-1024x768;pil-image-image.getchannel.materialized.rgba-1024x768;pil-image-image.getchannel.standard;pipeline-chain.color.getchannel-mode-cmyk;pipeline-chain.color.getchannel-mode-la;pipeline-chain.color.getchannel-mode-rgba;pipeline-chain.color.getchannel-mode-ycbcr;pipeline-chain.matrix-073;pipeline-chain.matrix-074;pipeline-chain.metadata-cache.extractband-rgba;pipeline-op.extractband.benchmark-materialized;pipeline-op.extractband.matrix-32x24
df5231519bb4810e6b0098560c5c791e56dc9952,true,2026-10-09T01:11:25.338187Z,48d69f9756559a7a8da696b16d93e10be849504250560e4830f3dc8ee97b4d9a,101fdb8cc2c9da7ea98da8602ac4e7879ab23c9d,false,2026-10-07T13:19:09.608307Z,8963ea465b99a6b2a2cca91ab2aa07ee321fb3a450edfd10a102f4681b3247e4,PIL.Image.Image.getchannel,PIL.Image.Image.getchannel,PIL.Image.Image.getchannel,method,endpoint,python-parallel-cpu,Pillow,,published_rows_only,no_verified_comparison,python-cpu;python-gpu;python-simd,python-cpu,python-cpu;python-gpu;python-simd,14,9,pil-image-image.getchannel.materialized.l-1024x768;pil-image-image.getchannel.materialized.la-1024x768;pil-image-image.getchannel.materialized.rgb-1024x768;pil-image-image.getchannel.materialized.rgba-1024x768;pil-image-image.getchannel.standard,27,0,0,0,,,,,27,0,0,0,0,0,0,0,,,pil-image-image.getchannel.materialized.l-1024x768;pil-image-image.getchannel.materialized.la-1024x768;pil-image-image.getchannel.materialized.rgb-1024x768;pil-image-image.getchannel.materialized.rgba-1024x768;pil-image-image.getchannel.standard;pipeline-chain.color.getchannel-mode-cmyk;pipeline-chain.color.getchannel-mode-la;pipeline-chain.color.getchannel-mode-rgba;pipeline-chain.color.getchannel-mode-ycbcr;pipeline-chain.matrix-073;pipeline-chain.matrix-074;pipeline-chain.metadata-cache.extractband-rgba;pipeline-op.extractband.benchmark-materialized;pipeline-op.extractband.matrix-32x24
df5231519bb4810e6b0098560c5c791e56dc9952,true,2026-10-09T01:11:25.338187Z,48d69f9756559a7a8da696b16d93e10be849504250560e4830f3dc8ee97b4d9a,101fdb8cc2c9da7ea98da8602ac4e7879ab23c9d,false,2026-10-07T13:19:09.608307Z,8963ea465b99a6b2a2cca91ab2aa07ee321fb3a450edfd10a102f4681b3247e4,PIL.Image.Image.getcolors,PIL.Image.Image.getcolors,PIL.Image.Image.getcolors,method,endpoint,python-cpu,Pillow,1.0,benchmark_workload,no_verified_comparison,python-cpu;python-gpu;python-simd,python-cpu,python-cpu;python-gpu;python-simd,6,2,pil-image-image.getcolors.materialized.full-scan-grayscale-rgb-1024x768-high-maxcolors;pil-image-image.getcolors.materialized.high-cardinality-rgb-1024x768;pil-image-image.getcolors.materialized.varied-rgb-16x16;pil-image-image.getcolors.standard,6,0,0,0,,,,,6,0,0,0,0,0,0,0,,,pil-image-image.getcolors.materialized.full-scan-grayscale-rgb-1024x768-high-maxcolors;pil-image-image.getcolors.materialized.high-cardinality-rgb-1024x768;pil-image-image.getcolors.materialized.varied-rgb-16x16;pil-image-image.getcolors.standard;pipeline-chain.terminal-read.analysis-scalar-if-1024x768;pipeline-chain.terminal-read.getcolors.rgb-1024x768
df5231519bb4810e6b0098560c5c791e56dc9952,true,2026-10-09T01:11:25.338187Z,48d69f9756559a7a8da696b16d93e10be849504250560e4830f3dc8ee97b4d9a,101fdb8cc2c9da7ea98da8602ac4e7879ab23c9d,false,2026-10-07T13:19:09.608307Z,8963ea465b99a6b2a2cca91ab2aa07ee321fb3a450edfd10a102f4681b3247e4,PIL.Image.Image.getcolors,PIL.Image.Image.getcolors,PIL.Image.Image.getcolors,method,endpoint,python-simd,Pillow,2.0,benchmark_workload,no_verified_comparison,python-cpu;python-gpu;python-simd,python-cpu,python-cpu;python-gpu;python-simd,6,2,pil-image-image.getcolors.materialized.full-scan-grayscale-rgb-1024x768-high-maxcolors;pil-image-image.getcolors.materialized.high-cardinality-rgb-1024x768;pil-image-image.getcolors.materialized.varied-rgb-16x16;pil-image-image.getcolors.standard,6,0,0,0,0,,,,6,0,0,0,0,0,0,0,,,pil-image-image.getcolors.materialized.full-scan-grayscale-rgb-1024x768-high-maxcolors;pil-image-image.getcolors.materialized.high-cardinality-rgb-1024x768;pil-image-image.getcolors.materialized.varied-rgb-16x16;pil-image-image.getcolors.standard;pipeline-chain.terminal-read.analysis-scalar-if-1024x768;pipeline-chain.terminal-read.getcolors.rgb-1024x768
df5231519bb4810e6b0098560c5c791e56dc9952,true,2026-10-09T01:11:25.338187Z,48d69f9756559a7a8da696b16d93e10be849504250560e4830f3dc8ee97b4d9a,101fdb8cc2c9da7ea98da8602ac4e7879ab23c9d,false,2026-10-07T13:19:09.608307Z,8963ea465b99a6b2a2cca91ab2aa07ee321fb3a450edfd10a102f4681b3247e4,PIL.Image.Image.getcolors,PIL.Image.Image.getcolors,PIL.Image.Image.getcolors,method,endpoint,python-gpu,SIMD,1.0,benchmark_workload,no_verified_comparison,python-cpu;python-gpu;python-simd,python-cpu,python-cpu;python-gpu;python-simd,6,2,pil-image-image.getcolors.materialized.full-scan-grayscale-rgb-1024x768-high-maxcolors;pil-image-image.getcolors.materialized.high-cardinality-rgb-1024x768;pil-image-image.getcolors.materialized.varied-rgb-16x16;pil-image-image.getcolors.standard,2,0,0,0,,,,,2,0,0,0,0,0,0,0,,not_measured,pil-image-image.getcolors.materialized.full-scan-grayscale-rgb-1024x768-high-maxcolors;pil-image-image.getcolors.materialized.high-cardinality-rgb-1024x768;pil-image-image.getcolors.materialized.varied-rgb-16x16;pil-image-image.getcolors.standard;pipeline-chain.terminal-read.analysis-scalar-if-1024x768;pipeline-chain.terminal-read.getcolors.rgb-1024x768
df5231519bb4810e6b0098560c5c791e56dc9952,true,2026-10-09T01:11:25.338187Z,48d69f9756559a7a8da696b16d93e10be849504250560e4830f3dc8ee97b4d9a,101fdb8cc2c9da7ea98da8602ac4e7879ab23c9d,false,2026-10-07T13:19:09.608307Z,8963ea465b99a6b2a2cca91ab2aa07ee321fb3a450edfd10a102f4681b3247e4,PIL.Image.Image.getcolors,PIL.Image.Image.getcolors,PIL.Image.Image.getcolors,method,endpoint,python-parallel-cpu,Pillow,,published_rows_only,no_verified_comparison,python-cpu;python-gpu;python-simd,python-cpu,python-cpu;python-gpu;python-simd,6,2,pil-image-image.getcolors.materialized.full-scan-grayscale-rgb-1024x768-high-maxcolors;pil-image-image.getcolors.materialized.high-cardinality-rgb-1024x768;pil-image-image.getcolors.materialized.varied-rgb-16x16;pil-image-image.getcolors.standard,6,0,0,0,,,,,6,0,0,0,0,0,0,0,,,pil-image-image.getcolors.materialized.full-scan-grayscale-rgb-1024x768-high-maxcolors;pil-image-image.getcolors.materialized.high-cardinality-rgb-1024x768;pil-image-image.getcolors.materialized.varied-rgb-16x16;pil-image-image.getcolors.standard;pipeline-chain.terminal-read.analysis-scalar-if-1024x768;pipeline-chain.terminal-read.getcolors.rgb-1024x768
df5231519bb4810e6b0098560c5c791e56dc9952,true,2026-10-09T01:11:25.338187Z,48d69f9756559a7a8da696b16d93e10be849504250560e4830f3dc8ee97b4d9a,101fdb8cc2c9da7ea98da8602ac4e7879ab23c9d,false,2026-10-07T13:19:09.608307Z,8963ea465b99a6b2a2cca91ab2aa07ee321fb3a450edfd10a102f4681b3247e4,PIL.Image.Image.getdata,PIL.Image.Image.getdata,PIL.Image.Image.getdata,method,endpoint,python-cpu,Pillow,1.0,benchmark_workload,target_met_in_verified_rows,python-cpu;python-gpu;python-simd,python-cpu,python-cpu;python-gpu;python-simd,2,1,pil-image-image.getdata.standard,3,3,0,3,,1.690291,pipeline-chain.terminal-read.rgb-band0,ubuntu-24.04-x86_64,0,0,0,0,0,0,0,0,,,pil-image-image.getdata.standard;pipeline-chain.terminal-read.rgb-band0
df5231519bb4810e6b0098560c5c791e56dc9952,true,2026-10-09T01:11:25.338187Z,48d69f9756559a7a8da696b16d93e10be849504250560e4830f3dc8ee97b4d9a,101fdb8cc2c9da7ea98da8602ac4e7879ab23c9d,false,2026-10-07T13:19:09.608307Z,8963ea465b99a6b2a2cca91ab2aa07ee321fb3a450edfd10a102f4681b3247e4,PIL.Image.Image.getdata,PIL.Image.Image.getdata,PIL.Image.Image.getdata,method,endpoint,python-simd,Pillow,2.0,benchmark_workload,target_unmet_in_verified_rows,python-cpu;python-gpu;python-simd,python-cpu,python-cpu;python-gpu;python-simd,2,1,pil-image-image.getdata.standard,3,3,0,3,3,1.401776,pipeline-chain.terminal-read.rgb-band0,macos-15-arm64,0,0,0,0,0,0,0,0,,,pil-image-image.getdata.standard;pipeline-chain.terminal-read.rgb-band0
df5231519bb4810e6b0098560c5c791e56dc9952,true,2026-10-09T01:11:25.338187Z,48d69f9756559a7a8da696b16d93e10be849504250560e4830f3dc8ee97b4d9a,101fdb8cc2c9da7ea98da8602ac4e7879ab23c9d,false,2026-10-07T13:19:09.608307Z,8963ea465b99a6b2a2cca91ab2aa07ee321fb3a450edfd10a102f4681b3247e4,PIL.Image.Image.getdata,PIL.Image.Image.getdata,PIL.Image.Image.getdata,method,endpoint,python-gpu,SIMD,1.0,benchmark_workload,target_unmet_in_verified_rows,python-cpu;python-gpu;python-simd,python-cpu,python-cpu;python-gpu;python-simd,2,1,pil-image-image.getdata.standard,1,1,1,1,,0.185229,pipeline-chain.terminal-read.rgb-band0,macos-15-arm64,0,0,0,0,0,0,0,0,,not_measured,pil-image-image.getdata.standard;pipeline-chain.terminal-read.rgb-band0
df5231519bb4810e6b0098560c5c791e56dc9952,true,2026-10-09T01:11:25.338187Z,48d69f9756559a7a8da696b16d93e10be849504250560e4830f3dc8ee97b4d9a,101fdb8cc2c9da7ea98da8602ac4e7879ab23c9d,false,2026-10-07T13:19:09.608307Z,8963ea465b99a6b2a2cca91ab2aa07ee321fb3a450edfd10a102f4681b3247e4,PIL.Image.Image.getdata,PIL.Image.Image.getdata,PIL.Image.Image.getdata,method,endpoint,python-parallel-cpu,Pillow,,published_rows_only,tracked_as_separate_profile,python-cpu;python-gpu;python-simd,python-cpu,python-cpu;python-gpu;python-simd,2,1,pil-image-image.getdata.standard,3,3,0,3,,1.563306,pipeline-chain.terminal-read.rgb-band0,macos-15-arm64,0,0,0,0,0,0,0,0,,,pil-image-image.getdata.standard;pipeline-chain.terminal-read.rgb-band0
df5231519bb4810e6b0098560c5c791e56dc9952,true,2026-10-09T01:11:25.338187Z,48d69f9756559a7a8da696b16d93e10be849504250560e4830f3dc8ee97b4d9a,101fdb8cc2c9da7ea98da8602ac4e7879ab23c9d,false,2026-10-07T13:19:09.608307Z,8963ea465b99a6b2a2cca91ab2aa07ee321fb3a450edfd10a102f4681b3247e4,PIL.Image.Image.getexif,PIL.Image.Image.getexif,PIL.Image.Image.getexif,method,endpoint,python-cpu,Pillow,1.0,benchmark_workload,not_in_published_snapshot,python-cpu;python-gpu;python-simd,python-cpu,python-cpu;python-gpu;python-simd,1,0,pil-image-image.getexif.standard,0,0,0,0,,,,,0,0,0,0,0,0,0,0,,,pil-image-image.getexif.standard
df5231519bb4810e6b0098560c5c791e56dc9952,true,2026-10-09T01:11:25.338187Z,48d69f9756559a7a8da696b16d93e10be849504250560e4830f3dc8ee97b4d9a,101fdb8cc2c9da7ea98da8602ac4e7879ab23c9d,false,2026-10-07T13:19:09.608307Z,8963ea465b99a6b2a2cca91ab2aa07ee321fb3a450edfd10a102f4681b3247e4,PIL.Image.Image.getexif,PIL.Image.Image.getexif,PIL.Image.Image.getexif,method,endpoint,python-simd,Pillow,2.0,benchmark_workload,not_in_published_snapshot,python-cpu;python-gpu;python-simd,python-cpu,python-cpu;python-gpu;python-simd,1,0,pil-image-image.getexif.standard,0,0,0,0,0,,,,0,0,0,0,0,0,0,0,,,pil-image-image.getexif.standard
df5231519bb4810e6b0098560c5c791e56dc9952,true,2026-10-09T01:11:25.338187Z,48d69f9756559a7a8da696b16d93e10be849504250560e4830f3dc8ee97b4d9a,101fdb8cc2c9da7ea98da8602ac4e7879ab23c9d,false,2026-10-07T13:19:09.608307Z,8963ea465b99a6b2a2cca91ab2aa07ee321fb3a450edfd10a102f4681b3247e4,PIL.Image.Image.getexif,PIL.Image.Image.getexif,PIL.Image.Image.getexif,method,endpoint,python-gpu,SIMD,1.0,benchmark_workload,not_in_published_snapshot,python-cpu;python-gpu;python-simd,python-cpu,python-cpu;python-gpu;python-simd,1,0,pil-image-image.getexif.standard,0,0,0,0,,,,,0,0,0,0,0,0,0,0,,not_measured,pil-image-image.getexif.standard
df5231519bb4810e6b0098560c5c791e56dc9952,true,2026-10-09T01:11:25.338187Z,48d69f9756559a7a8da696b16d93e10be849504250560e4830f3dc8ee97b4d9a,101fdb8cc2c9da7ea98da8602ac4e7879ab23c9d,false,2026-10-07T13:19:09.608307Z,8963ea465b99a6b2a2cca91ab2aa07ee321fb3a450edfd10a102f4681b3247e4,PIL.Image.Image.getexif,PIL.Image.Image.getexif,PIL.Image.Image.getexif,method,endpoint,python-parallel-cpu,Pillow,,not_declared,not_declared_in_manifest_or_workload,python-cpu;python-gpu;python-simd,python-cpu,python-cpu;python-gpu;python-simd,1,0,pil-image-image.getexif.standard,0,0,0,0,,,,,0,0,0,0,0,0,0,0,,,pil-image-image.getexif.standard
df5231519bb4810e6b0098560c5c791e56dc9952,true,2026-10-09T01:11:25.338187Z,48d69f9756559a7a8da696b16d93e10be849504250560e4830f3dc8ee97b4d9a,101fdb8cc2c9da7ea98da8602ac4e7879ab23c9d,false,2026-10-07T13:19:09.608307Z,8963ea465b99a6b2a2cca91ab2aa07ee321fb3a450edfd10a102f4681b3247e4,PIL.Image.Image.getextrema,PIL.Image.Image.getextrema,PIL.Image.Image.getextrema,method,endpoint,python-cpu,Pillow,1.0,benchmark_workload,no_verified_comparison,python-cpu;python-gpu;python-simd,python-cpu,python-cpu;python-gpu;python-simd,3,2,pil-image-image.getextrema.standard,6,0,0,0,,,,,6,0,0,0,0,0,0,0,,,pil-image-image.getextrema.standard;pipeline-chain.terminal-read.analysis-scalar-if-1024x768;pipeline-chain.terminal-read.analysis-suite.rgb
df5231519bb4810e6b0098560c5c791e56dc9952,true,2026-10-09T01:11:25.338187Z,48d69f9756559a7a8da696b16d93e10be849504250560e4830f3dc8ee97b4d9a,101fdb8cc2c9da7ea98da8602ac4e7879ab23c9d,false,2026-10-07T13:19:09.608307Z,8963ea465b99a6b2a2cca91ab2aa07ee321fb3a450edfd10a102f4681b3247e4,PIL.Image.Image.getextrema,PIL.Image.Image.getextrema,PIL.Image.Image.getextrema,method,endpoint,python-simd,Pillow,2.0,benchmark_workload,no_verified_comparison,python-cpu;python-gpu;python-simd,python-cpu,python-cpu;python-gpu;python-simd,3,2,pil-image-image.getextrema.standard,6,0,0,0,0,,,,6,0,0,0,0,0,0,0,,,pil-image-image.getextrema.standard;pipeline-chain.terminal-read.analysis-scalar-if-1024x768;pipeline-chain.terminal-read.analysis-suite.rgb
df5231519bb4810e6b0098560c5c791e56dc9952,true,2026-10-09T01:11:25.338187Z,48d69f9756559a7a8da696b16d93e10be849504250560e4830f3dc8ee97b4d9a,101fdb8cc2c9da7ea98da8602ac4e7879ab23c9d,false,2026-10-07T13:19:09.608307Z,8963ea465b99a6b2a2cca91ab2aa07ee321fb3a450edfd10a102f4681b3247e4,PIL.Image.Image.getextrema,PIL.Image.Image.getextrema,PIL.Image.Image.getextrema,method,endpoint,python-gpu,SIMD,1.0,benchmark_workload,no_verified_comparison,python-cpu;python-gpu;python-simd,python-cpu,python-cpu;python-gpu;python-simd,3,2,pil-image-image.getextrema.standard,2,0,0,0,,,,,2,0,0,0,0,0,0,0,,not_measured,pil-image-image.getextrema.standard;pipeline-chain.terminal-read.analysis-scalar-if-1024x768;pipeline-chain.terminal-read.analysis-suite.rgb
df5231519bb4810e6b0098560c5c791e56dc9952,true,2026-10-09T01:11:25.338187Z,48d69f9756559a7a8da696b16d93e10be849504250560e4830f3dc8ee97b4d9a,101fdb8cc2c9da7ea98da8602ac4e7879ab23c9d,false,2026-10-07T13:19:09.608307Z,8963ea465b99a6b2a2cca91ab2aa07ee321fb3a450edfd10a102f4681b3247e4,PIL.Image.Image.getextrema,PIL.Image.Image.getextrema,PIL.Image.Image.getextrema,method,endpoint,python-parallel-cpu,Pillow,,published_rows_only,no_verified_comparison,python-cpu;python-gpu;python-simd,python-cpu,python-cpu;python-gpu;python-simd,3,2,pil-image-image.getextrema.standard,6,0,0,0,,,,,6,0,0,0,0,0,0,0,,,pil-image-image.getextrema.standard;pipeline-chain.terminal-read.analysis-scalar-if-1024x768;pipeline-chain.terminal-read.analysis-suite.rgb
df5231519bb4810e6b0098560c5c791e56dc9952,true,2026-10-09T01:11:25.338187Z,48d69f9756559a7a8da696b16d93e10be849504250560e4830f3dc8ee97b4d9a,101fdb8cc2c9da7ea98da8602ac4e7879ab23c9d,false,2026-10-07T13:19:09.608307Z,8963ea465b99a6b2a2cca91ab2aa07ee321fb3a450edfd10a102f4681b3247e4,PIL.Image.Image.getim,PIL.Image.Image.getim,PIL.Image.Image.getim,method,endpoint,python-cpu,Pillow,1.0,benchmark_workload,not_in_published_snapshot,python-cpu;python-gpu;python-simd,python-cpu,python-cpu;python-gpu;python-simd,1,0,pil-image-image.getim.standard,0,0,0,0,,,,,0,0,0,0,0,0,0,0,,,pil-image-image.getim.standard
df5231519bb4810e6b0098560c5c791e56dc9952,true,2026-10-09T01:11:25.338187Z,48d69f9756559a7a8da696b16d93e10be849504250560e4830f3dc8ee97b4d9a,101fdb8cc2c9da7ea98da8602ac4e7879ab23c9d,false,2026-10-07T13:19:09.608307Z,8963ea465b99a6b2a2cca91ab2aa07ee321fb3a450edfd10a102f4681b3247e4,PIL.Image.Image.getim,PIL.Image.Image.getim,PIL.Image.Image.getim,method,endpoint,python-simd,Pillow,2.0,benchmark_workload,not_in_published_snapshot,python-cpu;python-gpu;python-simd,python-cpu,python-cpu;python-gpu;python-simd,1,0,pil-image-image.getim.standard,0,0,0,0,0,,,,0,0,0,0,0,0,0,0,,,pil-image-image.getim.standard
df5231519bb4810e6b0098560c5c791e56dc9952,true,2026-10-09T01:11:25.338187Z,48d69f9756559a7a8da696b16d93e10be849504250560e4830f3dc8ee97b4d9a,101fdb8cc2c9da7ea98da8602ac4e7879ab23c9d,false,2026-10-07T13:19:09.608307Z,8963ea465b99a6b2a2cca91ab2aa07ee321fb3a450edfd10a102f4681b3247e4,PIL.Image.Image.getim,PIL.Image.Image.getim,PIL.Image.Image.getim,method,endpoint,python-gpu,SIMD,1.0,benchmark_workload,not_in_published_snapshot,python-cpu;python-gpu;python-simd,python-cpu,python-cpu;python-gpu;python-simd,1,0,pil-image-image.getim.standard,0,0,0,0,,,,,0,0,0,0,0,0,0,0,,not_measured,pil-image-image.getim.standard
df5231519bb4810e6b0098560c5c791e56dc9952,true,2026-10-09T01:11:25.338187Z,48d69f9756559a7a8da696b16d93e10be849504250560e4830f3dc8ee97b4d9a,101fdb8cc2c9da7ea98da8602ac4e7879ab23c9d,false,2026-10-07T13:19:09.608307Z,8963ea465b99a6b2a2cca91ab2aa07ee321fb3a450edfd10a102f4681b3247e4,PIL.Image.Image.getim,PIL.Image.Image.getim,PIL.Image.Image.getim,method,endpoint,python-parallel-cpu,Pillow,,not_declared,not_declared_in_manifest_or_workload,python-cpu;python-gpu;python-simd,python-cpu,python-cpu;python-gpu;python-simd,1,0,pil-image-image.getim.standard,0,0,0,0,,,,,0,0,0,0,0,0,0,0,,,pil-image-image.getim.standard
df5231519bb4810e6b0098560c5c791e56dc9952,true,2026-10-09T01:11:25.338187Z,48d69f9756559a7a8da696b16d93e10be849504250560e4830f3dc8ee97b4d9a,101fdb8cc2c9da7ea98da8602ac4e7879ab23c9d,false,2026-10-07T13:19:09.608307Z,8963ea465b99a6b2a2cca91ab2aa07ee321fb3a450edfd10a102f4681b3247e4,PIL.Image.Image.getpalette,PIL.Image.Image.getpalette,PIL.Image.Image.getpalette,method,endpoint,python-cpu,Pillow,1.0,benchmark_workload,not_in_published_snapshot,python-cpu;python-gpu;python-simd,python-cpu,python-cpu;python-gpu;python-simd,1,0,pil-image-image.getpalette.standard,0,0,0,0,,,,,0,0,0,0,0,0,0,0,,,pil-image-image.getpalette.standard
df5231519bb4810e6b0098560c5c791e56dc9952,true,2026-10-09T01:11:25.338187Z,48d69f9756559a7a8da696b16d93e10be849504250560e4830f3dc8ee97b4d9a,101fdb8cc2c9da7ea98da8602ac4e7879ab23c9d,false,2026-10-07T13:19:09.608307Z,8963ea465b99a6b2a2cca91ab2aa07ee321fb3a450edfd10a102f4681b3247e4,PIL.Image.Image.getpalette,PIL.Image.Image.getpalette,PIL.Image.Image.getpalette,method,endpoint,python-simd,Pillow,2.0,benchmark_workload,not_in_published_snapshot,python-cpu;python-gpu;python-simd,python-cpu,python-cpu;python-gpu;python-simd,1,0,pil-image-image.getpalette.standard,0,0,0,0,0,,,,0,0,0,0,0,0,0,0,,,pil-image-image.getpalette.standard
df5231519bb4810e6b0098560c5c791e56dc9952,true,2026-10-09T01:11:25.338187Z,48d69f9756559a7a8da696b16d93e10be849504250560e4830f3dc8ee97b4d9a,101fdb8cc2c9da7ea98da8602ac4e7879ab23c9d,false,2026-10-07T13:19:09.608307Z,8963ea465b99a6b2a2cca91ab2aa07ee321fb3a450edfd10a102f4681b3247e4,PIL.Image.Image.getpalette,PIL.Image.Image.getpalette,PIL.Image.Image.getpalette,method,endpoint,python-gpu,SIMD,1.0,benchmark_workload,not_in_published_snapshot,python-cpu;python-gpu;python-simd,python-cpu,python-cpu;python-gpu;python-simd,1,0,pil-image-image.getpalette.standard,0,0,0,0,,,,,0,0,0,0,0,0,0,0,,not_measured,pil-image-image.getpalette.standard
df5231519bb4810e6b0098560c5c791e56dc9952,true,2026-10-09T01:11:25.338187Z,48d69f9756559a7a8da696b16d93e10be849504250560e4830f3dc8ee97b4d9a,101fdb8cc2c9da7ea98da8602ac4e7879ab23c9d,false,2026-10-07T13:19:09.608307Z,8963ea465b99a6b2a2cca91ab2aa07ee321fb3a450edfd10a102f4681b3247e4,PIL.Image.Image.getpalette,PIL.Image.Image.getpalette,PIL.Image.Image.getpalette,method,endpoint,python-parallel-cpu,Pillow,,not_declared,not_declared_in_manifest_or_workload,python-cpu;python-gpu;python-simd,python-cpu,python-cpu;python-gpu;python-simd,1,0,pil-image-image.getpalette.standard,0,0,0,0,,,,,0,0,0,0,0,0,0,0,,,pil-image-image.getpalette.standard
df5231519bb4810e6b0098560c5c791e56dc9952,true,2026-10-09T01:11:25.338187Z,48d69f9756559a7a8da696b16d93e10be849504250560e4830f3dc8ee97b4d9a,101fdb8cc2c9da7ea98da8602ac4e7879ab23c9d,false,2026-10-07T13:19:09.608307Z,8963ea465b99a6b2a2cca91ab2aa07ee321fb3a450edfd10a102f4681b3247e4,PIL.Image.Image.getpixel,PIL.Image.Image.getpixel,PIL.Image.Image.getpixel,method,endpoint,python-cpu,Pillow,1.0,benchmark_workload,no_verified_comparison,python-cpu;python-gpu;python-simd,python-cpu,python-cpu;python-gpu;python-simd,2,1,pil-image-image.getpixel.standard,3,0,0,0,,,,,3,0,0,0,0,0,0,0,,,pil-image-image.getpixel.standard;pipeline-chain.terminal-read.analysis-scalar-if-1024x768
df5231519bb4810e6b0098560c5c791e56dc9952,true,2026-10-09T01:11:25.338187Z,48d69f9756559a7a8da696b16d93e10be849504250560e4830f3dc8ee97b4d9a,101fdb8cc2c9da7ea98da8602ac4e7879ab23c9d,false,2026-10-07T13:19:09.608307Z,8963ea465b99a6b2a2cca91ab2aa07ee321fb3a450edfd10a102f4681b3247e4,PIL.Image.Image.getpixel,PIL.Image.Image.getpixel,PIL.Image.Image.getpixel,method,endpoint,python-simd,Pillow,2.0,benchmark_workload,no_verified_comparison,python-cpu;python-gpu;python-simd,python-cpu,python-cpu;python-gpu;python-simd,2,1,pil-image-image.getpixel.standard,3,0,0,0,0,,,,3,0,0,0,0,0,0,0,,,pil-image-image.getpixel.standard;pipeline-chain.terminal-read.analysis-scalar-if-1024x768
df5231519bb4810e6b0098560c5c791e56dc9952,true,2026-10-09T01:11:25.338187Z,48d69f9756559a7a8da696b16d93e10be849504250560e4830f3dc8ee97b4d9a,101fdb8cc2c9da7ea98da8602ac4e7879ab23c9d,false,2026-10-07T13:19:09.608307Z,8963ea465b99a6b2a2cca91ab2aa07ee321fb3a450edfd10a102f4681b3247e4,PIL.Image.Image.getpixel,PIL.Image.Image.getpixel,PIL.Image.Image.getpixel,method,endpoint,python-gpu,SIMD,1.0,benchmark_workload,no_verified_comparison,python-cpu;python-gpu;python-simd,python-cpu,python-cpu;python-gpu;python-simd,2,1,pil-image-image.getpixel.standard,1,0,0,0,,,,,1,0,0,0,0,0,0,0,,not_measured,pil-image-image.getpixel.standard;pipeline-chain.terminal-read.analysis-scalar-if-1024x768
df5231519bb4810e6b0098560c5c791e56dc9952,true,2026-10-09T01:11:25.338187Z,48d69f9756559a7a8da696b16d93e10be849504250560e4830f3dc8ee97b4d9a,101fdb8cc2c9da7ea98da8602ac4e7879ab23c9d,false,2026-10-07T13:19:09.608307Z,8963ea465b99a6b2a2cca91ab2aa07ee321fb3a450edfd10a102f4681b3247e4,PIL.Image.Image.getpixel,PIL.Image.Image.getpixel,PIL.Image.Image.getpixel,method,endpoint,python-parallel-cpu,Pillow,,published_rows_only,no_verified_comparison,python-cpu;python-gpu;python-simd,python-cpu,python-cpu;python-gpu;python-simd,2,1,pil-image-image.getpixel.standard,3,0,0,0,,,,,3,0,0,0,0,0,0,0,,,pil-image-image.getpixel.standard;pipeline-chain.terminal-read.analysis-scalar-if-1024x768
df5231519bb4810e6b0098560c5c791e56dc9952,true,2026-10-09T01:11:25.338187Z,48d69f9756559a7a8da696b16d93e10be849504250560e4830f3dc8ee97b4d9a,101fdb8cc2c9da7ea98da8602ac4e7879ab23c9d,false,2026-10-07T13:19:09.608307Z,8963ea465b99a6b2a2cca91ab2aa07ee321fb3a450edfd10a102f4681b3247e4,PIL.Image.Image.getprojection,PIL.Image.Image.getprojection,PIL.Image.Image.getprojection,method,endpoint,python-cpu,Pillow,1.0,benchmark_workload,target_met_in_verified_rows,python-cpu;python-gpu;python-simd,python-cpu,python-cpu;python-gpu;python-simd,5,4,pil-image-image.getprojection.standard,12,3,0,1,,1.934182,pipeline-chain.getprojection.sparse-cmyk-1024x768,ubuntu-24.04-x86_64,6,0,0,0,0,3,0,0,,,pil-image-image.getprojection.standard;pipeline-chain.getprojection.material-cmyk-1024x768;pipeline-chain.getprojection.sparse-cmyk-1024x768;pipeline-chain.terminal-read.analysis-scalar-if-1024x768;pipeline-chain.terminal-read.analysis-suite.rgb
df5231519bb4810e6b0098560c5c791e56dc9952,true,2026-10-09T01:11:25.338187Z,48d69f9756559a7a8da696b16d93e10be849504250560e4830f3dc8ee97b4d9a,101fdb8cc2c9da7ea98da8602ac4e7879ab23c9d,false,2026-10-07T13:19:09.608307Z,8963ea465b99a6b2a2cca91ab2aa07ee321fb3a450edfd10a102f4681b3247e4,PIL.Image.Image.getprojection,PIL.Image.Image.getprojection,PIL.Image.Image.getprojection,method,endpoint,python-simd,Pillow,2.0,benchmark_workload,target_unmet_in_verified_rows,python-cpu;python-gpu;python-simd,python-cpu,python-cpu;python-gpu;python-simd,5,4,pil-image-image.getprojection.standard,12,3,3,3,3,0.203804,pipeline-chain.getprojection.sparse-cmyk-1024x768,ubuntu-24.04-x86_64,6,0,0,0,0,3,0,0,,,pil-image-image.getprojection.standard;pipeline-chain.getprojection.material-cmyk-1024x768;pipeline-chain.getprojection.sparse-cmyk-1024x768;pipeline-chain.terminal-read.analysis-scalar-if-1024x768;pipeline-chain.terminal-read.analysis-suite.rgb
df5231519bb4810e6b0098560c5c791e56dc9952,true,2026-10-09T01:11:25.338187Z,48d69f9756559a7a8da696b16d93e10be849504250560e4830f3dc8ee97b4d9a,101fdb8cc2c9da7ea98da8602ac4e7879ab23c9d,false,2026-10-07T13:19:09.608307Z,8963ea465b99a6b2a2cca91ab2aa07ee321fb3a450edfd10a102f4681b3247e4,PIL.Image.Image.getprojection,PIL.Image.Image.getprojection,PIL.Image.Image.getprojection,method,endpoint,python-gpu,SIMD,1.0,benchmark_workload,target_unmet_in_verified_rows,python-cpu;python-gpu;python-simd,python-cpu,python-cpu;python-gpu;python-simd,5,4,pil-image-image.getprojection.standard,4,1,1,1,,0.252830,pipeline-chain.getprojection.sparse-cmyk-1024x768,macos-15-arm64,2,0,0,0,0,1,0,0,,not_measured,pil-image-image.getprojection.standard;pipeline-chain.getprojection.material-cmyk-1024x768;pipeline-chain.getprojection.sparse-cmyk-1024x768;pipeline-chain.terminal-read.analysis-scalar-if-1024x768;pipeline-chain.terminal-read.analysis-suite.rgb
df5231519bb4810e6b0098560c5c791e56dc9952,true,2026-10-09T01:11:25.338187Z,48d69f9756559a7a8da696b16d93e10be849504250560e4830f3dc8ee97b4d9a,101fdb8cc2c9da7ea98da8602ac4e7879ab23c9d,false,2026-10-07T13:19:09.608307Z,8963ea465b99a6b2a2cca91ab2aa07ee321fb3a450edfd10a102f4681b3247e4,PIL.Image.Image.getprojection,PIL.Image.Image.getprojection,PIL.Image.Image.getprojection,method,endpoint,python-parallel-cpu,Pillow,,published_rows_only,tracked_as_separate_profile,python-cpu;python-gpu;python-simd,python-cpu,python-cpu;python-gpu;python-simd,5,4,pil-image-image.getprojection.standard,12,3,0,1,,1.931701,pipeline-chain.getprojection.sparse-cmyk-1024x768,ubuntu-24.04-x86_64,6,0,0,0,0,3,0,0,,,pil-image-image.getprojection.standard;pipeline-chain.getprojection.material-cmyk-1024x768;pipeline-chain.getprojection.sparse-cmyk-1024x768;pipeline-chain.terminal-read.analysis-scalar-if-1024x768;pipeline-chain.terminal-read.analysis-suite.rgb
df5231519bb4810e6b0098560c5c791e56dc9952,true,2026-10-09T01:11:25.338187Z,48d69f9756559a7a8da696b16d93e10be849504250560e4830f3dc8ee97b4d9a,101fdb8cc2c9da7ea98da8602ac4e7879ab23c9d,false,2026-10-07T13:19:09.608307Z,8963ea465b99a6b2a2cca91ab2aa07ee321fb3a450edfd10a102f4681b3247e4,PIL.Image.Image.getxmp,PIL.Image.Image.getxmp,PIL.Image.Image.getxmp,method,endpoint,python-cpu,Pillow,1.0,benchmark_workload,not_in_published_snapshot,python-cpu;python-gpu;python-simd,python-cpu,python-cpu;python-gpu;python-simd,1,0,pil-image-image.getxmp.standard,0,0,0,0,,,,,0,0,0,0,0,0,0,0,,,pil-image-image.getxmp.standard
df5231519bb4810e6b0098560c5c791e56dc9952,true,2026-10-09T01:11:25.338187Z,48d69f9756559a7a8da696b16d93e10be849504250560e4830f3dc8ee97b4d9a,101fdb8cc2c9da7ea98da8602ac4e7879ab23c9d,false,2026-10-07T13:19:09.608307Z,8963ea465b99a6b2a2cca91ab2aa07ee321fb3a450edfd10a102f4681b3247e4,PIL.Image.Image.getxmp,PIL.Image.Image.getxmp,PIL.Image.Image.getxmp,method,endpoint,python-simd,Pillow,2.0,benchmark_workload,not_in_published_snapshot,python-cpu;python-gpu;python-simd,python-cpu,python-cpu;python-gpu;python-simd,1,0,pil-image-image.getxmp.standard,0,0,0,0,0,,,,0,0,0,0,0,0,0,0,,,pil-image-image.getxmp.standard
df5231519bb4810e6b0098560c5c791e56dc9952,true,2026-10-09T01:11:25.338187Z,48d69f9756559a7a8da696b16d93e10be849504250560e4830f3dc8ee97b4d9a,101fdb8cc2c9da7ea98da8602ac4e7879ab23c9d,false,2026-10-07T13:19:09.608307Z,8963ea465b99a6b2a2cca91ab2aa07ee321fb3a450edfd10a102f4681b3247e4,PIL.Image.Image.getxmp,PIL.Image.Image.getxmp,PIL.Image.Image.getxmp,method,endpoint,python-gpu,SIMD,1.0,benchmark_workload,not_in_published_snapshot,python-cpu;python-gpu;python-simd,python-cpu,python-cpu;python-gpu;python-simd,1,0,pil-image-image.getxmp.standard,0,0,0,0,,,,,0,0,0,0,0,0,0,0,,not_measured,pil-image-image.getxmp.standard
df5231519bb4810e6b0098560c5c791e56dc9952,true,2026-10-09T01:11:25.338187Z,48d69f9756559a7a8da696b16d93e10be849504250560e4830f3dc8ee97b4d9a,101fdb8cc2c9da7ea98da8602ac4e7879ab23c9d,false,2026-10-07T13:19:09.608307Z,8963ea465b99a6b2a2cca91ab2aa07ee321fb3a450edfd10a102f4681b3247e4,PIL.Image.Image.getxmp,PIL.Image.Image.getxmp,PIL.Image.Image.getxmp,method,endpoint,python-parallel-cpu,Pillow,,not_declared,not_declared_in_manifest_or_workload,python-cpu;python-gpu;python-simd,python-cpu,python-cpu;python-gpu;python-simd,1,0,pil-image-image.getxmp.standard,0,0,0,0,,,,,0,0,0,0,0,0,0,0,,,pil-image-image.getxmp.standard
df5231519bb4810e6b0098560c5c791e56dc9952,true,2026-10-09T01:11:25.338187Z,48d69f9756559a7a8da696b16d93e10be849504250560e4830f3dc8ee97b4d9a,101fdb8cc2c9da7ea98da8602ac4e7879ab23c9d,false,2026-10-07T13:19:09.608307Z,8963ea465b99a6b2a2cca91ab2aa07ee321fb3a450edfd10a102f4681b3247e4,PIL.Image.Image.has_transparency_data,PIL.Image.Image.has_transparency_data,PIL.Image.Image.has_transparency_data,property_get,endpoint,python-cpu,Pillow,1.0,benchmark_workload,not_in_published_snapshot,python-cpu;python-gpu;python-simd,python-cpu,python-cpu;python-gpu;python-simd,1,0,pil-image-image.has-transparency-data.standard,0,0,0,0,,,,,0,0,0,0,0,0,0,0,,,pil-image-image.has-transparency-data.standard
df5231519bb4810e6b0098560c5c791e56dc9952,true,2026-10-09T01:11:25.338187Z,48d69f9756559a7a8da696b16d93e10be849504250560e4830f3dc8ee97b4d9a,101fdb8cc2c9da7ea98da8602ac4e7879ab23c9d,false,2026-10-07T13:19:09.608307Z,8963ea465b99a6b2a2cca91ab2aa07ee321fb3a450edfd10a102f4681b3247e4,PIL.Image.Image.has_transparency_data,PIL.Image.Image.has_transparency_data,PIL.Image.Image.has_transparency_data,property_get,endpoint,python-simd,Pillow,2.0,benchmark_workload,not_in_published_snapshot,python-cpu;python-gpu;python-simd,python-cpu,python-cpu;python-gpu;python-simd,1,0,pil-image-image.has-transparency-data.standard,0,0,0,0,0,,,,0,0,0,0,0,0,0,0,,,pil-image-image.has-transparency-data.standard
df5231519bb4810e6b0098560c5c791e56dc9952,true,2026-10-09T01:11:25.338187Z,48d69f9756559a7a8da696b16d93e10be849504250560e4830f3dc8ee97b4d9a,101fdb8cc2c9da7ea98da8602ac4e7879ab23c9d,false,2026-10-07T13:19:09.608307Z,8963ea465b99a6b2a2cca91ab2aa07ee321fb3a450edfd10a102f4681b3247e4,PIL.Image.Image.has_transparency_data,PIL.Image.Image.has_transparency_data,PIL.Image.Image.has_transparency_data,property_get,endpoint,python-gpu,SIMD,1.0,benchmark_workload,not_in_published_snapshot,python-cpu;python-gpu;python-simd,python-cpu,python-cpu;python-gpu;python-simd,1,0,pil-image-image.has-transparency-data.standard,0,0,0,0,,,,,0,0,0,0,0,0,0,0,,not_measured,pil-image-image.has-transparency-data.standard
df5231519bb4810e6b0098560c5c791e56dc9952,true,2026-10-09T01:11:25.338187Z,48d69f9756559a7a8da696b16d93e10be849504250560e4830f3dc8ee97b4d9a,101fdb8cc2c9da7ea98da8602ac4e7879ab23c9d,false,2026-10-07T13:19:09.608307Z,8963ea465b99a6b2a2cca91ab2aa07ee321fb3a450edfd10a102f4681b3247e4,PIL.Image.Image.has_transparency_data,PIL.Image.Image.has_transparency_data,PIL.Image.Image.has_transparency_data,property_get,endpoint,python-parallel-cpu,Pillow,,not_declared,not_declared_in_manifest_or_workload,python-cpu;python-gpu;python-simd,python-cpu,python-cpu;python-gpu;python-simd,1,0,pil-image-image.has-transparency-data.standard,0,0,0,0,,,,,0,0,0,0,0,0,0,0,,,pil-image-image.has-transparency-data.standard
df5231519bb4810e6b0098560c5c791e56dc9952,true,2026-10-09T01:11:25.338187Z,48d69f9756559a7a8da696b16d93e10be849504250560e4830f3dc8ee97b4d9a,101fdb8cc2c9da7ea98da8602ac4e7879ab23c9d,false,2026-10-07T13:19:09.608307Z,8963ea465b99a6b2a2cca91ab2aa07ee321fb3a450edfd10a102f4681b3247e4,PIL.Image.Image.height,PIL.Image.Image.height,PIL.Image.Image.height,property_get,endpoint,python-cpu,Pillow,1.0,benchmark_workload,not_in_published_snapshot,python-cpu;python-gpu;python-simd,python-cpu,python-cpu;python-gpu;python-simd,1,0,pil-image-image.height.standard,0,0,0,0,,,,,0,0,0,0,0,0,0,0,,,pil-image-image.height.standard
df5231519bb4810e6b0098560c5c791e56dc9952,true,2026-10-09T01:11:25.338187Z,48d69f9756559a7a8da696b16d93e10be849504250560e4830f3dc8ee97b4d9a,101fdb8cc2c9da7ea98da8602ac4e7879ab23c9d,false,2026-10-07T13:19:09.608307Z,8963ea465b99a6b2a2cca91ab2aa07ee321fb3a450edfd10a102f4681b3247e4,PIL.Image.Image.height,PIL.Image.Image.height,PIL.Image.Image.height,property_get,endpoint,python-simd,Pillow,2.0,benchmark_workload,not_in_published_snapshot,python-cpu;python-gpu;python-simd,python-cpu,python-cpu;python-gpu;python-simd,1,0,pil-image-image.height.standard,0,0,0,0,0,,,,0,0,0,0,0,0,0,0,,,pil-image-image.height.standard
df5231519bb4810e6b0098560c5c791e56dc9952,true,2026-10-09T01:11:25.338187Z,48d69f9756559a7a8da696b16d93e10be849504250560e4830f3dc8ee97b4d9a,101fdb8cc2c9da7ea98da8602ac4e7879ab23c9d,false,2026-10-07T13:19:09.608307Z,8963ea465b99a6b2a2cca91ab2aa07ee321fb3a450edfd10a102f4681b3247e4,PIL.Image.Image.height,PIL.Image.Image.height,PIL.Image.Image.height,property_get,endpoint,python-gpu,SIMD,1.0,benchmark_workload,not_in_published_snapshot,python-cpu;python-gpu;python-simd,python-cpu,python-cpu;python-gpu;python-simd,1,0,pil-image-image.height.standard,0,0,0,0,,,,,0,0,0,0,0,0,0,0,,not_measured,pil-image-image.height.standard
df5231519bb4810e6b0098560c5c791e56dc9952,true,2026-10-09T01:11:25.338187Z,48d69f9756559a7a8da696b16d93e10be849504250560e4830f3dc8ee97b4d9a,101fdb8cc2c9da7ea98da8602ac4e7879ab23c9d,false,2026-10-07T13:19:09.608307Z,8963ea465b99a6b2a2cca91ab2aa07ee321fb3a450edfd10a102f4681b3247e4,PIL.Image.Image.height,PIL.Image.Image.height,PIL.Image.Image.height,property_get,endpoint,python-parallel-cpu,Pillow,,not_declared,not_declared_in_manifest_or_workload,python-cpu;python-gpu;python-simd,python-cpu,python-cpu;python-gpu;python-simd,1,0,pil-image-image.height.standard,0,0,0,0,,,,,0,0,0,0,0,0,0,0,,,pil-image-image.height.standard
df5231519bb4810e6b0098560c5c791e56dc9952,true,2026-10-09T01:11:25.338187Z,48d69f9756559a7a8da696b16d93e10be849504250560e4830f3dc8ee97b4d9a,101fdb8cc2c9da7ea98da8602ac4e7879ab23c9d,false,2026-10-07T13:19:09.608307Z,8963ea465b99a6b2a2cca91ab2aa07ee321fb3a450edfd10a102f4681b3247e4,PIL.Image.Image.histogram,PIL.Image.Image.histogram,PIL.Image.Image.histogram,method,endpoint,python-cpu,Pillow,1.0,benchmark_workload,no_verified_comparison,python-cpu;python-gpu;python-simd,python-cpu,python-cpu;python-gpu;python-simd,3,2,pil-image-image.histogram.standard,6,0,0,0,,,,,6,0,0,0,0,0,0,0,,,pil-image-image.histogram.standard;pipeline-chain.terminal-read.analysis-masked-rgb-1024x768;pipeline-chain.terminal-read.analysis-suite.rgb
df5231519bb4810e6b0098560c5c791e56dc9952,true,2026-10-09T01:11:25.338187Z,48d69f9756559a7a8da696b16d93e10be849504250560e4830f3dc8ee97b4d9a,101fdb8cc2c9da7ea98da8602ac4e7879ab23c9d,false,2026-10-07T13:19:09.608307Z,8963ea465b99a6b2a2cca91ab2aa07ee321fb3a450edfd10a102f4681b3247e4,PIL.Image.Image.histogram,PIL.Image.Image.histogram,PIL.Image.Image.histogram,method,endpoint,python-simd,Pillow,2.0,benchmark_workload,no_verified_comparison,python-cpu;python-gpu;python-simd,python-cpu,python-cpu;python-gpu;python-simd,3,2,pil-image-image.histogram.standard,6,0,0,0,0,,,,6,0,0,0,0,0,0,0,,,pil-image-image.histogram.standard;pipeline-chain.terminal-read.analysis-masked-rgb-1024x768;pipeline-chain.terminal-read.analysis-suite.rgb
df5231519bb4810e6b0098560c5c791e56dc9952,true,2026-10-09T01:11:25.338187Z,48d69f9756559a7a8da696b16d93e10be849504250560e4830f3dc8ee97b4d9a,101fdb8cc2c9da7ea98da8602ac4e7879ab23c9d,false,2026-10-07T13:19:09.608307Z,8963ea465b99a6b2a2cca91ab2aa07ee321fb3a450edfd10a102f4681b3247e4,PIL.Image.Image.histogram,PIL.Image.Image.histogram,PIL.Image.Image.histogram,method,endpoint,python-gpu,SIMD,1.0,benchmark_workload,no_verified_comparison,python-cpu;python-gpu;python-simd,python-cpu,python-cpu;python-gpu;python-simd,3,2,pil-image-image.histogram.standard,2,0,0,0,,,,,2,0,0,0,0,0,0,0,,not_measured,pil-image-image.histogram.standard;pipeline-chain.terminal-read.analysis-masked-rgb-1024x768;pipeline-chain.terminal-read.analysis-suite.rgb
df5231519bb4810e6b0098560c5c791e56dc9952,true,2026-10-09T01:11:25.338187Z,48d69f9756559a7a8da696b16d93e10be849504250560e4830f3dc8ee97b4d9a,101fdb8cc2c9da7ea98da8602ac4e7879ab23c9d,false,2026-10-07T13:19:09.608307Z,8963ea465b99a6b2a2cca91ab2aa07ee321fb3a450edfd10a102f4681b3247e4,PIL.Image.Image.histogram,PIL.Image.Image.histogram,PIL.Image.Image.histogram,method,endpoint,python-parallel-cpu,Pillow,,published_rows_only,no_verified_comparison,python-cpu;python-gpu;python-simd,python-cpu,python-cpu;python-gpu;python-simd,3,2,pil-image-image.histogram.standard,6,0,0,0,,,,,6,0,0,0,0,0,0,0,,,pil-image-image.histogram.standard;pipeline-chain.terminal-read.analysis-masked-rgb-1024x768;pipeline-chain.terminal-read.analysis-suite.rgb
df5231519bb4810e6b0098560c5c791e56dc9952,true,2026-10-09T01:11:25.338187Z,48d69f9756559a7a8da696b16d93e10be849504250560e4830f3dc8ee97b4d9a,101fdb8cc2c9da7ea98da8602ac4e7879ab23c9d,false,2026-10-07T13:19:09.608307Z,8963ea465b99a6b2a2cca91ab2aa07ee321fb3a450edfd10a102f4681b3247e4,PIL.Image.Image.info,PIL.Image.Image.info,PIL.Image.Image.info,property_get,endpoint,python-cpu,Pillow,1.0,benchmark_workload,not_in_published_snapshot,python-cpu;python-gpu;python-simd,python-cpu,python-cpu;python-gpu;python-simd,1,0,pil-image-image.info.standard,0,0,0,0,,,,,0,0,0,0,0,0,0,0,,,pil-image-image.info.standard
df5231519bb4810e6b0098560c5c791e56dc9952,true,2026-10-09T01:11:25.338187Z,48d69f9756559a7a8da696b16d93e10be849504250560e4830f3dc8ee97b4d9a,101fdb8cc2c9da7ea98da8602ac4e7879ab23c9d,false,2026-10-07T13:19:09.608307Z,8963ea465b99a6b2a2cca91ab2aa07ee321fb3a450edfd10a102f4681b3247e4,PIL.Image.Image.info,PIL.Image.Image.info,PIL.Image.Image.info,property_get,endpoint,python-simd,Pillow,2.0,benchmark_workload,not_in_published_snapshot,python-cpu;python-gpu;python-simd,python-cpu,python-cpu;python-gpu;python-simd,1,0,pil-image-image.info.standard,0,0,0,0,0,,,,0,0,0,0,0,0,0,0,,,pil-image-image.info.standard
df5231519bb4810e6b0098560c5c791e56dc9952,true,2026-10-09T01:11:25.338187Z,48d69f9756559a7a8da696b16d93e10be849504250560e4830f3dc8ee97b4d9a,101fdb8cc2c9da7ea98da8602ac4e7879ab23c9d,false,2026-10-07T13:19:09.608307Z,8963ea465b99a6b2a2cca91ab2aa07ee321fb3a450edfd10a102f4681b3247e4,PIL.Image.Image.info,PIL.Image.Image.info,PIL.Image.Image.info,property_get,endpoint,python-gpu,SIMD,1.0,benchmark_workload,not_in_published_snapshot,python-cpu;python-gpu;python-simd,python-cpu,python-cpu;python-gpu;python-simd,1,0,pil-image-image.info.standard,0,0,0,0,,,,,0,0,0,0,0,0,0,0,,not_measured,pil-image-image.info.standard
df5231519bb4810e6b0098560c5c791e56dc9952,true,2026-10-09T01:11:25.338187Z,48d69f9756559a7a8da696b16d93e10be849504250560e4830f3dc8ee97b4d9a,101fdb8cc2c9da7ea98da8602ac4e7879ab23c9d,false,2026-10-07T13:19:09.608307Z,8963ea465b99a6b2a2cca91ab2aa07ee321fb3a450edfd10a102f4681b3247e4,PIL.Image.Image.info,PIL.Image.Image.info,PIL.Image.Image.info,property_get,endpoint,python-parallel-cpu,Pillow,,not_declared,not_declared_in_manifest_or_workload,python-cpu;python-gpu;python-simd,python-cpu,python-cpu;python-gpu;python-simd,1,0,pil-image-image.info.standard,0,0,0,0,,,,,0,0,0,0,0,0,0,0,,,pil-image-image.info.standard
df5231519bb4810e6b0098560c5c791e56dc9952,true,2026-10-09T01:11:25.338187Z,48d69f9756559a7a8da696b16d93e10be849504250560e4830f3dc8ee97b4d9a,101fdb8cc2c9da7ea98da8602ac4e7879ab23c9d,false,2026-10-07T13:19:09.608307Z,8963ea465b99a6b2a2cca91ab2aa07ee321fb3a450edfd10a102f4681b3247e4,PIL.Image.Image.load,PIL.Image.Image.load,PIL.Image.Image.load,method,endpoint,python-cpu,Pillow,1.0,benchmark_workload,no_verified_comparison,python-cpu;python-gpu;python-simd,python-cpu,python-cpu;python-gpu;python-simd,4,3,pil-image-image.load.standard,9,0,0,0,,,,,9,0,0,0,0,0,0,0,,,pil-image-image.load.standard;pipeline-chain.loaded-10.rgb-jpeg-512x384;pipeline-chain.loaded-10.rgba-png-512x384;pipeline-chain.matrix-033
df5231519bb4810e6b0098560c5c791e56dc9952,true,2026-10-09T01:11:25.338187Z,48d69f9756559a7a8da696b16d93e10be849504250560e4830f3dc8ee97b4d9a,101fdb8cc2c9da7ea98da8602ac4e7879ab23c9d,false,2026-10-07T13:19:09.608307Z,8963ea465b99a6b2a2cca91ab2aa07ee321fb3a450edfd10a102f4681b3247e4,PIL.Image.Image.load,PIL.Image.Image.load,PIL.Image.Image.load,method,endpoint,python-simd,Pillow,2.0,benchmark_workload,no_verified_comparison,python-cpu;python-gpu;python-simd,python-cpu,python-cpu;python-gpu;python-simd,4,3,pil-image-image.load.standard,9,0,0,0,0,,,,9,0,0,0,0,0,0,0,,,pil-image-image.load.standard;pipeline-chain.loaded-10.rgb-jpeg-512x384;pipeline-chain.loaded-10.rgba-png-512x384;pipeline-chain.matrix-033
df5231519bb4810e6b0098560c5c791e56dc9952,true,2026-10-09T01:11:25.338187Z,48d69f9756559a7a8da696b16d93e10be849504250560e4830f3dc8ee97b4d9a,101fdb8cc2c9da7ea98da8602ac4e7879ab23c9d,false,2026-10-07T13:19:09.608307Z,8963ea465b99a6b2a2cca91ab2aa07ee321fb3a450edfd10a102f4681b3247e4,PIL.Image.Image.load,PIL.Image.Image.load,PIL.Image.Image.load,method,endpoint,python-gpu,SIMD,1.0,benchmark_workload,no_verified_comparison,python-cpu;python-gpu;python-simd,python-cpu,python-cpu;python-gpu;python-simd,4,3,pil-image-image.load.standard,3,0,0,0,,,,,3,0,0,0,0,0,0,0,,not_measured,pil-image-image.load.standard;pipeline-chain.loaded-10.rgb-jpeg-512x384;pipeline-chain.loaded-10.rgba-png-512x384;pipeline-chain.matrix-033
df5231519bb4810e6b0098560c5c791e56dc9952,true,2026-10-09T01:11:25.338187Z,48d69f9756559a7a8da696b16d93e10be849504250560e4830f3dc8ee97b4d9a,101fdb8cc2c9da7ea98da8602ac4e7879ab23c9d,false,2026-10-07T13:19:09.608307Z,8963ea465b99a6b2a2cca91ab2aa07ee321fb3a450edfd10a102f4681b3247e4,PIL.Image.Image.load,PIL.Image.Image.load,PIL.Image.Image.load,method,endpoint,python-parallel-cpu,Pillow,,published_rows_only,no_verified_comparison,python-cpu;python-gpu;python-simd,python-cpu,python-cpu;python-gpu;python-simd,4,3,pil-image-image.load.standard,9,0,0,0,,,,,9,0,0,0,0,0,0,0,,,pil-image-image.load.standard;pipeline-chain.loaded-10.rgb-jpeg-512x384;pipeline-chain.loaded-10.rgba-png-512x384;pipeline-chain.matrix-033
df5231519bb4810e6b0098560c5c791e56dc9952,true,2026-10-09T01:11:25.338187Z,48d69f9756559a7a8da696b16d93e10be849504250560e4830f3dc8ee97b4d9a,101fdb8cc2c9da7ea98da8602ac4e7879ab23c9d,false,2026-10-07T13:19:09.608307Z,8963ea465b99a6b2a2cca91ab2aa07ee321fb3a450edfd10a102f4681b3247e4,PIL.Image.Image.mode,PIL.Image.Image.mode,PIL.Image.Image.mode,property_get,endpoint,python-cpu,Pillow,1.0,benchmark_workload,no_verified_comparison,python-cpu;python-gpu;python-simd,python-cpu,python-cpu;python-gpu;python-simd,6,5,pil-image-image.mode.standard,15,0,0,0,,,,,15,0,0,0,0,0,0,0,,,pil-image-image.mode.standard;pipeline-chain.metadata-cache.color3dlut-rgb;pipeline-chain.metadata-cache.extractband-rgba;pipeline-chain.metadata-cache.invert-1.rgb;pipeline-chain.metadata-cache.invert-64.rgb;pipeline-chain.metadata-cache.invert-8.l
df5231519bb4810e6b0098560c5c791e56dc9952,true,2026-10-09T01:11:25.338187Z,48d69f9756559a7a8da696b16d93e10be849504250560e4830f3dc8ee97b4d9a,101fdb8cc2c9da7ea98da8602ac4e7879ab23c9d,false,2026-10-07T13:19:09.608307Z,8963ea465b99a6b2a2cca91ab2aa07ee321fb3a450edfd10a102f4681b3247e4,PIL.Image.Image.mode,PIL.Image.Image.mode,PIL.Image.Image.mode,property_get,endpoint,python-simd,Pillow,2.0,benchmark_workload,no_verified_comparison,python-cpu;python-gpu;python-simd,python-cpu,python-cpu;python-gpu;python-simd,6,5,pil-image-image.mode.standard,15,0,0,0,0,,,,15,0,0,0,0,0,0,0,,,pil-image-image.mode.standard;pipeline-chain.metadata-cache.color3dlut-rgb;pipeline-chain.metadata-cache.extractband-rgba;pipeline-chain.metadata-cache.invert-1.rgb;pipeline-chain.metadata-cache.invert-64.rgb;pipeline-chain.metadata-cache.invert-8.l
df5231519bb4810e6b0098560c5c791e56dc9952,true,2026-10-09T01:11:25.338187Z,48d69f9756559a7a8da696b16d93e10be849504250560e4830f3dc8ee97b4d9a,101fdb8cc2c9da7ea98da8602ac4e7879ab23c9d,false,2026-10-07T13:19:09.608307Z,8963ea465b99a6b2a2cca91ab2aa07ee321fb3a450edfd10a102f4681b3247e4,PIL.Image.Image.mode,PIL.Image.Image.mode,PIL.Image.Image.mode,property_get,endpoint,python-gpu,SIMD,1.0,benchmark_workload,no_verified_comparison,python-cpu;python-gpu;python-simd,python-cpu,python-cpu;python-gpu;python-simd,6,5,pil-image-image.mode.standard,5,0,0,0,,,,,5,0,0,0,0,0,0,0,,not_measured,pil-image-image.mode.standard;pipeline-chain.metadata-cache.color3dlut-rgb;pipeline-chain.metadata-cache.extractband-rgba;pipeline-chain.metadata-cache.invert-1.rgb;pipeline-chain.metadata-cache.invert-64.rgb;pipeline-chain.metadata-cache.invert-8.l
df5231519bb4810e6b0098560c5c791e56dc9952,true,2026-10-09T01:11:25.338187Z,48d69f9756559a7a8da696b16d93e10be849504250560e4830f3dc8ee97b4d9a,101fdb8cc2c9da7ea98da8602ac4e7879ab23c9d,false,2026-10-07T13:19:09.608307Z,8963ea465b99a6b2a2cca91ab2aa07ee321fb3a450edfd10a102f4681b3247e4,PIL.Image.Image.mode,PIL.Image.Image.mode,PIL.Image.Image.mode,property_get,endpoint,python-parallel-cpu,Pillow,,published_rows_only,no_verified_comparison,python-cpu;python-gpu;python-simd,python-cpu,python-cpu;python-gpu;python-simd,6,5,pil-image-image.mode.standard,15,0,0,0,,,,,15,0,0,0,0,0,0,0,,,pil-image-image.mode.standard;pipeline-chain.metadata-cache.color3dlut-rgb;pipeline-chain.metadata-cache.extractband-rgba;pipeline-chain.metadata-cache.invert-1.rgb;pipeline-chain.metadata-cache.invert-64.rgb;pipeline-chain.metadata-cache.invert-8.l
df5231519bb4810e6b0098560c5c791e56dc9952,true,2026-10-09T01:11:25.338187Z,48d69f9756559a7a8da696b16d93e10be849504250560e4830f3dc8ee97b4d9a,101fdb8cc2c9da7ea98da8602ac4e7879ab23c9d,false,2026-10-07T13:19:09.608307Z,8963ea465b99a6b2a2cca91ab2aa07ee321fb3a450edfd10a102f4681b3247e4,PIL.Image.Image.paste,PIL.Image.Image.paste,PIL.Image.Image.paste,method,endpoint,python-cpu,Pillow,1.0,benchmark_workload,no_verified_comparison,python-cpu;python-gpu;python-simd,python-cpu,python-cpu;python-gpu;python-simd,14,2,pil-image-image.paste.masked.materialized.masked-cmyk-noise-1024x768;pil-image-image.paste.masked.materialized.masked-hsv-noise-1024x768;pil-image-image.paste.masked.materialized.masked-l-noise-1024x768;pil-image-image.paste.masked.materialized.masked-la-noise-1024x768;pil-image-image.paste.masked.materialized.masked-pa-noise-1024x768;pil-image-image.paste.masked.materialized.masked-rgb-noise-1024x768;pil-image-image.paste.masked.materialized.masked-rgba-noise-1024x768;pil-image-image.paste.materialized.l-noise-1024x768;pil-image-image.paste.materialized.la-noise-1024x768;pil-image-image.paste.materialized.rgb-noise-1024x768;pil-image-image.paste.materialized.rgba-dest-rgb-source-noise-1024x768;pil-image-image.paste.standard,6,0,0,0,,,,,6,0,0,0,0,0,0,0,,,pil-image-image.paste.masked.materialized.masked-cmyk-noise-1024x768;pil-image-image.paste.masked.materialized.masked-hsv-noise-1024x768;pil-image-image.paste.masked.materialized.masked-l-noise-1024x768;pil-image-image.paste.masked.materialized.masked-la-noise-1024x768;pil-image-image.paste.masked.materialized.masked-pa-noise-1024x768;pil-image-image.paste.masked.materialized.masked-rgb-noise-1024x768;pil-image-image.paste.masked.materialized.masked-rgba-noise-1024x768;pil-image-image.paste.materialized.l-noise-1024x768;pil-image-image.paste.materialized.la-noise-1024x768;pil-image-image.paste.materialized.rgb-noise-1024x768;pil-image-image.paste.materialized.rgba-dest-rgb-source-noise-1024x768;pil-image-image.paste.standard;pipeline-op.paste.benchmark-materialized;pipeline-op.paste.matrix-32x24
df5231519bb4810e6b0098560c5c791e56dc9952,true,2026-10-09T01:11:25.338187Z,48d69f9756559a7a8da696b16d93e10be849504250560e4830f3dc8ee97b4d9a,101fdb8cc2c9da7ea98da8602ac4e7879ab23c9d,false,2026-10-07T13:19:09.608307Z,8963ea465b99a6b2a2cca91ab2aa07ee321fb3a450edfd10a102f4681b3247e4,PIL.Image.Image.paste,PIL.Image.Image.paste,PIL.Image.Image.paste,method,endpoint,python-simd,Pillow,2.0,benchmark_workload,no_verified_comparison,python-cpu;python-gpu;python-simd,python-cpu,python-cpu;python-gpu;python-simd,14,2,pil-image-image.paste.masked.materialized.masked-cmyk-noise-1024x768;pil-image-image.paste.masked.materialized.masked-hsv-noise-1024x768;pil-image-image.paste.masked.materialized.masked-l-noise-1024x768;pil-image-image.paste.masked.materialized.masked-la-noise-1024x768;pil-image-image.paste.masked.materialized.masked-pa-noise-1024x768;pil-image-image.paste.masked.materialized.masked-rgb-noise-1024x768;pil-image-image.paste.masked.materialized.masked-rgba-noise-1024x768;pil-image-image.paste.materialized.l-noise-1024x768;pil-image-image.paste.materialized.la-noise-1024x768;pil-image-image.paste.materialized.rgb-noise-1024x768;pil-image-image.paste.materialized.rgba-dest-rgb-source-noise-1024x768;pil-image-image.paste.standard,6,0,0,0,0,,,,6,0,0,0,0,0,0,0,,,pil-image-image.paste.masked.materialized.masked-cmyk-noise-1024x768;pil-image-image.paste.masked.materialized.masked-hsv-noise-1024x768;pil-image-image.paste.masked.materialized.masked-l-noise-1024x768;pil-image-image.paste.masked.materialized.masked-la-noise-1024x768;pil-image-image.paste.masked.materialized.masked-pa-noise-1024x768;pil-image-image.paste.masked.materialized.masked-rgb-noise-1024x768;pil-image-image.paste.masked.materialized.masked-rgba-noise-1024x768;pil-image-image.paste.materialized.l-noise-1024x768;pil-image-image.paste.materialized.la-noise-1024x768;pil-image-image.paste.materialized.rgb-noise-1024x768;pil-image-image.paste.materialized.rgba-dest-rgb-source-noise-1024x768;pil-image-image.paste.standard;pipeline-op.paste.benchmark-materialized;pipeline-op.paste.matrix-32x24
df5231519bb4810e6b0098560c5c791e56dc9952,true,2026-10-09T01:11:25.338187Z,48d69f9756559a7a8da696b16d93e10be849504250560e4830f3dc8ee97b4d9a,101fdb8cc2c9da7ea98da8602ac4e7879ab23c9d,false,2026-10-07T13:19:09.608307Z,8963ea465b99a6b2a2cca91ab2aa07ee321fb3a450edfd10a102f4681b3247e4,PIL.Image.Image.paste,PIL.Image.Image.paste,PIL.Image.Image.paste,method,endpoint,python-gpu,SIMD,1.0,benchmark_workload,no_verified_comparison,python-cpu;python-gpu;python-simd,python-cpu,python-cpu;python-gpu;python-simd,14,2,pil-image-image.paste.masked.materialized.masked-cmyk-noise-1024x768;pil-image-image.paste.masked.materialized.masked-hsv-noise-1024x768;pil-image-image.paste.masked.materialized.masked-l-noise-1024x768;pil-image-image.paste.masked.materialized.masked-la-noise-1024x768;pil-image-image.paste.masked.materialized.masked-pa-noise-1024x768;pil-image-image.paste.masked.materialized.masked-rgb-noise-1024x768;pil-image-image.paste.masked.materialized.masked-rgba-noise-1024x768;pil-image-image.paste.materialized.l-noise-1024x768;pil-image-image.paste.materialized.la-noise-1024x768;pil-image-image.paste.materialized.rgb-noise-1024x768;pil-image-image.paste.materialized.rgba-dest-rgb-source-noise-1024x768;pil-image-image.paste.standard,2,0,0,0,,,,,2,0,0,0,0,0,0,0,,not_measured,pil-image-image.paste.masked.materialized.masked-cmyk-noise-1024x768;pil-image-image.paste.masked.materialized.masked-hsv-noise-1024x768;pil-image-image.paste.masked.materialized.masked-l-noise-1024x768;pil-image-image.paste.masked.materialized.masked-la-noise-1024x768;pil-image-image.paste.masked.materialized.masked-pa-noise-1024x768;pil-image-image.paste.masked.materialized.masked-rgb-noise-1024x768;pil-image-image.paste.masked.materialized.masked-rgba-noise-1024x768;pil-image-image.paste.materialized.l-noise-1024x768;pil-image-image.paste.materialized.la-noise-1024x768;pil-image-image.paste.materialized.rgb-noise-1024x768;pil-image-image.paste.materialized.rgba-dest-rgb-source-noise-1024x768;pil-image-image.paste.standard;pipeline-op.paste.benchmark-materialized;pipeline-op.paste.matrix-32x24
df5231519bb4810e6b0098560c5c791e56dc9952,true,2026-10-09T01:11:25.338187Z,48d69f9756559a7a8da696b16d93e10be849504250560e4830f3dc8ee97b4d9a,101fdb8cc2c9da7ea98da8602ac4e7879ab23c9d,false,2026-10-07T13:19:09.608307Z,8963ea465b99a6b2a2cca91ab2aa07ee321fb3a450edfd10a102f4681b3247e4,PIL.Image.Image.paste,PIL.Image.Image.paste,PIL.Image.Image.paste,method,endpoint,python-parallel-cpu,Pillow,,published_rows_only,no_verified_comparison,python-cpu;python-gpu;python-simd,python-cpu,python-cpu;python-gpu;python-simd,14,2,pil-image-image.paste.masked.materialized.masked-cmyk-noise-1024x768;pil-image-image.paste.masked.materialized.masked-hsv-noise-1024x768;pil-image-image.paste.masked.materialized.masked-l-noise-1024x768;pil-image-image.paste.masked.materialized.masked-la-noise-1024x768;pil-image-image.paste.masked.materialized.masked-pa-noise-1024x768;pil-image-image.paste.masked.materialized.masked-rgb-noise-1024x768;pil-image-image.paste.masked.materialized.masked-rgba-noise-1024x768;pil-image-image.paste.materialized.l-noise-1024x768;pil-image-image.paste.materialized.la-noise-1024x768;pil-image-image.paste.materialized.rgb-noise-1024x768;pil-image-image.paste.materialized.rgba-dest-rgb-source-noise-1024x768;pil-image-image.paste.standard,6,0,0,0,,,,,6,0,0,0,0,0,0,0,,,pil-image-image.paste.masked.materialized.masked-cmyk-noise-1024x768;pil-image-image.paste.masked.materialized.masked-hsv-noise-1024x768;pil-image-image.paste.masked.materialized.masked-l-noise-1024x768;pil-image-image.paste.masked.materialized.masked-la-noise-1024x768;pil-image-image.paste.masked.materialized.masked-pa-noise-1024x768;pil-image-image.paste.masked.materialized.masked-rgb-noise-1024x768;pil-image-image.paste.masked.materialized.masked-rgba-noise-1024x768;pil-image-image.paste.materialized.l-noise-1024x768;pil-image-image.paste.materialized.la-noise-1024x768;pil-image-image.paste.materialized.rgb-noise-1024x768;pil-image-image.paste.materialized.rgba-dest-rgb-source-noise-1024x768;pil-image-image.paste.standard;pipeline-op.paste.benchmark-materialized;pipeline-op.paste.matrix-32x24
df5231519bb4810e6b0098560c5c791e56dc9952,true,2026-10-09T01:11:25.338187Z,48d69f9756559a7a8da696b16d93e10be849504250560e4830f3dc8ee97b4d9a,101fdb8cc2c9da7ea98da8602ac4e7879ab23c9d,false,2026-10-07T13:19:09.608307Z,8963ea465b99a6b2a2cca91ab2aa07ee321fb3a450edfd10a102f4681b3247e4,PIL.Image.Image.point,PIL.Image.Image.point,PIL.Image.Image.point,method,endpoint,python-cpu,Pillow,1.0,benchmark_workload,no_verified_comparison,python-cpu;python-gpu;python-simd,python-cpu,python-cpu;python-gpu;python-simd,32,30,pil-image-image.point.materialized.l-noise-1024x768-nonidentity-lut;pil-image-image.point.standard,90,0,0,0,,,,,90,0,0,0,0,0,0,0,,,pil-image-image.point.materialized.l-noise-1024x768-nonidentity-lut;pil-image-image.point.standard;pipeline-chain.matrix-003;pipeline-chain.point-fusion.l-001;pipeline-chain.point-fusion.l-002;pipeline-chain.point-fusion.l-003;pipeline-chain.point-fusion.l-004;pipeline-chain.point-fusion.l-005;pipeline-chain.point-fusion.la-001;pipeline-chain.point-fusion.la-002;pipeline-chain.point-fusion.rgb-001;pipeline-chain.point-fusion.rgb-002;pipeline-chain.point-fusion.rgb-003;pipeline-chain.point-fusion.rgb-004;pipeline-chain.point-fusion.rgb-005;pipeline-chain.point-fusion.rgba-001;pipeline-chain.point-fusion.rgba-002;pipeline-chain.reviewed.invert-solarize-posterize-point;pipeline-chain.simd-lut.l.1024x1024;pipeline-chain.simd-lut.l.1024x768;pipeline-chain.simd-lut.l.256x256;pipeline-chain.simd-lut.l.32x32;pipeline-chain.simd-lut.rgb.1024x1024;pipeline-chain.simd-lut.rgb.1024x768;pipeline-chain.simd-lut.rgb.256x256;pipeline-chain.simd-lut.rgb.32x32;pipeline-matrix.expanded.pointop.1024x768;pipeline-matrix.expanded.pointop.1x1;pipeline-matrix.expanded.pointop.256x256;pipeline-matrix.expanded.pointop.32x32;pipeline-op.pointop.benchmark-materialized;pipeline-op.pointop.matrix-32x24
df5231519bb4810e6b0098560c5c791e56dc9952,true,2026-10-09T01:11:25.338187Z,48d69f9756559a7a8da696b16d93e10be849504250560e4830f3dc8ee97b4d9a,101fdb8cc2c9da7ea98da8602ac4e7879ab23c9d,false,2026-10-07T13:19:09.608307Z,8963ea465b99a6b2a2cca91ab2aa07ee321fb3a450edfd10a102f4681b3247e4,PIL.Image.Image.point,PIL.Image.Image.point,PIL.Image.Image.point,method,endpoint,python-simd,Pillow,2.0,benchmark_workload,no_verified_comparison,python-cpu;python-gpu;python-simd,python-cpu,python-cpu;python-gpu;python-simd,32,30,pil-image-image.point.materialized.l-noise-1024x768-nonidentity-lut;pil-image-image.point.standard,90,0,0,0,0,,,,90,0,0,0,0,0,0,0,,,pil-image-image.point.materialized.l-noise-1024x768-nonidentity-lut;pil-image-image.point.standard;pipeline-chain.matrix-003;pipeline-chain.point-fusion.l-001;pipeline-chain.point-fusion.l-002;pipeline-chain.point-fusion.l-003;pipeline-chain.point-fusion.l-004;pipeline-chain.point-fusion.l-005;pipeline-chain.point-fusion.la-001;pipeline-chain.point-fusion.la-002;pipeline-chain.point-fusion.rgb-001;pipeline-chain.point-fusion.rgb-002;pipeline-chain.point-fusion.rgb-003;pipeline-chain.point-fusion.rgb-004;pipeline-chain.point-fusion.rgb-005;pipeline-chain.point-fusion.rgba-001;pipeline-chain.point-fusion.rgba-002;pipeline-chain.reviewed.invert-solarize-posterize-point;pipeline-chain.simd-lut.l.1024x1024;pipeline-chain.simd-lut.l.1024x768;pipeline-chain.simd-lut.l.256x256;pipeline-chain.simd-lut.l.32x32;pipeline-chain.simd-lut.rgb.1024x1024;pipeline-chain.simd-lut.rgb.1024x768;pipeline-chain.simd-lut.rgb.256x256;pipeline-chain.simd-lut.rgb.32x32;pipeline-matrix.expanded.pointop.1024x768;pipeline-matrix.expanded.pointop.1x1;pipeline-matrix.expanded.pointop.256x256;pipeline-matrix.expanded.pointop.32x32;pipeline-op.pointop.benchmark-materialized;pipeline-op.pointop.matrix-32x24
df5231519bb4810e6b0098560c5c791e56dc9952,true,2026-10-09T01:11:25.338187Z,48d69f9756559a7a8da696b16d93e10be849504250560e4830f3dc8ee97b4d9a,101fdb8cc2c9da7ea98da8602ac4e7879ab23c9d,false,2026-10-07T13:19:09.608307Z,8963ea465b99a6b2a2cca91ab2aa07ee321fb3a450edfd10a102f4681b3247e4,PIL.Image.Image.point,PIL.Image.Image.point,PIL.Image.Image.point,method,endpoint,python-gpu,SIMD,1.0,benchmark_workload,no_verified_comparison,python-cpu;python-gpu;python-simd,python-cpu,python-cpu;python-gpu;python-simd,32,30,pil-image-image.point.materialized.l-noise-1024x768-nonidentity-lut;pil-image-image.point.standard,30,0,0,0,,,,,30,0,0,0,0,0,0,0,,not_measured,pil-image-image.point.materialized.l-noise-1024x768-nonidentity-lut;pil-image-image.point.standard;pipeline-chain.matrix-003;pipeline-chain.point-fusion.l-001;pipeline-chain.point-fusion.l-002;pipeline-chain.point-fusion.l-003;pipeline-chain.point-fusion.l-004;pipeline-chain.point-fusion.l-005;pipeline-chain.point-fusion.la-001;pipeline-chain.point-fusion.la-002;pipeline-chain.point-fusion.rgb-001;pipeline-chain.point-fusion.rgb-002;pipeline-chain.point-fusion.rgb-003;pipeline-chain.point-fusion.rgb-004;pipeline-chain.point-fusion.rgb-005;pipeline-chain.point-fusion.rgba-001;pipeline-chain.point-fusion.rgba-002;pipeline-chain.reviewed.invert-solarize-posterize-point;pipeline-chain.simd-lut.l.1024x1024;pipeline-chain.simd-lut.l.1024x768;pipeline-chain.simd-lut.l.256x256;pipeline-chain.simd-lut.l.32x32;pipeline-chain.simd-lut.rgb.1024x1024;pipeline-chain.simd-lut.rgb.1024x768;pipeline-chain.simd-lut.rgb.256x256;pipeline-chain.simd-lut.rgb.32x32;pipeline-matrix.expanded.pointop.1024x768;pipeline-matrix.expanded.pointop.1x1;pipeline-matrix.expanded.pointop.256x256;pipeline-matrix.expanded.pointop.32x32;pipeline-op.pointop.benchmark-materialized;pipeline-op.pointop.matrix-32x24
df5231519bb4810e6b0098560c5c791e56dc9952,true,2026-10-09T01:11:25.338187Z,48d69f9756559a7a8da696b16d93e10be849504250560e4830f3dc8ee97b4d9a,101fdb8cc2c9da7ea98da8602ac4e7879ab23c9d,false,2026-10-07T13:19:09.608307Z,8963ea465b99a6b2a2cca91ab2aa07ee321fb3a450edfd10a102f4681b3247e4,PIL.Image.Image.point,PIL.Image.Image.point,PIL.Image.Image.point,method,endpoint,python-parallel-cpu,Pillow,,published_rows_only,no_verified_comparison,python-cpu;python-gpu;python-simd,python-cpu,python-cpu;python-gpu;python-simd,32,30,pil-image-image.point.materialized.l-noise-1024x768-nonidentity-lut;pil-image-image.point.standard,90,0,0,0,,,,,90,0,0,0,0,0,0,0,,,pil-image-image.point.materialized.l-noise-1024x768-nonidentity-lut;pil-image-image.point.standard;pipeline-chain.matrix-003;pipeline-chain.point-fusion.l-001;pipeline-chain.point-fusion.l-002;pipeline-chain.point-fusion.l-003;pipeline-chain.point-fusion.l-004;pipeline-chain.point-fusion.l-005;pipeline-chain.point-fusion.la-001;pipeline-chain.point-fusion.la-002;pipeline-chain.point-fusion.rgb-001;pipeline-chain.point-fusion.rgb-002;pipeline-chain.point-fusion.rgb-003;pipeline-chain.point-fusion.rgb-004;pipeline-chain.point-fusion.rgb-005;pipeline-chain.point-fusion.rgba-001;pipeline-chain.point-fusion.rgba-002;pipeline-chain.reviewed.invert-solarize-posterize-point;pipeline-chain.simd-lut.l.1024x1024;pipeline-chain.simd-lut.l.1024x768;pipeline-chain.simd-lut.l.256x256;pipeline-chain.simd-lut.l.32x32;pipeline-chain.simd-lut.rgb.1024x1024;pipeline-chain.simd-lut.rgb.1024x768;pipeline-chain.simd-lut.rgb.256x256;pipeline-chain.simd-lut.rgb.32x32;pipeline-matrix.expanded.pointop.1024x768;pipeline-matrix.expanded.pointop.1x1;pipeline-matrix.expanded.pointop.256x256;pipeline-matrix.expanded.pointop.32x32;pipeline-op.pointop.benchmark-materialized;pipeline-op.pointop.matrix-32x24
df5231519bb4810e6b0098560c5c791e56dc9952,true,2026-10-09T01:11:25.338187Z,48d69f9756559a7a8da696b16d93e10be849504250560e4830f3dc8ee97b4d9a,101fdb8cc2c9da7ea98da8602ac4e7879ab23c9d,false,2026-10-07T13:19:09.608307Z,8963ea465b99a6b2a2cca91ab2aa07ee321fb3a450edfd10a102f4681b3247e4,PIL.Image.Image.putalpha,PIL.Image.Image.putalpha,PIL.Image.Image.putalpha,method,endpoint,python-cpu,Pillow,1.0,benchmark_workload,no_verified_comparison,python-cpu;python-gpu;python-simd,python-cpu,python-cpu;python-gpu;python-simd,12,5,pil-image-image.putalpha.mask-materialized.rgb-noise-1024x768-l-mask;pil-image-image.putalpha.mask-materialized.rgba-noise-1024x768-l-mask;pil-image-image.putalpha.materialized.la-noise-1024x768-scalar;pil-image-image.putalpha.materialized.pa-noise-1024x768-scalar;pil-image-image.putalpha.materialized.rgb-noise-1024x768-scalar;pil-image-image.putalpha.materialized.rgba-noise-1024x768-scalar;pil-image-image.putalpha.standard,15,0,0,0,,,,,15,0,0,0,0,0,0,0,,,pil-image-image.putalpha.mask-materialized.rgb-noise-1024x768-l-mask;pil-image-image.putalpha.mask-materialized.rgba-noise-1024x768-l-mask;pil-image-image.putalpha.materialized.la-noise-1024x768-scalar;pil-image-image.putalpha.materialized.pa-noise-1024x768-scalar;pil-image-image.putalpha.materialized.rgb-noise-1024x768-scalar;pil-image-image.putalpha.materialized.rgba-noise-1024x768-scalar;pil-image-image.putalpha.standard;pipeline-chain.matrix-017;pipeline-op.putalpha.benchmark-materialized;pipeline-op.putalpha.matrix-32x24;pipeline-op.putalphadata.benchmark-materialized;pipeline-op.putalphadata.matrix-32x24
df5231519bb4810e6b0098560c5c791e56dc9952,true,2026-10-09T01:11:25.338187Z,48d69f9756559a7a8da696b16d93e10be849504250560e4830f3dc8ee97b4d9a,101fdb8cc2c9da7ea98da8602ac4e7879ab23c9d,false,2026-10-07T13:19:09.608307Z,8963ea465b99a6b2a2cca91ab2aa07ee321fb3a450edfd10a102f4681b3247e4,PIL.Image.Image.putalpha,PIL.Image.Image.putalpha,PIL.Image.Image.putalpha,method,endpoint,python-simd,Pillow,2.0,benchmark_workload,no_verified_comparison,python-cpu;python-gpu;python-simd,python-cpu,python-cpu;python-gpu;python-simd,12,5,pil-image-image.putalpha.mask-materialized.rgb-noise-1024x768-l-mask;pil-image-image.putalpha.mask-materialized.rgba-noise-1024x768-l-mask;pil-image-image.putalpha.materialized.la-noise-1024x768-scalar;pil-image-image.putalpha.materialized.pa-noise-1024x768-scalar;pil-image-image.putalpha.materialized.rgb-noise-1024x768-scalar;pil-image-image.putalpha.materialized.rgba-noise-1024x768-scalar;pil-image-image.putalpha.standard,15,0,0,0,0,,,,15,0,0,0,0,0,0,0,,,pil-image-image.putalpha.mask-materialized.rgb-noise-1024x768-l-mask;pil-image-image.putalpha.mask-materialized.rgba-noise-1024x768-l-mask;pil-image-image.putalpha.materialized.la-noise-1024x768-scalar;pil-image-image.putalpha.materialized.pa-noise-1024x768-scalar;pil-image-image.putalpha.materialized.rgb-noise-1024x768-scalar;pil-image-image.putalpha.materialized.rgba-noise-1024x768-scalar;pil-image-image.putalpha.standard;pipeline-chain.matrix-017;pipeline-op.putalpha.benchmark-materialized;pipeline-op.putalpha.matrix-32x24;pipeline-op.putalphadata.benchmark-materialized;pipeline-op.putalphadata.matrix-32x24
df5231519bb4810e6b0098560c5c791e56dc9952,true,2026-10-09T01:11:25.338187Z,48d69f9756559a7a8da696b16d93e10be849504250560e4830f3dc8ee97b4d9a,101fdb8cc2c9da7ea98da8602ac4e7879ab23c9d,false,2026-10-07T13:19:09.608307Z,8963ea465b99a6b2a2cca91ab2aa07ee321fb3a450edfd10a102f4681b3247e4,PIL.Image.Image.putalpha,PIL.Image.Image.putalpha,PIL.Image.Image.putalpha,method,endpoint,python-gpu,SIMD,1.0,benchmark_workload,no_verified_comparison,python-cpu;python-gpu;python-simd,python-cpu,python-cpu;python-gpu;python-simd,12,5,pil-image-image.putalpha.mask-materialized.rgb-noise-1024x768-l-mask;pil-image-image.putalpha.mask-materialized.rgba-noise-1024x768-l-mask;pil-image-image.putalpha.materialized.la-noise-1024x768-scalar;pil-image-image.putalpha.materialized.pa-noise-1024x768-scalar;pil-image-image.putalpha.materialized.rgb-noise-1024x768-scalar;pil-image-image.putalpha.materialized.rgba-noise-1024x768-scalar;pil-image-image.putalpha.standard,5,0,0,0,,,,,5,0,0,0,0,0,0,0,,not_measured,pil-image-image.putalpha.mask-materialized.rgb-noise-1024x768-l-mask;pil-image-image.putalpha.mask-materialized.rgba-noise-1024x768-l-mask;pil-image-image.putalpha.materialized.la-noise-1024x768-scalar;pil-image-image.putalpha.materialized.pa-noise-1024x768-scalar;pil-image-image.putalpha.materialized.rgb-noise-1024x768-scalar;pil-image-image.putalpha.materialized.rgba-noise-1024x768-scalar;pil-image-image.putalpha.standard;pipeline-chain.matrix-017;pipeline-op.putalpha.benchmark-materialized;pipeline-op.putalpha.matrix-32x24;pipeline-op.putalphadata.benchmark-materialized;pipeline-op.putalphadata.matrix-32x24
df5231519bb4810e6b0098560c5c791e56dc9952,true,2026-10-09T01:11:25.338187Z,48d69f9756559a7a8da696b16d93e10be849504250560e4830f3dc8ee97b4d9a,101fdb8cc2c9da7ea98da8602ac4e7879ab23c9d,false,2026-10-07T13:19:09.608307Z,8963ea465b99a6b2a2cca91ab2aa07ee321fb3a450edfd10a102f4681b3247e4,PIL.Image.Image.putalpha,PIL.Image.Image.putalpha,PIL.Image.Image.putalpha,method,endpoint,python-parallel-cpu,Pillow,,published_rows_only,no_verified_comparison,python-cpu;python-gpu;python-simd,python-cpu,python-cpu;python-gpu;python-simd,12,5,pil-image-image.putalpha.mask-materialized.rgb-noise-1024x768-l-mask;pil-image-image.putalpha.mask-materialized.rgba-noise-1024x768-l-mask;pil-image-image.putalpha.materialized.la-noise-1024x768-scalar;pil-image-image.putalpha.materialized.pa-noise-1024x768-scalar;pil-image-image.putalpha.materialized.rgb-noise-1024x768-scalar;pil-image-image.putalpha.materialized.rgba-noise-1024x768-scalar;pil-image-image.putalpha.standard,15,0,0,0,,,,,15,0,0,0,0,0,0,0,,,pil-image-image.putalpha.mask-materialized.rgb-noise-1024x768-l-mask;pil-image-image.putalpha.mask-materialized.rgba-noise-1024x768-l-mask;pil-image-image.putalpha.materialized.la-noise-1024x768-scalar;pil-image-image.putalpha.materialized.pa-noise-1024x768-scalar;pil-image-image.putalpha.materialized.rgb-noise-1024x768-scalar;pil-image-image.putalpha.materialized.rgba-noise-1024x768-scalar;pil-image-image.putalpha.standard;pipeline-chain.matrix-017;pipeline-op.putalpha.benchmark-materialized;pipeline-op.putalpha.matrix-32x24;pipeline-op.putalphadata.benchmark-materialized;pipeline-op.putalphadata.matrix-32x24
df5231519bb4810e6b0098560c5c791e56dc9952,true,2026-10-09T01:11:25.338187Z,48d69f9756559a7a8da696b16d93e10be849504250560e4830f3dc8ee97b4d9a,101fdb8cc2c9da7ea98da8602ac4e7879ab23c9d,false,2026-10-07T13:19:09.608307Z,8963ea465b99a6b2a2cca91ab2aa07ee321fb3a450edfd10a102f4681b3247e4,PIL.Image.Image.putdata,PIL.Image.Image.putdata,PIL.Image.Image.putdata,method,endpoint,python-cpu,Pillow,1.0,benchmark_workload,no_verified_comparison,python-cpu;python-gpu;python-simd,python-cpu,python-cpu;python-gpu;python-simd,3,2,pil-image-image.putdata.standard,6,0,0,0,,,,,6,0,0,0,0,0,0,0,,,pil-image-image.putdata.standard;pipeline-op.putdata.benchmark-materialized;pipeline-op.putdata.matrix-32x24
df5231519bb4810e6b0098560c5c791e56dc9952,true,2026-10-09T01:11:25.338187Z,48d69f9756559a7a8da696b16d93e10be849504250560e4830f3dc8ee97b4d9a,101fdb8cc2c9da7ea98da8602ac4e7879ab23c9d,false,2026-10-07T13:19:09.608307Z,8963ea465b99a6b2a2cca91ab2aa07ee321fb3a450edfd10a102f4681b3247e4,PIL.Image.Image.putdata,PIL.Image.Image.putdata,PIL.Image.Image.putdata,method,endpoint,python-simd,Pillow,2.0,benchmark_workload,no_verified_comparison,python-cpu;python-gpu;python-simd,python-cpu,python-cpu;python-gpu;python-simd,3,2,pil-image-image.putdata.standard,6,0,0,0,0,,,,6,0,0,0,0,0,0,0,,,pil-image-image.putdata.standard;pipeline-op.putdata.benchmark-materialized;pipeline-op.putdata.matrix-32x24
df5231519bb4810e6b0098560c5c791e56dc9952,true,2026-10-09T01:11:25.338187Z,48d69f9756559a7a8da696b16d93e10be849504250560e4830f3dc8ee97b4d9a,101fdb8cc2c9da7ea98da8602ac4e7879ab23c9d,false,2026-10-07T13:19:09.608307Z,8963ea465b99a6b2a2cca91ab2aa07ee321fb3a450edfd10a102f4681b3247e4,PIL.Image.Image.putdata,PIL.Image.Image.putdata,PIL.Image.Image.putdata,method,endpoint,python-gpu,SIMD,1.0,benchmark_workload,no_verified_comparison,python-cpu;python-gpu;python-simd,python-cpu,python-cpu;python-gpu;python-simd,3,2,pil-image-image.putdata.standard,2,0,0,0,,,,,2,0,0,0,0,0,0,0,,not_measured,pil-image-image.putdata.standard;pipeline-op.putdata.benchmark-materialized;pipeline-op.putdata.matrix-32x24
df5231519bb4810e6b0098560c5c791e56dc9952,true,2026-10-09T01:11:25.338187Z,48d69f9756559a7a8da696b16d93e10be849504250560e4830f3dc8ee97b4d9a,101fdb8cc2c9da7ea98da8602ac4e7879ab23c9d,false,2026-10-07T13:19:09.608307Z,8963ea465b99a6b2a2cca91ab2aa07ee321fb3a450edfd10a102f4681b3247e4,PIL.Image.Image.putdata,PIL.Image.Image.putdata,PIL.Image.Image.putdata,method,endpoint,python-parallel-cpu,Pillow,,published_rows_only,no_verified_comparison,python-cpu;python-gpu;python-simd,python-cpu,python-cpu;python-gpu;python-simd,3,2,pil-image-image.putdata.standard,6,0,0,0,,,,,6,0,0,0,0,0,0,0,,,pil-image-image.putdata.standard;pipeline-op.putdata.benchmark-materialized;pipeline-op.putdata.matrix-32x24
df5231519bb4810e6b0098560c5c791e56dc9952,true,2026-10-09T01:11:25.338187Z,48d69f9756559a7a8da696b16d93e10be849504250560e4830f3dc8ee97b4d9a,101fdb8cc2c9da7ea98da8602ac4e7879ab23c9d,false,2026-10-07T13:19:09.608307Z,8963ea465b99a6b2a2cca91ab2aa07ee321fb3a450edfd10a102f4681b3247e4,PIL.Image.Image.putpalette,PIL.Image.Image.putpalette,PIL.Image.Image.putpalette,method,endpoint,python-cpu,Pillow,1.0,benchmark_workload,not_in_published_snapshot,python-cpu;python-gpu;python-simd,python-cpu,python-cpu;python-gpu;python-simd,1,0,pil-image-image.putpalette.standard,0,0,0,0,,,,,0,0,0,0,0,0,0,0,,,pil-image-image.putpalette.standard
df5231519bb4810e6b0098560c5c791e56dc9952,true,2026-10-09T01:11:25.338187Z,48d69f9756559a7a8da696b16d93e10be849504250560e4830f3dc8ee97b4d9a,101fdb8cc2c9da7ea98da8602ac4e7879ab23c9d,false,2026-10-07T13:19:09.608307Z,8963ea465b99a6b2a2cca91ab2aa07ee321fb3a450edfd10a102f4681b3247e4,PIL.Image.Image.putpalette,PIL.Image.Image.putpalette,PIL.Image.Image.putpalette,method,endpoint,python-simd,Pillow,2.0,benchmark_workload,not_in_published_snapshot,python-cpu;python-gpu;python-simd,python-cpu,python-cpu;python-gpu;python-simd,1,0,pil-image-image.putpalette.standard,0,0,0,0,0,,,,0,0,0,0,0,0,0,0,,,pil-image-image.putpalette.standard
df5231519bb4810e6b0098560c5c791e56dc9952,true,2026-10-09T01:11:25.338187Z,48d69f9756559a7a8da696b16d93e10be849504250560e4830f3dc8ee97b4d9a,101fdb8cc2c9da7ea98da8602ac4e7879ab23c9d,false,2026-10-07T13:19:09.608307Z,8963ea465b99a6b2a2cca91ab2aa07ee321fb3a450edfd10a102f4681b3247e4,PIL.Image.Image.putpalette,PIL.Image.Image.putpalette,PIL.Image.Image.putpalette,method,endpoint,python-gpu,SIMD,1.0,benchmark_workload,not_in_published_snapshot,python-cpu;python-gpu;python-simd,python-cpu,python-cpu;python-gpu;python-simd,1,0,pil-image-image.putpalette.standard,0,0,0,0,,,,,0,0,0,0,0,0,0,0,,not_measured,pil-image-image.putpalette.standard
df5231519bb4810e6b0098560c5c791e56dc9952,true,2026-10-09T01:11:25.338187Z,48d69f9756559a7a8da696b16d93e10be849504250560e4830f3dc8ee97b4d9a,101fdb8cc2c9da7ea98da8602ac4e7879ab23c9d,false,2026-10-07T13:19:09.608307Z,8963ea465b99a6b2a2cca91ab2aa07ee321fb3a450edfd10a102f4681b3247e4,PIL.Image.Image.putpalette,PIL.Image.Image.putpalette,PIL.Image.Image.putpalette,method,endpoint,python-parallel-cpu,Pillow,,not_declared,not_declared_in_manifest_or_workload,python-cpu;python-gpu;python-simd,python-cpu,python-cpu;python-gpu;python-simd,1,0,pil-image-image.putpalette.standard,0,0,0,0,,,,,0,0,0,0,0,0,0,0,,,pil-image-image.putpalette.standard
df5231519bb4810e6b0098560c5c791e56dc9952,true,2026-10-09T01:11:25.338187Z,48d69f9756559a7a8da696b16d93e10be849504250560e4830f3dc8ee97b4d9a,101fdb8cc2c9da7ea98da8602ac4e7879ab23c9d,false,2026-10-07T13:19:09.608307Z,8963ea465b99a6b2a2cca91ab2aa07ee321fb3a450edfd10a102f4681b3247e4,PIL.Image.Image.putpixel,PIL.Image.Image.putpixel,PIL.Image.Image.putpixel,method,endpoint,python-cpu,Pillow,1.0,benchmark_workload,no_verified_comparison,python-cpu;python-gpu;python-simd,python-cpu,python-cpu;python-gpu;python-simd,3,2,pil-image-image.putpixel.standard,6,0,0,0,,,,,6,0,0,0,0,0,0,0,,,pil-image-image.putpixel.standard;pipeline-chain.matrix-018;pipeline-op.putpixel.benchmark-materialized
df5231519bb4810e6b0098560c5c791e56dc9952,true,2026-10-09T01:11:25.338187Z,48d69f9756559a7a8da696b16d93e10be849504250560e4830f3dc8ee97b4d9a,101fdb8cc2c9da7ea98da8602ac4e7879ab23c9d,false,2026-10-07T13:19:09.608307Z,8963ea465b99a6b2a2cca91ab2aa07ee321fb3a450edfd10a102f4681b3247e4,PIL.Image.Image.putpixel,PIL.Image.Image.putpixel,PIL.Image.Image.putpixel,method,endpoint,python-simd,Pillow,2.0,benchmark_workload,no_verified_comparison,python-cpu;python-gpu;python-simd,python-cpu,python-cpu;python-gpu;python-simd,3,2,pil-image-image.putpixel.standard,6,0,0,0,0,,,,6,0,0,0,0,0,0,0,,,pil-image-image.putpixel.standard;pipeline-chain.matrix-018;pipeline-op.putpixel.benchmark-materialized
df5231519bb4810e6b0098560c5c791e56dc9952,true,2026-10-09T01:11:25.338187Z,48d69f9756559a7a8da696b16d93e10be849504250560e4830f3dc8ee97b4d9a,101fdb8cc2c9da7ea98da8602ac4e7879ab23c9d,false,2026-10-07T13:19:09.608307Z,8963ea465b99a6b2a2cca91ab2aa07ee321fb3a450edfd10a102f4681b3247e4,PIL.Image.Image.putpixel,PIL.Image.Image.putpixel,PIL.Image.Image.putpixel,method,endpoint,python-gpu,SIMD,1.0,benchmark_workload,no_verified_comparison,python-cpu;python-gpu;python-simd,python-cpu,python-cpu;python-gpu;python-simd,3,2,pil-image-image.putpixel.standard,2,0,0,0,,,,,2,0,0,0,0,0,0,0,,not_measured,pil-image-image.putpixel.standard;pipeline-chain.matrix-018;pipeline-op.putpixel.benchmark-materialized
df5231519bb4810e6b0098560c5c791e56dc9952,true,2026-10-09T01:11:25.338187Z,48d69f9756559a7a8da696b16d93e10be849504250560e4830f3dc8ee97b4d9a,101fdb8cc2c9da7ea98da8602ac4e7879ab23c9d,false,2026-10-07T13:19:09.608307Z,8963ea465b99a6b2a2cca91ab2aa07ee321fb3a450edfd10a102f4681b3247e4,PIL.Image.Image.putpixel,PIL.Image.Image.putpixel,PIL.Image.Image.putpixel,method,endpoint,python-parallel-cpu,Pillow,,published_rows_only,no_verified_comparison,python-cpu;python-gpu;python-simd,python-cpu,python-cpu;python-gpu;python-simd,3,2,pil-image-image.putpixel.standard,6,0,0,0,,,,,6,0,0,0,0,0,0,0,,,pil-image-image.putpixel.standard;pipeline-chain.matrix-018;pipeline-op.putpixel.benchmark-materialized
df5231519bb4810e6b0098560c5c791e56dc9952,true,2026-10-09T01:11:25.338187Z,48d69f9756559a7a8da696b16d93e10be849504250560e4830f3dc8ee97b4d9a,101fdb8cc2c9da7ea98da8602ac4e7879ab23c9d,false,2026-10-07T13:19:09.608307Z,8963ea465b99a6b2a2cca91ab2aa07ee321fb3a450edfd10a102f4681b3247e4,PIL.Image.Image.quantize,PIL.Image.Image.quantize,PIL.Image.Image.quantize,method,endpoint,python-cpu,Pillow,1.0,benchmark_workload,no_verified_comparison,python-cpu;python-gpu;python-simd,python-cpu,python-cpu;python-gpu;python-simd,14,13,pil-image-image.quantize.standard,39,0,0,0,,,,,36,0,0,2,0,1,0,0,,,pil-image-image.quantize.standard;pipeline-chain.color.quantize-mode-l;pipeline-chain.color.quantize-mode-rgba;pipeline-chain.matrix-005;pipeline-chain.quantize.algorithm.fast-octree;pipeline-chain.quantize.algorithm.maxcoverage;pipeline-chain.quantize.algorithm.maxcoverage-kmeans;pipeline-chain.quantize.algorithm.median-cut;pipeline-chain.quantize.algorithm.median-cut-kmeans;pipeline-chain.quantize.linear-gradient;pipeline-chain.quantize.radial-gradient;pipeline-chain.reviewed.quantize-remap-convert;pipeline-op.quantize.benchmark-materialized;pipeline-op.quantize.matrix-32x24
df5231519bb4810e6b0098560c5c791e56dc9952,true,2026-10-09T01:11:25.338187Z,48d69f9756559a7a8da696b16d93e10be849504250560e4830f3dc8ee97b4d9a,101fdb8cc2c9da7ea98da8602ac4e7879ab23c9d,false,2026-10-07T13:19:09.608307Z,8963ea465b99a6b2a2cca91ab2aa07ee321fb3a450edfd10a102f4681b3247e4,PIL.Image.Image.quantize,PIL.Image.Image.quantize,PIL.Image.Image.quantize,method,endpoint,python-simd,Pillow,2.0,benchmark_workload,no_verified_comparison,python-cpu;python-gpu;python-simd,python-cpu,python-cpu;python-gpu;python-simd,14,13,pil-image-image.quantize.standard,39,0,0,0,0,,,,36,0,0,2,0,1,0,0,,,pil-image-image.quantize.standard;pipeline-chain.color.quantize-mode-l;pipeline-chain.color.quantize-mode-rgba;pipeline-chain.matrix-005;pipeline-chain.quantize.algorithm.fast-octree;pipeline-chain.quantize.algorithm.maxcoverage;pipeline-chain.quantize.algorithm.maxcoverage-kmeans;pipeline-chain.quantize.algorithm.median-cut;pipeline-chain.quantize.algorithm.median-cut-kmeans;pipeline-chain.quantize.linear-gradient;pipeline-chain.quantize.radial-gradient;pipeline-chain.reviewed.quantize-remap-convert;pipeline-op.quantize.benchmark-materialized;pipeline-op.quantize.matrix-32x24
df5231519bb4810e6b0098560c5c791e56dc9952,true,2026-10-09T01:11:25.338187Z,48d69f9756559a7a8da696b16d93e10be849504250560e4830f3dc8ee97b4d9a,101fdb8cc2c9da7ea98da8602ac4e7879ab23c9d,false,2026-10-07T13:19:09.608307Z,8963ea465b99a6b2a2cca91ab2aa07ee321fb3a450edfd10a102f4681b3247e4,PIL.Image.Image.quantize,PIL.Image.Image.quantize,PIL.Image.Image.quantize,method,endpoint,python-gpu,SIMD,1.0,benchmark_workload,no_verified_comparison,python-cpu;python-gpu;python-simd,python-cpu,python-cpu;python-gpu;python-simd,14,13,pil-image-image.quantize.standard,13,0,0,0,,,,,12,0,0,0,0,1,0,0,,not_measured,pil-image-image.quantize.standard;pipeline-chain.color.quantize-mode-l;pipeline-chain.color.quantize-mode-rgba;pipeline-chain.matrix-005;pipeline-chain.quantize.algorithm.fast-octree;pipeline-chain.quantize.algorithm.maxcoverage;pipeline-chain.quantize.algorithm.maxcoverage-kmeans;pipeline-chain.quantize.algorithm.median-cut;pipeline-chain.quantize.algorithm.median-cut-kmeans;pipeline-chain.quantize.linear-gradient;pipeline-chain.quantize.radial-gradient;pipeline-chain.reviewed.quantize-remap-convert;pipeline-op.quantize.benchmark-materialized;pipeline-op.quantize.matrix-32x24
df5231519bb4810e6b0098560c5c791e56dc9952,true,2026-10-09T01:11:25.338187Z,48d69f9756559a7a8da696b16d93e10be849504250560e4830f3dc8ee97b4d9a,101fdb8cc2c9da7ea98da8602ac4e7879ab23c9d,false,2026-10-07T13:19:09.608307Z,8963ea465b99a6b2a2cca91ab2aa07ee321fb3a450edfd10a102f4681b3247e4,PIL.Image.Image.quantize,PIL.Image.Image.quantize,PIL.Image.Image.quantize,method,endpoint,python-parallel-cpu,Pillow,,published_rows_only,no_verified_comparison,python-cpu;python-gpu;python-simd,python-cpu,python-cpu;python-gpu;python-simd,14,13,pil-image-image.quantize.standard,39,0,0,0,,,,,36,0,0,2,0,1,0,0,,,pil-image-image.quantize.standard;pipeline-chain.color.quantize-mode-l;pipeline-chain.color.quantize-mode-rgba;pipeline-chain.matrix-005;pipeline-chain.quantize.algorithm.fast-octree;pipeline-chain.quantize.algorithm.maxcoverage;pipeline-chain.quantize.algorithm.maxcoverage-kmeans;pipeline-chain.quantize.algorithm.median-cut;pipeline-chain.quantize.algorithm.median-cut-kmeans;pipeline-chain.quantize.linear-gradient;pipeline-chain.quantize.radial-gradient;pipeline-chain.reviewed.quantize-remap-convert;pipeline-op.quantize.benchmark-materialized;pipeline-op.quantize.matrix-32x24
df5231519bb4810e6b0098560c5c791e56dc9952,true,2026-10-09T01:11:25.338187Z,48d69f9756559a7a8da696b16d93e10be849504250560e4830f3dc8ee97b4d9a,101fdb8cc2c9da7ea98da8602ac4e7879ab23c9d,false,2026-10-07T13:19:09.608307Z,8963ea465b99a6b2a2cca91ab2aa07ee321fb3a450edfd10a102f4681b3247e4,PIL.Image.Image.reduce,PIL.Image.Image.reduce,PIL.Image.Image.reduce,method,endpoint,python-cpu,Pillow,1.0,benchmark_workload,no_verified_comparison,python-cpu;python-gpu;python-simd,python-cpu,python-cpu;python-gpu;python-simd,9,8,pil-image-image.reduce.standard,24,0,0,0,,,,,24,0,0,0,0,0,0,0,,,pil-image-image.reduce.standard;pipeline-chain.geometry-material.reduce-rgb-1024x768;pipeline-chain.geometry-material.reduce-rgba-1024x768;pipeline-matrix.expanded.reduce.1024x768;pipeline-matrix.expanded.reduce.1x1;pipeline-matrix.expanded.reduce.256x256;pipeline-matrix.expanded.reduce.32x32;pipeline-op.reduce.benchmark-materialized;pipeline-op.reduce.matrix-32x24
df5231519bb4810e6b0098560c5c791e56dc9952,true,2026-10-09T01:11:25.338187Z,48d69f9756559a7a8da696b16d93e10be849504250560e4830f3dc8ee97b4d9a,101fdb8cc2c9da7ea98da8602ac4e7879ab23c9d,false,2026-10-07T13:19:09.608307Z,8963ea465b99a6b2a2cca91ab2aa07ee321fb3a450edfd10a102f4681b3247e4,PIL.Image.Image.reduce,PIL.Image.Image.reduce,PIL.Image.Image.reduce,method,endpoint,python-simd,Pillow,2.0,benchmark_workload,no_verified_comparison,python-cpu;python-gpu;python-simd,python-cpu,python-cpu;python-gpu;python-simd,9,8,pil-image-image.reduce.standard,24,0,0,0,0,,,,24,0,0,0,0,0,0,0,,,pil-image-image.reduce.standard;pipeline-chain.geometry-material.reduce-rgb-1024x768;pipeline-chain.geometry-material.reduce-rgba-1024x768;pipeline-matrix.expanded.reduce.1024x768;pipeline-matrix.expanded.reduce.1x1;pipeline-matrix.expanded.reduce.256x256;pipeline-matrix.expanded.reduce.32x32;pipeline-op.reduce.benchmark-materialized;pipeline-op.reduce.matrix-32x24
df5231519bb4810e6b0098560c5c791e56dc9952,true,2026-10-09T01:11:25.338187Z,48d69f9756559a7a8da696b16d93e10be849504250560e4830f3dc8ee97b4d9a,101fdb8cc2c9da7ea98da8602ac4e7879ab23c9d,false,2026-10-07T13:19:09.608307Z,8963ea465b99a6b2a2cca91ab2aa07ee321fb3a450edfd10a102f4681b3247e4,PIL.Image.Image.reduce,PIL.Image.Image.reduce,PIL.Image.Image.reduce,method,endpoint,python-gpu,SIMD,1.0,benchmark_workload,no_verified_comparison,python-cpu;python-gpu;python-simd,python-cpu,python-cpu;python-gpu;python-simd,9,8,pil-image-image.reduce.standard,8,0,0,0,,,,,8,0,0,0,0,0,0,0,,not_measured,pil-image-image.reduce.standard;pipeline-chain.geometry-material.reduce-rgb-1024x768;pipeline-chain.geometry-material.reduce-rgba-1024x768;pipeline-matrix.expanded.reduce.1024x768;pipeline-matrix.expanded.reduce.1x1;pipeline-matrix.expanded.reduce.256x256;pipeline-matrix.expanded.reduce.32x32;pipeline-op.reduce.benchmark-materialized;pipeline-op.reduce.matrix-32x24
df5231519bb4810e6b0098560c5c791e56dc9952,true,2026-10-09T01:11:25.338187Z,48d69f9756559a7a8da696b16d93e10be849504250560e4830f3dc8ee97b4d9a,101fdb8cc2c9da7ea98da8602ac4e7879ab23c9d,false,2026-10-07T13:19:09.608307Z,8963ea465b99a6b2a2cca91ab2aa07ee321fb3a450edfd10a102f4681b3247e4,PIL.Image.Image.reduce,PIL.Image.Image.reduce,PIL.Image.Image.reduce,method,endpoint,python-parallel-cpu,Pillow,,published_rows_only,no_verified_comparison,python-cpu;python-gpu;python-simd,python-cpu,python-cpu;python-gpu;python-simd,9,8,pil-image-image.reduce.standard,24,0,0,0,,,,,24,0,0,0,0,0,0,0,,,pil-image-image.reduce.standard;pipeline-chain.geometry-material.reduce-rgb-1024x768;pipeline-chain.geometry-material.reduce-rgba-1024x768;pipeline-matrix.expanded.reduce.1024x768;pipeline-matrix.expanded.reduce.1x1;pipeline-matrix.expanded.reduce.256x256;pipeline-matrix.expanded.reduce.32x32;pipeline-op.reduce.benchmark-materialized;pipeline-op.reduce.matrix-32x24
df5231519bb4810e6b0098560c5c791e56dc9952,true,2026-10-09T01:11:25.338187Z,48d69f9756559a7a8da696b16d93e10be849504250560e4830f3dc8ee97b4d9a,101fdb8cc2c9da7ea98da8602ac4e7879ab23c9d,false,2026-10-07T13:19:09.608307Z,8963ea465b99a6b2a2cca91ab2aa07ee321fb3a450edfd10a102f4681b3247e4,PIL.Image.Image.remap_palette,PIL.Image.Image.remap_palette,PIL.Image.Image.remap_palette,method,endpoint,python-cpu,Pillow,1.0,benchmark_workload,no_verified_comparison,python-cpu;python-gpu;python-simd,python-cpu,python-cpu;python-gpu;python-simd,5,4,pil-image-image.remap-palette.standard,12,0,0,0,,,,,12,0,0,0,0,0,0,0,,,pil-image-image.remap-palette.standard;pipeline-chain.color.remap-palette-mode-l;pipeline-chain.color.remap-palette-mode-p;pipeline-chain.matrix-072;pipeline-op.remappalette.benchmark-materialized
df5231519bb4810e6b0098560c5c791e56dc9952,true,2026-10-09T01:11:25.338187Z,48d69f9756559a7a8da696b16d93e10be849504250560e4830f3dc8ee97b4d9a,101fdb8cc2c9da7ea98da8602ac4e7879ab23c9d,false,2026-10-07T13:19:09.608307Z,8963ea465b99a6b2a2cca91ab2aa07ee321fb3a450edfd10a102f4681b3247e4,PIL.Image.Image.remap_palette,PIL.Image.Image.remap_palette,PIL.Image.Image.remap_palette,method,endpoint,python-simd,Pillow,2.0,benchmark_workload,no_verified_comparison,python-cpu;python-gpu;python-simd,python-cpu,python-cpu;python-gpu;python-simd,5,4,pil-image-image.remap-palette.standard,12,0,0,0,0,,,,12,0,0,0,0,0,0,0,,,pil-image-image.remap-palette.standard;pipeline-chain.color.remap-palette-mode-l;pipeline-chain.color.remap-palette-mode-p;pipeline-chain.matrix-072;pipeline-op.remappalette.benchmark-materialized
df5231519bb4810e6b0098560c5c791e56dc9952,true,2026-10-09T01:11:25.338187Z,48d69f9756559a7a8da696b16d93e10be849504250560e4830f3dc8ee97b4d9a,101fdb8cc2c9da7ea98da8602ac4e7879ab23c9d,false,2026-10-07T13:19:09.608307Z,8963ea465b99a6b2a2cca91ab2aa07ee321fb3a450edfd10a102f4681b3247e4,PIL.Image.Image.remap_palette,PIL.Image.Image.remap_palette,PIL.Image.Image.remap_palette,method,endpoint,python-gpu,SIMD,1.0,benchmark_workload,no_verified_comparison,python-cpu;python-gpu;python-simd,python-cpu,python-cpu;python-gpu;python-simd,5,4,pil-image-image.remap-palette.standard,4,0,0,0,,,,,4,0,0,0,0,0,0,0,,not_measured,pil-image-image.remap-palette.standard;pipeline-chain.color.remap-palette-mode-l;pipeline-chain.color.remap-palette-mode-p;pipeline-chain.matrix-072;pipeline-op.remappalette.benchmark-materialized
df5231519bb4810e6b0098560c5c791e56dc9952,true,2026-10-09T01:11:25.338187Z,48d69f9756559a7a8da696b16d93e10be849504250560e4830f3dc8ee97b4d9a,101fdb8cc2c9da7ea98da8602ac4e7879ab23c9d,false,2026-10-07T13:19:09.608307Z,8963ea465b99a6b2a2cca91ab2aa07ee321fb3a450edfd10a102f4681b3247e4,PIL.Image.Image.remap_palette,PIL.Image.Image.remap_palette,PIL.Image.Image.remap_palette,method,endpoint,python-parallel-cpu,Pillow,,published_rows_only,no_verified_comparison,python-cpu;python-gpu;python-simd,python-cpu,python-cpu;python-gpu;python-simd,5,4,pil-image-image.remap-palette.standard,12,0,0,0,,,,,12,0,0,0,0,0,0,0,,,pil-image-image.remap-palette.standard;pipeline-chain.color.remap-palette-mode-l;pipeline-chain.color.remap-palette-mode-p;pipeline-chain.matrix-072;pipeline-op.remappalette.benchmark-materialized
df5231519bb4810e6b0098560c5c791e56dc9952,true,2026-10-09T01:11:25.338187Z,48d69f9756559a7a8da696b16d93e10be849504250560e4830f3dc8ee97b4d9a,101fdb8cc2c9da7ea98da8602ac4e7879ab23c9d,false,2026-10-07T13:19:09.608307Z,8963ea465b99a6b2a2cca91ab2aa07ee321fb3a450edfd10a102f4681b3247e4,PIL.Image.Image.resize,PIL.Image.Image.resize,PIL.Image.Image.resize,method,endpoint,python-cpu,Pillow,1.0,benchmark_workload,target_met_in_verified_rows,python-cpu;python-gpu;python-simd,python-cpu,python-cpu;python-gpu;python-simd,30,29,pil-image-image.resize.standard,87,6,0,4,,1.310847,pipeline-chain.resize-native-f32.bicubic-noise-1024x768,ubuntu-24.04-x86_64,78,0,0,0,0,3,0,0,,,pil-image-image.resize.standard;pipeline-chain.loaded-10.rgb-jpeg-512x384;pipeline-chain.loaded-10.rgba-png-512x384;pipeline-chain.matrix-004;pipeline-chain.resize-alpha.la-bicubic-1024x768;pipeline-chain.resize-alpha.la-bicubic-256x256;pipeline-chain.resize-alpha.la-bicubic-upscale-128x128;pipeline-chain.resize-alpha.la-bilinear-mirror-256x256;pipeline-chain.resize-alpha.la-lanczos-512x512;pipeline-chain.resize-alpha.rgba-bicubic-512x512;pipeline-chain.resize-alpha.rgba-bilinear-mirror-256x256;pipeline-chain.resize-alpha.rgba-bilinear-upscale-128x128;pipeline-chain.resize-alpha.rgba-lanczos-1024x768;pipeline-chain.resize-alpha.rgba-lanczos-256x256;pipeline-chain.resize-cache.f64-identical-geometry;pipeline-chain.resize-cache.identical-geometry;pipeline-chain.resize-native-f32.bicubic-noise-1024x768;pipeline-chain.resize-native-i32.bicubic-noise-1024x768;pipeline-chain.resize-typed.simd-f-resize-transpose;pipeline-chain.resize-typed.simd-i-resize-transform;pipeline-chain.resizeboxed.f-boxed-nearest-noise-512x512;pipeline-chain.reviewed.resize-rotate-crop;pipeline-matrix.expanded.resize.1024x768;pipeline-matrix.expanded.resize.1x1;pipeline-matrix.expanded.resize.256x256;pipeline-matrix.expanded.resize.32x32;pipeline-op.resize.benchmark-materialized;pipeline-op.resize.matrix-32x24;pipeline-op.resizeboxed.benchmark-materialized;pipeline-op.resizeboxed.matrix-32x24
df5231519bb4810e6b0098560c5c791e56dc9952,true,2026-10-09T01:11:25.338187Z,48d69f9756559a7a8da696b16d93e10be849504250560e4830f3dc8ee97b4d9a,101fdb8cc2c9da7ea98da8602ac4e7879ab23c9d,false,2026-10-07T13:19:09.608307Z,8963ea465b99a6b2a2cca91ab2aa07ee321fb3a450edfd10a102f4681b3247e4,PIL.Image.Image.resize,PIL.Image.Image.resize,PIL.Image.Image.resize,method,endpoint,python-simd,Pillow,2.0,benchmark_workload,target_unmet_in_verified_rows,python-cpu;python-gpu;python-simd,python-cpu,python-cpu;python-gpu;python-simd,30,29,pil-image-image.resize.standard,87,6,5,6,6,0.349432,pipeline-chain.resize-native-f32.bicubic-noise-1024x768,ubuntu-24.04-arm64,78,0,0,0,0,3,0,0,,,pil-image-image.resize.standard;pipeline-chain.loaded-10.rgb-jpeg-512x384;pipeline-chain.loaded-10.rgba-png-512x384;pipeline-chain.matrix-004;pipeline-chain.resize-alpha.la-bicubic-1024x768;pipeline-chain.resize-alpha.la-bicubic-256x256;pipeline-chain.resize-alpha.la-bicubic-upscale-128x128;pipeline-chain.resize-alpha.la-bilinear-mirror-256x256;pipeline-chain.resize-alpha.la-lanczos-512x512;pipeline-chain.resize-alpha.rgba-bicubic-512x512;pipeline-chain.resize-alpha.rgba-bilinear-mirror-256x256;pipeline-chain.resize-alpha.rgba-bilinear-upscale-128x128;pipeline-chain.resize-alpha.rgba-lanczos-1024x768;pipeline-chain.resize-alpha.rgba-lanczos-256x256;pipeline-chain.resize-cache.f64-identical-geometry;pipeline-chain.resize-cache.identical-geometry;pipeline-chain.resize-native-f32.bicubic-noise-1024x768;pipeline-chain.resize-native-i32.bicubic-noise-1024x768;pipeline-chain.resize-typed.simd-f-resize-transpose;pipeline-chain.resize-typed.simd-i-resize-transform;pipeline-chain.resizeboxed.f-boxed-nearest-noise-512x512;pipeline-chain.reviewed.resize-rotate-crop;pipeline-matrix.expanded.resize.1024x768;pipeline-matrix.expanded.resize.1x1;pipeline-matrix.expanded.resize.256x256;pipeline-matrix.expanded.resize.32x32;pipeline-op.resize.benchmark-materialized;pipeline-op.resize.matrix-32x24;pipeline-op.resizeboxed.benchmark-materialized;pipeline-op.resizeboxed.matrix-32x24
df5231519bb4810e6b0098560c5c791e56dc9952,true,2026-10-09T01:11:25.338187Z,48d69f9756559a7a8da696b16d93e10be849504250560e4830f3dc8ee97b4d9a,101fdb8cc2c9da7ea98da8602ac4e7879ab23c9d,false,2026-10-07T13:19:09.608307Z,8963ea465b99a6b2a2cca91ab2aa07ee321fb3a450edfd10a102f4681b3247e4,PIL.Image.Image.resize,PIL.Image.Image.resize,PIL.Image.Image.resize,method,endpoint,python-gpu,SIMD,1.0,benchmark_workload,target_unmet_in_verified_rows,python-cpu;python-gpu;python-simd,python-cpu,python-cpu;python-gpu;python-simd,30,29,pil-image-image.resize.standard,29,2,2,2,,0.090303,pipeline-chain.resize-native-f32.bicubic-noise-1024x768,macos-15-arm64,26,0,0,0,0,1,0,0,,not_measured,pil-image-image.resize.standard;pipeline-chain.loaded-10.rgb-jpeg-512x384;pipeline-chain.loaded-10.rgba-png-512x384;pipeline-chain.matrix-004;pipeline-chain.resize-alpha.la-bicubic-1024x768;pipeline-chain.resize-alpha.la-bicubic-256x256;pipeline-chain.resize-alpha.la-bicubic-upscale-128x128;pipeline-chain.resize-alpha.la-bilinear-mirror-256x256;pipeline-chain.resize-alpha.la-lanczos-512x512;pipeline-chain.resize-alpha.rgba-bicubic-512x512;pipeline-chain.resize-alpha.rgba-bilinear-mirror-256x256;pipeline-chain.resize-alpha.rgba-bilinear-upscale-128x128;pipeline-chain.resize-alpha.rgba-lanczos-1024x768;pipeline-chain.resize-alpha.rgba-lanczos-256x256;pipeline-chain.resize-cache.f64-identical-geometry;pipeline-chain.resize-cache.identical-geometry;pipeline-chain.resize-native-f32.bicubic-noise-1024x768;pipeline-chain.resize-native-i32.bicubic-noise-1024x768;pipeline-chain.resize-typed.simd-f-resize-transpose;pipeline-chain.resize-typed.simd-i-resize-transform;pipeline-chain.resizeboxed.f-boxed-nearest-noise-512x512;pipeline-chain.reviewed.resize-rotate-crop;pipeline-matrix.expanded.resize.1024x768;pipeline-matrix.expanded.resize.1x1;pipeline-matrix.expanded.resize.256x256;pipeline-matrix.expanded.resize.32x32;pipeline-op.resize.benchmark-materialized;pipeline-op.resize.matrix-32x24;pipeline-op.resizeboxed.benchmark-materialized;pipeline-op.resizeboxed.matrix-32x24
df5231519bb4810e6b0098560c5c791e56dc9952,true,2026-10-09T01:11:25.338187Z,48d69f9756559a7a8da696b16d93e10be849504250560e4830f3dc8ee97b4d9a,101fdb8cc2c9da7ea98da8602ac4e7879ab23c9d,false,2026-10-07T13:19:09.608307Z,8963ea465b99a6b2a2cca91ab2aa07ee321fb3a450edfd10a102f4681b3247e4,PIL.Image.Image.resize,PIL.Image.Image.resize,PIL.Image.Image.resize,method,endpoint,python-parallel-cpu,Pillow,,published_rows_only,tracked_as_separate_profile,python-cpu;python-gpu;python-simd,python-cpu,python-cpu;python-gpu;python-simd,30,29,pil-image-image.resize.standard,87,6,0,0,,2.124521,pipeline-chain.resize-native-f32.bicubic-noise-1024x768,macos-15-arm64,78,0,0,0,0,3,0,0,,,pil-image-image.resize.standard;pipeline-chain.loaded-10.rgb-jpeg-512x384;pipeline-chain.loaded-10.rgba-png-512x384;pipeline-chain.matrix-004;pipeline-chain.resize-alpha.la-bicubic-1024x768;pipeline-chain.resize-alpha.la-bicubic-256x256;pipeline-chain.resize-alpha.la-bicubic-upscale-128x128;pipeline-chain.resize-alpha.la-bilinear-mirror-256x256;pipeline-chain.resize-alpha.la-lanczos-512x512;pipeline-chain.resize-alpha.rgba-bicubic-512x512;pipeline-chain.resize-alpha.rgba-bilinear-mirror-256x256;pipeline-chain.resize-alpha.rgba-bilinear-upscale-128x128;pipeline-chain.resize-alpha.rgba-lanczos-1024x768;pipeline-chain.resize-alpha.rgba-lanczos-256x256;pipeline-chain.resize-cache.f64-identical-geometry;pipeline-chain.resize-cache.identical-geometry;pipeline-chain.resize-native-f32.bicubic-noise-1024x768;pipeline-chain.resize-native-i32.bicubic-noise-1024x768;pipeline-chain.resize-typed.simd-f-resize-transpose;pipeline-chain.resize-typed.simd-i-resize-transform;pipeline-chain.resizeboxed.f-boxed-nearest-noise-512x512;pipeline-chain.reviewed.resize-rotate-crop;pipeline-matrix.expanded.resize.1024x768;pipeline-matrix.expanded.resize.1x1;pipeline-matrix.expanded.resize.256x256;pipeline-matrix.expanded.resize.32x32;pipeline-op.resize.benchmark-materialized;pipeline-op.resize.matrix-32x24;pipeline-op.resizeboxed.benchmark-materialized;pipeline-op.resizeboxed.matrix-32x24
df5231519bb4810e6b0098560c5c791e56dc9952,true,2026-10-09T01:11:25.338187Z,48d69f9756559a7a8da696b16d93e10be849504250560e4830f3dc8ee97b4d9a,101fdb8cc2c9da7ea98da8602ac4e7879ab23c9d,false,2026-10-07T13:19:09.608307Z,8963ea465b99a6b2a2cca91ab2aa07ee321fb3a450edfd10a102f4681b3247e4,PIL.Image.Image.rotate,PIL.Image.Image.rotate,PIL.Image.Image.rotate,method,endpoint,python-cpu,Pillow,1.0,benchmark_workload,no_verified_comparison,python-cpu;python-gpu;python-simd,python-cpu,python-cpu;python-gpu;python-simd,10,9,pil-image-image.rotate.standard,27,0,0,0,,,,,27,0,0,0,0,0,0,0,,,pil-image-image.rotate.standard;pipeline-chain.geometry-material.rotate-rgba-1024x768;pipeline-chain.loaded-10.rgb-jpeg-512x384;pipeline-chain.loaded-10.rgba-png-512x384;pipeline-matrix.expanded.rotate.1024x768;pipeline-matrix.expanded.rotate.1x1;pipeline-matrix.expanded.rotate.256x256;pipeline-matrix.expanded.rotate.32x32;pipeline-op.rotate.benchmark-materialized;pipeline-op.rotate.matrix-32x24
df5231519bb4810e6b0098560c5c791e56dc9952,true,2026-10-09T01:11:25.338187Z,48d69f9756559a7a8da696b16d93e10be849504250560e4830f3dc8ee97b4d9a,101fdb8cc2c9da7ea98da8602ac4e7879ab23c9d,false,2026-10-07T13:19:09.608307Z,8963ea465b99a6b2a2cca91ab2aa07ee321fb3a450edfd10a102f4681b3247e4,PIL.Image.Image.rotate,PIL.Image.Image.rotate,PIL.Image.Image.rotate,method,endpoint,python-simd,Pillow,2.0,benchmark_workload,no_verified_comparison,python-cpu;python-gpu;python-simd,python-cpu,python-cpu;python-gpu;python-simd,10,9,pil-image-image.rotate.standard,27,0,0,0,0,,,,27,0,0,0,0,0,0,0,,,pil-image-image.rotate.standard;pipeline-chain.geometry-material.rotate-rgba-1024x768;pipeline-chain.loaded-10.rgb-jpeg-512x384;pipeline-chain.loaded-10.rgba-png-512x384;pipeline-matrix.expanded.rotate.1024x768;pipeline-matrix.expanded.rotate.1x1;pipeline-matrix.expanded.rotate.256x256;pipeline-matrix.expanded.rotate.32x32;pipeline-op.rotate.benchmark-materialized;pipeline-op.rotate.matrix-32x24
df5231519bb4810e6b0098560c5c791e56dc9952,true,2026-10-09T01:11:25.338187Z,48d69f9756559a7a8da696b16d93e10be849504250560e4830f3dc8ee97b4d9a,101fdb8cc2c9da7ea98da8602ac4e7879ab23c9d,false,2026-10-07T13:19:09.608307Z,8963ea465b99a6b2a2cca91ab2aa07ee321fb3a450edfd10a102f4681b3247e4,PIL.Image.Image.rotate,PIL.Image.Image.rotate,PIL.Image.Image.rotate,method,endpoint,python-gpu,SIMD,1.0,benchmark_workload,no_verified_comparison,python-cpu;python-gpu;python-simd,python-cpu,python-cpu;python-gpu;python-simd,10,9,pil-image-image.rotate.standard,9,0,0,0,,,,,9,0,0,0,0,0,0,0,,not_measured,pil-image-image.rotate.standard;pipeline-chain.geometry-material.rotate-rgba-1024x768;pipeline-chain.loaded-10.rgb-jpeg-512x384;pipeline-chain.loaded-10.rgba-png-512x384;pipeline-matrix.expanded.rotate.1024x768;pipeline-matrix.expanded.rotate.1x1;pipeline-matrix.expanded.rotate.256x256;pipeline-matrix.expanded.rotate.32x32;pipeline-op.rotate.benchmark-materialized;pipeline-op.rotate.matrix-32x24
df5231519bb4810e6b0098560c5c791e56dc9952,true,2026-10-09T01:11:25.338187Z,48d69f9756559a7a8da696b16d93e10be849504250560e4830f3dc8ee97b4d9a,101fdb8cc2c9da7ea98da8602ac4e7879ab23c9d,false,2026-10-07T13:19:09.608307Z,8963ea465b99a6b2a2cca91ab2aa07ee321fb3a450edfd10a102f4681b3247e4,PIL.Image.Image.rotate,PIL.Image.Image.rotate,PIL.Image.Image.rotate,method,endpoint,python-parallel-cpu,Pillow,,published_rows_only,no_verified_comparison,python-cpu;python-gpu;python-simd,python-cpu,python-cpu;python-gpu;python-simd,10,9,pil-image-image.rotate.standard,27,0,0,0,,,,,27,0,0,0,0,0,0,0,,,pil-image-image.rotate.standard;pipeline-chain.geometry-material.rotate-rgba-1024x768;pipeline-chain.loaded-10.rgb-jpeg-512x384;pipeline-chain.loaded-10.rgba-png-512x384;pipeline-matrix.expanded.rotate.1024x768;pipeline-matrix.expanded.rotate.1x1;pipeline-matrix.expanded.rotate.256x256;pipeline-matrix.expanded.rotate.32x32;pipeline-op.rotate.benchmark-materialized;pipeline-op.rotate.matrix-32x24
df5231519bb4810e6b0098560c5c791e56dc9952,true,2026-10-09T01:11:25.338187Z,48d69f9756559a7a8da696b16d93e10be849504250560e4830f3dc8ee97b4d9a,101fdb8cc2c9da7ea98da8602ac4e7879ab23c9d,false,2026-10-07T13:19:09.608307Z,8963ea465b99a6b2a2cca91ab2aa07ee321fb3a450edfd10a102f4681b3247e4,PIL.Image.Image.save,PIL.Image.Image.save,PIL.Image.Image.save,method,endpoint,python-cpu,Pillow,1.0,benchmark_workload,not_in_published_snapshot,python-cpu;python-gpu;python-simd,python-cpu,python-cpu;python-gpu;python-simd,1,0,pil-image-image.save.standard,0,0,0,0,,,,,0,0,0,0,0,0,0,0,,,pil-image-image.save.standard
df5231519bb4810e6b0098560c5c791e56dc9952,true,2026-10-09T01:11:25.338187Z,48d69f9756559a7a8da696b16d93e10be849504250560e4830f3dc8ee97b4d9a,101fdb8cc2c9da7ea98da8602ac4e7879ab23c9d,false,2026-10-07T13:19:09.608307Z,8963ea465b99a6b2a2cca91ab2aa07ee321fb3a450edfd10a102f4681b3247e4,PIL.Image.Image.save,PIL.Image.Image.save,PIL.Image.Image.save,method,endpoint,python-simd,Pillow,2.0,benchmark_workload,not_in_published_snapshot,python-cpu;python-gpu;python-simd,python-cpu,python-cpu;python-gpu;python-simd,1,0,pil-image-image.save.standard,0,0,0,0,0,,,,0,0,0,0,0,0,0,0,,,pil-image-image.save.standard
df5231519bb4810e6b0098560c5c791e56dc9952,true,2026-10-09T01:11:25.338187Z,48d69f9756559a7a8da696b16d93e10be849504250560e4830f3dc8ee97b4d9a,101fdb8cc2c9da7ea98da8602ac4e7879ab23c9d,false,2026-10-07T13:19:09.608307Z,8963ea465b99a6b2a2cca91ab2aa07ee321fb3a450edfd10a102f4681b3247e4,PIL.Image.Image.save,PIL.Image.Image.save,PIL.Image.Image.save,method,endpoint,python-gpu,SIMD,1.0,benchmark_workload,not_in_published_snapshot,python-cpu;python-gpu;python-simd,python-cpu,python-cpu;python-gpu;python-simd,1,0,pil-image-image.save.standard,0,0,0,0,,,,,0,0,0,0,0,0,0,0,,not_measured,pil-image-image.save.standard
df5231519bb4810e6b0098560c5c791e56dc9952,true,2026-10-09T01:11:25.338187Z,48d69f9756559a7a8da696b16d93e10be849504250560e4830f3dc8ee97b4d9a,101fdb8cc2c9da7ea98da8602ac4e7879ab23c9d,false,2026-10-07T13:19:09.608307Z,8963ea465b99a6b2a2cca91ab2aa07ee321fb3a450edfd10a102f4681b3247e4,PIL.Image.Image.save,PIL.Image.Image.save,PIL.Image.Image.save,method,endpoint,python-parallel-cpu,Pillow,,not_declared,not_declared_in_manifest_or_workload,python-cpu;python-gpu;python-simd,python-cpu,python-cpu;python-gpu;python-simd,1,0,pil-image-image.save.standard,0,0,0,0,,,,,0,0,0,0,0,0,0,0,,,pil-image-image.save.standard
df5231519bb4810e6b0098560c5c791e56dc9952,true,2026-10-09T01:11:25.338187Z,48d69f9756559a7a8da696b16d93e10be849504250560e4830f3dc8ee97b4d9a,101fdb8cc2c9da7ea98da8602ac4e7879ab23c9d,false,2026-10-07T13:19:09.608307Z,8963ea465b99a6b2a2cca91ab2aa07ee321fb3a450edfd10a102f4681b3247e4,PIL.Image.Image.seek,PIL.Image.Image.seek,PIL.Image.Image.seek,method,endpoint,python-cpu,Pillow,1.0,benchmark_workload,not_in_published_snapshot,python-cpu;python-gpu;python-simd,python-cpu,python-cpu;python-gpu;python-simd,1,0,pil-image-image.seek.standard,0,0,0,0,,,,,0,0,0,0,0,0,0,0,,,pil-image-image.seek.standard
df5231519bb4810e6b0098560c5c791e56dc9952,true,2026-10-09T01:11:25.338187Z,48d69f9756559a7a8da696b16d93e10be849504250560e4830f3dc8ee97b4d9a,101fdb8cc2c9da7ea98da8602ac4e7879ab23c9d,false,2026-10-07T13:19:09.608307Z,8963ea465b99a6b2a2cca91ab2aa07ee321fb3a450edfd10a102f4681b3247e4,PIL.Image.Image.seek,PIL.Image.Image.seek,PIL.Image.Image.seek,method,endpoint,python-simd,Pillow,2.0,benchmark_workload,not_in_published_snapshot,python-cpu;python-gpu;python-simd,python-cpu,python-cpu;python-gpu;python-simd,1,0,pil-image-image.seek.standard,0,0,0,0,0,,,,0,0,0,0,0,0,0,0,,,pil-image-image.seek.standard
df5231519bb4810e6b0098560c5c791e56dc9952,true,2026-10-09T01:11:25.338187Z,48d69f9756559a7a8da696b16d93e10be849504250560e4830f3dc8ee97b4d9a,101fdb8cc2c9da7ea98da8602ac4e7879ab23c9d,false,2026-10-07T13:19:09.608307Z,8963ea465b99a6b2a2cca91ab2aa07ee321fb3a450edfd10a102f4681b3247e4,PIL.Image.Image.seek,PIL.Image.Image.seek,PIL.Image.Image.seek,method,endpoint,python-gpu,SIMD,1.0,benchmark_workload,not_in_published_snapshot,python-cpu;python-gpu;python-simd,python-cpu,python-cpu;python-gpu;python-simd,1,0,pil-image-image.seek.standard,0,0,0,0,,,,,0,0,0,0,0,0,0,0,,not_measured,pil-image-image.seek.standard
df5231519bb4810e6b0098560c5c791e56dc9952,true,2026-10-09T01:11:25.338187Z,48d69f9756559a7a8da696b16d93e10be849504250560e4830f3dc8ee97b4d9a,101fdb8cc2c9da7ea98da8602ac4e7879ab23c9d,false,2026-10-07T13:19:09.608307Z,8963ea465b99a6b2a2cca91ab2aa07ee321fb3a450edfd10a102f4681b3247e4,PIL.Image.Image.seek,PIL.Image.Image.seek,PIL.Image.Image.seek,method,endpoint,python-parallel-cpu,Pillow,,not_declared,not_declared_in_manifest_or_workload,python-cpu;python-gpu;python-simd,python-cpu,python-cpu;python-gpu;python-simd,1,0,pil-image-image.seek.standard,0,0,0,0,,,,,0,0,0,0,0,0,0,0,,,pil-image-image.seek.standard
df5231519bb4810e6b0098560c5c791e56dc9952,true,2026-10-09T01:11:25.338187Z,48d69f9756559a7a8da696b16d93e10be849504250560e4830f3dc8ee97b4d9a,101fdb8cc2c9da7ea98da8602ac4e7879ab23c9d,false,2026-10-07T13:19:09.608307Z,8963ea465b99a6b2a2cca91ab2aa07ee321fb3a450edfd10a102f4681b3247e4,PIL.Image.Image.size,PIL.Image.Image.size,PIL.Image.Image.size,property_get,endpoint,python-cpu,Pillow,1.0,benchmark_workload,no_verified_comparison,python-cpu;python-gpu;python-simd,python-cpu,python-cpu;python-gpu;python-simd,6,5,pil-image-image.size.standard,15,0,0,0,,,,,15,0,0,0,0,0,0,0,,,pil-image-image.size.standard;pipeline-chain.metadata-cache.color3dlut-rgb;pipeline-chain.metadata-cache.extractband-rgba;pipeline-chain.metadata-cache.invert-1.rgb;pipeline-chain.metadata-cache.invert-64.rgb;pipeline-chain.metadata-cache.invert-8.l
df5231519bb4810e6b0098560c5c791e56dc9952,true,2026-10-09T01:11:25.338187Z,48d69f9756559a7a8da696b16d93e10be849504250560e4830f3dc8ee97b4d9a,101fdb8cc2c9da7ea98da8602ac4e7879ab23c9d,false,2026-10-07T13:19:09.608307Z,8963ea465b99a6b2a2cca91ab2aa07ee321fb3a450edfd10a102f4681b3247e4,PIL.Image.Image.size,PIL.Image.Image.size,PIL.Image.Image.size,property_get,endpoint,python-simd,Pillow,2.0,benchmark_workload,no_verified_comparison,python-cpu;python-gpu;python-simd,python-cpu,python-cpu;python-gpu;python-simd,6,5,pil-image-image.size.standard,15,0,0,0,0,,,,15,0,0,0,0,0,0,0,,,pil-image-image.size.standard;pipeline-chain.metadata-cache.color3dlut-rgb;pipeline-chain.metadata-cache.extractband-rgba;pipeline-chain.metadata-cache.invert-1.rgb;pipeline-chain.metadata-cache.invert-64.rgb;pipeline-chain.metadata-cache.invert-8.l
df5231519bb4810e6b0098560c5c791e56dc9952,true,2026-10-09T01:11:25.338187Z,48d69f9756559a7a8da696b16d93e10be849504250560e4830f3dc8ee97b4d9a,101fdb8cc2c9da7ea98da8602ac4e7879ab23c9d,false,2026-10-07T13:19:09.608307Z,8963ea465b99a6b2a2cca91ab2aa07ee321fb3a450edfd10a102f4681b3247e4,PIL.Image.Image.size,PIL.Image.Image.size,PIL.Image.Image.size,property_get,endpoint,python-gpu,SIMD,1.0,benchmark_workload,no_verified_comparison,python-cpu;python-gpu;python-simd,python-cpu,python-cpu;python-gpu;python-simd,6,5,pil-image-image.size.standard,5,0,0,0,,,,,5,0,0,0,0,0,0,0,,not_measured,pil-image-image.size.standard;pipeline-chain.metadata-cache.color3dlut-rgb;pipeline-chain.metadata-cache.extractband-rgba;pipeline-chain.metadata-cache.invert-1.rgb;pipeline-chain.metadata-cache.invert-64.rgb;pipeline-chain.metadata-cache.invert-8.l
df5231519bb4810e6b0098560c5c791e56dc9952,true,2026-10-09T01:11:25.338187Z,48d69f9756559a7a8da696b16d93e10be849504250560e4830f3dc8ee97b4d9a,101fdb8cc2c9da7ea98da8602ac4e7879ab23c9d,false,2026-10-07T13:19:09.608307Z,8963ea465b99a6b2a2cca91ab2aa07ee321fb3a450edfd10a102f4681b3247e4,PIL.Image.Image.size,PIL.Image.Image.size,PIL.Image.Image.size,property_get,endpoint,python-parallel-cpu,Pillow,,published_rows_only,no_verified_comparison,python-cpu;python-gpu;python-simd,python-cpu,python-cpu;python-gpu;python-simd,6,5,pil-image-image.size.standard,15,0,0,0,,,,,15,0,0,0,0,0,0,0,,,pil-image-image.size.standard;pipeline-chain.metadata-cache.color3dlut-rgb;pipeline-chain.metadata-cache.extractband-rgba;pipeline-chain.metadata-cache.invert-1.rgb;pipeline-chain.metadata-cache.invert-64.rgb;pipeline-chain.metadata-cache.invert-8.l
df5231519bb4810e6b0098560c5c791e56dc9952,true,2026-10-09T01:11:25.338187Z,48d69f9756559a7a8da696b16d93e10be849504250560e4830f3dc8ee97b4d9a,101fdb8cc2c9da7ea98da8602ac4e7879ab23c9d,false,2026-10-07T13:19:09.608307Z,8963ea465b99a6b2a2cca91ab2aa07ee321fb3a450edfd10a102f4681b3247e4,PIL.Image.Image.split,PIL.Image.Image.split,PIL.Image.Image.split,method,endpoint,python-cpu,Pillow,1.0,benchmark_workload,not_in_published_snapshot,python-cpu;python-gpu;python-simd,python-cpu,python-cpu;python-gpu;python-simd,2,0,pil-image-image.split.scalar-f-1024x768;pil-image-image.split.standard,0,0,0,0,,,,,0,0,0,0,0,0,0,0,,,pil-image-image.split.scalar-f-1024x768;pil-image-image.split.standard
df5231519bb4810e6b0098560c5c791e56dc9952,true,2026-10-09T01:11:25.338187Z,48d69f9756559a7a8da696b16d93e10be849504250560e4830f3dc8ee97b4d9a,101fdb8cc2c9da7ea98da8602ac4e7879ab23c9d,false,2026-10-07T13:19:09.608307Z,8963ea465b99a6b2a2cca91ab2aa07ee321fb3a450edfd10a102f4681b3247e4,PIL.Image.Image.split,PIL.Image.Image.split,PIL.Image.Image.split,method,endpoint,python-simd,Pillow,2.0,benchmark_workload,not_in_published_snapshot,python-cpu;python-gpu;python-simd,python-cpu,python-cpu;python-gpu;python-simd,2,0,pil-image-image.split.scalar-f-1024x768;pil-image-image.split.standard,0,0,0,0,0,,,,0,0,0,0,0,0,0,0,,,pil-image-image.split.scalar-f-1024x768;pil-image-image.split.standard
df5231519bb4810e6b0098560c5c791e56dc9952,true,2026-10-09T01:11:25.338187Z,48d69f9756559a7a8da696b16d93e10be849504250560e4830f3dc8ee97b4d9a,101fdb8cc2c9da7ea98da8602ac4e7879ab23c9d,false,2026-10-07T13:19:09.608307Z,8963ea465b99a6b2a2cca91ab2aa07ee321fb3a450edfd10a102f4681b3247e4,PIL.Image.Image.split,PIL.Image.Image.split,PIL.Image.Image.split,method,endpoint,python-gpu,SIMD,1.0,benchmark_workload,not_in_published_snapshot,python-cpu;python-gpu;python-simd,python-cpu,python-cpu;python-gpu;python-simd,2,0,pil-image-image.split.scalar-f-1024x768;pil-image-image.split.standard,0,0,0,0,,,,,0,0,0,0,0,0,0,0,,not_measured,pil-image-image.split.scalar-f-1024x768;pil-image-image.split.standard
df5231519bb4810e6b0098560c5c791e56dc9952,true,2026-10-09T01:11:25.338187Z,48d69f9756559a7a8da696b16d93e10be849504250560e4830f3dc8ee97b4d9a,101fdb8cc2c9da7ea98da8602ac4e7879ab23c9d,false,2026-10-07T13:19:09.608307Z,8963ea465b99a6b2a2cca91ab2aa07ee321fb3a450edfd10a102f4681b3247e4,PIL.Image.Image.split,PIL.Image.Image.split,PIL.Image.Image.split,method,endpoint,python-parallel-cpu,Pillow,,not_declared,not_declared_in_manifest_or_workload,python-cpu;python-gpu;python-simd,python-cpu,python-cpu;python-gpu;python-simd,2,0,pil-image-image.split.scalar-f-1024x768;pil-image-image.split.standard,0,0,0,0,,,,,0,0,0,0,0,0,0,0,,,pil-image-image.split.scalar-f-1024x768;pil-image-image.split.standard
df5231519bb4810e6b0098560c5c791e56dc9952,true,2026-10-09T01:11:25.338187Z,48d69f9756559a7a8da696b16d93e10be849504250560e4830f3dc8ee97b4d9a,101fdb8cc2c9da7ea98da8602ac4e7879ab23c9d,false,2026-10-07T13:19:09.608307Z,8963ea465b99a6b2a2cca91ab2aa07ee321fb3a450edfd10a102f4681b3247e4,PIL.Image.Image.tell,PIL.Image.Image.tell,PIL.Image.Image.tell,method,endpoint,python-cpu,Pillow,1.0,benchmark_workload,not_in_published_snapshot,python-cpu;python-gpu;python-simd,python-cpu,python-cpu;python-gpu;python-simd,1,0,pil-image-image.tell.standard,0,0,0,0,,,,,0,0,0,0,0,0,0,0,,,pil-image-image.tell.standard
df5231519bb4810e6b0098560c5c791e56dc9952,true,2026-10-09T01:11:25.338187Z,48d69f9756559a7a8da696b16d93e10be849504250560e4830f3dc8ee97b4d9a,101fdb8cc2c9da7ea98da8602ac4e7879ab23c9d,false,2026-10-07T13:19:09.608307Z,8963ea465b99a6b2a2cca91ab2aa07ee321fb3a450edfd10a102f4681b3247e4,PIL.Image.Image.tell,PIL.Image.Image.tell,PIL.Image.Image.tell,method,endpoint,python-simd,Pillow,2.0,benchmark_workload,not_in_published_snapshot,python-cpu;python-gpu;python-simd,python-cpu,python-cpu;python-gpu;python-simd,1,0,pil-image-image.tell.standard,0,0,0,0,0,,,,0,0,0,0,0,0,0,0,,,pil-image-image.tell.standard
df5231519bb4810e6b0098560c5c791e56dc9952,true,2026-10-09T01:11:25.338187Z,48d69f9756559a7a8da696b16d93e10be849504250560e4830f3dc8ee97b4d9a,101fdb8cc2c9da7ea98da8602ac4e7879ab23c9d,false,2026-10-07T13:19:09.608307Z,8963ea465b99a6b2a2cca91ab2aa07ee321fb3a450edfd10a102f4681b3247e4,PIL.Image.Image.tell,PIL.Image.Image.tell,PIL.Image.Image.tell,method,endpoint,python-gpu,SIMD,1.0,benchmark_workload,not_in_published_snapshot,python-cpu;python-gpu;python-simd,python-cpu,python-cpu;python-gpu;python-simd,1,0,pil-image-image.tell.standard,0,0,0,0,,,,,0,0,0,0,0,0,0,0,,not_measured,pil-image-image.tell.standard
df5231519bb4810e6b0098560c5c791e56dc9952,true,2026-10-09T01:11:25.338187Z,48d69f9756559a7a8da696b16d93e10be849504250560e4830f3dc8ee97b4d9a,101fdb8cc2c9da7ea98da8602ac4e7879ab23c9d,false,2026-10-07T13:19:09.608307Z,8963ea465b99a6b2a2cca91ab2aa07ee321fb3a450edfd10a102f4681b3247e4,PIL.Image.Image.tell,PIL.Image.Image.tell,PIL.Image.Image.tell,method,endpoint,python-parallel-cpu,Pillow,,not_declared,not_declared_in_manifest_or_workload,python-cpu;python-gpu;python-simd,python-cpu,python-cpu;python-gpu;python-simd,1,0,pil-image-image.tell.standard,0,0,0,0,,,,,0,0,0,0,0,0,0,0,,,pil-image-image.tell.standard
df5231519bb4810e6b0098560c5c791e56dc9952,true,2026-10-09T01:11:25.338187Z,48d69f9756559a7a8da696b16d93e10be849504250560e4830f3dc8ee97b4d9a,101fdb8cc2c9da7ea98da8602ac4e7879ab23c9d,false,2026-10-07T13:19:09.608307Z,8963ea465b99a6b2a2cca91ab2aa07ee321fb3a450edfd10a102f4681b3247e4,PIL.Image.Image.thumbnail,PIL.Image.Image.thumbnail,PIL.Image.Image.thumbnail,method,endpoint,python-cpu,Pillow,1.0,benchmark_workload,target_unmet_in_verified_rows,python-cpu;python-gpu;python-simd,python-cpu,python-cpu;python-gpu;python-simd,7,6,pil-image-image.thumbnail.standard,18,9,2,7,,0.879662,pipeline-op.thumbnail.material-rgb-1024x768,macos-15-arm64,9,0,0,0,0,0,0,0,,,pil-image-image.thumbnail.standard;pipeline-chain.matrix-000;pipeline-op.thumbnail.benchmark-materialized;pipeline-op.thumbnail.material-rgb-1024x768;pipeline-op.thumbnail.matrix-32x24;pipeline-op.thumbnail.native-f32-1024x768;pipeline-op.thumbnail.native-i32-1024x768
df5231519bb4810e6b0098560c5c791e56dc9952,true,2026-10-09T01:11:25.338187Z,48d69f9756559a7a8da696b16d93e10be849504250560e4830f3dc8ee97b4d9a,101fdb8cc2c9da7ea98da8602ac4e7879ab23c9d,false,2026-10-07T13:19:09.608307Z,8963ea465b99a6b2a2cca91ab2aa07ee321fb3a450edfd10a102f4681b3247e4,PIL.Image.Image.thumbnail,PIL.Image.Image.thumbnail,PIL.Image.Image.thumbnail,method,endpoint,python-simd,Pillow,2.0,benchmark_workload,target_unmet_in_verified_rows,python-cpu;python-gpu;python-simd,python-cpu,python-cpu;python-gpu;python-simd,7,6,pil-image-image.thumbnail.standard,18,9,7,9,9,0.438299,pipeline-op.thumbnail.material-rgb-1024x768,ubuntu-24.04-arm64,9,0,0,0,0,0,0,0,,,pil-image-image.thumbnail.standard;pipeline-chain.matrix-000;pipeline-op.thumbnail.benchmark-materialized;pipeline-op.thumbnail.material-rgb-1024x768;pipeline-op.thumbnail.matrix-32x24;pipeline-op.thumbnail.native-f32-1024x768;pipeline-op.thumbnail.native-i32-1024x768
df5231519bb4810e6b0098560c5c791e56dc9952,true,2026-10-09T01:11:25.338187Z,48d69f9756559a7a8da696b16d93e10be849504250560e4830f3dc8ee97b4d9a,101fdb8cc2c9da7ea98da8602ac4e7879ab23c9d,false,2026-10-07T13:19:09.608307Z,8963ea465b99a6b2a2cca91ab2aa07ee321fb3a450edfd10a102f4681b3247e4,PIL.Image.Image.thumbnail,PIL.Image.Image.thumbnail,PIL.Image.Image.thumbnail,method,endpoint,python-gpu,SIMD,1.0,benchmark_workload,target_unmet_in_verified_rows,python-cpu;python-gpu;python-simd,python-cpu,python-cpu;python-gpu;python-simd,7,6,pil-image-image.thumbnail.standard,6,1,1,1,,0.417418,pipeline-op.thumbnail.material-rgb-1024x768,macos-15-arm64,3,0,0,0,2,0,0,0,,not_measured,pil-image-image.thumbnail.standard;pipeline-chain.matrix-000;pipeline-op.thumbnail.benchmark-materialized;pipeline-op.thumbnail.material-rgb-1024x768;pipeline-op.thumbnail.matrix-32x24;pipeline-op.thumbnail.native-f32-1024x768;pipeline-op.thumbnail.native-i32-1024x768
df5231519bb4810e6b0098560c5c791e56dc9952,true,2026-10-09T01:11:25.338187Z,48d69f9756559a7a8da696b16d93e10be849504250560e4830f3dc8ee97b4d9a,101fdb8cc2c9da7ea98da8602ac4e7879ab23c9d,false,2026-10-07T13:19:09.608307Z,8963ea465b99a6b2a2cca91ab2aa07ee321fb3a450edfd10a102f4681b3247e4,PIL.Image.Image.thumbnail,PIL.Image.Image.thumbnail,PIL.Image.Image.thumbnail,method,endpoint,python-parallel-cpu,Pillow,,published_rows_only,tracked_as_separate_profile,python-cpu;python-gpu;python-simd,python-cpu,python-cpu;python-gpu;python-simd,7,6,pil-image-image.thumbnail.standard,18,9,0,7,,1.056062,pipeline-op.thumbnail.native-f32-1024x768,ubuntu-24.04-x86_64,9,0,0,0,0,0,0,0,,,pil-image-image.thumbnail.standard;pipeline-chain.matrix-000;pipeline-op.thumbnail.benchmark-materialized;pipeline-op.thumbnail.material-rgb-1024x768;pipeline-op.thumbnail.matrix-32x24;pipeline-op.thumbnail.native-f32-1024x768;pipeline-op.thumbnail.native-i32-1024x768
df5231519bb4810e6b0098560c5c791e56dc9952,true,2026-10-09T01:11:25.338187Z,48d69f9756559a7a8da696b16d93e10be849504250560e4830f3dc8ee97b4d9a,101fdb8cc2c9da7ea98da8602ac4e7879ab23c9d,false,2026-10-07T13:19:09.608307Z,8963ea465b99a6b2a2cca91ab2aa07ee321fb3a450edfd10a102f4681b3247e4,PIL.Image.Image.tobitmap,PIL.Image.Image.tobitmap,PIL.Image.Image.tobitmap,method,endpoint,python-cpu,Pillow,1.0,benchmark_workload,not_in_published_snapshot,python-cpu;python-gpu;python-simd,python-cpu,python-cpu;python-gpu;python-simd,1,0,pil-image-image.tobitmap.standard,0,0,0,0,,,,,0,0,0,0,0,0,0,0,,,pil-image-image.tobitmap.standard
df5231519bb4810e6b0098560c5c791e56dc9952,true,2026-10-09T01:11:25.338187Z,48d69f9756559a7a8da696b16d93e10be849504250560e4830f3dc8ee97b4d9a,101fdb8cc2c9da7ea98da8602ac4e7879ab23c9d,false,2026-10-07T13:19:09.608307Z,8963ea465b99a6b2a2cca91ab2aa07ee321fb3a450edfd10a102f4681b3247e4,PIL.Image.Image.tobitmap,PIL.Image.Image.tobitmap,PIL.Image.Image.tobitmap,method,endpoint,python-simd,Pillow,2.0,benchmark_workload,not_in_published_snapshot,python-cpu;python-gpu;python-simd,python-cpu,python-cpu;python-gpu;python-simd,1,0,pil-image-image.tobitmap.standard,0,0,0,0,0,,,,0,0,0,0,0,0,0,0,,,pil-image-image.tobitmap.standard
df5231519bb4810e6b0098560c5c791e56dc9952,true,2026-10-09T01:11:25.338187Z,48d69f9756559a7a8da696b16d93e10be849504250560e4830f3dc8ee97b4d9a,101fdb8cc2c9da7ea98da8602ac4e7879ab23c9d,false,2026-10-07T13:19:09.608307Z,8963ea465b99a6b2a2cca91ab2aa07ee321fb3a450edfd10a102f4681b3247e4,PIL.Image.Image.tobitmap,PIL.Image.Image.tobitmap,PIL.Image.Image.tobitmap,method,endpoint,python-gpu,SIMD,1.0,benchmark_workload,not_in_published_snapshot,python-cpu;python-gpu;python-simd,python-cpu,python-cpu;python-gpu;python-simd,1,0,pil-image-image.tobitmap.standard,0,0,0,0,,,,,0,0,0,0,0,0,0,0,,not_measured,pil-image-image.tobitmap.standard
df5231519bb4810e6b0098560c5c791e56dc9952,true,2026-10-09T01:11:25.338187Z,48d69f9756559a7a8da696b16d93e10be849504250560e4830f3dc8ee97b4d9a,101fdb8cc2c9da7ea98da8602ac4e7879ab23c9d,false,2026-10-07T13:19:09.608307Z,8963ea465b99a6b2a2cca91ab2aa07ee321fb3a450edfd10a102f4681b3247e4,PIL.Image.Image.tobitmap,PIL.Image.Image.tobitmap,PIL.Image.Image.tobitmap,method,endpoint,python-parallel-cpu,Pillow,,not_declared,not_declared_in_manifest_or_workload,python-cpu;python-gpu;python-simd,python-cpu,python-cpu;python-gpu;python-simd,1,0,pil-image-image.tobitmap.standard,0,0,0,0,,,,,0,0,0,0,0,0,0,0,,,pil-image-image.tobitmap.standard
df5231519bb4810e6b0098560c5c791e56dc9952,true,2026-10-09T01:11:25.338187Z,48d69f9756559a7a8da696b16d93e10be849504250560e4830f3dc8ee97b4d9a,101fdb8cc2c9da7ea98da8602ac4e7879ab23c9d,false,2026-10-07T13:19:09.608307Z,8963ea465b99a6b2a2cca91ab2aa07ee321fb3a450edfd10a102f4681b3247e4,PIL.Image.Image.tobytes,PIL.Image.Image.tobytes,PIL.Image.Image.tobytes,method,endpoint,python-cpu,Pillow,1.0,benchmark_workload,not_in_published_snapshot,python-cpu;python-gpu;python-simd,python-cpu,python-cpu;python-gpu;python-simd,1,0,pil-image-image.tobytes.standard,0,0,0,0,,,,,0,0,0,0,0,0,0,0,,,pil-image-image.tobytes.standard
df5231519bb4810e6b0098560c5c791e56dc9952,true,2026-10-09T01:11:25.338187Z,48d69f9756559a7a8da696b16d93e10be849504250560e4830f3dc8ee97b4d9a,101fdb8cc2c9da7ea98da8602ac4e7879ab23c9d,false,2026-10-07T13:19:09.608307Z,8963ea465b99a6b2a2cca91ab2aa07ee321fb3a450edfd10a102f4681b3247e4,PIL.Image.Image.tobytes,PIL.Image.Image.tobytes,PIL.Image.Image.tobytes,method,endpoint,python-simd,Pillow,2.0,benchmark_workload,not_in_published_snapshot,python-cpu;python-gpu;python-simd,python-cpu,python-cpu;python-gpu;python-simd,1,0,pil-image-image.tobytes.standard,0,0,0,0,0,,,,0,0,0,0,0,0,0,0,,,pil-image-image.tobytes.standard
df5231519bb4810e6b0098560c5c791e56dc9952,true,2026-10-09T01:11:25.338187Z,48d69f9756559a7a8da696b16d93e10be849504250560e4830f3dc8ee97b4d9a,101fdb8cc2c9da7ea98da8602ac4e7879ab23c9d,false,2026-10-07T13:19:09.608307Z,8963ea465b99a6b2a2cca91ab2aa07ee321fb3a450edfd10a102f4681b3247e4,PIL.Image.Image.tobytes,PIL.Image.Image.tobytes,PIL.Image.Image.tobytes,method,endpoint,python-gpu,SIMD,1.0,benchmark_workload,not_in_published_snapshot,python-cpu;python-gpu;python-simd,python-cpu,python-cpu;python-gpu;python-simd,1,0,pil-image-image.tobytes.standard,0,0,0,0,,,,,0,0,0,0,0,0,0,0,,not_measured,pil-image-image.tobytes.standard
df5231519bb4810e6b0098560c5c791e56dc9952,true,2026-10-09T01:11:25.338187Z,48d69f9756559a7a8da696b16d93e10be849504250560e4830f3dc8ee97b4d9a,101fdb8cc2c9da7ea98da8602ac4e7879ab23c9d,false,2026-10-07T13:19:09.608307Z,8963ea465b99a6b2a2cca91ab2aa07ee321fb3a450edfd10a102f4681b3247e4,PIL.Image.Image.tobytes,PIL.Image.Image.tobytes,PIL.Image.Image.tobytes,method,endpoint,python-parallel-cpu,Pillow,,not_declared,not_declared_in_manifest_or_workload,python-cpu;python-gpu;python-simd,python-cpu,python-cpu;python-gpu;python-simd,1,0,pil-image-image.tobytes.standard,0,0,0,0,,,,,0,0,0,0,0,0,0,0,,,pil-image-image.tobytes.standard
df5231519bb4810e6b0098560c5c791e56dc9952,true,2026-10-09T01:11:25.338187Z,48d69f9756559a7a8da696b16d93e10be849504250560e4830f3dc8ee97b4d9a,101fdb8cc2c9da7ea98da8602ac4e7879ab23c9d,false,2026-10-07T13:19:09.608307Z,8963ea465b99a6b2a2cca91ab2aa07ee321fb3a450edfd10a102f4681b3247e4,PIL.Image.Image.toqimage,PIL.Image.Image.toqimage,PIL.Image.Image.toqimage,method,endpoint,python-cpu,Pillow,1.0,manifest_performance_requirement,no_benchmark_mapping,python-cpu,python-cpu,,0,0,,0,0,0,0,,,,,0,0,0,0,0,0,0,0,,,
df5231519bb4810e6b0098560c5c791e56dc9952,true,2026-10-09T01:11:25.338187Z,48d69f9756559a7a8da696b16d93e10be849504250560e4830f3dc8ee97b4d9a,101fdb8cc2c9da7ea98da8602ac4e7879ab23c9d,false,2026-10-07T13:19:09.608307Z,8963ea465b99a6b2a2cca91ab2aa07ee321fb3a450edfd10a102f4681b3247e4,PIL.Image.Image.toqimage,PIL.Image.Image.toqimage,PIL.Image.Image.toqimage,method,endpoint,python-simd,Pillow,2.0,not_declared,not_declared_in_manifest_or_workload,python-cpu,python-cpu,,0,0,,0,0,0,0,0,,,,0,0,0,0,0,0,0,0,,,
df5231519bb4810e6b0098560c5c791e56dc9952,true,2026-10-09T01:11:25.338187Z,48d69f9756559a7a8da696b16d93e10be849504250560e4830f3dc8ee97b4d9a,101fdb8cc2c9da7ea98da8602ac4e7879ab23c9d,false,2026-10-07T13:19:09.608307Z,8963ea465b99a6b2a2cca91ab2aa07ee321fb3a450edfd10a102f4681b3247e4,PIL.Image.Image.toqimage,PIL.Image.Image.toqimage,PIL.Image.Image.toqimage,method,endpoint,python-gpu,SIMD,1.0,not_declared,not_declared_in_manifest_or_workload,python-cpu,python-cpu,,0,0,,0,0,0,0,,,,,0,0,0,0,0,0,0,0,,not_measured,
df5231519bb4810e6b0098560c5c791e56dc9952,true,2026-10-09T01:11:25.338187Z,48d69f9756559a7a8da696b16d93e10be849504250560e4830f3dc8ee97b4d9a,101fdb8cc2c9da7ea98da8602ac4e7879ab23c9d,false,2026-10-07T13:19:09.608307Z,8963ea465b99a6b2a2cca91ab2aa07ee321fb3a450edfd10a102f4681b3247e4,PIL.Image.Image.toqimage,PIL.Image.Image.toqimage,PIL.Image.Image.toqimage,method,endpoint,python-parallel-cpu,Pillow,,not_declared,not_declared_in_manifest_or_workload,python-cpu,python-cpu,,0,0,,0,0,0,0,,,,,0,0,0,0,0,0,0,0,,,
df5231519bb4810e6b0098560c5c791e56dc9952,true,2026-10-09T01:11:25.338187Z,48d69f9756559a7a8da696b16d93e10be849504250560e4830f3dc8ee97b4d9a,101fdb8cc2c9da7ea98da8602ac4e7879ab23c9d,false,2026-10-07T13:19:09.608307Z,8963ea465b99a6b2a2cca91ab2aa07ee321fb3a450edfd10a102f4681b3247e4,PIL.Image.Image.toqpixmap,PIL.Image.Image.toqpixmap,PIL.Image.Image.toqpixmap,method,endpoint,python-cpu,Pillow,1.0,manifest_performance_requirement,no_benchmark_mapping,python-cpu,python-cpu,,0,0,,0,0,0,0,,,,,0,0,0,0,0,0,0,0,,,
df5231519bb4810e6b0098560c5c791e56dc9952,true,2026-10-09T01:11:25.338187Z,48d69f9756559a7a8da696b16d93e10be849504250560e4830f3dc8ee97b4d9a,101fdb8cc2c9da7ea98da8602ac4e7879ab23c9d,false,2026-10-07T13:19:09.608307Z,8963ea465b99a6b2a2cca91ab2aa07ee321fb3a450edfd10a102f4681b3247e4,PIL.Image.Image.toqpixmap,PIL.Image.Image.toqpixmap,PIL.Image.Image.toqpixmap,method,endpoint,python-simd,Pillow,2.0,not_declared,not_declared_in_manifest_or_workload,python-cpu,python-cpu,,0,0,,0,0,0,0,0,,,,0,0,0,0,0,0,0,0,,,
df5231519bb4810e6b0098560c5c791e56dc9952,true,2026-10-09T01:11:25.338187Z,48d69f9756559a7a8da696b16d93e10be849504250560e4830f3dc8ee97b4d9a,101fdb8cc2c9da7ea98da8602ac4e7879ab23c9d,false,2026-10-07T13:19:09.608307Z,8963ea465b99a6b2a2cca91ab2aa07ee321fb3a450edfd10a102f4681b3247e4,PIL.Image.Image.toqpixmap,PIL.Image.Image.toqpixmap,PIL.Image.Image.toqpixmap,method,endpoint,python-gpu,SIMD,1.0,not_declared,not_declared_in_manifest_or_workload,python-cpu,python-cpu,,0,0,,0,0,0,0,,,,,0,0,0,0,0,0,0,0,,not_measured,
df5231519bb4810e6b0098560c5c791e56dc9952,true,2026-10-09T01:11:25.338187Z,48d69f9756559a7a8da696b16d93e10be849504250560e4830f3dc8ee97b4d9a,101fdb8cc2c9da7ea98da8602ac4e7879ab23c9d,false,2026-10-07T13:19:09.608307Z,8963ea465b99a6b2a2cca91ab2aa07ee321fb3a450edfd10a102f4681b3247e4,PIL.Image.Image.toqpixmap,PIL.Image.Image.toqpixmap,PIL.Image.Image.toqpixmap,method,endpoint,python-parallel-cpu,Pillow,,not_declared,not_declared_in_manifest_or_workload,python-cpu,python-cpu,,0,0,,0,0,0,0,,,,,0,0,0,0,0,0,0,0,,,
df5231519bb4810e6b0098560c5c791e56dc9952,true,2026-10-09T01:11:25.338187Z,48d69f9756559a7a8da696b16d93e10be849504250560e4830f3dc8ee97b4d9a,101fdb8cc2c9da7ea98da8602ac4e7879ab23c9d,false,2026-10-07T13:19:09.608307Z,8963ea465b99a6b2a2cca91ab2aa07ee321fb3a450edfd10a102f4681b3247e4,PIL.Image.Image.transform,PIL.Image.Image.transform,PIL.Image.Image.transform,method,endpoint,python-cpu,Pillow,1.0,benchmark_workload,no_verified_comparison,python-cpu;python-gpu;python-simd,python-cpu,python-cpu;python-gpu;python-simd,10,9,pil-image-image.transform.standard,27,0,0,0,,,,,27,0,0,0,0,0,0,0,,,pil-image-image.transform.standard;pipeline-chain.matrix-025;pipeline-chain.matrix-075;pipeline-chain.matrix-081;pipeline-chain.matrix-082;pipeline-chain.matrix-083;pipeline-chain.matrix-084;pipeline-chain.matrix-085;pipeline-op.transform.benchmark-materialized;pipeline-op.transform.matrix-32x24
df5231519bb4810e6b0098560c5c791e56dc9952,true,2026-10-09T01:11:25.338187Z,48d69f9756559a7a8da696b16d93e10be849504250560e4830f3dc8ee97b4d9a,101fdb8cc2c9da7ea98da8602ac4e7879ab23c9d,false,2026-10-07T13:19:09.608307Z,8963ea465b99a6b2a2cca91ab2aa07ee321fb3a450edfd10a102f4681b3247e4,PIL.Image.Image.transform,PIL.Image.Image.transform,PIL.Image.Image.transform,method,endpoint,python-simd,Pillow,2.0,benchmark_workload,no_verified_comparison,python-cpu;python-gpu;python-simd,python-cpu,python-cpu;python-gpu;python-simd,10,9,pil-image-image.transform.standard,27,0,0,0,0,,,,27,0,0,0,0,0,0,0,,,pil-image-image.transform.standard;pipeline-chain.matrix-025;pipeline-chain.matrix-075;pipeline-chain.matrix-081;pipeline-chain.matrix-082;pipeline-chain.matrix-083;pipeline-chain.matrix-084;pipeline-chain.matrix-085;pipeline-op.transform.benchmark-materialized;pipeline-op.transform.matrix-32x24
df5231519bb4810e6b0098560c5c791e56dc9952,true,2026-10-09T01:11:25.338187Z,48d69f9756559a7a8da696b16d93e10be849504250560e4830f3dc8ee97b4d9a,101fdb8cc2c9da7ea98da8602ac4e7879ab23c9d,false,2026-10-07T13:19:09.608307Z,8963ea465b99a6b2a2cca91ab2aa07ee321fb3a450edfd10a102f4681b3247e4,PIL.Image.Image.transform,PIL.Image.Image.transform,PIL.Image.Image.transform,method,endpoint,python-gpu,SIMD,1.0,benchmark_workload,no_verified_comparison,python-cpu;python-gpu;python-simd,python-cpu,python-cpu;python-gpu;python-simd,10,9,pil-image-image.transform.standard,9,0,0,0,,,,,9,0,0,0,0,0,0,0,,not_measured,pil-image-image.transform.standard;pipeline-chain.matrix-025;pipeline-chain.matrix-075;pipeline-chain.matrix-081;pipeline-chain.matrix-082;pipeline-chain.matrix-083;pipeline-chain.matrix-084;pipeline-chain.matrix-085;pipeline-op.transform.benchmark-materialized;pipeline-op.transform.matrix-32x24
df5231519bb4810e6b0098560c5c791e56dc9952,true,2026-10-09T01:11:25.338187Z,48d69f9756559a7a8da696b16d93e10be849504250560e4830f3dc8ee97b4d9a,101fdb8cc2c9da7ea98da8602ac4e7879ab23c9d,false,2026-10-07T13:19:09.608307Z,8963ea465b99a6b2a2cca91ab2aa07ee321fb3a450edfd10a102f4681b3247e4,PIL.Image.Image.transform,PIL.Image.Image.transform,PIL.Image.Image.transform,method,endpoint,python-parallel-cpu,Pillow,,published_rows_only,no_verified_comparison,python-cpu;python-gpu;python-simd,python-cpu,python-cpu;python-gpu;python-simd,10,9,pil-image-image.transform.standard,27,0,0,0,,,,,27,0,0,0,0,0,0,0,,,pil-image-image.transform.standard;pipeline-chain.matrix-025;pipeline-chain.matrix-075;pipeline-chain.matrix-081;pipeline-chain.matrix-082;pipeline-chain.matrix-083;pipeline-chain.matrix-084;pipeline-chain.matrix-085;pipeline-op.transform.benchmark-materialized;pipeline-op.transform.matrix-32x24
df5231519bb4810e6b0098560c5c791e56dc9952,true,2026-10-09T01:11:25.338187Z,48d69f9756559a7a8da696b16d93e10be849504250560e4830f3dc8ee97b4d9a,101fdb8cc2c9da7ea98da8602ac4e7879ab23c9d,false,2026-10-07T13:19:09.608307Z,8963ea465b99a6b2a2cca91ab2aa07ee321fb3a450edfd10a102f4681b3247e4,PIL.Image.Image.transpose,PIL.Image.Image.transpose,PIL.Image.Image.transpose,method,endpoint,python-cpu,Pillow,1.0,benchmark_workload,no_verified_comparison,python-cpu;python-gpu;python-simd,python-cpu,python-cpu;python-gpu;python-simd,40,39,pil-image-image.transpose.standard,117,0,0,0,,,,,36,0,0,0,0,0,0,0,,,pil-image-image.transpose.standard;pipeline-chain.geometry-material.transpose-rgba-1024x768;pipeline-chain.geometry-material.transverse-rgb-1024x768;pipeline-chain.matrix-010;pipeline-chain.reviewed.transpose-flip-resize;pipeline-lifecycle.cold.transpose-twice.rgb-1024;pipeline-lifecycle.resident.transpose-twice.rgb-1024;pipeline-matrix.expanded.transpose.1024x768;pipeline-matrix.expanded.transpose.1x1;pipeline-matrix.expanded.transpose.256x256;pipeline-matrix.expanded.transpose.32x32;pipeline-matrix.transpose-tiled.hsv-768x772-rotate90.operation-materialized;pipeline-matrix.transpose-tiled.hsv-768x772-rotate90.whole-workflow;pipeline-matrix.transpose-tiled.rgb-513x515-flip.operation-materialized;pipeline-matrix.transpose-tiled.rgb-513x515-flip.whole-workflow;pipeline-matrix.transpose-tiled.rgb-513x515-mirror.operation-materialized;pipeline-matrix.transpose-tiled.rgb-513x515-mirror.whole-workflow;pipeline-matrix.transpose-tiled.rgb-513x515-rotate180.operation-materialized;pipeline-matrix.transpose-tiled.rgb-513x515-rotate180.whole-workflow;pipeline-matrix.transpose-tiled.rgb-513x515-rotate90.operation-materialized;pipeline-matrix.transpose-tiled.rgb-513x515-rotate90.whole-workflow;pipeline-matrix.transpose-tiled.rgb-768x772-rotate-cancel-mirror.operation-materialized;pipeline-matrix.transpose-tiled.rgb-768x772-rotate-cancel-mirror.whole-workflow;pipeline-matrix.transpose-tiled.rgb-768x772-rotate90.operation-materialized;pipeline-matrix.transpose-tiled.rgb-768x772-rotate90.whole-workflow;pipeline-matrix.transpose-tiled.rgba-1025x1023-transpose-mirror.operation-materialized;pipeline-matrix.transpose-tiled.rgba-1025x1023-transpose-mirror.whole-workflow;pipeline-matrix.transpose-tiled.rgba-515x513-rotate180.operation-materialized;pipeline-matrix.transpose-tiled.rgba-515x513-rotate180.whole-workflow;pipeline-matrix.transpose-tiled.rgba-515x513-rotate90.operation-materialized;pipeline-matrix.transpose-tiled.rgba-515x513-rotate90.whole-workflow;pipeline-matrix.transpose-tiled.rgba-768x769-rotate90.operation-materialized;pipeline-matrix.transpose-tiled.rgba-768x769-rotate90.whole-workflow;pipeline-matrix.transpose-tiled.rgba-772x768-transpose-mirror.operation-materialized;pipeline-matrix.transpose-tiled.rgba-772x768-transpose-mirror.whole-workflow;pipeline-matrix.transpose-tiled.rgba-9x31-transpose-mirror.operation-materialized;pipeline-matrix.transpose-tiled.rgba-9x31-transpose-mirror.whole-workflow;pipeline-op.transpose.benchmark-materialized;pipeline-op.transpose.matrix-32x24;pipeline.quick.transpose-twice.rgb-1024
df5231519bb4810e6b0098560c5c791e56dc9952,true,2026-10-09T01:11:25.338187Z,48d69f9756559a7a8da696b16d93e10be849504250560e4830f3dc8ee97b4d9a,101fdb8cc2c9da7ea98da8602ac4e7879ab23c9d,false,2026-10-07T13:19:09.608307Z,8963ea465b99a6b2a2cca91ab2aa07ee321fb3a450edfd10a102f4681b3247e4,PIL.Image.Image.transpose,PIL.Image.Image.transpose,PIL.Image.Image.transpose,method,endpoint,python-simd,Pillow,2.0,benchmark_workload,no_verified_comparison,python-cpu;python-gpu;python-simd,python-cpu,python-cpu;python-gpu;python-simd,40,39,pil-image-image.transpose.standard,117,0,0,0,0,,,,36,0,0,0,0,0,0,0,,,pil-image-image.transpose.standard;pipeline-chain.geometry-material.transpose-rgba-1024x768;pipeline-chain.geometry-material.transverse-rgb-1024x768;pipeline-chain.matrix-010;pipeline-chain.reviewed.transpose-flip-resize;pipeline-lifecycle.cold.transpose-twice.rgb-1024;pipeline-lifecycle.resident.transpose-twice.rgb-1024;pipeline-matrix.expanded.transpose.1024x768;pipeline-matrix.expanded.transpose.1x1;pipeline-matrix.expanded.transpose.256x256;pipeline-matrix.expanded.transpose.32x32;pipeline-matrix.transpose-tiled.hsv-768x772-rotate90.operation-materialized;pipeline-matrix.transpose-tiled.hsv-768x772-rotate90.whole-workflow;pipeline-matrix.transpose-tiled.rgb-513x515-flip.operation-materialized;pipeline-matrix.transpose-tiled.rgb-513x515-flip.whole-workflow;pipeline-matrix.transpose-tiled.rgb-513x515-mirror.operation-materialized;pipeline-matrix.transpose-tiled.rgb-513x515-mirror.whole-workflow;pipeline-matrix.transpose-tiled.rgb-513x515-rotate180.operation-materialized;pipeline-matrix.transpose-tiled.rgb-513x515-rotate180.whole-workflow;pipeline-matrix.transpose-tiled.rgb-513x515-rotate90.operation-materialized;pipeline-matrix.transpose-tiled.rgb-513x515-rotate90.whole-workflow;pipeline-matrix.transpose-tiled.rgb-768x772-rotate-cancel-mirror.operation-materialized;pipeline-matrix.transpose-tiled.rgb-768x772-rotate-cancel-mirror.whole-workflow;pipeline-matrix.transpose-tiled.rgb-768x772-rotate90.operation-materialized;pipeline-matrix.transpose-tiled.rgb-768x772-rotate90.whole-workflow;pipeline-matrix.transpose-tiled.rgba-1025x1023-transpose-mirror.operation-materialized;pipeline-matrix.transpose-tiled.rgba-1025x1023-transpose-mirror.whole-workflow;pipeline-matrix.transpose-tiled.rgba-515x513-rotate180.operation-materialized;pipeline-matrix.transpose-tiled.rgba-515x513-rotate180.whole-workflow;pipeline-matrix.transpose-tiled.rgba-515x513-rotate90.operation-materialized;pipeline-matrix.transpose-tiled.rgba-515x513-rotate90.whole-workflow;pipeline-matrix.transpose-tiled.rgba-768x769-rotate90.operation-materialized;pipeline-matrix.transpose-tiled.rgba-768x769-rotate90.whole-workflow;pipeline-matrix.transpose-tiled.rgba-772x768-transpose-mirror.operation-materialized;pipeline-matrix.transpose-tiled.rgba-772x768-transpose-mirror.whole-workflow;pipeline-matrix.transpose-tiled.rgba-9x31-transpose-mirror.operation-materialized;pipeline-matrix.transpose-tiled.rgba-9x31-transpose-mirror.whole-workflow;pipeline-op.transpose.benchmark-materialized;pipeline-op.transpose.matrix-32x24;pipeline.quick.transpose-twice.rgb-1024
df5231519bb4810e6b0098560c5c791e56dc9952,true,2026-10-09T01:11:25.338187Z,48d69f9756559a7a8da696b16d93e10be849504250560e4830f3dc8ee97b4d9a,101fdb8cc2c9da7ea98da8602ac4e7879ab23c9d,false,2026-10-07T13:19:09.608307Z,8963ea465b99a6b2a2cca91ab2aa07ee321fb3a450edfd10a102f4681b3247e4,PIL.Image.Image.transpose,PIL.Image.Image.transpose,PIL.Image.Image.transpose,method,endpoint,python-gpu,SIMD,1.0,benchmark_workload,no_verified_comparison,python-cpu;python-gpu;python-simd,python-cpu,python-cpu;python-gpu;python-simd,40,39,pil-image-image.transpose.standard,39,0,0,0,,,,,12,0,0,0,0,0,0,0,,not_measured,pil-image-image.transpose.standard;pipeline-chain.geometry-material.transpose-rgba-1024x768;pipeline-chain.geometry-material.transverse-rgb-1024x768;pipeline-chain.matrix-010;pipeline-chain.reviewed.transpose-flip-resize;pipeline-lifecycle.cold.transpose-twice.rgb-1024;pipeline-lifecycle.resident.transpose-twice.rgb-1024;pipeline-matrix.expanded.transpose.1024x768;pipeline-matrix.expanded.transpose.1x1;pipeline-matrix.expanded.transpose.256x256;pipeline-matrix.expanded.transpose.32x32;pipeline-matrix.transpose-tiled.hsv-768x772-rotate90.operation-materialized;pipeline-matrix.transpose-tiled.hsv-768x772-rotate90.whole-workflow;pipeline-matrix.transpose-tiled.rgb-513x515-flip.operation-materialized;pipeline-matrix.transpose-tiled.rgb-513x515-flip.whole-workflow;pipeline-matrix.transpose-tiled.rgb-513x515-mirror.operation-materialized;pipeline-matrix.transpose-tiled.rgb-513x515-mirror.whole-workflow;pipeline-matrix.transpose-tiled.rgb-513x515-rotate180.operation-materialized;pipeline-matrix.transpose-tiled.rgb-513x515-rotate180.whole-workflow;pipeline-matrix.transpose-tiled.rgb-513x515-rotate90.operation-materialized;pipeline-matrix.transpose-tiled.rgb-513x515-rotate90.whole-workflow;pipeline-matrix.transpose-tiled.rgb-768x772-rotate-cancel-mirror.operation-materialized;pipeline-matrix.transpose-tiled.rgb-768x772-rotate-cancel-mirror.whole-workflow;pipeline-matrix.transpose-tiled.rgb-768x772-rotate90.operation-materialized;pipeline-matrix.transpose-tiled.rgb-768x772-rotate90.whole-workflow;pipeline-matrix.transpose-tiled.rgba-1025x1023-transpose-mirror.operation-materialized;pipeline-matrix.transpose-tiled.rgba-1025x1023-transpose-mirror.whole-workflow;pipeline-matrix.transpose-tiled.rgba-515x513-rotate180.operation-materialized;pipeline-matrix.transpose-tiled.rgba-515x513-rotate180.whole-workflow;pipeline-matrix.transpose-tiled.rgba-515x513-rotate90.operation-materialized;pipeline-matrix.transpose-tiled.rgba-515x513-rotate90.whole-workflow;pipeline-matrix.transpose-tiled.rgba-768x769-rotate90.operation-materialized;pipeline-matrix.transpose-tiled.rgba-768x769-rotate90.whole-workflow;pipeline-matrix.transpose-tiled.rgba-772x768-transpose-mirror.operation-materialized;pipeline-matrix.transpose-tiled.rgba-772x768-transpose-mirror.whole-workflow;pipeline-matrix.transpose-tiled.rgba-9x31-transpose-mirror.operation-materialized;pipeline-matrix.transpose-tiled.rgba-9x31-transpose-mirror.whole-workflow;pipeline-op.transpose.benchmark-materialized;pipeline-op.transpose.matrix-32x24;pipeline.quick.transpose-twice.rgb-1024
df5231519bb4810e6b0098560c5c791e56dc9952,true,2026-10-09T01:11:25.338187Z,48d69f9756559a7a8da696b16d93e10be849504250560e4830f3dc8ee97b4d9a,101fdb8cc2c9da7ea98da8602ac4e7879ab23c9d,false,2026-10-07T13:19:09.608307Z,8963ea465b99a6b2a2cca91ab2aa07ee321fb3a450edfd10a102f4681b3247e4,PIL.Image.Image.transpose,PIL.Image.Image.transpose,PIL.Image.Image.transpose,method,endpoint,python-parallel-cpu,Pillow,,published_rows_only,no_verified_comparison,python-cpu;python-gpu;python-simd,python-cpu,python-cpu;python-gpu;python-simd,40,39,pil-image-image.transpose.standard,117,0,0,0,,,,,36,0,0,0,0,0,0,0,,,pil-image-image.transpose.standard;pipeline-chain.geometry-material.transpose-rgba-1024x768;pipeline-chain.geometry-material.transverse-rgb-1024x768;pipeline-chain.matrix-010;pipeline-chain.reviewed.transpose-flip-resize;pipeline-lifecycle.cold.transpose-twice.rgb-1024;pipeline-lifecycle.resident.transpose-twice.rgb-1024;pipeline-matrix.expanded.transpose.1024x768;pipeline-matrix.expanded.transpose.1x1;pipeline-matrix.expanded.transpose.256x256;pipeline-matrix.expanded.transpose.32x32;pipeline-matrix.transpose-tiled.hsv-768x772-rotate90.operation-materialized;pipeline-matrix.transpose-tiled.hsv-768x772-rotate90.whole-workflow;pipeline-matrix.transpose-tiled.rgb-513x515-flip.operation-materialized;pipeline-matrix.transpose-tiled.rgb-513x515-flip.whole-workflow;pipeline-matrix.transpose-tiled.rgb-513x515-mirror.operation-materialized;pipeline-matrix.transpose-tiled.rgb-513x515-mirror.whole-workflow;pipeline-matrix.transpose-tiled.rgb-513x515-rotate180.operation-materialized;pipeline-matrix.transpose-tiled.rgb-513x515-rotate180.whole-workflow;pipeline-matrix.transpose-tiled.rgb-513x515-rotate90.operation-materialized;pipeline-matrix.transpose-tiled.rgb-513x515-rotate90.whole-workflow;pipeline-matrix.transpose-tiled.rgb-768x772-rotate-cancel-mirror.operation-materialized;pipeline-matrix.transpose-tiled.rgb-768x772-rotate-cancel-mirror.whole-workflow;pipeline-matrix.transpose-tiled.rgb-768x772-rotate90.operation-materialized;pipeline-matrix.transpose-tiled.rgb-768x772-rotate90.whole-workflow;pipeline-matrix.transpose-tiled.rgba-1025x1023-transpose-mirror.operation-materialized;pipeline-matrix.transpose-tiled.rgba-1025x1023-transpose-mirror.whole-workflow;pipeline-matrix.transpose-tiled.rgba-515x513-rotate180.operation-materialized;pipeline-matrix.transpose-tiled.rgba-515x513-rotate180.whole-workflow;pipeline-matrix.transpose-tiled.rgba-515x513-rotate90.operation-materialized;pipeline-matrix.transpose-tiled.rgba-515x513-rotate90.whole-workflow;pipeline-matrix.transpose-tiled.rgba-768x769-rotate90.operation-materialized;pipeline-matrix.transpose-tiled.rgba-768x769-rotate90.whole-workflow;pipeline-matrix.transpose-tiled.rgba-772x768-transpose-mirror.operation-materialized;pipeline-matrix.transpose-tiled.rgba-772x768-transpose-mirror.whole-workflow;pipeline-matrix.transpose-tiled.rgba-9x31-transpose-mirror.operation-materialized;pipeline-matrix.transpose-tiled.rgba-9x31-transpose-mirror.whole-workflow;pipeline-op.transpose.benchmark-materialized;pipeline-op.transpose.matrix-32x24;pipeline.quick.transpose-twice.rgb-1024
df5231519bb4810e6b0098560c5c791e56dc9952,true,2026-10-09T01:11:25.338187Z,48d69f9756559a7a8da696b16d93e10be849504250560e4830f3dc8ee97b4d9a,101fdb8cc2c9da7ea98da8602ac4e7879ab23c9d,false,2026-10-07T13:19:09.608307Z,8963ea465b99a6b2a2cca91ab2aa07ee321fb3a450edfd10a102f4681b3247e4,PIL.Image.Image.verify,PIL.Image.Image.verify,PIL.Image.Image.verify,method,endpoint,python-cpu,Pillow,1.0,benchmark_workload,no_verified_comparison,python-cpu;python-gpu;python-simd,python-cpu,python-cpu;python-gpu;python-simd,4,3,pil-image-image.verify.standard,9,0,0,0,,,,,9,0,0,0,0,0,0,0,,,pil-image-image.verify.standard;pipeline-chain.matrix-030;pipeline-chain.matrix-031;pipeline-chain.matrix-034
df5231519bb4810e6b0098560c5c791e56dc9952,true,2026-10-09T01:11:25.338187Z,48d69f9756559a7a8da696b16d93e10be849504250560e4830f3dc8ee97b4d9a,101fdb8cc2c9da7ea98da8602ac4e7879ab23c9d,false,2026-10-07T13:19:09.608307Z,8963ea465b99a6b2a2cca91ab2aa07ee321fb3a450edfd10a102f4681b3247e4,PIL.Image.Image.verify,PIL.Image.Image.verify,PIL.Image.Image.verify,method,endpoint,python-simd,Pillow,2.0,benchmark_workload,no_verified_comparison,python-cpu;python-gpu;python-simd,python-cpu,python-cpu;python-gpu;python-simd,4,3,pil-image-image.verify.standard,9,0,0,0,0,,,,9,0,0,0,0,0,0,0,,,pil-image-image.verify.standard;pipeline-chain.matrix-030;pipeline-chain.matrix-031;pipeline-chain.matrix-034
df5231519bb4810e6b0098560c5c791e56dc9952,true,2026-10-09T01:11:25.338187Z,48d69f9756559a7a8da696b16d93e10be849504250560e4830f3dc8ee97b4d9a,101fdb8cc2c9da7ea98da8602ac4e7879ab23c9d,false,2026-10-07T13:19:09.608307Z,8963ea465b99a6b2a2cca91ab2aa07ee321fb3a450edfd10a102f4681b3247e4,PIL.Image.Image.verify,PIL.Image.Image.verify,PIL.Image.Image.verify,method,endpoint,python-gpu,SIMD,1.0,benchmark_workload,no_verified_comparison,python-cpu;python-gpu;python-simd,python-cpu,python-cpu;python-gpu;python-simd,4,3,pil-image-image.verify.standard,3,0,0,0,,,,,3,0,0,0,0,0,0,0,,not_measured,pil-image-image.verify.standard;pipeline-chain.matrix-030;pipeline-chain.matrix-031;pipeline-chain.matrix-034
df5231519bb4810e6b0098560c5c791e56dc9952,true,2026-10-09T01:11:25.338187Z,48d69f9756559a7a8da696b16d93e10be849504250560e4830f3dc8ee97b4d9a,101fdb8cc2c9da7ea98da8602ac4e7879ab23c9d,false,2026-10-07T13:19:09.608307Z,8963ea465b99a6b2a2cca91ab2aa07ee321fb3a450edfd10a102f4681b3247e4,PIL.Image.Image.verify,PIL.Image.Image.verify,PIL.Image.Image.verify,method,endpoint,python-parallel-cpu,Pillow,,published_rows_only,no_verified_comparison,python-cpu;python-gpu;python-simd,python-cpu,python-cpu;python-gpu;python-simd,4,3,pil-image-image.verify.standard,9,0,0,0,,,,,9,0,0,0,0,0,0,0,,,pil-image-image.verify.standard;pipeline-chain.matrix-030;pipeline-chain.matrix-031;pipeline-chain.matrix-034
df5231519bb4810e6b0098560c5c791e56dc9952,true,2026-10-09T01:11:25.338187Z,48d69f9756559a7a8da696b16d93e10be849504250560e4830f3dc8ee97b4d9a,101fdb8cc2c9da7ea98da8602ac4e7879ab23c9d,false,2026-10-07T13:19:09.608307Z,8963ea465b99a6b2a2cca91ab2aa07ee321fb3a450edfd10a102f4681b3247e4,PIL.Image.Image.width,PIL.Image.Image.width,PIL.Image.Image.width,property_get,endpoint,python-cpu,Pillow,1.0,benchmark_workload,not_in_published_snapshot,python-cpu;python-gpu;python-simd,python-cpu,python-cpu;python-gpu;python-simd,1,0,pil-image-image.width.standard,0,0,0,0,,,,,0,0,0,0,0,0,0,0,,,pil-image-image.width.standard
df5231519bb4810e6b0098560c5c791e56dc9952,true,2026-10-09T01:11:25.338187Z,48d69f9756559a7a8da696b16d93e10be849504250560e4830f3dc8ee97b4d9a,101fdb8cc2c9da7ea98da8602ac4e7879ab23c9d,false,2026-10-07T13:19:09.608307Z,8963ea465b99a6b2a2cca91ab2aa07ee321fb3a450edfd10a102f4681b3247e4,PIL.Image.Image.width,PIL.Image.Image.width,PIL.Image.Image.width,property_get,endpoint,python-simd,Pillow,2.0,benchmark_workload,not_in_published_snapshot,python-cpu;python-gpu;python-simd,python-cpu,python-cpu;python-gpu;python-simd,1,0,pil-image-image.width.standard,0,0,0,0,0,,,,0,0,0,0,0,0,0,0,,,pil-image-image.width.standard
df5231519bb4810e6b0098560c5c791e56dc9952,true,2026-10-09T01:11:25.338187Z,48d69f9756559a7a8da696b16d93e10be849504250560e4830f3dc8ee97b4d9a,101fdb8cc2c9da7ea98da8602ac4e7879ab23c9d,false,2026-10-07T13:19:09.608307Z,8963ea465b99a6b2a2cca91ab2aa07ee321fb3a450edfd10a102f4681b3247e4,PIL.Image.Image.width,PIL.Image.Image.width,PIL.Image.Image.width,property_get,endpoint,python-gpu,SIMD,1.0,benchmark_workload,not_in_published_snapshot,python-cpu;python-gpu;python-simd,python-cpu,python-cpu;python-gpu;python-simd,1,0,pil-image-image.width.standard,0,0,0,0,,,,,0,0,0,0,0,0,0,0,,not_measured,pil-image-image.width.standard
df5231519bb4810e6b0098560c5c791e56dc9952,true,2026-10-09T01:11:25.338187Z,48d69f9756559a7a8da696b16d93e10be849504250560e4830f3dc8ee97b4d9a,101fdb8cc2c9da7ea98da8602ac4e7879ab23c9d,false,2026-10-07T13:19:09.608307Z,8963ea465b99a6b2a2cca91ab2aa07ee321fb3a450edfd10a102f4681b3247e4,PIL.Image.Image.width,PIL.Image.Image.width,PIL.Image.Image.width,property_get,endpoint,python-parallel-cpu,Pillow,,not_declared,not_declared_in_manifest_or_workload,python-cpu;python-gpu;python-simd,python-cpu,python-cpu;python-gpu;python-simd,1,0,pil-image-image.width.standard,0,0,0,0,,,,,0,0,0,0,0,0,0,0,,,pil-image-image.width.standard
df5231519bb4810e6b0098560c5c791e56dc9952,true,2026-10-09T01:11:25.338187Z,48d69f9756559a7a8da696b16d93e10be849504250560e4830f3dc8ee97b4d9a,101fdb8cc2c9da7ea98da8602ac4e7879ab23c9d,false,2026-10-07T13:19:09.608307Z,8963ea465b99a6b2a2cca91ab2aa07ee321fb3a450edfd10a102f4681b3247e4,PIL.Image.alpha_composite,PIL.Image.alpha_composite,PIL.Image.alpha_composite,function,endpoint,python-cpu,Pillow,1.0,benchmark_workload,not_in_published_snapshot,python-cpu;python-gpu;python-simd,python-cpu,python-cpu;python-gpu;python-simd,1,0,pil-image.alpha-composite.standard,0,0,0,0,,,,,0,0,0,0,0,0,0,0,,,pil-image.alpha-composite.standard
df5231519bb4810e6b0098560c5c791e56dc9952,true,2026-10-09T01:11:25.338187Z,48d69f9756559a7a8da696b16d93e10be849504250560e4830f3dc8ee97b4d9a,101fdb8cc2c9da7ea98da8602ac4e7879ab23c9d,false,2026-10-07T13:19:09.608307Z,8963ea465b99a6b2a2cca91ab2aa07ee321fb3a450edfd10a102f4681b3247e4,PIL.Image.alpha_composite,PIL.Image.alpha_composite,PIL.Image.alpha_composite,function,endpoint,python-simd,Pillow,2.0,benchmark_workload,not_in_published_snapshot,python-cpu;python-gpu;python-simd,python-cpu,python-cpu;python-gpu;python-simd,1,0,pil-image.alpha-composite.standard,0,0,0,0,0,,,,0,0,0,0,0,0,0,0,,,pil-image.alpha-composite.standard
df5231519bb4810e6b0098560c5c791e56dc9952,true,2026-10-09T01:11:25.338187Z,48d69f9756559a7a8da696b16d93e10be849504250560e4830f3dc8ee97b4d9a,101fdb8cc2c9da7ea98da8602ac4e7879ab23c9d,false,2026-10-07T13:19:09.608307Z,8963ea465b99a6b2a2cca91ab2aa07ee321fb3a450edfd10a102f4681b3247e4,PIL.Image.alpha_composite,PIL.Image.alpha_composite,PIL.Image.alpha_composite,function,endpoint,python-gpu,SIMD,1.0,benchmark_workload,not_in_published_snapshot,python-cpu;python-gpu;python-simd,python-cpu,python-cpu;python-gpu;python-simd,1,0,pil-image.alpha-composite.standard,0,0,0,0,,,,,0,0,0,0,0,0,0,0,,not_measured,pil-image.alpha-composite.standard
df5231519bb4810e6b0098560c5c791e56dc9952,true,2026-10-09T01:11:25.338187Z,48d69f9756559a7a8da696b16d93e10be849504250560e4830f3dc8ee97b4d9a,101fdb8cc2c9da7ea98da8602ac4e7879ab23c9d,false,2026-10-07T13:19:09.608307Z,8963ea465b99a6b2a2cca91ab2aa07ee321fb3a450edfd10a102f4681b3247e4,PIL.Image.alpha_composite,PIL.Image.alpha_composite,PIL.Image.alpha_composite,function,endpoint,python-parallel-cpu,Pillow,,not_declared,not_declared_in_manifest_or_workload,python-cpu;python-gpu;python-simd,python-cpu,python-cpu;python-gpu;python-simd,1,0,pil-image.alpha-composite.standard,0,0,0,0,,,,,0,0,0,0,0,0,0,0,,,pil-image.alpha-composite.standard
df5231519bb4810e6b0098560c5c791e56dc9952,true,2026-10-09T01:11:25.338187Z,48d69f9756559a7a8da696b16d93e10be849504250560e4830f3dc8ee97b4d9a,101fdb8cc2c9da7ea98da8602ac4e7879ab23c9d,false,2026-10-07T13:19:09.608307Z,8963ea465b99a6b2a2cca91ab2aa07ee321fb3a450edfd10a102f4681b3247e4,PIL.Image.blend,PIL.Image.blend,PIL.Image.blend,function,endpoint,python-cpu,Pillow,1.0,benchmark_workload,no_verified_comparison,python-cpu;python-gpu;python-simd,python-cpu,python-cpu;python-gpu;python-simd,3,2,pil-image.blend.standard,6,0,0,0,,,,,4,2,0,0,0,0,0,0,,,pil-image.blend.standard;pipeline-op.blendmodule.benchmark-materialized;pipeline-op.blendmodule.matrix-32x24
df5231519bb4810e6b0098560c5c791e56dc9952,true,2026-10-09T01:11:25.338187Z,48d69f9756559a7a8da696b16d93e10be849504250560e4830f3dc8ee97b4d9a,101fdb8cc2c9da7ea98da8602ac4e7879ab23c9d,false,2026-10-07T13:19:09.608307Z,8963ea465b99a6b2a2cca91ab2aa07ee321fb3a450edfd10a102f4681b3247e4,PIL.Image.blend,PIL.Image.blend,PIL.Image.blend,function,endpoint,python-simd,Pillow,2.0,benchmark_workload,no_verified_comparison,python-cpu;python-gpu;python-simd,python-cpu,python-cpu;python-gpu;python-simd,3,2,pil-image.blend.standard,6,0,0,0,0,,,,4,0,2,0,0,0,0,0,,,pil-image.blend.standard;pipeline-op.blendmodule.benchmark-materialized;pipeline-op.blendmodule.matrix-32x24
df5231519bb4810e6b0098560c5c791e56dc9952,true,2026-10-09T01:11:25.338187Z,48d69f9756559a7a8da696b16d93e10be849504250560e4830f3dc8ee97b4d9a,101fdb8cc2c9da7ea98da8602ac4e7879ab23c9d,false,2026-10-07T13:19:09.608307Z,8963ea465b99a6b2a2cca91ab2aa07ee321fb3a450edfd10a102f4681b3247e4,PIL.Image.blend,PIL.Image.blend,PIL.Image.blend,function,endpoint,python-gpu,SIMD,1.0,benchmark_workload,no_verified_comparison,python-cpu;python-gpu;python-simd,python-cpu,python-cpu;python-gpu;python-simd,3,2,pil-image.blend.standard,2,0,0,0,,,,,2,0,0,0,0,0,0,0,,not_measured,pil-image.blend.standard;pipeline-op.blendmodule.benchmark-materialized;pipeline-op.blendmodule.matrix-32x24
df5231519bb4810e6b0098560c5c791e56dc9952,true,2026-10-09T01:11:25.338187Z,48d69f9756559a7a8da696b16d93e10be849504250560e4830f3dc8ee97b4d9a,101fdb8cc2c9da7ea98da8602ac4e7879ab23c9d,false,2026-10-07T13:19:09.608307Z,8963ea465b99a6b2a2cca91ab2aa07ee321fb3a450edfd10a102f4681b3247e4,PIL.Image.blend,PIL.Image.blend,PIL.Image.blend,function,endpoint,python-parallel-cpu,Pillow,,published_rows_only,no_verified_comparison,python-cpu;python-gpu;python-simd,python-cpu,python-cpu;python-gpu;python-simd,3,2,pil-image.blend.standard,6,0,0,0,,,,,6,0,0,0,0,0,0,0,,,pil-image.blend.standard;pipeline-op.blendmodule.benchmark-materialized;pipeline-op.blendmodule.matrix-32x24
df5231519bb4810e6b0098560c5c791e56dc9952,true,2026-10-09T01:11:25.338187Z,48d69f9756559a7a8da696b16d93e10be849504250560e4830f3dc8ee97b4d9a,101fdb8cc2c9da7ea98da8602ac4e7879ab23c9d,false,2026-10-07T13:19:09.608307Z,8963ea465b99a6b2a2cca91ab2aa07ee321fb3a450edfd10a102f4681b3247e4,PIL.Image.composite,PIL.Image.composite,PIL.Image.composite,function,endpoint,python-cpu,Pillow,1.0,benchmark_workload,no_verified_comparison,python-cpu;python-gpu;python-simd,python-cpu,python-cpu;python-gpu;python-simd,3,2,pil-image.composite.standard,6,0,0,0,,,,,6,0,0,0,0,0,0,0,,,pil-image.composite.standard;pipeline-op.compositemodule.benchmark-materialized;pipeline-op.compositemodule.matrix-32x24
df5231519bb4810e6b0098560c5c791e56dc9952,true,2026-10-09T01:11:25.338187Z,48d69f9756559a7a8da696b16d93e10be849504250560e4830f3dc8ee97b4d9a,101fdb8cc2c9da7ea98da8602ac4e7879ab23c9d,false,2026-10-07T13:19:09.608307Z,8963ea465b99a6b2a2cca91ab2aa07ee321fb3a450edfd10a102f4681b3247e4,PIL.Image.composite,PIL.Image.composite,PIL.Image.composite,function,endpoint,python-simd,Pillow,2.0,benchmark_workload,no_verified_comparison,python-cpu;python-gpu;python-simd,python-cpu,python-cpu;python-gpu;python-simd,3,2,pil-image.composite.standard,6,0,0,0,0,,,,6,0,0,0,0,0,0,0,,,pil-image.composite.standard;pipeline-op.compositemodule.benchmark-materialized;pipeline-op.compositemodule.matrix-32x24
df5231519bb4810e6b0098560c5c791e56dc9952,true,2026-10-09T01:11:25.338187Z,48d69f9756559a7a8da696b16d93e10be849504250560e4830f3dc8ee97b4d9a,101fdb8cc2c9da7ea98da8602ac4e7879ab23c9d,false,2026-10-07T13:19:09.608307Z,8963ea465b99a6b2a2cca91ab2aa07ee321fb3a450edfd10a102f4681b3247e4,PIL.Image.composite,PIL.Image.composite,PIL.Image.composite,function,endpoint,python-gpu,SIMD,1.0,benchmark_workload,no_verified_comparison,python-cpu;python-gpu;python-simd,python-cpu,python-cpu;python-gpu;python-simd,3,2,pil-image.composite.standard,2,0,0,0,,,,,2,0,0,0,0,0,0,0,,not_measured,pil-image.composite.standard;pipeline-op.compositemodule.benchmark-materialized;pipeline-op.compositemodule.matrix-32x24
df5231519bb4810e6b0098560c5c791e56dc9952,true,2026-10-09T01:11:25.338187Z,48d69f9756559a7a8da696b16d93e10be849504250560e4830f3dc8ee97b4d9a,101fdb8cc2c9da7ea98da8602ac4e7879ab23c9d,false,2026-10-07T13:19:09.608307Z,8963ea465b99a6b2a2cca91ab2aa07ee321fb3a450edfd10a102f4681b3247e4,PIL.Image.composite,PIL.Image.composite,PIL.Image.composite,function,endpoint,python-parallel-cpu,Pillow,,published_rows_only,no_verified_comparison,python-cpu;python-gpu;python-simd,python-cpu,python-cpu;python-gpu;python-simd,3,2,pil-image.composite.standard,6,0,0,0,,,,,6,0,0,0,0,0,0,0,,,pil-image.composite.standard;pipeline-op.compositemodule.benchmark-materialized;pipeline-op.compositemodule.matrix-32x24
df5231519bb4810e6b0098560c5c791e56dc9952,true,2026-10-09T01:11:25.338187Z,48d69f9756559a7a8da696b16d93e10be849504250560e4830f3dc8ee97b4d9a,101fdb8cc2c9da7ea98da8602ac4e7879ab23c9d,false,2026-10-07T13:19:09.608307Z,8963ea465b99a6b2a2cca91ab2aa07ee321fb3a450edfd10a102f4681b3247e4,PIL.Image.effect_mandelbrot,PIL.Image.effect_mandelbrot,PIL.Image.effect_mandelbrot,function,endpoint,python-cpu,Pillow,1.0,benchmark_workload,no_verified_comparison,python-cpu;python-gpu;python-simd,python-cpu,python-cpu;python-gpu;python-simd,2,1,pil-image.effect-mandelbrot.standard,3,0,0,0,,,,,3,0,0,0,0,0,0,0,,,pil-image.effect-mandelbrot.standard;pipeline-op.effectmandelbrot.benchmark-materialized
df5231519bb4810e6b0098560c5c791e56dc9952,true,2026-10-09T01:11:25.338187Z,48d69f9756559a7a8da696b16d93e10be849504250560e4830f3dc8ee97b4d9a,101fdb8cc2c9da7ea98da8602ac4e7879ab23c9d,false,2026-10-07T13:19:09.608307Z,8963ea465b99a6b2a2cca91ab2aa07ee321fb3a450edfd10a102f4681b3247e4,PIL.Image.effect_mandelbrot,PIL.Image.effect_mandelbrot,PIL.Image.effect_mandelbrot,function,endpoint,python-simd,Pillow,2.0,benchmark_workload,no_verified_comparison,python-cpu;python-gpu;python-simd,python-cpu,python-cpu;python-gpu;python-simd,2,1,pil-image.effect-mandelbrot.standard,3,0,0,0,0,,,,3,0,0,0,0,0,0,0,,,pil-image.effect-mandelbrot.standard;pipeline-op.effectmandelbrot.benchmark-materialized
df5231519bb4810e6b0098560c5c791e56dc9952,true,2026-10-09T01:11:25.338187Z,48d69f9756559a7a8da696b16d93e10be849504250560e4830f3dc8ee97b4d9a,101fdb8cc2c9da7ea98da8602ac4e7879ab23c9d,false,2026-10-07T13:19:09.608307Z,8963ea465b99a6b2a2cca91ab2aa07ee321fb3a450edfd10a102f4681b3247e4,PIL.Image.effect_mandelbrot,PIL.Image.effect_mandelbrot,PIL.Image.effect_mandelbrot,function,endpoint,python-gpu,SIMD,1.0,benchmark_workload,no_verified_comparison,python-cpu;python-gpu;python-simd,python-cpu,python-cpu;python-gpu;python-simd,2,1,pil-image.effect-mandelbrot.standard,1,0,0,0,,,,,1,0,0,0,0,0,0,0,,not_measured,pil-image.effect-mandelbrot.standard;pipeline-op.effectmandelbrot.benchmark-materialized
df5231519bb4810e6b0098560c5c791e56dc9952,true,2026-10-09T01:11:25.338187Z,48d69f9756559a7a8da696b16d93e10be849504250560e4830f3dc8ee97b4d9a,101fdb8cc2c9da7ea98da8602ac4e7879ab23c9d,false,2026-10-07T13:19:09.608307Z,8963ea465b99a6b2a2cca91ab2aa07ee321fb3a450edfd10a102f4681b3247e4,PIL.Image.effect_mandelbrot,PIL.Image.effect_mandelbrot,PIL.Image.effect_mandelbrot,function,endpoint,python-parallel-cpu,Pillow,,published_rows_only,no_verified_comparison,python-cpu;python-gpu;python-simd,python-cpu,python-cpu;python-gpu;python-simd,2,1,pil-image.effect-mandelbrot.standard,3,0,0,0,,,,,3,0,0,0,0,0,0,0,,,pil-image.effect-mandelbrot.standard;pipeline-op.effectmandelbrot.benchmark-materialized
df5231519bb4810e6b0098560c5c791e56dc9952,true,2026-10-09T01:11:25.338187Z,48d69f9756559a7a8da696b16d93e10be849504250560e4830f3dc8ee97b4d9a,101fdb8cc2c9da7ea98da8602ac4e7879ab23c9d,false,2026-10-07T13:19:09.608307Z,8963ea465b99a6b2a2cca91ab2aa07ee321fb3a450edfd10a102f4681b3247e4,PIL.Image.effect_noise,PIL.Image.effect_noise,PIL.Image.effect_noise,function,endpoint,python-cpu,Pillow,1.0,benchmark_workload,no_verified_comparison,python-cpu;python-gpu;python-simd,python-cpu,python-cpu;python-gpu;python-simd,2,1,pil-image.effect-noise.standard,3,0,0,0,,,,,3,0,0,0,0,0,0,0,,,pil-image.effect-noise.standard;pipeline-op.effectnoise.benchmark-materialized
df5231519bb4810e6b0098560c5c791e56dc9952,true,2026-10-09T01:11:25.338187Z,48d69f9756559a7a8da696b16d93e10be849504250560e4830f3dc8ee97b4d9a,101fdb8cc2c9da7ea98da8602ac4e7879ab23c9d,false,2026-10-07T13:19:09.608307Z,8963ea465b99a6b2a2cca91ab2aa07ee321fb3a450edfd10a102f4681b3247e4,PIL.Image.effect_noise,PIL.Image.effect_noise,PIL.Image.effect_noise,function,endpoint,python-simd,Pillow,2.0,benchmark_workload,no_verified_comparison,python-cpu;python-gpu;python-simd,python-cpu,python-cpu;python-gpu;python-simd,2,1,pil-image.effect-noise.standard,3,0,0,0,0,,,,3,0,0,0,0,0,0,0,,,pil-image.effect-noise.standard;pipeline-op.effectnoise.benchmark-materialized
df5231519bb4810e6b0098560c5c791e56dc9952,true,2026-10-09T01:11:25.338187Z,48d69f9756559a7a8da696b16d93e10be849504250560e4830f3dc8ee97b4d9a,101fdb8cc2c9da7ea98da8602ac4e7879ab23c9d,false,2026-10-07T13:19:09.608307Z,8963ea465b99a6b2a2cca91ab2aa07ee321fb3a450edfd10a102f4681b3247e4,PIL.Image.effect_noise,PIL.Image.effect_noise,PIL.Image.effect_noise,function,endpoint,python-gpu,SIMD,1.0,benchmark_workload,no_verified_comparison,python-cpu;python-gpu;python-simd,python-cpu,python-cpu;python-gpu;python-simd,2,1,pil-image.effect-noise.standard,1,0,0,0,,,,,1,0,0,0,0,0,0,0,,not_measured,pil-image.effect-noise.standard;pipeline-op.effectnoise.benchmark-materialized
df5231519bb4810e6b0098560c5c791e56dc9952,true,2026-10-09T01:11:25.338187Z,48d69f9756559a7a8da696b16d93e10be849504250560e4830f3dc8ee97b4d9a,101fdb8cc2c9da7ea98da8602ac4e7879ab23c9d,false,2026-10-07T13:19:09.608307Z,8963ea465b99a6b2a2cca91ab2aa07ee321fb3a450edfd10a102f4681b3247e4,PIL.Image.effect_noise,PIL.Image.effect_noise,PIL.Image.effect_noise,function,endpoint,python-parallel-cpu,Pillow,,published_rows_only,no_verified_comparison,python-cpu;python-gpu;python-simd,python-cpu,python-cpu;python-gpu;python-simd,2,1,pil-image.effect-noise.standard,3,0,0,0,,,,,3,0,0,0,0,0,0,0,,,pil-image.effect-noise.standard;pipeline-op.effectnoise.benchmark-materialized
df5231519bb4810e6b0098560c5c791e56dc9952,true,2026-10-09T01:11:25.338187Z,48d69f9756559a7a8da696b16d93e10be849504250560e4830f3dc8ee97b4d9a,101fdb8cc2c9da7ea98da8602ac4e7879ab23c9d,false,2026-10-07T13:19:09.608307Z,8963ea465b99a6b2a2cca91ab2aa07ee321fb3a450edfd10a102f4681b3247e4,PIL.Image.eval,PIL.Image.eval,PIL.Image.eval,function,endpoint,python-cpu,Pillow,1.0,benchmark_workload,no_verified_comparison,python-cpu;python-gpu;python-simd,python-cpu,python-cpu;python-gpu;python-simd,7,6,pil-image.eval.standard,18,0,0,0,,,,,18,0,0,0,0,0,0,0,,,pil-image.eval.standard;pipeline-matrix.expanded.eval.1024x768;pipeline-matrix.expanded.eval.1x1;pipeline-matrix.expanded.eval.256x256;pipeline-matrix.expanded.eval.32x32;pipeline-op.eval.benchmark-materialized;pipeline-op.eval.matrix-32x24
df5231519bb4810e6b0098560c5c791e56dc9952,true,2026-10-09T01:11:25.338187Z,48d69f9756559a7a8da696b16d93e10be849504250560e4830f3dc8ee97b4d9a,101fdb8cc2c9da7ea98da8602ac4e7879ab23c9d,false,2026-10-07T13:19:09.608307Z,8963ea465b99a6b2a2cca91ab2aa07ee321fb3a450edfd10a102f4681b3247e4,PIL.Image.eval,PIL.Image.eval,PIL.Image.eval,function,endpoint,python-simd,Pillow,2.0,benchmark_workload,no_verified_comparison,python-cpu;python-gpu;python-simd,python-cpu,python-cpu;python-gpu;python-simd,7,6,pil-image.eval.standard,18,0,0,0,0,,,,18,0,0,0,0,0,0,0,,,pil-image.eval.standard;pipeline-matrix.expanded.eval.1024x768;pipeline-matrix.expanded.eval.1x1;pipeline-matrix.expanded.eval.256x256;pipeline-matrix.expanded.eval.32x32;pipeline-op.eval.benchmark-materialized;pipeline-op.eval.matrix-32x24
df5231519bb4810e6b0098560c5c791e56dc9952,true,2026-10-09T01:11:25.338187Z,48d69f9756559a7a8da696b16d93e10be849504250560e4830f3dc8ee97b4d9a,101fdb8cc2c9da7ea98da8602ac4e7879ab23c9d,false,2026-10-07T13:19:09.608307Z,8963ea465b99a6b2a2cca91ab2aa07ee321fb3a450edfd10a102f4681b3247e4,PIL.Image.eval,PIL.Image.eval,PIL.Image.eval,function,endpoint,python-gpu,SIMD,1.0,benchmark_workload,no_verified_comparison,python-cpu;python-gpu;python-simd,python-cpu,python-cpu;python-gpu;python-simd,7,6,pil-image.eval.standard,6,0,0,0,,,,,6,0,0,0,0,0,0,0,,not_measured,pil-image.eval.standard;pipeline-matrix.expanded.eval.1024x768;pipeline-matrix.expanded.eval.1x1;pipeline-matrix.expanded.eval.256x256;pipeline-matrix.expanded.eval.32x32;pipeline-op.eval.benchmark-materialized;pipeline-op.eval.matrix-32x24
df5231519bb4810e6b0098560c5c791e56dc9952,true,2026-10-09T01:11:25.338187Z,48d69f9756559a7a8da696b16d93e10be849504250560e4830f3dc8ee97b4d9a,101fdb8cc2c9da7ea98da8602ac4e7879ab23c9d,false,2026-10-07T13:19:09.608307Z,8963ea465b99a6b2a2cca91ab2aa07ee321fb3a450edfd10a102f4681b3247e4,PIL.Image.eval,PIL.Image.eval,PIL.Image.eval,function,endpoint,python-parallel-cpu,Pillow,,published_rows_only,no_verified_comparison,python-cpu;python-gpu;python-simd,python-cpu,python-cpu;python-gpu;python-simd,7,6,pil-image.eval.standard,18,0,0,0,,,,,18,0,0,0,0,0,0,0,,,pil-image.eval.standard;pipeline-matrix.expanded.eval.1024x768;pipeline-matrix.expanded.eval.1x1;pipeline-matrix.expanded.eval.256x256;pipeline-matrix.expanded.eval.32x32;pipeline-op.eval.benchmark-materialized;pipeline-op.eval.matrix-32x24
df5231519bb4810e6b0098560c5c791e56dc9952,true,2026-10-09T01:11:25.338187Z,48d69f9756559a7a8da696b16d93e10be849504250560e4830f3dc8ee97b4d9a,101fdb8cc2c9da7ea98da8602ac4e7879ab23c9d,false,2026-10-07T13:19:09.608307Z,8963ea465b99a6b2a2cca91ab2aa07ee321fb3a450edfd10a102f4681b3247e4,PIL.Image.fromarray,PIL.Image.fromarray,PIL.Image.fromarray,function,endpoint,python-cpu,Pillow,1.0,benchmark_workload,not_in_published_snapshot,python-cpu;python-gpu;python-simd,python-cpu,python-cpu;python-gpu;python-simd,1,0,pil-image.fromarray.standard,0,0,0,0,,,,,0,0,0,0,0,0,0,0,,,pil-image.fromarray.standard
df5231519bb4810e6b0098560c5c791e56dc9952,true,2026-10-09T01:11:25.338187Z,48d69f9756559a7a8da696b16d93e10be849504250560e4830f3dc8ee97b4d9a,101fdb8cc2c9da7ea98da8602ac4e7879ab23c9d,false,2026-10-07T13:19:09.608307Z,8963ea465b99a6b2a2cca91ab2aa07ee321fb3a450edfd10a102f4681b3247e4,PIL.Image.fromarray,PIL.Image.fromarray,PIL.Image.fromarray,function,endpoint,python-simd,Pillow,2.0,benchmark_workload,not_in_published_snapshot,python-cpu;python-gpu;python-simd,python-cpu,python-cpu;python-gpu;python-simd,1,0,pil-image.fromarray.standard,0,0,0,0,0,,,,0,0,0,0,0,0,0,0,,,pil-image.fromarray.standard
df5231519bb4810e6b0098560c5c791e56dc9952,true,2026-10-09T01:11:25.338187Z,48d69f9756559a7a8da696b16d93e10be849504250560e4830f3dc8ee97b4d9a,101fdb8cc2c9da7ea98da8602ac4e7879ab23c9d,false,2026-10-07T13:19:09.608307Z,8963ea465b99a6b2a2cca91ab2aa07ee321fb3a450edfd10a102f4681b3247e4,PIL.Image.fromarray,PIL.Image.fromarray,PIL.Image.fromarray,function,endpoint,python-gpu,SIMD,1.0,benchmark_workload,not_in_published_snapshot,python-cpu;python-gpu;python-simd,python-cpu,python-cpu;python-gpu;python-simd,1,0,pil-image.fromarray.standard,0,0,0,0,,,,,0,0,0,0,0,0,0,0,,not_measured,pil-image.fromarray.standard
df5231519bb4810e6b0098560c5c791e56dc9952,true,2026-10-09T01:11:25.338187Z,48d69f9756559a7a8da696b16d93e10be849504250560e4830f3dc8ee97b4d9a,101fdb8cc2c9da7ea98da8602ac4e7879ab23c9d,false,2026-10-07T13:19:09.608307Z,8963ea465b99a6b2a2cca91ab2aa07ee321fb3a450edfd10a102f4681b3247e4,PIL.Image.fromarray,PIL.Image.fromarray,PIL.Image.fromarray,function,endpoint,python-parallel-cpu,Pillow,,not_declared,not_declared_in_manifest_or_workload,python-cpu;python-gpu;python-simd,python-cpu,python-cpu;python-gpu;python-simd,1,0,pil-image.fromarray.standard,0,0,0,0,,,,,0,0,0,0,0,0,0,0,,,pil-image.fromarray.standard
df5231519bb4810e6b0098560c5c791e56dc9952,true,2026-10-09T01:11:25.338187Z,48d69f9756559a7a8da696b16d93e10be849504250560e4830f3dc8ee97b4d9a,101fdb8cc2c9da7ea98da8602ac4e7879ab23c9d,false,2026-10-07T13:19:09.608307Z,8963ea465b99a6b2a2cca91ab2aa07ee321fb3a450edfd10a102f4681b3247e4,PIL.Image.frombuffer,PIL.Image.frombuffer,PIL.Image.frombuffer,function,endpoint,python-cpu,Pillow,1.0,benchmark_workload,not_in_published_snapshot,python-cpu;python-gpu;python-simd,python-cpu,python-cpu;python-gpu;python-simd,1,0,pil-image.frombuffer.standard,0,0,0,0,,,,,0,0,0,0,0,0,0,0,,,pil-image.frombuffer.standard
df5231519bb4810e6b0098560c5c791e56dc9952,true,2026-10-09T01:11:25.338187Z,48d69f9756559a7a8da696b16d93e10be849504250560e4830f3dc8ee97b4d9a,101fdb8cc2c9da7ea98da8602ac4e7879ab23c9d,false,2026-10-07T13:19:09.608307Z,8963ea465b99a6b2a2cca91ab2aa07ee321fb3a450edfd10a102f4681b3247e4,PIL.Image.frombuffer,PIL.Image.frombuffer,PIL.Image.frombuffer,function,endpoint,python-simd,Pillow,2.0,benchmark_workload,not_in_published_snapshot,python-cpu;python-gpu;python-simd,python-cpu,python-cpu;python-gpu;python-simd,1,0,pil-image.frombuffer.standard,0,0,0,0,0,,,,0,0,0,0,0,0,0,0,,,pil-image.frombuffer.standard
df5231519bb4810e6b0098560c5c791e56dc9952,true,2026-10-09T01:11:25.338187Z,48d69f9756559a7a8da696b16d93e10be849504250560e4830f3dc8ee97b4d9a,101fdb8cc2c9da7ea98da8602ac4e7879ab23c9d,false,2026-10-07T13:19:09.608307Z,8963ea465b99a6b2a2cca91ab2aa07ee321fb3a450edfd10a102f4681b3247e4,PIL.Image.frombuffer,PIL.Image.frombuffer,PIL.Image.frombuffer,function,endpoint,python-gpu,SIMD,1.0,benchmark_workload,not_in_published_snapshot,python-cpu;python-gpu;python-simd,python-cpu,python-cpu;python-gpu;python-simd,1,0,pil-image.frombuffer.standard,0,0,0,0,,,,,0,0,0,0,0,0,0,0,,not_measured,pil-image.frombuffer.standard
df5231519bb4810e6b0098560c5c791e56dc9952,true,2026-10-09T01:11:25.338187Z,48d69f9756559a7a8da696b16d93e10be849504250560e4830f3dc8ee97b4d9a,101fdb8cc2c9da7ea98da8602ac4e7879ab23c9d,false,2026-10-07T13:19:09.608307Z,8963ea465b99a6b2a2cca91ab2aa07ee321fb3a450edfd10a102f4681b3247e4,PIL.Image.frombuffer,PIL.Image.frombuffer,PIL.Image.frombuffer,function,endpoint,python-parallel-cpu,Pillow,,not_declared,not_declared_in_manifest_or_workload,python-cpu;python-gpu;python-simd,python-cpu,python-cpu;python-gpu;python-simd,1,0,pil-image.frombuffer.standard,0,0,0,0,,,,,0,0,0,0,0,0,0,0,,,pil-image.frombuffer.standard
df5231519bb4810e6b0098560c5c791e56dc9952,true,2026-10-09T01:11:25.338187Z,48d69f9756559a7a8da696b16d93e10be849504250560e4830f3dc8ee97b4d9a,101fdb8cc2c9da7ea98da8602ac4e7879ab23c9d,false,2026-10-07T13:19:09.608307Z,8963ea465b99a6b2a2cca91ab2aa07ee321fb3a450edfd10a102f4681b3247e4,PIL.Image.frombytes,PIL.Image.frombytes,PIL.Image.frombytes,function,endpoint,python-cpu,Pillow,1.0,benchmark_workload,not_in_published_snapshot,python-cpu;python-gpu;python-simd,python-cpu,python-cpu;python-gpu;python-simd,1,0,pil-image.frombytes.standard,0,0,0,0,,,,,0,0,0,0,0,0,0,0,,,pil-image.frombytes.standard
df5231519bb4810e6b0098560c5c791e56dc9952,true,2026-10-09T01:11:25.338187Z,48d69f9756559a7a8da696b16d93e10be849504250560e4830f3dc8ee97b4d9a,101fdb8cc2c9da7ea98da8602ac4e7879ab23c9d,false,2026-10-07T13:19:09.608307Z,8963ea465b99a6b2a2cca91ab2aa07ee321fb3a450edfd10a102f4681b3247e4,PIL.Image.frombytes,PIL.Image.frombytes,PIL.Image.frombytes,function,endpoint,python-simd,Pillow,2.0,benchmark_workload,not_in_published_snapshot,python-cpu;python-gpu;python-simd,python-cpu,python-cpu;python-gpu;python-simd,1,0,pil-image.frombytes.standard,0,0,0,0,0,,,,0,0,0,0,0,0,0,0,,,pil-image.frombytes.standard
df5231519bb4810e6b0098560c5c791e56dc9952,true,2026-10-09T01:11:25.338187Z,48d69f9756559a7a8da696b16d93e10be849504250560e4830f3dc8ee97b4d9a,101fdb8cc2c9da7ea98da8602ac4e7879ab23c9d,false,2026-10-07T13:19:09.608307Z,8963ea465b99a6b2a2cca91ab2aa07ee321fb3a450edfd10a102f4681b3247e4,PIL.Image.frombytes,PIL.Image.frombytes,PIL.Image.frombytes,function,endpoint,python-gpu,SIMD,1.0,benchmark_workload,not_in_published_snapshot,python-cpu;python-gpu;python-simd,python-cpu,python-cpu;python-gpu;python-simd,1,0,pil-image.frombytes.standard,0,0,0,0,,,,,0,0,0,0,0,0,0,0,,not_measured,pil-image.frombytes.standard
df5231519bb4810e6b0098560c5c791e56dc9952,true,2026-10-09T01:11:25.338187Z,48d69f9756559a7a8da696b16d93e10be849504250560e4830f3dc8ee97b4d9a,101fdb8cc2c9da7ea98da8602ac4e7879ab23c9d,false,2026-10-07T13:19:09.608307Z,8963ea465b99a6b2a2cca91ab2aa07ee321fb3a450edfd10a102f4681b3247e4,PIL.Image.frombytes,PIL.Image.frombytes,PIL.Image.frombytes,function,endpoint,python-parallel-cpu,Pillow,,not_declared,not_declared_in_manifest_or_workload,python-cpu;python-gpu;python-simd,python-cpu,python-cpu;python-gpu;python-simd,1,0,pil-image.frombytes.standard,0,0,0,0,,,,,0,0,0,0,0,0,0,0,,,pil-image.frombytes.standard
df5231519bb4810e6b0098560c5c791e56dc9952,true,2026-10-09T01:11:25.338187Z,48d69f9756559a7a8da696b16d93e10be849504250560e4830f3dc8ee97b4d9a,101fdb8cc2c9da7ea98da8602ac4e7879ab23c9d,false,2026-10-07T13:19:09.608307Z,8963ea465b99a6b2a2cca91ab2aa07ee321fb3a450edfd10a102f4681b3247e4,PIL.Image.linear_gradient,PIL.Image.linear_gradient,PIL.Image.linear_gradient,function,endpoint,python-cpu,Pillow,1.0,benchmark_workload,no_verified_comparison,python-cpu;python-gpu;python-simd,python-cpu,python-cpu;python-gpu;python-simd,3,2,pil-image.linear-gradient.standard,6,0,0,0,,,,,6,0,0,0,0,0,0,0,,,pil-image.linear-gradient.standard;pipeline-chain.quantize.linear-gradient;pipeline-op.lineargradient.benchmark-materialized
df5231519bb4810e6b0098560c5c791e56dc9952,true,2026-10-09T01:11:25.338187Z,48d69f9756559a7a8da696b16d93e10be849504250560e4830f3dc8ee97b4d9a,101fdb8cc2c9da7ea98da8602ac4e7879ab23c9d,false,2026-10-07T13:19:09.608307Z,8963ea465b99a6b2a2cca91ab2aa07ee321fb3a450edfd10a102f4681b3247e4,PIL.Image.linear_gradient,PIL.Image.linear_gradient,PIL.Image.linear_gradient,function,endpoint,python-simd,Pillow,2.0,benchmark_workload,no_verified_comparison,python-cpu;python-gpu;python-simd,python-cpu,python-cpu;python-gpu;python-simd,3,2,pil-image.linear-gradient.standard,6,0,0,0,0,,,,6,0,0,0,0,0,0,0,,,pil-image.linear-gradient.standard;pipeline-chain.quantize.linear-gradient;pipeline-op.lineargradient.benchmark-materialized
df5231519bb4810e6b0098560c5c791e56dc9952,true,2026-10-09T01:11:25.338187Z,48d69f9756559a7a8da696b16d93e10be849504250560e4830f3dc8ee97b4d9a,101fdb8cc2c9da7ea98da8602ac4e7879ab23c9d,false,2026-10-07T13:19:09.608307Z,8963ea465b99a6b2a2cca91ab2aa07ee321fb3a450edfd10a102f4681b3247e4,PIL.Image.linear_gradient,PIL.Image.linear_gradient,PIL.Image.linear_gradient,function,endpoint,python-gpu,SIMD,1.0,benchmark_workload,no_verified_comparison,python-cpu;python-gpu;python-simd,python-cpu,python-cpu;python-gpu;python-simd,3,2,pil-image.linear-gradient.standard,2,0,0,0,,,,,2,0,0,0,0,0,0,0,,not_measured,pil-image.linear-gradient.standard;pipeline-chain.quantize.linear-gradient;pipeline-op.lineargradient.benchmark-materialized
df5231519bb4810e6b0098560c5c791e56dc9952,true,2026-10-09T01:11:25.338187Z,48d69f9756559a7a8da696b16d93e10be849504250560e4830f3dc8ee97b4d9a,101fdb8cc2c9da7ea98da8602ac4e7879ab23c9d,false,2026-10-07T13:19:09.608307Z,8963ea465b99a6b2a2cca91ab2aa07ee321fb3a450edfd10a102f4681b3247e4,PIL.Image.linear_gradient,PIL.Image.linear_gradient,PIL.Image.linear_gradient,function,endpoint,python-parallel-cpu,Pillow,,published_rows_only,no_verified_comparison,python-cpu;python-gpu;python-simd,python-cpu,python-cpu;python-gpu;python-simd,3,2,pil-image.linear-gradient.standard,6,0,0,0,,,,,6,0,0,0,0,0,0,0,,,pil-image.linear-gradient.standard;pipeline-chain.quantize.linear-gradient;pipeline-op.lineargradient.benchmark-materialized
df5231519bb4810e6b0098560c5c791e56dc9952,true,2026-10-09T01:11:25.338187Z,48d69f9756559a7a8da696b16d93e10be849504250560e4830f3dc8ee97b4d9a,101fdb8cc2c9da7ea98da8602ac4e7879ab23c9d,false,2026-10-07T13:19:09.608307Z,8963ea465b99a6b2a2cca91ab2aa07ee321fb3a450edfd10a102f4681b3247e4,PIL.Image.merge,PIL.Image.merge,PIL.Image.merge,function,endpoint,python-cpu,Pillow,1.0,benchmark_workload,target_met_in_verified_rows,python-cpu;python-gpu;python-simd,python-cpu,python-cpu;python-gpu;python-simd,4,3,pil-image.merge.standard,9,3,0,1,,1.276930,pipeline-op.merge.material-rgb-l-1024x768,ubuntu-24.04-x86_64,6,0,0,0,0,0,0,0,,,pil-image.merge.standard;pipeline-op.merge.benchmark-materialized;pipeline-op.merge.material-rgb-l-1024x768;pipeline-op.merge.matrix-32x24
df5231519bb4810e6b0098560c5c791e56dc9952,true,2026-10-09T01:11:25.338187Z,48d69f9756559a7a8da696b16d93e10be849504250560e4830f3dc8ee97b4d9a,101fdb8cc2c9da7ea98da8602ac4e7879ab23c9d,false,2026-10-07T13:19:09.608307Z,8963ea465b99a6b2a2cca91ab2aa07ee321fb3a450edfd10a102f4681b3247e4,PIL.Image.merge,PIL.Image.merge,PIL.Image.merge,function,endpoint,python-simd,Pillow,2.0,benchmark_workload,target_unmet_in_verified_rows,python-cpu;python-gpu;python-simd,python-cpu,python-cpu;python-gpu;python-simd,4,3,pil-image.merge.standard,9,3,1,1,3,0.330657,pipeline-op.merge.material-rgb-l-1024x768,ubuntu-24.04-x86_64,6,0,0,0,0,0,0,0,,,pil-image.merge.standard;pipeline-op.merge.benchmark-materialized;pipeline-op.merge.material-rgb-l-1024x768;pipeline-op.merge.matrix-32x24
df5231519bb4810e6b0098560c5c791e56dc9952,true,2026-10-09T01:11:25.338187Z,48d69f9756559a7a8da696b16d93e10be849504250560e4830f3dc8ee97b4d9a,101fdb8cc2c9da7ea98da8602ac4e7879ab23c9d,false,2026-10-07T13:19:09.608307Z,8963ea465b99a6b2a2cca91ab2aa07ee321fb3a450edfd10a102f4681b3247e4,PIL.Image.merge,PIL.Image.merge,PIL.Image.merge,function,endpoint,python-gpu,SIMD,1.0,benchmark_workload,target_unmet_in_verified_rows,python-cpu;python-gpu;python-simd,python-cpu,python-cpu;python-gpu;python-simd,4,3,pil-image.merge.standard,3,1,1,1,,0.094805,pipeline-op.merge.material-rgb-l-1024x768,macos-15-arm64,2,0,0,0,0,0,0,0,,not_measured,pil-image.merge.standard;pipeline-op.merge.benchmark-materialized;pipeline-op.merge.material-rgb-l-1024x768;pipeline-op.merge.matrix-32x24
df5231519bb4810e6b0098560c5c791e56dc9952,true,2026-10-09T01:11:25.338187Z,48d69f9756559a7a8da696b16d93e10be849504250560e4830f3dc8ee97b4d9a,101fdb8cc2c9da7ea98da8602ac4e7879ab23c9d,false,2026-10-07T13:19:09.608307Z,8963ea465b99a6b2a2cca91ab2aa07ee321fb3a450edfd10a102f4681b3247e4,PIL.Image.merge,PIL.Image.merge,PIL.Image.merge,function,endpoint,python-parallel-cpu,Pillow,,published_rows_only,tracked_as_separate_profile,python-cpu;python-gpu;python-simd,python-cpu,python-cpu;python-gpu;python-simd,4,3,pil-image.merge.standard,9,3,0,3,,1.087351,pipeline-op.merge.material-rgb-l-1024x768,ubuntu-24.04-x86_64,6,0,0,0,0,0,0,0,,,pil-image.merge.standard;pipeline-op.merge.benchmark-materialized;pipeline-op.merge.material-rgb-l-1024x768;pipeline-op.merge.matrix-32x24
df5231519bb4810e6b0098560c5c791e56dc9952,true,2026-10-09T01:11:25.338187Z,48d69f9756559a7a8da696b16d93e10be849504250560e4830f3dc8ee97b4d9a,101fdb8cc2c9da7ea98da8602ac4e7879ab23c9d,false,2026-10-07T13:19:09.608307Z,8963ea465b99a6b2a2cca91ab2aa07ee321fb3a450edfd10a102f4681b3247e4,PIL.Image.new,PIL.Image.new,PIL.Image.new,function,endpoint,python-cpu,Pillow,1.0,benchmark_workload,not_in_published_snapshot,python-cpu;python-gpu;python-simd,python-cpu,python-cpu;python-gpu;python-simd,1,0,pil-image.new.standard,0,0,0,0,,,,,0,0,0,0,0,0,0,0,,,pil-image.new.standard
df5231519bb4810e6b0098560c5c791e56dc9952,true,2026-10-09T01:11:25.338187Z,48d69f9756559a7a8da696b16d93e10be849504250560e4830f3dc8ee97b4d9a,101fdb8cc2c9da7ea98da8602ac4e7879ab23c9d,false,2026-10-07T13:19:09.608307Z,8963ea465b99a6b2a2cca91ab2aa07ee321fb3a450edfd10a102f4681b3247e4,PIL.Image.new,PIL.Image.new,PIL.Image.new,function,endpoint,python-simd,Pillow,2.0,benchmark_workload,not_in_published_snapshot,python-cpu;python-gpu;python-simd,python-cpu,python-cpu;python-gpu;python-simd,1,0,pil-image.new.standard,0,0,0,0,0,,,,0,0,0,0,0,0,0,0,,,pil-image.new.standard
df5231519bb4810e6b0098560c5c791e56dc9952,true,2026-10-09T01:11:25.338187Z,48d69f9756559a7a8da696b16d93e10be849504250560e4830f3dc8ee97b4d9a,101fdb8cc2c9da7ea98da8602ac4e7879ab23c9d,false,2026-10-07T13:19:09.608307Z,8963ea465b99a6b2a2cca91ab2aa07ee321fb3a450edfd10a102f4681b3247e4,PIL.Image.new,PIL.Image.new,PIL.Image.new,function,endpoint,python-gpu,SIMD,1.0,benchmark_workload,not_in_published_snapshot,python-cpu;python-gpu;python-simd,python-cpu,python-cpu;python-gpu;python-simd,1,0,pil-image.new.standard,0,0,0,0,,,,,0,0,0,0,0,0,0,0,,not_measured,pil-image.new.standard
df5231519bb4810e6b0098560c5c791e56dc9952,true,2026-10-09T01:11:25.338187Z,48d69f9756559a7a8da696b16d93e10be849504250560e4830f3dc8ee97b4d9a,101fdb8cc2c9da7ea98da8602ac4e7879ab23c9d,false,2026-10-07T13:19:09.608307Z,8963ea465b99a6b2a2cca91ab2aa07ee321fb3a450edfd10a102f4681b3247e4,PIL.Image.new,PIL.Image.new,PIL.Image.new,function,endpoint,python-parallel-cpu,Pillow,,not_declared,not_declared_in_manifest_or_workload,python-cpu;python-gpu;python-simd,python-cpu,python-cpu;python-gpu;python-simd,1,0,pil-image.new.standard,0,0,0,0,,,,,0,0,0,0,0,0,0,0,,,pil-image.new.standard
df5231519bb4810e6b0098560c5c791e56dc9952,true,2026-10-09T01:11:25.338187Z,48d69f9756559a7a8da696b16d93e10be849504250560e4830f3dc8ee97b4d9a,101fdb8cc2c9da7ea98da8602ac4e7879ab23c9d,false,2026-10-07T13:19:09.608307Z,8963ea465b99a6b2a2cca91ab2aa07ee321fb3a450edfd10a102f4681b3247e4,PIL.Image.open,PIL.Image.open,PIL.Image.open,function,endpoint,python-cpu,Pillow,1.0,benchmark_workload,no_verified_comparison,python-cpu;python-gpu;python-simd,python-cpu,python-cpu;python-gpu;python-simd,3,2,pil-image.open.standard,6,0,0,0,,,,,6,0,0,0,0,0,0,0,,,pil-image.open.standard;pipeline-chain.loaded-10.rgb-jpeg-512x384;pipeline-chain.loaded-10.rgba-png-512x384
df5231519bb4810e6b0098560c5c791e56dc9952,true,2026-10-09T01:11:25.338187Z,48d69f9756559a7a8da696b16d93e10be849504250560e4830f3dc8ee97b4d9a,101fdb8cc2c9da7ea98da8602ac4e7879ab23c9d,false,2026-10-07T13:19:09.608307Z,8963ea465b99a6b2a2cca91ab2aa07ee321fb3a450edfd10a102f4681b3247e4,PIL.Image.open,PIL.Image.open,PIL.Image.open,function,endpoint,python-simd,Pillow,2.0,benchmark_workload,no_verified_comparison,python-cpu;python-gpu;python-simd,python-cpu,python-cpu;python-gpu;python-simd,3,2,pil-image.open.standard,6,0,0,0,0,,,,6,0,0,0,0,0,0,0,,,pil-image.open.standard;pipeline-chain.loaded-10.rgb-jpeg-512x384;pipeline-chain.loaded-10.rgba-png-512x384
df5231519bb4810e6b0098560c5c791e56dc9952,true,2026-10-09T01:11:25.338187Z,48d69f9756559a7a8da696b16d93e10be849504250560e4830f3dc8ee97b4d9a,101fdb8cc2c9da7ea98da8602ac4e7879ab23c9d,false,2026-10-07T13:19:09.608307Z,8963ea465b99a6b2a2cca91ab2aa07ee321fb3a450edfd10a102f4681b3247e4,PIL.Image.open,PIL.Image.open,PIL.Image.open,function,endpoint,python-gpu,SIMD,1.0,benchmark_workload,no_verified_comparison,python-cpu;python-gpu;python-simd,python-cpu,python-cpu;python-gpu;python-simd,3,2,pil-image.open.standard,2,0,0,0,,,,,2,0,0,0,0,0,0,0,,not_measured,pil-image.open.standard;pipeline-chain.loaded-10.rgb-jpeg-512x384;pipeline-chain.loaded-10.rgba-png-512x384
df5231519bb4810e6b0098560c5c791e56dc9952,true,2026-10-09T01:11:25.338187Z,48d69f9756559a7a8da696b16d93e10be849504250560e4830f3dc8ee97b4d9a,101fdb8cc2c9da7ea98da8602ac4e7879ab23c9d,false,2026-10-07T13:19:09.608307Z,8963ea465b99a6b2a2cca91ab2aa07ee321fb3a450edfd10a102f4681b3247e4,PIL.Image.open,PIL.Image.open,PIL.Image.open,function,endpoint,python-parallel-cpu,Pillow,,published_rows_only,no_verified_comparison,python-cpu;python-gpu;python-simd,python-cpu,python-cpu;python-gpu;python-simd,3,2,pil-image.open.standard,6,0,0,0,,,,,6,0,0,0,0,0,0,0,,,pil-image.open.standard;pipeline-chain.loaded-10.rgb-jpeg-512x384;pipeline-chain.loaded-10.rgba-png-512x384
df5231519bb4810e6b0098560c5c791e56dc9952,true,2026-10-09T01:11:25.338187Z,48d69f9756559a7a8da696b16d93e10be849504250560e4830f3dc8ee97b4d9a,101fdb8cc2c9da7ea98da8602ac4e7879ab23c9d,false,2026-10-07T13:19:09.608307Z,8963ea465b99a6b2a2cca91ab2aa07ee321fb3a450edfd10a102f4681b3247e4,PIL.Image.radial_gradient,PIL.Image.radial_gradient,PIL.Image.radial_gradient,function,endpoint,python-cpu,Pillow,1.0,benchmark_workload,no_verified_comparison,python-cpu;python-gpu;python-simd,python-cpu,python-cpu;python-gpu;python-simd,4,3,pil-image.radial-gradient.standard,9,0,0,0,,,,,9,0,0,0,0,0,0,0,,,pil-image.radial-gradient.standard;pipeline-chain.quantize.radial-gradient;pipeline-chain.reviewed.radial-gradient-crop-resize;pipeline-op.radialgradient.benchmark-materialized
df5231519bb4810e6b0098560c5c791e56dc9952,true,2026-10-09T01:11:25.338187Z,48d69f9756559a7a8da696b16d93e10be849504250560e4830f3dc8ee97b4d9a,101fdb8cc2c9da7ea98da8602ac4e7879ab23c9d,false,2026-10-07T13:19:09.608307Z,8963ea465b99a6b2a2cca91ab2aa07ee321fb3a450edfd10a102f4681b3247e4,PIL.Image.radial_gradient,PIL.Image.radial_gradient,PIL.Image.radial_gradient,function,endpoint,python-simd,Pillow,2.0,benchmark_workload,no_verified_comparison,python-cpu;python-gpu;python-simd,python-cpu,python-cpu;python-gpu;python-simd,4,3,pil-image.radial-gradient.standard,9,0,0,0,0,,,,9,0,0,0,0,0,0,0,,,pil-image.radial-gradient.standard;pipeline-chain.quantize.radial-gradient;pipeline-chain.reviewed.radial-gradient-crop-resize;pipeline-op.radialgradient.benchmark-materialized
df5231519bb4810e6b0098560c5c791e56dc9952,true,2026-10-09T01:11:25.338187Z,48d69f9756559a7a8da696b16d93e10be849504250560e4830f3dc8ee97b4d9a,101fdb8cc2c9da7ea98da8602ac4e7879ab23c9d,false,2026-10-07T13:19:09.608307Z,8963ea465b99a6b2a2cca91ab2aa07ee321fb3a450edfd10a102f4681b3247e4,PIL.Image.radial_gradient,PIL.Image.radial_gradient,PIL.Image.radial_gradient,function,endpoint,python-gpu,SIMD,1.0,benchmark_workload,no_verified_comparison,python-cpu;python-gpu;python-simd,python-cpu,python-cpu;python-gpu;python-simd,4,3,pil-image.radial-gradient.standard,3,0,0,0,,,,,3,0,0,0,0,0,0,0,,not_measured,pil-image.radial-gradient.standard;pipeline-chain.quantize.radial-gradient;pipeline-chain.reviewed.radial-gradient-crop-resize;pipeline-op.radialgradient.benchmark-materialized
df5231519bb4810e6b0098560c5c791e56dc9952,true,2026-10-09T01:11:25.338187Z,48d69f9756559a7a8da696b16d93e10be849504250560e4830f3dc8ee97b4d9a,101fdb8cc2c9da7ea98da8602ac4e7879ab23c9d,false,2026-10-07T13:19:09.608307Z,8963ea465b99a6b2a2cca91ab2aa07ee321fb3a450edfd10a102f4681b3247e4,PIL.Image.radial_gradient,PIL.Image.radial_gradient,PIL.Image.radial_gradient,function,endpoint,python-parallel-cpu,Pillow,,published_rows_only,no_verified_comparison,python-cpu;python-gpu;python-simd,python-cpu,python-cpu;python-gpu;python-simd,4,3,pil-image.radial-gradient.standard,9,0,0,0,,,,,9,0,0,0,0,0,0,0,,,pil-image.radial-gradient.standard;pipeline-chain.quantize.radial-gradient;pipeline-chain.reviewed.radial-gradient-crop-resize;pipeline-op.radialgradient.benchmark-materialized
df5231519bb4810e6b0098560c5c791e56dc9952,true,2026-10-09T01:11:25.338187Z,48d69f9756559a7a8da696b16d93e10be849504250560e4830f3dc8ee97b4d9a,101fdb8cc2c9da7ea98da8602ac4e7879ab23c9d,false,2026-10-07T13:19:09.608307Z,8963ea465b99a6b2a2cca91ab2aa07ee321fb3a450edfd10a102f4681b3247e4,PIL.ImageChops.add,PIL.ImageChops.add,PIL.ImageChops.add,function,endpoint,python-cpu,Pillow,1.0,benchmark_workload,no_verified_comparison,python-cpu;python-gpu;python-simd,python-cpu,python-cpu;python-gpu;python-simd,7,6,pil-imagechops.add.standard,18,0,0,0,,,,,18,0,0,0,0,0,0,0,,,pil-imagechops.add.standard;pipeline-matrix.expanded.add.1024x768;pipeline-matrix.expanded.add.1x1;pipeline-matrix.expanded.add.256x256;pipeline-matrix.expanded.add.32x32;pipeline-op.add.benchmark-materialized;pipeline-op.add.matrix-32x24
df5231519bb4810e6b0098560c5c791e56dc9952,true,2026-10-09T01:11:25.338187Z,48d69f9756559a7a8da696b16d93e10be849504250560e4830f3dc8ee97b4d9a,101fdb8cc2c9da7ea98da8602ac4e7879ab23c9d,false,2026-10-07T13:19:09.608307Z,8963ea465b99a6b2a2cca91ab2aa07ee321fb3a450edfd10a102f4681b3247e4,PIL.ImageChops.add,PIL.ImageChops.add,PIL.ImageChops.add,function,endpoint,python-simd,Pillow,2.0,benchmark_workload,no_verified_comparison,python-cpu;python-gpu;python-simd,python-cpu,python-cpu;python-gpu;python-simd,7,6,pil-imagechops.add.standard,18,0,0,0,0,,,,18,0,0,0,0,0,0,0,,,pil-imagechops.add.standard;pipeline-matrix.expanded.add.1024x768;pipeline-matrix.expanded.add.1x1;pipeline-matrix.expanded.add.256x256;pipeline-matrix.expanded.add.32x32;pipeline-op.add.benchmark-materialized;pipeline-op.add.matrix-32x24
df5231519bb4810e6b0098560c5c791e56dc9952,true,2026-10-09T01:11:25.338187Z,48d69f9756559a7a8da696b16d93e10be849504250560e4830f3dc8ee97b4d9a,101fdb8cc2c9da7ea98da8602ac4e7879ab23c9d,false,2026-10-07T13:19:09.608307Z,8963ea465b99a6b2a2cca91ab2aa07ee321fb3a450edfd10a102f4681b3247e4,PIL.ImageChops.add,PIL.ImageChops.add,PIL.ImageChops.add,function,endpoint,python-gpu,SIMD,1.0,benchmark_workload,no_verified_comparison,python-cpu;python-gpu;python-simd,python-cpu,python-cpu;python-gpu;python-simd,7,6,pil-imagechops.add.standard,6,0,0,0,,,,,6,0,0,0,0,0,0,0,,not_measured,pil-imagechops.add.standard;pipeline-matrix.expanded.add.1024x768;pipeline-matrix.expanded.add.1x1;pipeline-matrix.expanded.add.256x256;pipeline-matrix.expanded.add.32x32;pipeline-op.add.benchmark-materialized;pipeline-op.add.matrix-32x24
df5231519bb4810e6b0098560c5c791e56dc9952,true,2026-10-09T01:11:25.338187Z,48d69f9756559a7a8da696b16d93e10be849504250560e4830f3dc8ee97b4d9a,101fdb8cc2c9da7ea98da8602ac4e7879ab23c9d,false,2026-10-07T13:19:09.608307Z,8963ea465b99a6b2a2cca91ab2aa07ee321fb3a450edfd10a102f4681b3247e4,PIL.ImageChops.add,PIL.ImageChops.add,PIL.ImageChops.add,function,endpoint,python-parallel-cpu,Pillow,,published_rows_only,no_verified_comparison,python-cpu;python-gpu;python-simd,python-cpu,python-cpu;python-gpu;python-simd,7,6,pil-imagechops.add.standard,18,0,0,0,,,,,18,0,0,0,0,0,0,0,,,pil-imagechops.add.standard;pipeline-matrix.expanded.add.1024x768;pipeline-matrix.expanded.add.1x1;pipeline-matrix.expanded.add.256x256;pipeline-matrix.expanded.add.32x32;pipeline-op.add.benchmark-materialized;pipeline-op.add.matrix-32x24
df5231519bb4810e6b0098560c5c791e56dc9952,true,2026-10-09T01:11:25.338187Z,48d69f9756559a7a8da696b16d93e10be849504250560e4830f3dc8ee97b4d9a,101fdb8cc2c9da7ea98da8602ac4e7879ab23c9d,false,2026-10-07T13:19:09.608307Z,8963ea465b99a6b2a2cca91ab2aa07ee321fb3a450edfd10a102f4681b3247e4,PIL.ImageChops.add_modulo,PIL.ImageChops.add_modulo,PIL.ImageChops.add_modulo,function,endpoint,python-cpu,Pillow,1.0,benchmark_workload,no_verified_comparison,python-cpu;python-gpu;python-simd,python-cpu,python-cpu;python-gpu;python-simd,8,7,pil-imagechops.add-modulo.standard,21,0,0,0,,,,,21,0,0,0,0,0,0,0,,,pil-imagechops.add-modulo.standard;pipeline-chain.simd-chops.add-modulo-rgb;pipeline-matrix.expanded.addmodulo.1024x768;pipeline-matrix.expanded.addmodulo.1x1;pipeline-matrix.expanded.addmodulo.256x256;pipeline-matrix.expanded.addmodulo.32x32;pipeline-op.addmodulo.benchmark-materialized;pipeline-op.addmodulo.matrix-32x24
df5231519bb4810e6b0098560c5c791e56dc9952,true,2026-10-09T01:11:25.338187Z,48d69f9756559a7a8da696b16d93e10be849504250560e4830f3dc8ee97b4d9a,101fdb8cc2c9da7ea98da8602ac4e7879ab23c9d,false,2026-10-07T13:19:09.608307Z,8963ea465b99a6b2a2cca91ab2aa07ee321fb3a450edfd10a102f4681b3247e4,PIL.ImageChops.add_modulo,PIL.ImageChops.add_modulo,PIL.ImageChops.add_modulo,function,endpoint,python-simd,Pillow,2.0,benchmark_workload,no_verified_comparison,python-cpu;python-gpu;python-simd,python-cpu,python-cpu;python-gpu;python-simd,8,7,pil-imagechops.add-modulo.standard,21,0,0,0,0,,,,21,0,0,0,0,0,0,0,,,pil-imagechops.add-modulo.standard;pipeline-chain.simd-chops.add-modulo-rgb;pipeline-matrix.expanded.addmodulo.1024x768;pipeline-matrix.expanded.addmodulo.1x1;pipeline-matrix.expanded.addmodulo.256x256;pipeline-matrix.expanded.addmodulo.32x32;pipeline-op.addmodulo.benchmark-materialized;pipeline-op.addmodulo.matrix-32x24
df5231519bb4810e6b0098560c5c791e56dc9952,true,2026-10-09T01:11:25.338187Z,48d69f9756559a7a8da696b16d93e10be849504250560e4830f3dc8ee97b4d9a,101fdb8cc2c9da7ea98da8602ac4e7879ab23c9d,false,2026-10-07T13:19:09.608307Z,8963ea465b99a6b2a2cca91ab2aa07ee321fb3a450edfd10a102f4681b3247e4,PIL.ImageChops.add_modulo,PIL.ImageChops.add_modulo,PIL.ImageChops.add_modulo,function,endpoint,python-gpu,SIMD,1.0,benchmark_workload,no_verified_comparison,python-cpu;python-gpu;python-simd,python-cpu,python-cpu;python-gpu;python-simd,8,7,pil-imagechops.add-modulo.standard,7,0,0,0,,,,,7,0,0,0,0,0,0,0,,not_measured,pil-imagechops.add-modulo.standard;pipeline-chain.simd-chops.add-modulo-rgb;pipeline-matrix.expanded.addmodulo.1024x768;pipeline-matrix.expanded.addmodulo.1x1;pipeline-matrix.expanded.addmodulo.256x256;pipeline-matrix.expanded.addmodulo.32x32;pipeline-op.addmodulo.benchmark-materialized;pipeline-op.addmodulo.matrix-32x24
df5231519bb4810e6b0098560c5c791e56dc9952,true,2026-10-09T01:11:25.338187Z,48d69f9756559a7a8da696b16d93e10be849504250560e4830f3dc8ee97b4d9a,101fdb8cc2c9da7ea98da8602ac4e7879ab23c9d,false,2026-10-07T13:19:09.608307Z,8963ea465b99a6b2a2cca91ab2aa07ee321fb3a450edfd10a102f4681b3247e4,PIL.ImageChops.add_modulo,PIL.ImageChops.add_modulo,PIL.ImageChops.add_modulo,function,endpoint,python-parallel-cpu,Pillow,,published_rows_only,no_verified_comparison,python-cpu;python-gpu;python-simd,python-cpu,python-cpu;python-gpu;python-simd,8,7,pil-imagechops.add-modulo.standard,21,0,0,0,,,,,21,0,0,0,0,0,0,0,,,pil-imagechops.add-modulo.standard;pipeline-chain.simd-chops.add-modulo-rgb;pipeline-matrix.expanded.addmodulo.1024x768;pipeline-matrix.expanded.addmodulo.1x1;pipeline-matrix.expanded.addmodulo.256x256;pipeline-matrix.expanded.addmodulo.32x32;pipeline-op.addmodulo.benchmark-materialized;pipeline-op.addmodulo.matrix-32x24
df5231519bb4810e6b0098560c5c791e56dc9952,true,2026-10-09T01:11:25.338187Z,48d69f9756559a7a8da696b16d93e10be849504250560e4830f3dc8ee97b4d9a,101fdb8cc2c9da7ea98da8602ac4e7879ab23c9d,false,2026-10-07T13:19:09.608307Z,8963ea465b99a6b2a2cca91ab2aa07ee321fb3a450edfd10a102f4681b3247e4,PIL.ImageChops.blend,PIL.ImageChops.blend,PIL.ImageChops.blend,function,endpoint,python-cpu,Pillow,1.0,benchmark_workload,no_verified_comparison,python-cpu;python-gpu;python-simd,python-cpu,python-cpu;python-gpu;python-simd,4,3,pil-imagechops.blend.standard,9,0,0,0,,,,,6,3,0,0,0,0,0,0,,,pil-imagechops.blend.standard;pipeline-chain.matrix-020;pipeline-op.blend.benchmark-materialized;pipeline-op.blend.matrix-32x24
df5231519bb4810e6b0098560c5c791e56dc9952,true,2026-10-09T01:11:25.338187Z,48d69f9756559a7a8da696b16d93e10be849504250560e4830f3dc8ee97b4d9a,101fdb8cc2c9da7ea98da8602ac4e7879ab23c9d,false,2026-10-07T13:19:09.608307Z,8963ea465b99a6b2a2cca91ab2aa07ee321fb3a450edfd10a102f4681b3247e4,PIL.ImageChops.blend,PIL.ImageChops.blend,PIL.ImageChops.blend,function,endpoint,python-simd,Pillow,2.0,benchmark_workload,no_verified_comparison,python-cpu;python-gpu;python-simd,python-cpu,python-cpu;python-gpu;python-simd,4,3,pil-imagechops.blend.standard,9,0,0,0,0,,,,6,0,3,0,0,0,0,0,,,pil-imagechops.blend.standard;pipeline-chain.matrix-020;pipeline-op.blend.benchmark-materialized;pipeline-op.blend.matrix-32x24
df5231519bb4810e6b0098560c5c791e56dc9952,true,2026-10-09T01:11:25.338187Z,48d69f9756559a7a8da696b16d93e10be849504250560e4830f3dc8ee97b4d9a,101fdb8cc2c9da7ea98da8602ac4e7879ab23c9d,false,2026-10-07T13:19:09.608307Z,8963ea465b99a6b2a2cca91ab2aa07ee321fb3a450edfd10a102f4681b3247e4,PIL.ImageChops.blend,PIL.ImageChops.blend,PIL.ImageChops.blend,function,endpoint,python-gpu,SIMD,1.0,benchmark_workload,no_verified_comparison,python-cpu;python-gpu;python-simd,python-cpu,python-cpu;python-gpu;python-simd,4,3,pil-imagechops.blend.standard,3,0,0,0,,,,,3,0,0,0,0,0,0,0,,not_measured,pil-imagechops.blend.standard;pipeline-chain.matrix-020;pipeline-op.blend.benchmark-materialized;pipeline-op.blend.matrix-32x24
df5231519bb4810e6b0098560c5c791e56dc9952,true,2026-10-09T01:11:25.338187Z,48d69f9756559a7a8da696b16d93e10be849504250560e4830f3dc8ee97b4d9a,101fdb8cc2c9da7ea98da8602ac4e7879ab23c9d,false,2026-10-07T13:19:09.608307Z,8963ea465b99a6b2a2cca91ab2aa07ee321fb3a450edfd10a102f4681b3247e4,PIL.ImageChops.blend,PIL.ImageChops.blend,PIL.ImageChops.blend,function,endpoint,python-parallel-cpu,Pillow,,published_rows_only,no_verified_comparison,python-cpu;python-gpu;python-simd,python-cpu,python-cpu;python-gpu;python-simd,4,3,pil-imagechops.blend.standard,9,0,0,0,,,,,9,0,0,0,0,0,0,0,,,pil-imagechops.blend.standard;pipeline-chain.matrix-020;pipeline-op.blend.benchmark-materialized;pipeline-op.blend.matrix-32x24
df5231519bb4810e6b0098560c5c791e56dc9952,true,2026-10-09T01:11:25.338187Z,48d69f9756559a7a8da696b16d93e10be849504250560e4830f3dc8ee97b4d9a,101fdb8cc2c9da7ea98da8602ac4e7879ab23c9d,false,2026-10-07T13:19:09.608307Z,8963ea465b99a6b2a2cca91ab2aa07ee321fb3a450edfd10a102f4681b3247e4,PIL.ImageChops.composite,PIL.ImageChops.composite,PIL.ImageChops.composite,function,endpoint,python-cpu,Pillow,1.0,benchmark_workload,no_verified_comparison,python-cpu;python-gpu;python-simd,python-cpu,python-cpu;python-gpu;python-simd,7,6,pil-imagechops.composite.standard,18,0,0,0,,,,,18,0,0,0,0,0,0,0,,,pil-imagechops.composite.standard;pipeline-matrix.expanded.composite.1024x768;pipeline-matrix.expanded.composite.1x1;pipeline-matrix.expanded.composite.256x256;pipeline-matrix.expanded.composite.32x32;pipeline-op.composite.benchmark-materialized;pipeline-op.composite.matrix-32x24
df5231519bb4810e6b0098560c5c791e56dc9952,true,2026-10-09T01:11:25.338187Z,48d69f9756559a7a8da696b16d93e10be849504250560e4830f3dc8ee97b4d9a,101fdb8cc2c9da7ea98da8602ac4e7879ab23c9d,false,2026-10-07T13:19:09.608307Z,8963ea465b99a6b2a2cca91ab2aa07ee321fb3a450edfd10a102f4681b3247e4,PIL.ImageChops.composite,PIL.ImageChops.composite,PIL.ImageChops.composite,function,endpoint,python-simd,Pillow,2.0,benchmark_workload,no_verified_comparison,python-cpu;python-gpu;python-simd,python-cpu,python-cpu;python-gpu;python-simd,7,6,pil-imagechops.composite.standard,18,0,0,0,0,,,,18,0,0,0,0,0,0,0,,,pil-imagechops.composite.standard;pipeline-matrix.expanded.composite.1024x768;pipeline-matrix.expanded.composite.1x1;pipeline-matrix.expanded.composite.256x256;pipeline-matrix.expanded.composite.32x32;pipeline-op.composite.benchmark-materialized;pipeline-op.composite.matrix-32x24
df5231519bb4810e6b0098560c5c791e56dc9952,true,2026-10-09T01:11:25.338187Z,48d69f9756559a7a8da696b16d93e10be849504250560e4830f3dc8ee97b4d9a,101fdb8cc2c9da7ea98da8602ac4e7879ab23c9d,false,2026-10-07T13:19:09.608307Z,8963ea465b99a6b2a2cca91ab2aa07ee321fb3a450edfd10a102f4681b3247e4,PIL.ImageChops.composite,PIL.ImageChops.composite,PIL.ImageChops.composite,function,endpoint,python-gpu,SIMD,1.0,benchmark_workload,no_verified_comparison,python-cpu;python-gpu;python-simd,python-cpu,python-cpu;python-gpu;python-simd,7,6,pil-imagechops.composite.standard,6,0,0,0,,,,,6,0,0,0,0,0,0,0,,not_measured,pil-imagechops.composite.standard;pipeline-matrix.expanded.composite.1024x768;pipeline-matrix.expanded.composite.1x1;pipeline-matrix.expanded.composite.256x256;pipeline-matrix.expanded.composite.32x32;pipeline-op.composite.benchmark-materialized;pipeline-op.composite.matrix-32x24
df5231519bb4810e6b0098560c5c791e56dc9952,true,2026-10-09T01:11:25.338187Z,48d69f9756559a7a8da696b16d93e10be849504250560e4830f3dc8ee97b4d9a,101fdb8cc2c9da7ea98da8602ac4e7879ab23c9d,false,2026-10-07T13:19:09.608307Z,8963ea465b99a6b2a2cca91ab2aa07ee321fb3a450edfd10a102f4681b3247e4,PIL.ImageChops.composite,PIL.ImageChops.composite,PIL.ImageChops.composite,function,endpoint,python-parallel-cpu,Pillow,,published_rows_only,no_verified_comparison,python-cpu;python-gpu;python-simd,python-cpu,python-cpu;python-gpu;python-simd,7,6,pil-imagechops.composite.standard,18,0,0,0,,,,,18,0,0,0,0,0,0,0,,,pil-imagechops.composite.standard;pipeline-matrix.expanded.composite.1024x768;pipeline-matrix.expanded.composite.1x1;pipeline-matrix.expanded.composite.256x256;pipeline-matrix.expanded.composite.32x32;pipeline-op.composite.benchmark-materialized;pipeline-op.composite.matrix-32x24
df5231519bb4810e6b0098560c5c791e56dc9952,true,2026-10-09T01:11:25.338187Z,48d69f9756559a7a8da696b16d93e10be849504250560e4830f3dc8ee97b4d9a,101fdb8cc2c9da7ea98da8602ac4e7879ab23c9d,false,2026-10-07T13:19:09.608307Z,8963ea465b99a6b2a2cca91ab2aa07ee321fb3a450edfd10a102f4681b3247e4,PIL.ImageChops.constant,PIL.ImageChops.constant,PIL.ImageChops.constant,function,endpoint,python-cpu,Pillow,1.0,benchmark_workload,no_verified_comparison,python-cpu;python-gpu;python-simd,python-cpu,python-cpu;python-gpu;python-simd,7,6,pil-imagechops.constant.standard,18,0,0,0,,,,,18,0,0,0,0,0,0,0,,,pil-imagechops.constant.standard;pipeline-chain.simd-constant.1024x1024;pipeline-chain.simd-constant.1024x768;pipeline-chain.simd-constant.256x256;pipeline-chain.simd-constant.32x32;pipeline-op.constant.benchmark-materialized;pipeline-op.constant.matrix-32x24
df5231519bb4810e6b0098560c5c791e56dc9952,true,2026-10-09T01:11:25.338187Z,48d69f9756559a7a8da696b16d93e10be849504250560e4830f3dc8ee97b4d9a,101fdb8cc2c9da7ea98da8602ac4e7879ab23c9d,false,2026-10-07T13:19:09.608307Z,8963ea465b99a6b2a2cca91ab2aa07ee321fb3a450edfd10a102f4681b3247e4,PIL.ImageChops.constant,PIL.ImageChops.constant,PIL.ImageChops.constant,function,endpoint,python-simd,Pillow,2.0,benchmark_workload,no_verified_comparison,python-cpu;python-gpu;python-simd,python-cpu,python-cpu;python-gpu;python-simd,7,6,pil-imagechops.constant.standard,18,0,0,0,0,,,,18,0,0,0,0,0,0,0,,,pil-imagechops.constant.standard;pipeline-chain.simd-constant.1024x1024;pipeline-chain.simd-constant.1024x768;pipeline-chain.simd-constant.256x256;pipeline-chain.simd-constant.32x32;pipeline-op.constant.benchmark-materialized;pipeline-op.constant.matrix-32x24
df5231519bb4810e6b0098560c5c791e56dc9952,true,2026-10-09T01:11:25.338187Z,48d69f9756559a7a8da696b16d93e10be849504250560e4830f3dc8ee97b4d9a,101fdb8cc2c9da7ea98da8602ac4e7879ab23c9d,false,2026-10-07T13:19:09.608307Z,8963ea465b99a6b2a2cca91ab2aa07ee321fb3a450edfd10a102f4681b3247e4,PIL.ImageChops.constant,PIL.ImageChops.constant,PIL.ImageChops.constant,function,endpoint,python-gpu,SIMD,1.0,benchmark_workload,no_verified_comparison,python-cpu;python-gpu;python-simd,python-cpu,python-cpu;python-gpu;python-simd,7,6,pil-imagechops.constant.standard,6,0,0,0,,,,,6,0,0,0,0,0,0,0,,not_measured,pil-imagechops.constant.standard;pipeline-chain.simd-constant.1024x1024;pipeline-chain.simd-constant.1024x768;pipeline-chain.simd-constant.256x256;pipeline-chain.simd-constant.32x32;pipeline-op.constant.benchmark-materialized;pipeline-op.constant.matrix-32x24
df5231519bb4810e6b0098560c5c791e56dc9952,true,2026-10-09T01:11:25.338187Z,48d69f9756559a7a8da696b16d93e10be849504250560e4830f3dc8ee97b4d9a,101fdb8cc2c9da7ea98da8602ac4e7879ab23c9d,false,2026-10-07T13:19:09.608307Z,8963ea465b99a6b2a2cca91ab2aa07ee321fb3a450edfd10a102f4681b3247e4,PIL.ImageChops.constant,PIL.ImageChops.constant,PIL.ImageChops.constant,function,endpoint,python-parallel-cpu,Pillow,,published_rows_only,no_verified_comparison,python-cpu;python-gpu;python-simd,python-cpu,python-cpu;python-gpu;python-simd,7,6,pil-imagechops.constant.standard,18,0,0,0,,,,,18,0,0,0,0,0,0,0,,,pil-imagechops.constant.standard;pipeline-chain.simd-constant.1024x1024;pipeline-chain.simd-constant.1024x768;pipeline-chain.simd-constant.256x256;pipeline-chain.simd-constant.32x32;pipeline-op.constant.benchmark-materialized;pipeline-op.constant.matrix-32x24
df5231519bb4810e6b0098560c5c791e56dc9952,true,2026-10-09T01:11:25.338187Z,48d69f9756559a7a8da696b16d93e10be849504250560e4830f3dc8ee97b4d9a,101fdb8cc2c9da7ea98da8602ac4e7879ab23c9d,false,2026-10-07T13:19:09.608307Z,8963ea465b99a6b2a2cca91ab2aa07ee321fb3a450edfd10a102f4681b3247e4,PIL.ImageChops.darker,PIL.ImageChops.darker,PIL.ImageChops.darker,function,endpoint,python-cpu,Pillow,1.0,benchmark_workload,no_verified_comparison,python-cpu;python-gpu;python-simd,python-cpu,python-cpu;python-gpu;python-simd,8,7,pil-imagechops.darker.standard,21,0,0,0,,,,,21,0,0,0,0,0,0,0,,,pil-imagechops.darker.standard;pipeline-chain.simd-chops.darker-rgb;pipeline-matrix.expanded.darker.1024x768;pipeline-matrix.expanded.darker.1x1;pipeline-matrix.expanded.darker.256x256;pipeline-matrix.expanded.darker.32x32;pipeline-op.darker.benchmark-materialized;pipeline-op.darker.matrix-32x24
df5231519bb4810e6b0098560c5c791e56dc9952,true,2026-10-09T01:11:25.338187Z,48d69f9756559a7a8da696b16d93e10be849504250560e4830f3dc8ee97b4d9a,101fdb8cc2c9da7ea98da8602ac4e7879ab23c9d,false,2026-10-07T13:19:09.608307Z,8963ea465b99a6b2a2cca91ab2aa07ee321fb3a450edfd10a102f4681b3247e4,PIL.ImageChops.darker,PIL.ImageChops.darker,PIL.ImageChops.darker,function,endpoint,python-simd,Pillow,2.0,benchmark_workload,no_verified_comparison,python-cpu;python-gpu;python-simd,python-cpu,python-cpu;python-gpu;python-simd,8,7,pil-imagechops.darker.standard,21,0,0,0,0,,,,21,0,0,0,0,0,0,0,,,pil-imagechops.darker.standard;pipeline-chain.simd-chops.darker-rgb;pipeline-matrix.expanded.darker.1024x768;pipeline-matrix.expanded.darker.1x1;pipeline-matrix.expanded.darker.256x256;pipeline-matrix.expanded.darker.32x32;pipeline-op.darker.benchmark-materialized;pipeline-op.darker.matrix-32x24
df5231519bb4810e6b0098560c5c791e56dc9952,true,2026-10-09T01:11:25.338187Z,48d69f9756559a7a8da696b16d93e10be849504250560e4830f3dc8ee97b4d9a,101fdb8cc2c9da7ea98da8602ac4e7879ab23c9d,false,2026-10-07T13:19:09.608307Z,8963ea465b99a6b2a2cca91ab2aa07ee321fb3a450edfd10a102f4681b3247e4,PIL.ImageChops.darker,PIL.ImageChops.darker,PIL.ImageChops.darker,function,endpoint,python-gpu,SIMD,1.0,benchmark_workload,no_verified_comparison,python-cpu;python-gpu;python-simd,python-cpu,python-cpu;python-gpu;python-simd,8,7,pil-imagechops.darker.standard,7,0,0,0,,,,,7,0,0,0,0,0,0,0,,not_measured,pil-imagechops.darker.standard;pipeline-chain.simd-chops.darker-rgb;pipeline-matrix.expanded.darker.1024x768;pipeline-matrix.expanded.darker.1x1;pipeline-matrix.expanded.darker.256x256;pipeline-matrix.expanded.darker.32x32;pipeline-op.darker.benchmark-materialized;pipeline-op.darker.matrix-32x24
df5231519bb4810e6b0098560c5c791e56dc9952,true,2026-10-09T01:11:25.338187Z,48d69f9756559a7a8da696b16d93e10be849504250560e4830f3dc8ee97b4d9a,101fdb8cc2c9da7ea98da8602ac4e7879ab23c9d,false,2026-10-07T13:19:09.608307Z,8963ea465b99a6b2a2cca91ab2aa07ee321fb3a450edfd10a102f4681b3247e4,PIL.ImageChops.darker,PIL.ImageChops.darker,PIL.ImageChops.darker,function,endpoint,python-parallel-cpu,Pillow,,published_rows_only,no_verified_comparison,python-cpu;python-gpu;python-simd,python-cpu,python-cpu;python-gpu;python-simd,8,7,pil-imagechops.darker.standard,21,0,0,0,,,,,21,0,0,0,0,0,0,0,,,pil-imagechops.darker.standard;pipeline-chain.simd-chops.darker-rgb;pipeline-matrix.expanded.darker.1024x768;pipeline-matrix.expanded.darker.1x1;pipeline-matrix.expanded.darker.256x256;pipeline-matrix.expanded.darker.32x32;pipeline-op.darker.benchmark-materialized;pipeline-op.darker.matrix-32x24
df5231519bb4810e6b0098560c5c791e56dc9952,true,2026-10-09T01:11:25.338187Z,48d69f9756559a7a8da696b16d93e10be849504250560e4830f3dc8ee97b4d9a,101fdb8cc2c9da7ea98da8602ac4e7879ab23c9d,false,2026-10-07T13:19:09.608307Z,8963ea465b99a6b2a2cca91ab2aa07ee321fb3a450edfd10a102f4681b3247e4,PIL.ImageChops.difference,PIL.ImageChops.difference,PIL.ImageChops.difference,function,endpoint,python-cpu,Pillow,1.0,benchmark_workload,no_verified_comparison,python-cpu;python-gpu;python-simd,python-cpu,python-cpu;python-gpu;python-simd,9,8,pil-imagechops.difference.standard,24,0,0,0,,,,,24,0,0,0,0,0,0,0,,,pil-imagechops.difference.standard;pipeline-chain.matrix-032;pipeline-chain.simd-chops.difference-rgb;pipeline-matrix.expanded.difference.1024x768;pipeline-matrix.expanded.difference.1x1;pipeline-matrix.expanded.difference.256x256;pipeline-matrix.expanded.difference.32x32;pipeline-op.difference.benchmark-materialized;pipeline-op.difference.matrix-32x24
df5231519bb4810e6b0098560c5c791e56dc9952,true,2026-10-09T01:11:25.338187Z,48d69f9756559a7a8da696b16d93e10be849504250560e4830f3dc8ee97b4d9a,101fdb8cc2c9da7ea98da8602ac4e7879ab23c9d,false,2026-10-07T13:19:09.608307Z,8963ea465b99a6b2a2cca91ab2aa07ee321fb3a450edfd10a102f4681b3247e4,PIL.ImageChops.difference,PIL.ImageChops.difference,PIL.ImageChops.difference,function,endpoint,python-simd,Pillow,2.0,benchmark_workload,no_verified_comparison,python-cpu;python-gpu;python-simd,python-cpu,python-cpu;python-gpu;python-simd,9,8,pil-imagechops.difference.standard,24,0,0,0,0,,,,24,0,0,0,0,0,0,0,,,pil-imagechops.difference.standard;pipeline-chain.matrix-032;pipeline-chain.simd-chops.difference-rgb;pipeline-matrix.expanded.difference.1024x768;pipeline-matrix.expanded.difference.1x1;pipeline-matrix.expanded.difference.256x256;pipeline-matrix.expanded.difference.32x32;pipeline-op.difference.benchmark-materialized;pipeline-op.difference.matrix-32x24
df5231519bb4810e6b0098560c5c791e56dc9952,true,2026-10-09T01:11:25.338187Z,48d69f9756559a7a8da696b16d93e10be849504250560e4830f3dc8ee97b4d9a,101fdb8cc2c9da7ea98da8602ac4e7879ab23c9d,false,2026-10-07T13:19:09.608307Z,8963ea465b99a6b2a2cca91ab2aa07ee321fb3a450edfd10a102f4681b3247e4,PIL.ImageChops.difference,PIL.ImageChops.difference,PIL.ImageChops.difference,function,endpoint,python-gpu,SIMD,1.0,benchmark_workload,no_verified_comparison,python-cpu;python-gpu;python-simd,python-cpu,python-cpu;python-gpu;python-simd,9,8,pil-imagechops.difference.standard,8,0,0,0,,,,,8,0,0,0,0,0,0,0,,not_measured,pil-imagechops.difference.standard;pipeline-chain.matrix-032;pipeline-chain.simd-chops.difference-rgb;pipeline-matrix.expanded.difference.1024x768;pipeline-matrix.expanded.difference.1x1;pipeline-matrix.expanded.difference.256x256;pipeline-matrix.expanded.difference.32x32;pipeline-op.difference.benchmark-materialized;pipeline-op.difference.matrix-32x24
df5231519bb4810e6b0098560c5c791e56dc9952,true,2026-10-09T01:11:25.338187Z,48d69f9756559a7a8da696b16d93e10be849504250560e4830f3dc8ee97b4d9a,101fdb8cc2c9da7ea98da8602ac4e7879ab23c9d,false,2026-10-07T13:19:09.608307Z,8963ea465b99a6b2a2cca91ab2aa07ee321fb3a450edfd10a102f4681b3247e4,PIL.ImageChops.difference,PIL.ImageChops.difference,PIL.ImageChops.difference,function,endpoint,python-parallel-cpu,Pillow,,published_rows_only,no_verified_comparison,python-cpu;python-gpu;python-simd,python-cpu,python-cpu;python-gpu;python-simd,9,8,pil-imagechops.difference.standard,24,0,0,0,,,,,24,0,0,0,0,0,0,0,,,pil-imagechops.difference.standard;pipeline-chain.matrix-032;pipeline-chain.simd-chops.difference-rgb;pipeline-matrix.expanded.difference.1024x768;pipeline-matrix.expanded.difference.1x1;pipeline-matrix.expanded.difference.256x256;pipeline-matrix.expanded.difference.32x32;pipeline-op.difference.benchmark-materialized;pipeline-op.difference.matrix-32x24
df5231519bb4810e6b0098560c5c791e56dc9952,true,2026-10-09T01:11:25.338187Z,48d69f9756559a7a8da696b16d93e10be849504250560e4830f3dc8ee97b4d9a,101fdb8cc2c9da7ea98da8602ac4e7879ab23c9d,false,2026-10-07T13:19:09.608307Z,8963ea465b99a6b2a2cca91ab2aa07ee321fb3a450edfd10a102f4681b3247e4,PIL.ImageChops.duplicate,PIL.ImageChops.duplicate,PIL.ImageChops.duplicate,function,endpoint,python-cpu,Pillow,1.0,benchmark_workload,no_verified_comparison,python-cpu;python-gpu;python-simd,python-cpu,python-cpu;python-gpu;python-simd,3,2,pil-imagechops.duplicate.standard,6,0,0,0,,,,,6,0,0,0,0,0,0,0,,,pil-imagechops.duplicate.standard;pipeline-op.duplicate.benchmark-materialized;pipeline-op.duplicate.matrix-32x24
df5231519bb4810e6b0098560c5c791e56dc9952,true,2026-10-09T01:11:25.338187Z,48d69f9756559a7a8da696b16d93e10be849504250560e4830f3dc8ee97b4d9a,101fdb8cc2c9da7ea98da8602ac4e7879ab23c9d,false,2026-10-07T13:19:09.608307Z,8963ea465b99a6b2a2cca91ab2aa07ee321fb3a450edfd10a102f4681b3247e4,PIL.ImageChops.duplicate,PIL.ImageChops.duplicate,PIL.ImageChops.duplicate,function,endpoint,python-simd,Pillow,2.0,benchmark_workload,no_verified_comparison,python-cpu;python-gpu;python-simd,python-cpu,python-cpu;python-gpu;python-simd,3,2,pil-imagechops.duplicate.standard,6,0,0,0,0,,,,6,0,0,0,0,0,0,0,,,pil-imagechops.duplicate.standard;pipeline-op.duplicate.benchmark-materialized;pipeline-op.duplicate.matrix-32x24
df5231519bb4810e6b0098560c5c791e56dc9952,true,2026-10-09T01:11:25.338187Z,48d69f9756559a7a8da696b16d93e10be849504250560e4830f3dc8ee97b4d9a,101fdb8cc2c9da7ea98da8602ac4e7879ab23c9d,false,2026-10-07T13:19:09.608307Z,8963ea465b99a6b2a2cca91ab2aa07ee321fb3a450edfd10a102f4681b3247e4,PIL.ImageChops.duplicate,PIL.ImageChops.duplicate,PIL.ImageChops.duplicate,function,endpoint,python-gpu,SIMD,1.0,benchmark_workload,no_verified_comparison,python-cpu;python-gpu;python-simd,python-cpu,python-cpu;python-gpu;python-simd,3,2,pil-imagechops.duplicate.standard,2,0,0,0,,,,,2,0,0,0,0,0,0,0,,not_measured,pil-imagechops.duplicate.standard;pipeline-op.duplicate.benchmark-materialized;pipeline-op.duplicate.matrix-32x24
df5231519bb4810e6b0098560c5c791e56dc9952,true,2026-10-09T01:11:25.338187Z,48d69f9756559a7a8da696b16d93e10be849504250560e4830f3dc8ee97b4d9a,101fdb8cc2c9da7ea98da8602ac4e7879ab23c9d,false,2026-10-07T13:19:09.608307Z,8963ea465b99a6b2a2cca91ab2aa07ee321fb3a450edfd10a102f4681b3247e4,PIL.ImageChops.duplicate,PIL.ImageChops.duplicate,PIL.ImageChops.duplicate,function,endpoint,python-parallel-cpu,Pillow,,published_rows_only,no_verified_comparison,python-cpu;python-gpu;python-simd,python-cpu,python-cpu;python-gpu;python-simd,3,2,pil-imagechops.duplicate.standard,6,0,0,0,,,,,6,0,0,0,0,0,0,0,,,pil-imagechops.duplicate.standard;pipeline-op.duplicate.benchmark-materialized;pipeline-op.duplicate.matrix-32x24
df5231519bb4810e6b0098560c5c791e56dc9952,true,2026-10-09T01:11:25.338187Z,48d69f9756559a7a8da696b16d93e10be849504250560e4830f3dc8ee97b4d9a,101fdb8cc2c9da7ea98da8602ac4e7879ab23c9d,false,2026-10-07T13:19:09.608307Z,8963ea465b99a6b2a2cca91ab2aa07ee321fb3a450edfd10a102f4681b3247e4,PIL.ImageChops.hard_light,PIL.ImageChops.hard_light,PIL.ImageChops.hard_light,function,endpoint,python-cpu,Pillow,1.0,benchmark_workload,no_verified_comparison,python-cpu;python-gpu;python-simd,python-cpu,python-cpu;python-gpu;python-simd,7,6,pil-imagechops.hard-light.standard,18,0,0,0,,,,,18,0,0,0,0,0,0,0,,,pil-imagechops.hard-light.standard;pipeline-matrix.expanded.hardlight.1024x768;pipeline-matrix.expanded.hardlight.1x1;pipeline-matrix.expanded.hardlight.256x256;pipeline-matrix.expanded.hardlight.32x32;pipeline-op.hardlight.benchmark-materialized;pipeline-op.hardlight.matrix-32x24
df5231519bb4810e6b0098560c5c791e56dc9952,true,2026-10-09T01:11:25.338187Z,48d69f9756559a7a8da696b16d93e10be849504250560e4830f3dc8ee97b4d9a,101fdb8cc2c9da7ea98da8602ac4e7879ab23c9d,false,2026-10-07T13:19:09.608307Z,8963ea465b99a6b2a2cca91ab2aa07ee321fb3a450edfd10a102f4681b3247e4,PIL.ImageChops.hard_light,PIL.ImageChops.hard_light,PIL.ImageChops.hard_light,function,endpoint,python-simd,Pillow,2.0,benchmark_workload,no_verified_comparison,python-cpu;python-gpu;python-simd,python-cpu,python-cpu;python-gpu;python-simd,7,6,pil-imagechops.hard-light.standard,18,0,0,0,0,,,,18,0,0,0,0,0,0,0,,,pil-imagechops.hard-light.standard;pipeline-matrix.expanded.hardlight.1024x768;pipeline-matrix.expanded.hardlight.1x1;pipeline-matrix.expanded.hardlight.256x256;pipeline-matrix.expanded.hardlight.32x32;pipeline-op.hardlight.benchmark-materialized;pipeline-op.hardlight.matrix-32x24
df5231519bb4810e6b0098560c5c791e56dc9952,true,2026-10-09T01:11:25.338187Z,48d69f9756559a7a8da696b16d93e10be849504250560e4830f3dc8ee97b4d9a,101fdb8cc2c9da7ea98da8602ac4e7879ab23c9d,false,2026-10-07T13:19:09.608307Z,8963ea465b99a6b2a2cca91ab2aa07ee321fb3a450edfd10a102f4681b3247e4,PIL.ImageChops.hard_light,PIL.ImageChops.hard_light,PIL.ImageChops.hard_light,function,endpoint,python-gpu,SIMD,1.0,benchmark_workload,no_verified_comparison,python-cpu;python-gpu;python-simd,python-cpu,python-cpu;python-gpu;python-simd,7,6,pil-imagechops.hard-light.standard,6,0,0,0,,,,,6,0,0,0,0,0,0,0,,not_measured,pil-imagechops.hard-light.standard;pipeline-matrix.expanded.hardlight.1024x768;pipeline-matrix.expanded.hardlight.1x1;pipeline-matrix.expanded.hardlight.256x256;pipeline-matrix.expanded.hardlight.32x32;pipeline-op.hardlight.benchmark-materialized;pipeline-op.hardlight.matrix-32x24
df5231519bb4810e6b0098560c5c791e56dc9952,true,2026-10-09T01:11:25.338187Z,48d69f9756559a7a8da696b16d93e10be849504250560e4830f3dc8ee97b4d9a,101fdb8cc2c9da7ea98da8602ac4e7879ab23c9d,false,2026-10-07T13:19:09.608307Z,8963ea465b99a6b2a2cca91ab2aa07ee321fb3a450edfd10a102f4681b3247e4,PIL.ImageChops.hard_light,PIL.ImageChops.hard_light,PIL.ImageChops.hard_light,function,endpoint,python-parallel-cpu,Pillow,,published_rows_only,no_verified_comparison,python-cpu;python-gpu;python-simd,python-cpu,python-cpu;python-gpu;python-simd,7,6,pil-imagechops.hard-light.standard,18,0,0,0,,,,,18,0,0,0,0,0,0,0,,,pil-imagechops.hard-light.standard;pipeline-matrix.expanded.hardlight.1024x768;pipeline-matrix.expanded.hardlight.1x1;pipeline-matrix.expanded.hardlight.256x256;pipeline-matrix.expanded.hardlight.32x32;pipeline-op.hardlight.benchmark-materialized;pipeline-op.hardlight.matrix-32x24
df5231519bb4810e6b0098560c5c791e56dc9952,true,2026-10-09T01:11:25.338187Z,48d69f9756559a7a8da696b16d93e10be849504250560e4830f3dc8ee97b4d9a,101fdb8cc2c9da7ea98da8602ac4e7879ab23c9d,false,2026-10-07T13:19:09.608307Z,8963ea465b99a6b2a2cca91ab2aa07ee321fb3a450edfd10a102f4681b3247e4,PIL.ImageChops.invert,PIL.ImageChops.invert,PIL.ImageChops.invert,function,endpoint,python-cpu,Pillow,1.0,benchmark_workload,no_verified_comparison,python-cpu;python-gpu;python-simd,python-cpu,python-cpu;python-gpu;python-simd,11,10,pil-imagechops.invert.standard,30,0,0,0,,,,,30,0,0,0,0,0,0,0,,,pil-imagechops.invert.standard;pipeline-chain.matrix-086;pipeline-chain.matrix-087;pipeline-chain.simd-vector-mirror.l.1024x1024;pipeline-chain.simd-vector-mirror.l.32x32;pipeline-chain.simd-vector-mirror.la.1024x1024;pipeline-chain.simd-vector-mirror.la.32x32;pipeline-chain.simd-vector-mirror.rgba.1024x1024;pipeline-chain.simd-vector-mirror.rgba.32x32;pipeline-op.invertchops.benchmark-materialized;pipeline-op.invertchops.matrix-32x24
df5231519bb4810e6b0098560c5c791e56dc9952,true,2026-10-09T01:11:25.338187Z,48d69f9756559a7a8da696b16d93e10be849504250560e4830f3dc8ee97b4d9a,101fdb8cc2c9da7ea98da8602ac4e7879ab23c9d,false,2026-10-07T13:19:09.608307Z,8963ea465b99a6b2a2cca91ab2aa07ee321fb3a450edfd10a102f4681b3247e4,PIL.ImageChops.invert,PIL.ImageChops.invert,PIL.ImageChops.invert,function,endpoint,python-simd,Pillow,2.0,benchmark_workload,no_verified_comparison,python-cpu;python-gpu;python-simd,python-cpu,python-cpu;python-gpu;python-simd,11,10,pil-imagechops.invert.standard,30,0,0,0,0,,,,30,0,0,0,0,0,0,0,,,pil-imagechops.invert.standard;pipeline-chain.matrix-086;pipeline-chain.matrix-087;pipeline-chain.simd-vector-mirror.l.1024x1024;pipeline-chain.simd-vector-mirror.l.32x32;pipeline-chain.simd-vector-mirror.la.1024x1024;pipeline-chain.simd-vector-mirror.la.32x32;pipeline-chain.simd-vector-mirror.rgba.1024x1024;pipeline-chain.simd-vector-mirror.rgba.32x32;pipeline-op.invertchops.benchmark-materialized;pipeline-op.invertchops.matrix-32x24
df5231519bb4810e6b0098560c5c791e56dc9952,true,2026-10-09T01:11:25.338187Z,48d69f9756559a7a8da696b16d93e10be849504250560e4830f3dc8ee97b4d9a,101fdb8cc2c9da7ea98da8602ac4e7879ab23c9d,false,2026-10-07T13:19:09.608307Z,8963ea465b99a6b2a2cca91ab2aa07ee321fb3a450edfd10a102f4681b3247e4,PIL.ImageChops.invert,PIL.ImageChops.invert,PIL.ImageChops.invert,function,endpoint,python-gpu,SIMD,1.0,benchmark_workload,no_verified_comparison,python-cpu;python-gpu;python-simd,python-cpu,python-cpu;python-gpu;python-simd,11,10,pil-imagechops.invert.standard,10,0,0,0,,,,,10,0,0,0,0,0,0,0,,not_measured,pil-imagechops.invert.standard;pipeline-chain.matrix-086;pipeline-chain.matrix-087;pipeline-chain.simd-vector-mirror.l.1024x1024;pipeline-chain.simd-vector-mirror.l.32x32;pipeline-chain.simd-vector-mirror.la.1024x1024;pipeline-chain.simd-vector-mirror.la.32x32;pipeline-chain.simd-vector-mirror.rgba.1024x1024;pipeline-chain.simd-vector-mirror.rgba.32x32;pipeline-op.invertchops.benchmark-materialized;pipeline-op.invertchops.matrix-32x24
df5231519bb4810e6b0098560c5c791e56dc9952,true,2026-10-09T01:11:25.338187Z,48d69f9756559a7a8da696b16d93e10be849504250560e4830f3dc8ee97b4d9a,101fdb8cc2c9da7ea98da8602ac4e7879ab23c9d,false,2026-10-07T13:19:09.608307Z,8963ea465b99a6b2a2cca91ab2aa07ee321fb3a450edfd10a102f4681b3247e4,PIL.ImageChops.invert,PIL.ImageChops.invert,PIL.ImageChops.invert,function,endpoint,python-parallel-cpu,Pillow,,published_rows_only,no_verified_comparison,python-cpu;python-gpu;python-simd,python-cpu,python-cpu;python-gpu;python-simd,11,10,pil-imagechops.invert.standard,30,0,0,0,,,,,30,0,0,0,0,0,0,0,,,pil-imagechops.invert.standard;pipeline-chain.matrix-086;pipeline-chain.matrix-087;pipeline-chain.simd-vector-mirror.l.1024x1024;pipeline-chain.simd-vector-mirror.l.32x32;pipeline-chain.simd-vector-mirror.la.1024x1024;pipeline-chain.simd-vector-mirror.la.32x32;pipeline-chain.simd-vector-mirror.rgba.1024x1024;pipeline-chain.simd-vector-mirror.rgba.32x32;pipeline-op.invertchops.benchmark-materialized;pipeline-op.invertchops.matrix-32x24
df5231519bb4810e6b0098560c5c791e56dc9952,true,2026-10-09T01:11:25.338187Z,48d69f9756559a7a8da696b16d93e10be849504250560e4830f3dc8ee97b4d9a,101fdb8cc2c9da7ea98da8602ac4e7879ab23c9d,false,2026-10-07T13:19:09.608307Z,8963ea465b99a6b2a2cca91ab2aa07ee321fb3a450edfd10a102f4681b3247e4,PIL.ImageChops.lighter,PIL.ImageChops.lighter,PIL.ImageChops.lighter,function,endpoint,python-cpu,Pillow,1.0,benchmark_workload,no_verified_comparison,python-cpu;python-gpu;python-simd,python-cpu,python-cpu;python-gpu;python-simd,8,7,pil-imagechops.lighter.standard,21,0,0,0,,,,,21,0,0,0,0,0,0,0,,,pil-imagechops.lighter.standard;pipeline-chain.simd-chops.lighter-rgb;pipeline-matrix.expanded.lighter.1024x768;pipeline-matrix.expanded.lighter.1x1;pipeline-matrix.expanded.lighter.256x256;pipeline-matrix.expanded.lighter.32x32;pipeline-op.lighter.benchmark-materialized;pipeline-op.lighter.matrix-32x24
df5231519bb4810e6b0098560c5c791e56dc9952,true,2026-10-09T01:11:25.338187Z,48d69f9756559a7a8da696b16d93e10be849504250560e4830f3dc8ee97b4d9a,101fdb8cc2c9da7ea98da8602ac4e7879ab23c9d,false,2026-10-07T13:19:09.608307Z,8963ea465b99a6b2a2cca91ab2aa07ee321fb3a450edfd10a102f4681b3247e4,PIL.ImageChops.lighter,PIL.ImageChops.lighter,PIL.ImageChops.lighter,function,endpoint,python-simd,Pillow,2.0,benchmark_workload,no_verified_comparison,python-cpu;python-gpu;python-simd,python-cpu,python-cpu;python-gpu;python-simd,8,7,pil-imagechops.lighter.standard,21,0,0,0,0,,,,21,0,0,0,0,0,0,0,,,pil-imagechops.lighter.standard;pipeline-chain.simd-chops.lighter-rgb;pipeline-matrix.expanded.lighter.1024x768;pipeline-matrix.expanded.lighter.1x1;pipeline-matrix.expanded.lighter.256x256;pipeline-matrix.expanded.lighter.32x32;pipeline-op.lighter.benchmark-materialized;pipeline-op.lighter.matrix-32x24
df5231519bb4810e6b0098560c5c791e56dc9952,true,2026-10-09T01:11:25.338187Z,48d69f9756559a7a8da696b16d93e10be849504250560e4830f3dc8ee97b4d9a,101fdb8cc2c9da7ea98da8602ac4e7879ab23c9d,false,2026-10-07T13:19:09.608307Z,8963ea465b99a6b2a2cca91ab2aa07ee321fb3a450edfd10a102f4681b3247e4,PIL.ImageChops.lighter,PIL.ImageChops.lighter,PIL.ImageChops.lighter,function,endpoint,python-gpu,SIMD,1.0,benchmark_workload,no_verified_comparison,python-cpu;python-gpu;python-simd,python-cpu,python-cpu;python-gpu;python-simd,8,7,pil-imagechops.lighter.standard,7,0,0,0,,,,,7,0,0,0,0,0,0,0,,not_measured,pil-imagechops.lighter.standard;pipeline-chain.simd-chops.lighter-rgb;pipeline-matrix.expanded.lighter.1024x768;pipeline-matrix.expanded.lighter.1x1;pipeline-matrix.expanded.lighter.256x256;pipeline-matrix.expanded.lighter.32x32;pipeline-op.lighter.benchmark-materialized;pipeline-op.lighter.matrix-32x24
df5231519bb4810e6b0098560c5c791e56dc9952,true,2026-10-09T01:11:25.338187Z,48d69f9756559a7a8da696b16d93e10be849504250560e4830f3dc8ee97b4d9a,101fdb8cc2c9da7ea98da8602ac4e7879ab23c9d,false,2026-10-07T13:19:09.608307Z,8963ea465b99a6b2a2cca91ab2aa07ee321fb3a450edfd10a102f4681b3247e4,PIL.ImageChops.lighter,PIL.ImageChops.lighter,PIL.ImageChops.lighter,function,endpoint,python-parallel-cpu,Pillow,,published_rows_only,no_verified_comparison,python-cpu;python-gpu;python-simd,python-cpu,python-cpu;python-gpu;python-simd,8,7,pil-imagechops.lighter.standard,21,0,0,0,,,,,21,0,0,0,0,0,0,0,,,pil-imagechops.lighter.standard;pipeline-chain.simd-chops.lighter-rgb;pipeline-matrix.expanded.lighter.1024x768;pipeline-matrix.expanded.lighter.1x1;pipeline-matrix.expanded.lighter.256x256;pipeline-matrix.expanded.lighter.32x32;pipeline-op.lighter.benchmark-materialized;pipeline-op.lighter.matrix-32x24
df5231519bb4810e6b0098560c5c791e56dc9952,true,2026-10-09T01:11:25.338187Z,48d69f9756559a7a8da696b16d93e10be849504250560e4830f3dc8ee97b4d9a,101fdb8cc2c9da7ea98da8602ac4e7879ab23c9d,false,2026-10-07T13:19:09.608307Z,8963ea465b99a6b2a2cca91ab2aa07ee321fb3a450edfd10a102f4681b3247e4,PIL.ImageChops.logical_and,PIL.ImageChops.logical_and,PIL.ImageChops.logical_and,function,endpoint,python-cpu,Pillow,1.0,benchmark_workload,no_verified_comparison,python-cpu;python-gpu;python-simd,python-cpu,python-cpu;python-gpu;python-simd,7,6,pil-imagechops.logical-and.standard,18,0,0,0,,,,,18,0,0,0,0,0,0,0,,,pil-imagechops.logical-and.standard;pipeline-chain.simd-chops.logical-and-1;pipeline-matrix.expanded.logicaland.1024x768;pipeline-matrix.expanded.logicaland.1x1;pipeline-matrix.expanded.logicaland.256x256;pipeline-matrix.expanded.logicaland.32x32;pipeline-op.logicaland.benchmark-materialized
df5231519bb4810e6b0098560c5c791e56dc9952,true,2026-10-09T01:11:25.338187Z,48d69f9756559a7a8da696b16d93e10be849504250560e4830f3dc8ee97b4d9a,101fdb8cc2c9da7ea98da8602ac4e7879ab23c9d,false,2026-10-07T13:19:09.608307Z,8963ea465b99a6b2a2cca91ab2aa07ee321fb3a450edfd10a102f4681b3247e4,PIL.ImageChops.logical_and,PIL.ImageChops.logical_and,PIL.ImageChops.logical_and,function,endpoint,python-simd,Pillow,2.0,benchmark_workload,no_verified_comparison,python-cpu;python-gpu;python-simd,python-cpu,python-cpu;python-gpu;python-simd,7,6,pil-imagechops.logical-and.standard,18,0,0,0,0,,,,18,0,0,0,0,0,0,0,,,pil-imagechops.logical-and.standard;pipeline-chain.simd-chops.logical-and-1;pipeline-matrix.expanded.logicaland.1024x768;pipeline-matrix.expanded.logicaland.1x1;pipeline-matrix.expanded.logicaland.256x256;pipeline-matrix.expanded.logicaland.32x32;pipeline-op.logicaland.benchmark-materialized
df5231519bb4810e6b0098560c5c791e56dc9952,true,2026-10-09T01:11:25.338187Z,48d69f9756559a7a8da696b16d93e10be849504250560e4830f3dc8ee97b4d9a,101fdb8cc2c9da7ea98da8602ac4e7879ab23c9d,false,2026-10-07T13:19:09.608307Z,8963ea465b99a6b2a2cca91ab2aa07ee321fb3a450edfd10a102f4681b3247e4,PIL.ImageChops.logical_and,PIL.ImageChops.logical_and,PIL.ImageChops.logical_and,function,endpoint,python-gpu,SIMD,1.0,benchmark_workload,no_verified_comparison,python-cpu;python-gpu;python-simd,python-cpu,python-cpu;python-gpu;python-simd,7,6,pil-imagechops.logical-and.standard,6,0,0,0,,,,,6,0,0,0,0,0,0,0,,not_measured,pil-imagechops.logical-and.standard;pipeline-chain.simd-chops.logical-and-1;pipeline-matrix.expanded.logicaland.1024x768;pipeline-matrix.expanded.logicaland.1x1;pipeline-matrix.expanded.logicaland.256x256;pipeline-matrix.expanded.logicaland.32x32;pipeline-op.logicaland.benchmark-materialized
df5231519bb4810e6b0098560c5c791e56dc9952,true,2026-10-09T01:11:25.338187Z,48d69f9756559a7a8da696b16d93e10be849504250560e4830f3dc8ee97b4d9a,101fdb8cc2c9da7ea98da8602ac4e7879ab23c9d,false,2026-10-07T13:19:09.608307Z,8963ea465b99a6b2a2cca91ab2aa07ee321fb3a450edfd10a102f4681b3247e4,PIL.ImageChops.logical_and,PIL.ImageChops.logical_and,PIL.ImageChops.logical_and,function,endpoint,python-parallel-cpu,Pillow,,published_rows_only,no_verified_comparison,python-cpu;python-gpu;python-simd,python-cpu,python-cpu;python-gpu;python-simd,7,6,pil-imagechops.logical-and.standard,18,0,0,0,,,,,18,0,0,0,0,0,0,0,,,pil-imagechops.logical-and.standard;pipeline-chain.simd-chops.logical-and-1;pipeline-matrix.expanded.logicaland.1024x768;pipeline-matrix.expanded.logicaland.1x1;pipeline-matrix.expanded.logicaland.256x256;pipeline-matrix.expanded.logicaland.32x32;pipeline-op.logicaland.benchmark-materialized
df5231519bb4810e6b0098560c5c791e56dc9952,true,2026-10-09T01:11:25.338187Z,48d69f9756559a7a8da696b16d93e10be849504250560e4830f3dc8ee97b4d9a,101fdb8cc2c9da7ea98da8602ac4e7879ab23c9d,false,2026-10-07T13:19:09.608307Z,8963ea465b99a6b2a2cca91ab2aa07ee321fb3a450edfd10a102f4681b3247e4,PIL.ImageChops.logical_or,PIL.ImageChops.logical_or,PIL.ImageChops.logical_or,function,endpoint,python-cpu,Pillow,1.0,benchmark_workload,no_verified_comparison,python-cpu;python-gpu;python-simd,python-cpu,python-cpu;python-gpu;python-simd,7,6,pil-imagechops.logical-or.standard,18,0,0,0,,,,,18,0,0,0,0,0,0,0,,,pil-imagechops.logical-or.standard;pipeline-chain.simd-chops.logical-or-1;pipeline-matrix.expanded.logicalor.1024x768;pipeline-matrix.expanded.logicalor.1x1;pipeline-matrix.expanded.logicalor.256x256;pipeline-matrix.expanded.logicalor.32x32;pipeline-op.logicalor.benchmark-materialized
df5231519bb4810e6b0098560c5c791e56dc9952,true,2026-10-09T01:11:25.338187Z,48d69f9756559a7a8da696b16d93e10be849504250560e4830f3dc8ee97b4d9a,101fdb8cc2c9da7ea98da8602ac4e7879ab23c9d,false,2026-10-07T13:19:09.608307Z,8963ea465b99a6b2a2cca91ab2aa07ee321fb3a450edfd10a102f4681b3247e4,PIL.ImageChops.logical_or,PIL.ImageChops.logical_or,PIL.ImageChops.logical_or,function,endpoint,python-simd,Pillow,2.0,benchmark_workload,no_verified_comparison,python-cpu;python-gpu;python-simd,python-cpu,python-cpu;python-gpu;python-simd,7,6,pil-imagechops.logical-or.standard,18,0,0,0,0,,,,18,0,0,0,0,0,0,0,,,pil-imagechops.logical-or.standard;pipeline-chain.simd-chops.logical-or-1;pipeline-matrix.expanded.logicalor.1024x768;pipeline-matrix.expanded.logicalor.1x1;pipeline-matrix.expanded.logicalor.256x256;pipeline-matrix.expanded.logicalor.32x32;pipeline-op.logicalor.benchmark-materialized
df5231519bb4810e6b0098560c5c791e56dc9952,true,2026-10-09T01:11:25.338187Z,48d69f9756559a7a8da696b16d93e10be849504250560e4830f3dc8ee97b4d9a,101fdb8cc2c9da7ea98da8602ac4e7879ab23c9d,false,2026-10-07T13:19:09.608307Z,8963ea465b99a6b2a2cca91ab2aa07ee321fb3a450edfd10a102f4681b3247e4,PIL.ImageChops.logical_or,PIL.ImageChops.logical_or,PIL.ImageChops.logical_or,function,endpoint,python-gpu,SIMD,1.0,benchmark_workload,no_verified_comparison,python-cpu;python-gpu;python-simd,python-cpu,python-cpu;python-gpu;python-simd,7,6,pil-imagechops.logical-or.standard,6,0,0,0,,,,,6,0,0,0,0,0,0,0,,not_measured,pil-imagechops.logical-or.standard;pipeline-chain.simd-chops.logical-or-1;pipeline-matrix.expanded.logicalor.1024x768;pipeline-matrix.expanded.logicalor.1x1;pipeline-matrix.expanded.logicalor.256x256;pipeline-matrix.expanded.logicalor.32x32;pipeline-op.logicalor.benchmark-materialized
df5231519bb4810e6b0098560c5c791e56dc9952,true,2026-10-09T01:11:25.338187Z,48d69f9756559a7a8da696b16d93e10be849504250560e4830f3dc8ee97b4d9a,101fdb8cc2c9da7ea98da8602ac4e7879ab23c9d,false,2026-10-07T13:19:09.608307Z,8963ea465b99a6b2a2cca91ab2aa07ee321fb3a450edfd10a102f4681b3247e4,PIL.ImageChops.logical_or,PIL.ImageChops.logical_or,PIL.ImageChops.logical_or,function,endpoint,python-parallel-cpu,Pillow,,published_rows_only,no_verified_comparison,python-cpu;python-gpu;python-simd,python-cpu,python-cpu;python-gpu;python-simd,7,6,pil-imagechops.logical-or.standard,18,0,0,0,,,,,18,0,0,0,0,0,0,0,,,pil-imagechops.logical-or.standard;pipeline-chain.simd-chops.logical-or-1;pipeline-matrix.expanded.logicalor.1024x768;pipeline-matrix.expanded.logicalor.1x1;pipeline-matrix.expanded.logicalor.256x256;pipeline-matrix.expanded.logicalor.32x32;pipeline-op.logicalor.benchmark-materialized
df5231519bb4810e6b0098560c5c791e56dc9952,true,2026-10-09T01:11:25.338187Z,48d69f9756559a7a8da696b16d93e10be849504250560e4830f3dc8ee97b4d9a,101fdb8cc2c9da7ea98da8602ac4e7879ab23c9d,false,2026-10-07T13:19:09.608307Z,8963ea465b99a6b2a2cca91ab2aa07ee321fb3a450edfd10a102f4681b3247e4,PIL.ImageChops.logical_xor,PIL.ImageChops.logical_xor,PIL.ImageChops.logical_xor,function,endpoint,python-cpu,Pillow,1.0,benchmark_workload,no_verified_comparison,python-cpu;python-gpu;python-simd,python-cpu,python-cpu;python-gpu;python-simd,7,6,pil-imagechops.logical-xor.standard,18,0,0,0,,,,,18,0,0,0,0,0,0,0,,,pil-imagechops.logical-xor.standard;pipeline-chain.simd-chops.logical-xor-1;pipeline-matrix.expanded.logicalxor.1024x768;pipeline-matrix.expanded.logicalxor.1x1;pipeline-matrix.expanded.logicalxor.256x256;pipeline-matrix.expanded.logicalxor.32x32;pipeline-op.logicalxor.benchmark-materialized
df5231519bb4810e6b0098560c5c791e56dc9952,true,2026-10-09T01:11:25.338187Z,48d69f9756559a7a8da696b16d93e10be849504250560e4830f3dc8ee97b4d9a,101fdb8cc2c9da7ea98da8602ac4e7879ab23c9d,false,2026-10-07T13:19:09.608307Z,8963ea465b99a6b2a2cca91ab2aa07ee321fb3a450edfd10a102f4681b3247e4,PIL.ImageChops.logical_xor,PIL.ImageChops.logical_xor,PIL.ImageChops.logical_xor,function,endpoint,python-simd,Pillow,2.0,benchmark_workload,no_verified_comparison,python-cpu;python-gpu;python-simd,python-cpu,python-cpu;python-gpu;python-simd,7,6,pil-imagechops.logical-xor.standard,18,0,0,0,0,,,,18,0,0,0,0,0,0,0,,,pil-imagechops.logical-xor.standard;pipeline-chain.simd-chops.logical-xor-1;pipeline-matrix.expanded.logicalxor.1024x768;pipeline-matrix.expanded.logicalxor.1x1;pipeline-matrix.expanded.logicalxor.256x256;pipeline-matrix.expanded.logicalxor.32x32;pipeline-op.logicalxor.benchmark-materialized
df5231519bb4810e6b0098560c5c791e56dc9952,true,2026-10-09T01:11:25.338187Z,48d69f9756559a7a8da696b16d93e10be849504250560e4830f3dc8ee97b4d9a,101fdb8cc2c9da7ea98da8602ac4e7879ab23c9d,false,2026-10-07T13:19:09.608307Z,8963ea465b99a6b2a2cca91ab2aa07ee321fb3a450edfd10a102f4681b3247e4,PIL.ImageChops.logical_xor,PIL.ImageChops.logical_xor,PIL.ImageChops.logical_xor,function,endpoint,python-gpu,SIMD,1.0,benchmark_workload,no_verified_comparison,python-cpu;python-gpu;python-simd,python-cpu,python-cpu;python-gpu;python-simd,7,6,pil-imagechops.logical-xor.standard,6,0,0,0,,,,,6,0,0,0,0,0,0,0,,not_measured,pil-imagechops.logical-xor.standard;pipeline-chain.simd-chops.logical-xor-1;pipeline-matrix.expanded.logicalxor.1024x768;pipeline-matrix.expanded.logicalxor.1x1;pipeline-matrix.expanded.logicalxor.256x256;pipeline-matrix.expanded.logicalxor.32x32;pipeline-op.logicalxor.benchmark-materialized
df5231519bb4810e6b0098560c5c791e56dc9952,true,2026-10-09T01:11:25.338187Z,48d69f9756559a7a8da696b16d93e10be849504250560e4830f3dc8ee97b4d9a,101fdb8cc2c9da7ea98da8602ac4e7879ab23c9d,false,2026-10-07T13:19:09.608307Z,8963ea465b99a6b2a2cca91ab2aa07ee321fb3a450edfd10a102f4681b3247e4,PIL.ImageChops.logical_xor,PIL.ImageChops.logical_xor,PIL.ImageChops.logical_xor,function,endpoint,python-parallel-cpu,Pillow,,published_rows_only,no_verified_comparison,python-cpu;python-gpu;python-simd,python-cpu,python-cpu;python-gpu;python-simd,7,6,pil-imagechops.logical-xor.standard,18,0,0,0,,,,,18,0,0,0,0,0,0,0,,,pil-imagechops.logical-xor.standard;pipeline-chain.simd-chops.logical-xor-1;pipeline-matrix.expanded.logicalxor.1024x768;pipeline-matrix.expanded.logicalxor.1x1;pipeline-matrix.expanded.logicalxor.256x256;pipeline-matrix.expanded.logicalxor.32x32;pipeline-op.logicalxor.benchmark-materialized
df5231519bb4810e6b0098560c5c791e56dc9952,true,2026-10-09T01:11:25.338187Z,48d69f9756559a7a8da696b16d93e10be849504250560e4830f3dc8ee97b4d9a,101fdb8cc2c9da7ea98da8602ac4e7879ab23c9d,false,2026-10-07T13:19:09.608307Z,8963ea465b99a6b2a2cca91ab2aa07ee321fb3a450edfd10a102f4681b3247e4,PIL.ImageChops.multiply,PIL.ImageChops.multiply,PIL.ImageChops.multiply,function,endpoint,python-cpu,Pillow,1.0,benchmark_workload,no_verified_comparison,python-cpu;python-gpu;python-simd,python-cpu,python-cpu;python-gpu;python-simd,23,22,pil-imagechops.multiply.standard,66,0,0,0,,,,,63,0,0,0,0,0,0,0,,,pil-imagechops.multiply.standard;pipeline-chain.fused-chops.multiply-screen-distinct-secondary.l.1024x1024;pipeline-chain.fused-chops.multiply-screen-distinct-secondary.la.1024x1024;pipeline-chain.fused-chops.multiply-screen-distinct-secondary.rgb.1024x1024;pipeline-chain.fused-chops.multiply-screen-distinct-secondary.rgba.1024x1024;pipeline-chain.fused-chops.multiply-screen.l.1024x1024;pipeline-chain.fused-chops.multiply-screen.l.256x256;pipeline-chain.fused-chops.multiply-screen.la.1024x1024;pipeline-chain.fused-chops.multiply-screen.la.256x256;pipeline-chain.fused-chops.multiply-screen.rgb.1024x1024;pipeline-chain.fused-chops.multiply-screen.rgb.256x256;pipeline-chain.fused-chops.multiply-screen.rgba.1024x1024;pipeline-chain.fused-chops.multiply-screen.rgba.256x256;pipeline-chain.long-auxiliary.multiply-screen-260;pipeline-lifecycle.cold.multiply-screen.rgb-1024;pipeline-lifecycle.resident.multiply-screen.rgb-1024;pipeline-matrix.expanded.multiply.1024x768;pipeline-matrix.expanded.multiply.1x1;pipeline-matrix.expanded.multiply.256x256;pipeline-matrix.expanded.multiply.32x32;pipeline-op.multiply.benchmark-materialized;pipeline-op.multiply.matrix-32x24;pipeline.quick.multiply-screen.rgb-1024
df5231519bb4810e6b0098560c5c791e56dc9952,true,2026-10-09T01:11:25.338187Z,48d69f9756559a7a8da696b16d93e10be849504250560e4830f3dc8ee97b4d9a,101fdb8cc2c9da7ea98da8602ac4e7879ab23c9d,false,2026-10-07T13:19:09.608307Z,8963ea465b99a6b2a2cca91ab2aa07ee321fb3a450edfd10a102f4681b3247e4,PIL.ImageChops.multiply,PIL.ImageChops.multiply,PIL.ImageChops.multiply,function,endpoint,python-simd,Pillow,2.0,benchmark_workload,no_verified_comparison,python-cpu;python-gpu;python-simd,python-cpu,python-cpu;python-gpu;python-simd,23,22,pil-imagechops.multiply.standard,66,0,0,0,0,,,,63,0,0,0,0,0,0,0,,,pil-imagechops.multiply.standard;pipeline-chain.fused-chops.multiply-screen-distinct-secondary.l.1024x1024;pipeline-chain.fused-chops.multiply-screen-distinct-secondary.la.1024x1024;pipeline-chain.fused-chops.multiply-screen-distinct-secondary.rgb.1024x1024;pipeline-chain.fused-chops.multiply-screen-distinct-secondary.rgba.1024x1024;pipeline-chain.fused-chops.multiply-screen.l.1024x1024;pipeline-chain.fused-chops.multiply-screen.l.256x256;pipeline-chain.fused-chops.multiply-screen.la.1024x1024;pipeline-chain.fused-chops.multiply-screen.la.256x256;pipeline-chain.fused-chops.multiply-screen.rgb.1024x1024;pipeline-chain.fused-chops.multiply-screen.rgb.256x256;pipeline-chain.fused-chops.multiply-screen.rgba.1024x1024;pipeline-chain.fused-chops.multiply-screen.rgba.256x256;pipeline-chain.long-auxiliary.multiply-screen-260;pipeline-lifecycle.cold.multiply-screen.rgb-1024;pipeline-lifecycle.resident.multiply-screen.rgb-1024;pipeline-matrix.expanded.multiply.1024x768;pipeline-matrix.expanded.multiply.1x1;pipeline-matrix.expanded.multiply.256x256;pipeline-matrix.expanded.multiply.32x32;pipeline-op.multiply.benchmark-materialized;pipeline-op.multiply.matrix-32x24;pipeline.quick.multiply-screen.rgb-1024
df5231519bb4810e6b0098560c5c791e56dc9952,true,2026-10-09T01:11:25.338187Z,48d69f9756559a7a8da696b16d93e10be849504250560e4830f3dc8ee97b4d9a,101fdb8cc2c9da7ea98da8602ac4e7879ab23c9d,false,2026-10-07T13:19:09.608307Z,8963ea465b99a6b2a2cca91ab2aa07ee321fb3a450edfd10a102f4681b3247e4,PIL.ImageChops.multiply,PIL.ImageChops.multiply,PIL.ImageChops.multiply,function,endpoint,python-gpu,SIMD,1.0,benchmark_workload,no_verified_comparison,python-cpu;python-gpu;python-simd,python-cpu,python-cpu;python-gpu;python-simd,23,22,pil-imagechops.multiply.standard,22,0,0,0,,,,,21,0,0,0,0,0,0,0,,not_measured,pil-imagechops.multiply.standard;pipeline-chain.fused-chops.multiply-screen-distinct-secondary.l.1024x1024;pipeline-chain.fused-chops.multiply-screen-distinct-secondary.la.1024x1024;pipeline-chain.fused-chops.multiply-screen-distinct-secondary.rgb.1024x1024;pipeline-chain.fused-chops.multiply-screen-distinct-secondary.rgba.1024x1024;pipeline-chain.fused-chops.multiply-screen.l.1024x1024;pipeline-chain.fused-chops.multiply-screen.l.256x256;pipeline-chain.fused-chops.multiply-screen.la.1024x1024;pipeline-chain.fused-chops.multiply-screen.la.256x256;pipeline-chain.fused-chops.multiply-screen.rgb.1024x1024;pipeline-chain.fused-chops.multiply-screen.rgb.256x256;pipeline-chain.fused-chops.multiply-screen.rgba.1024x1024;pipeline-chain.fused-chops.multiply-screen.rgba.256x256;pipeline-chain.long-auxiliary.multiply-screen-260;pipeline-lifecycle.cold.multiply-screen.rgb-1024;pipeline-lifecycle.resident.multiply-screen.rgb-1024;pipeline-matrix.expanded.multiply.1024x768;pipeline-matrix.expanded.multiply.1x1;pipeline-matrix.expanded.multiply.256x256;pipeline-matrix.expanded.multiply.32x32;pipeline-op.multiply.benchmark-materialized;pipeline-op.multiply.matrix-32x24;pipeline.quick.multiply-screen.rgb-1024
df5231519bb4810e6b0098560c5c791e56dc9952,true,2026-10-09T01:11:25.338187Z,48d69f9756559a7a8da696b16d93e10be849504250560e4830f3dc8ee97b4d9a,101fdb8cc2c9da7ea98da8602ac4e7879ab23c9d,false,2026-10-07T13:19:09.608307Z,8963ea465b99a6b2a2cca91ab2aa07ee321fb3a450edfd10a102f4681b3247e4,PIL.ImageChops.multiply,PIL.ImageChops.multiply,PIL.ImageChops.multiply,function,endpoint,python-parallel-cpu,Pillow,,published_rows_only,no_verified_comparison,python-cpu;python-gpu;python-simd,python-cpu,python-cpu;python-gpu;python-simd,23,22,pil-imagechops.multiply.standard,66,0,0,0,,,,,63,0,0,0,0,0,0,0,,,pil-imagechops.multiply.standard;pipeline-chain.fused-chops.multiply-screen-distinct-secondary.l.1024x1024;pipeline-chain.fused-chops.multiply-screen-distinct-secondary.la.1024x1024;pipeline-chain.fused-chops.multiply-screen-distinct-secondary.rgb.1024x1024;pipeline-chain.fused-chops.multiply-screen-distinct-secondary.rgba.1024x1024;pipeline-chain.fused-chops.multiply-screen.l.1024x1024;pipeline-chain.fused-chops.multiply-screen.l.256x256;pipeline-chain.fused-chops.multiply-screen.la.1024x1024;pipeline-chain.fused-chops.multiply-screen.la.256x256;pipeline-chain.fused-chops.multiply-screen.rgb.1024x1024;pipeline-chain.fused-chops.multiply-screen.rgb.256x256;pipeline-chain.fused-chops.multiply-screen.rgba.1024x1024;pipeline-chain.fused-chops.multiply-screen.rgba.256x256;pipeline-chain.long-auxiliary.multiply-screen-260;pipeline-lifecycle.cold.multiply-screen.rgb-1024;pipeline-lifecycle.resident.multiply-screen.rgb-1024;pipeline-matrix.expanded.multiply.1024x768;pipeline-matrix.expanded.multiply.1x1;pipeline-matrix.expanded.multiply.256x256;pipeline-matrix.expanded.multiply.32x32;pipeline-op.multiply.benchmark-materialized;pipeline-op.multiply.matrix-32x24;pipeline.quick.multiply-screen.rgb-1024
df5231519bb4810e6b0098560c5c791e56dc9952,true,2026-10-09T01:11:25.338187Z,48d69f9756559a7a8da696b16d93e10be849504250560e4830f3dc8ee97b4d9a,101fdb8cc2c9da7ea98da8602ac4e7879ab23c9d,false,2026-10-07T13:19:09.608307Z,8963ea465b99a6b2a2cca91ab2aa07ee321fb3a450edfd10a102f4681b3247e4,PIL.ImageChops.offset,PIL.ImageChops.offset,PIL.ImageChops.offset,function,endpoint,python-cpu,Pillow,1.0,benchmark_workload,no_verified_comparison,python-cpu;python-gpu;python-simd,python-cpu,python-cpu;python-gpu;python-simd,3,2,pil-imagechops.offset.standard,6,0,0,0,,,,,6,0,0,0,0,0,0,0,,,pil-imagechops.offset.standard;pipeline-op.offset.benchmark-materialized;pipeline-op.offset.matrix-32x24
df5231519bb4810e6b0098560c5c791e56dc9952,true,2026-10-09T01:11:25.338187Z,48d69f9756559a7a8da696b16d93e10be849504250560e4830f3dc8ee97b4d9a,101fdb8cc2c9da7ea98da8602ac4e7879ab23c9d,false,2026-10-07T13:19:09.608307Z,8963ea465b99a6b2a2cca91ab2aa07ee321fb3a450edfd10a102f4681b3247e4,PIL.ImageChops.offset,PIL.ImageChops.offset,PIL.ImageChops.offset,function,endpoint,python-simd,Pillow,2.0,benchmark_workload,no_verified_comparison,python-cpu;python-gpu;python-simd,python-cpu,python-cpu;python-gpu;python-simd,3,2,pil-imagechops.offset.standard,6,0,0,0,0,,,,6,0,0,0,0,0,0,0,,,pil-imagechops.offset.standard;pipeline-op.offset.benchmark-materialized;pipeline-op.offset.matrix-32x24
df5231519bb4810e6b0098560c5c791e56dc9952,true,2026-10-09T01:11:25.338187Z,48d69f9756559a7a8da696b16d93e10be849504250560e4830f3dc8ee97b4d9a,101fdb8cc2c9da7ea98da8602ac4e7879ab23c9d,false,2026-10-07T13:19:09.608307Z,8963ea465b99a6b2a2cca91ab2aa07ee321fb3a450edfd10a102f4681b3247e4,PIL.ImageChops.offset,PIL.ImageChops.offset,PIL.ImageChops.offset,function,endpoint,python-gpu,SIMD,1.0,benchmark_workload,no_verified_comparison,python-cpu;python-gpu;python-simd,python-cpu,python-cpu;python-gpu;python-simd,3,2,pil-imagechops.offset.standard,2,0,0,0,,,,,2,0,0,0,0,0,0,0,,not_measured,pil-imagechops.offset.standard;pipeline-op.offset.benchmark-materialized;pipeline-op.offset.matrix-32x24
df5231519bb4810e6b0098560c5c791e56dc9952,true,2026-10-09T01:11:25.338187Z,48d69f9756559a7a8da696b16d93e10be849504250560e4830f3dc8ee97b4d9a,101fdb8cc2c9da7ea98da8602ac4e7879ab23c9d,false,2026-10-07T13:19:09.608307Z,8963ea465b99a6b2a2cca91ab2aa07ee321fb3a450edfd10a102f4681b3247e4,PIL.ImageChops.offset,PIL.ImageChops.offset,PIL.ImageChops.offset,function,endpoint,python-parallel-cpu,Pillow,,published_rows_only,no_verified_comparison,python-cpu;python-gpu;python-simd,python-cpu,python-cpu;python-gpu;python-simd,3,2,pil-imagechops.offset.standard,6,0,0,0,,,,,6,0,0,0,0,0,0,0,,,pil-imagechops.offset.standard;pipeline-op.offset.benchmark-materialized;pipeline-op.offset.matrix-32x24
df5231519bb4810e6b0098560c5c791e56dc9952,true,2026-10-09T01:11:25.338187Z,48d69f9756559a7a8da696b16d93e10be849504250560e4830f3dc8ee97b4d9a,101fdb8cc2c9da7ea98da8602ac4e7879ab23c9d,false,2026-10-07T13:19:09.608307Z,8963ea465b99a6b2a2cca91ab2aa07ee321fb3a450edfd10a102f4681b3247e4,PIL.ImageChops.overlay,PIL.ImageChops.overlay,PIL.ImageChops.overlay,function,endpoint,python-cpu,Pillow,1.0,benchmark_workload,no_verified_comparison,python-cpu;python-gpu;python-simd,python-cpu,python-cpu;python-gpu;python-simd,7,6,pil-imagechops.overlay.standard,18,0,0,0,,,,,18,0,0,0,0,0,0,0,,,pil-imagechops.overlay.standard;pipeline-matrix.expanded.overlay.1024x768;pipeline-matrix.expanded.overlay.1x1;pipeline-matrix.expanded.overlay.256x256;pipeline-matrix.expanded.overlay.32x32;pipeline-op.overlay.benchmark-materialized;pipeline-op.overlay.matrix-32x24
df5231519bb4810e6b0098560c5c791e56dc9952,true,2026-10-09T01:11:25.338187Z,48d69f9756559a7a8da696b16d93e10be849504250560e4830f3dc8ee97b4d9a,101fdb8cc2c9da7ea98da8602ac4e7879ab23c9d,false,2026-10-07T13:19:09.608307Z,8963ea465b99a6b2a2cca91ab2aa07ee321fb3a450edfd10a102f4681b3247e4,PIL.ImageChops.overlay,PIL.ImageChops.overlay,PIL.ImageChops.overlay,function,endpoint,python-simd,Pillow,2.0,benchmark_workload,no_verified_comparison,python-cpu;python-gpu;python-simd,python-cpu,python-cpu;python-gpu;python-simd,7,6,pil-imagechops.overlay.standard,18,0,0,0,0,,,,18,0,0,0,0,0,0,0,,,pil-imagechops.overlay.standard;pipeline-matrix.expanded.overlay.1024x768;pipeline-matrix.expanded.overlay.1x1;pipeline-matrix.expanded.overlay.256x256;pipeline-matrix.expanded.overlay.32x32;pipeline-op.overlay.benchmark-materialized;pipeline-op.overlay.matrix-32x24
df5231519bb4810e6b0098560c5c791e56dc9952,true,2026-10-09T01:11:25.338187Z,48d69f9756559a7a8da696b16d93e10be849504250560e4830f3dc8ee97b4d9a,101fdb8cc2c9da7ea98da8602ac4e7879ab23c9d,false,2026-10-07T13:19:09.608307Z,8963ea465b99a6b2a2cca91ab2aa07ee321fb3a450edfd10a102f4681b3247e4,PIL.ImageChops.overlay,PIL.ImageChops.overlay,PIL.ImageChops.overlay,function,endpoint,python-gpu,SIMD,1.0,benchmark_workload,no_verified_comparison,python-cpu;python-gpu;python-simd,python-cpu,python-cpu;python-gpu;python-simd,7,6,pil-imagechops.overlay.standard,6,0,0,0,,,,,6,0,0,0,0,0,0,0,,not_measured,pil-imagechops.overlay.standard;pipeline-matrix.expanded.overlay.1024x768;pipeline-matrix.expanded.overlay.1x1;pipeline-matrix.expanded.overlay.256x256;pipeline-matrix.expanded.overlay.32x32;pipeline-op.overlay.benchmark-materialized;pipeline-op.overlay.matrix-32x24
df5231519bb4810e6b0098560c5c791e56dc9952,true,2026-10-09T01:11:25.338187Z,48d69f9756559a7a8da696b16d93e10be849504250560e4830f3dc8ee97b4d9a,101fdb8cc2c9da7ea98da8602ac4e7879ab23c9d,false,2026-10-07T13:19:09.608307Z,8963ea465b99a6b2a2cca91ab2aa07ee321fb3a450edfd10a102f4681b3247e4,PIL.ImageChops.overlay,PIL.ImageChops.overlay,PIL.ImageChops.overlay,function,endpoint,python-parallel-cpu,Pillow,,published_rows_only,no_verified_comparison,python-cpu;python-gpu;python-simd,python-cpu,python-cpu;python-gpu;python-simd,7,6,pil-imagechops.overlay.standard,18,0,0,0,,,,,18,0,0,0,0,0,0,0,,,pil-imagechops.overlay.standard;pipeline-matrix.expanded.overlay.1024x768;pipeline-matrix.expanded.overlay.1x1;pipeline-matrix.expanded.overlay.256x256;pipeline-matrix.expanded.overlay.32x32;pipeline-op.overlay.benchmark-materialized;pipeline-op.overlay.matrix-32x24
df5231519bb4810e6b0098560c5c791e56dc9952,true,2026-10-09T01:11:25.338187Z,48d69f9756559a7a8da696b16d93e10be849504250560e4830f3dc8ee97b4d9a,101fdb8cc2c9da7ea98da8602ac4e7879ab23c9d,false,2026-10-07T13:19:09.608307Z,8963ea465b99a6b2a2cca91ab2aa07ee321fb3a450edfd10a102f4681b3247e4,PIL.ImageChops.screen,PIL.ImageChops.screen,PIL.ImageChops.screen,function,endpoint,python-cpu,Pillow,1.0,benchmark_workload,no_verified_comparison,python-cpu;python-gpu;python-simd,python-cpu,python-cpu;python-gpu;python-simd,26,25,pil-imagechops.screen.standard,75,0,0,0,,,,,72,0,0,0,0,0,0,0,,,pil-imagechops.screen.standard;pipeline-chain.fused-chops.multiply-screen-distinct-secondary.l.1024x1024;pipeline-chain.fused-chops.multiply-screen-distinct-secondary.la.1024x1024;pipeline-chain.fused-chops.multiply-screen-distinct-secondary.rgb.1024x1024;pipeline-chain.fused-chops.multiply-screen-distinct-secondary.rgba.1024x1024;pipeline-chain.fused-chops.multiply-screen.l.1024x1024;pipeline-chain.fused-chops.multiply-screen.l.256x256;pipeline-chain.fused-chops.multiply-screen.la.1024x1024;pipeline-chain.fused-chops.multiply-screen.la.256x256;pipeline-chain.fused-chops.multiply-screen.rgb.1024x1024;pipeline-chain.fused-chops.multiply-screen.rgb.256x256;pipeline-chain.fused-chops.multiply-screen.rgba.1024x1024;pipeline-chain.fused-chops.multiply-screen.rgba.256x256;pipeline-chain.long-auxiliary.multiply-screen-260;pipeline-chain.matrix-006;pipeline-chain.matrix-007;pipeline-chain.reviewed.multiply-screen-invert;pipeline-lifecycle.cold.multiply-screen.rgb-1024;pipeline-lifecycle.resident.multiply-screen.rgb-1024;pipeline-matrix.expanded.screen.1024x768;pipeline-matrix.expanded.screen.1x1;pipeline-matrix.expanded.screen.256x256;pipeline-matrix.expanded.screen.32x32;pipeline-op.screen.benchmark-materialized;pipeline-op.screen.matrix-32x24;pipeline.quick.multiply-screen.rgb-1024
df5231519bb4810e6b0098560c5c791e56dc9952,true,2026-10-09T01:11:25.338187Z,48d69f9756559a7a8da696b16d93e10be849504250560e4830f3dc8ee97b4d9a,101fdb8cc2c9da7ea98da8602ac4e7879ab23c9d,false,2026-10-07T13:19:09.608307Z,8963ea465b99a6b2a2cca91ab2aa07ee321fb3a450edfd10a102f4681b3247e4,PIL.ImageChops.screen,PIL.ImageChops.screen,PIL.ImageChops.screen,function,endpoint,python-simd,Pillow,2.0,benchmark_workload,no_verified_comparison,python-cpu;python-gpu;python-simd,python-cpu,python-cpu;python-gpu;python-simd,26,25,pil-imagechops.screen.standard,75,0,0,0,0,,,,72,0,0,0,0,0,0,0,,,pil-imagechops.screen.standard;pipeline-chain.fused-chops.multiply-screen-distinct-secondary.l.1024x1024;pipeline-chain.fused-chops.multiply-screen-distinct-secondary.la.1024x1024;pipeline-chain.fused-chops.multiply-screen-distinct-secondary.rgb.1024x1024;pipeline-chain.fused-chops.multiply-screen-distinct-secondary.rgba.1024x1024;pipeline-chain.fused-chops.multiply-screen.l.1024x1024;pipeline-chain.fused-chops.multiply-screen.l.256x256;pipeline-chain.fused-chops.multiply-screen.la.1024x1024;pipeline-chain.fused-chops.multiply-screen.la.256x256;pipeline-chain.fused-chops.multiply-screen.rgb.1024x1024;pipeline-chain.fused-chops.multiply-screen.rgb.256x256;pipeline-chain.fused-chops.multiply-screen.rgba.1024x1024;pipeline-chain.fused-chops.multiply-screen.rgba.256x256;pipeline-chain.long-auxiliary.multiply-screen-260;pipeline-chain.matrix-006;pipeline-chain.matrix-007;pipeline-chain.reviewed.multiply-screen-invert;pipeline-lifecycle.cold.multiply-screen.rgb-1024;pipeline-lifecycle.resident.multiply-screen.rgb-1024;pipeline-matrix.expanded.screen.1024x768;pipeline-matrix.expanded.screen.1x1;pipeline-matrix.expanded.screen.256x256;pipeline-matrix.expanded.screen.32x32;pipeline-op.screen.benchmark-materialized;pipeline-op.screen.matrix-32x24;pipeline.quick.multiply-screen.rgb-1024
df5231519bb4810e6b0098560c5c791e56dc9952,true,2026-10-09T01:11:25.338187Z,48d69f9756559a7a8da696b16d93e10be849504250560e4830f3dc8ee97b4d9a,101fdb8cc2c9da7ea98da8602ac4e7879ab23c9d,false,2026-10-07T13:19:09.608307Z,8963ea465b99a6b2a2cca91ab2aa07ee321fb3a450edfd10a102f4681b3247e4,PIL.ImageChops.screen,PIL.ImageChops.screen,PIL.ImageChops.screen,function,endpoint,python-gpu,SIMD,1.0,benchmark_workload,no_verified_comparison,python-cpu;python-gpu;python-simd,python-cpu,python-cpu;python-gpu;python-simd,26,25,pil-imagechops.screen.standard,25,0,0,0,,,,,24,0,0,0,0,0,0,0,,not_measured,pil-imagechops.screen.standard;pipeline-chain.fused-chops.multiply-screen-distinct-secondary.l.1024x1024;pipeline-chain.fused-chops.multiply-screen-distinct-secondary.la.1024x1024;pipeline-chain.fused-chops.multiply-screen-distinct-secondary.rgb.1024x1024;pipeline-chain.fused-chops.multiply-screen-distinct-secondary.rgba.1024x1024;pipeline-chain.fused-chops.multiply-screen.l.1024x1024;pipeline-chain.fused-chops.multiply-screen.l.256x256;pipeline-chain.fused-chops.multiply-screen.la.1024x1024;pipeline-chain.fused-chops.multiply-screen.la.256x256;pipeline-chain.fused-chops.multiply-screen.rgb.1024x1024;pipeline-chain.fused-chops.multiply-screen.rgb.256x256;pipeline-chain.fused-chops.multiply-screen.rgba.1024x1024;pipeline-chain.fused-chops.multiply-screen.rgba.256x256;pipeline-chain.long-auxiliary.multiply-screen-260;pipeline-chain.matrix-006;pipeline-chain.matrix-007;pipeline-chain.reviewed.multiply-screen-invert;pipeline-lifecycle.cold.multiply-screen.rgb-1024;pipeline-lifecycle.resident.multiply-screen.rgb-1024;pipeline-matrix.expanded.screen.1024x768;pipeline-matrix.expanded.screen.1x1;pipeline-matrix.expanded.screen.256x256;pipeline-matrix.expanded.screen.32x32;pipeline-op.screen.benchmark-materialized;pipeline-op.screen.matrix-32x24;pipeline.quick.multiply-screen.rgb-1024
df5231519bb4810e6b0098560c5c791e56dc9952,true,2026-10-09T01:11:25.338187Z,48d69f9756559a7a8da696b16d93e10be849504250560e4830f3dc8ee97b4d9a,101fdb8cc2c9da7ea98da8602ac4e7879ab23c9d,false,2026-10-07T13:19:09.608307Z,8963ea465b99a6b2a2cca91ab2aa07ee321fb3a450edfd10a102f4681b3247e4,PIL.ImageChops.screen,PIL.ImageChops.screen,PIL.ImageChops.screen,function,endpoint,python-parallel-cpu,Pillow,,published_rows_only,no_verified_comparison,python-cpu;python-gpu;python-simd,python-cpu,python-cpu;python-gpu;python-simd,26,25,pil-imagechops.screen.standard,75,0,0,0,,,,,72,0,0,0,0,0,0,0,,,pil-imagechops.screen.standard;pipeline-chain.fused-chops.multiply-screen-distinct-secondary.l.1024x1024;pipeline-chain.fused-chops.multiply-screen-distinct-secondary.la.1024x1024;pipeline-chain.fused-chops.multiply-screen-distinct-secondary.rgb.1024x1024;pipeline-chain.fused-chops.multiply-screen-distinct-secondary.rgba.1024x1024;pipeline-chain.fused-chops.multiply-screen.l.1024x1024;pipeline-chain.fused-chops.multiply-screen.l.256x256;pipeline-chain.fused-chops.multiply-screen.la.1024x1024;pipeline-chain.fused-chops.multiply-screen.la.256x256;pipeline-chain.fused-chops.multiply-screen.rgb.1024x1024;pipeline-chain.fused-chops.multiply-screen.rgb.256x256;pipeline-chain.fused-chops.multiply-screen.rgba.1024x1024;pipeline-chain.fused-chops.multiply-screen.rgba.256x256;pipeline-chain.long-auxiliary.multiply-screen-260;pipeline-chain.matrix-006;pipeline-chain.matrix-007;pipeline-chain.reviewed.multiply-screen-invert;pipeline-lifecycle.cold.multiply-screen.rgb-1024;pipeline-lifecycle.resident.multiply-screen.rgb-1024;pipeline-matrix.expanded.screen.1024x768;pipeline-matrix.expanded.screen.1x1;pipeline-matrix.expanded.screen.256x256;pipeline-matrix.expanded.screen.32x32;pipeline-op.screen.benchmark-materialized;pipeline-op.screen.matrix-32x24;pipeline.quick.multiply-screen.rgb-1024
df5231519bb4810e6b0098560c5c791e56dc9952,true,2026-10-09T01:11:25.338187Z,48d69f9756559a7a8da696b16d93e10be849504250560e4830f3dc8ee97b4d9a,101fdb8cc2c9da7ea98da8602ac4e7879ab23c9d,false,2026-10-07T13:19:09.608307Z,8963ea465b99a6b2a2cca91ab2aa07ee321fb3a450edfd10a102f4681b3247e4,PIL.ImageChops.soft_light,PIL.ImageChops.soft_light,PIL.ImageChops.soft_light,function,endpoint,python-cpu,Pillow,1.0,benchmark_workload,no_verified_comparison,python-cpu;python-gpu;python-simd,python-cpu,python-cpu;python-gpu;python-simd,7,6,pil-imagechops.soft-light.standard,18,0,0,0,,,,,18,0,0,0,0,0,0,0,,,pil-imagechops.soft-light.standard;pipeline-matrix.expanded.softlight.1024x768;pipeline-matrix.expanded.softlight.1x1;pipeline-matrix.expanded.softlight.256x256;pipeline-matrix.expanded.softlight.32x32;pipeline-op.softlight.benchmark-materialized;pipeline-op.softlight.matrix-32x24
df5231519bb4810e6b0098560c5c791e56dc9952,true,2026-10-09T01:11:25.338187Z,48d69f9756559a7a8da696b16d93e10be849504250560e4830f3dc8ee97b4d9a,101fdb8cc2c9da7ea98da8602ac4e7879ab23c9d,false,2026-10-07T13:19:09.608307Z,8963ea465b99a6b2a2cca91ab2aa07ee321fb3a450edfd10a102f4681b3247e4,PIL.ImageChops.soft_light,PIL.ImageChops.soft_light,PIL.ImageChops.soft_light,function,endpoint,python-simd,Pillow,2.0,benchmark_workload,no_verified_comparison,python-cpu;python-gpu;python-simd,python-cpu,python-cpu;python-gpu;python-simd,7,6,pil-imagechops.soft-light.standard,18,0,0,0,0,,,,18,0,0,0,0,0,0,0,,,pil-imagechops.soft-light.standard;pipeline-matrix.expanded.softlight.1024x768;pipeline-matrix.expanded.softlight.1x1;pipeline-matrix.expanded.softlight.256x256;pipeline-matrix.expanded.softlight.32x32;pipeline-op.softlight.benchmark-materialized;pipeline-op.softlight.matrix-32x24
df5231519bb4810e6b0098560c5c791e56dc9952,true,2026-10-09T01:11:25.338187Z,48d69f9756559a7a8da696b16d93e10be849504250560e4830f3dc8ee97b4d9a,101fdb8cc2c9da7ea98da8602ac4e7879ab23c9d,false,2026-10-07T13:19:09.608307Z,8963ea465b99a6b2a2cca91ab2aa07ee321fb3a450edfd10a102f4681b3247e4,PIL.ImageChops.soft_light,PIL.ImageChops.soft_light,PIL.ImageChops.soft_light,function,endpoint,python-gpu,SIMD,1.0,benchmark_workload,no_verified_comparison,python-cpu;python-gpu;python-simd,python-cpu,python-cpu;python-gpu;python-simd,7,6,pil-imagechops.soft-light.standard,6,0,0,0,,,,,6,0,0,0,0,0,0,0,,not_measured,pil-imagechops.soft-light.standard;pipeline-matrix.expanded.softlight.1024x768;pipeline-matrix.expanded.softlight.1x1;pipeline-matrix.expanded.softlight.256x256;pipeline-matrix.expanded.softlight.32x32;pipeline-op.softlight.benchmark-materialized;pipeline-op.softlight.matrix-32x24
df5231519bb4810e6b0098560c5c791e56dc9952,true,2026-10-09T01:11:25.338187Z,48d69f9756559a7a8da696b16d93e10be849504250560e4830f3dc8ee97b4d9a,101fdb8cc2c9da7ea98da8602ac4e7879ab23c9d,false,2026-10-07T13:19:09.608307Z,8963ea465b99a6b2a2cca91ab2aa07ee321fb3a450edfd10a102f4681b3247e4,PIL.ImageChops.soft_light,PIL.ImageChops.soft_light,PIL.ImageChops.soft_light,function,endpoint,python-parallel-cpu,Pillow,,published_rows_only,no_verified_comparison,python-cpu;python-gpu;python-simd,python-cpu,python-cpu;python-gpu;python-simd,7,6,pil-imagechops.soft-light.standard,18,0,0,0,,,,,18,0,0,0,0,0,0,0,,,pil-imagechops.soft-light.standard;pipeline-matrix.expanded.softlight.1024x768;pipeline-matrix.expanded.softlight.1x1;pipeline-matrix.expanded.softlight.256x256;pipeline-matrix.expanded.softlight.32x32;pipeline-op.softlight.benchmark-materialized;pipeline-op.softlight.matrix-32x24
df5231519bb4810e6b0098560c5c791e56dc9952,true,2026-10-09T01:11:25.338187Z,48d69f9756559a7a8da696b16d93e10be849504250560e4830f3dc8ee97b4d9a,101fdb8cc2c9da7ea98da8602ac4e7879ab23c9d,false,2026-10-07T13:19:09.608307Z,8963ea465b99a6b2a2cca91ab2aa07ee321fb3a450edfd10a102f4681b3247e4,PIL.ImageChops.subtract,PIL.ImageChops.subtract,PIL.ImageChops.subtract,function,endpoint,python-cpu,Pillow,1.0,benchmark_workload,no_verified_comparison,python-cpu;python-gpu;python-simd,python-cpu,python-cpu;python-gpu;python-simd,7,6,pil-imagechops.subtract.standard,18,0,0,0,,,,,18,0,0,0,0,0,0,0,,,pil-imagechops.subtract.standard;pipeline-matrix.expanded.subtract.1024x768;pipeline-matrix.expanded.subtract.1x1;pipeline-matrix.expanded.subtract.256x256;pipeline-matrix.expanded.subtract.32x32;pipeline-op.subtract.benchmark-materialized;pipeline-op.subtract.matrix-32x24
df5231519bb4810e6b0098560c5c791e56dc9952,true,2026-10-09T01:11:25.338187Z,48d69f9756559a7a8da696b16d93e10be849504250560e4830f3dc8ee97b4d9a,101fdb8cc2c9da7ea98da8602ac4e7879ab23c9d,false,2026-10-07T13:19:09.608307Z,8963ea465b99a6b2a2cca91ab2aa07ee321fb3a450edfd10a102f4681b3247e4,PIL.ImageChops.subtract,PIL.ImageChops.subtract,PIL.ImageChops.subtract,function,endpoint,python-simd,Pillow,2.0,benchmark_workload,no_verified_comparison,python-cpu;python-gpu;python-simd,python-cpu,python-cpu;python-gpu;python-simd,7,6,pil-imagechops.subtract.standard,18,0,0,0,0,,,,18,0,0,0,0,0,0,0,,,pil-imagechops.subtract.standard;pipeline-matrix.expanded.subtract.1024x768;pipeline-matrix.expanded.subtract.1x1;pipeline-matrix.expanded.subtract.256x256;pipeline-matrix.expanded.subtract.32x32;pipeline-op.subtract.benchmark-materialized;pipeline-op.subtract.matrix-32x24
df5231519bb4810e6b0098560c5c791e56dc9952,true,2026-10-09T01:11:25.338187Z,48d69f9756559a7a8da696b16d93e10be849504250560e4830f3dc8ee97b4d9a,101fdb8cc2c9da7ea98da8602ac4e7879ab23c9d,false,2026-10-07T13:19:09.608307Z,8963ea465b99a6b2a2cca91ab2aa07ee321fb3a450edfd10a102f4681b3247e4,PIL.ImageChops.subtract,PIL.ImageChops.subtract,PIL.ImageChops.subtract,function,endpoint,python-gpu,SIMD,1.0,benchmark_workload,no_verified_comparison,python-cpu;python-gpu;python-simd,python-cpu,python-cpu;python-gpu;python-simd,7,6,pil-imagechops.subtract.standard,6,0,0,0,,,,,6,0,0,0,0,0,0,0,,not_measured,pil-imagechops.subtract.standard;pipeline-matrix.expanded.subtract.1024x768;pipeline-matrix.expanded.subtract.1x1;pipeline-matrix.expanded.subtract.256x256;pipeline-matrix.expanded.subtract.32x32;pipeline-op.subtract.benchmark-materialized;pipeline-op.subtract.matrix-32x24
df5231519bb4810e6b0098560c5c791e56dc9952,true,2026-10-09T01:11:25.338187Z,48d69f9756559a7a8da696b16d93e10be849504250560e4830f3dc8ee97b4d9a,101fdb8cc2c9da7ea98da8602ac4e7879ab23c9d,false,2026-10-07T13:19:09.608307Z,8963ea465b99a6b2a2cca91ab2aa07ee321fb3a450edfd10a102f4681b3247e4,PIL.ImageChops.subtract,PIL.ImageChops.subtract,PIL.ImageChops.subtract,function,endpoint,python-parallel-cpu,Pillow,,published_rows_only,no_verified_comparison,python-cpu;python-gpu;python-simd,python-cpu,python-cpu;python-gpu;python-simd,7,6,pil-imagechops.subtract.standard,18,0,0,0,,,,,18,0,0,0,0,0,0,0,,,pil-imagechops.subtract.standard;pipeline-matrix.expanded.subtract.1024x768;pipeline-matrix.expanded.subtract.1x1;pipeline-matrix.expanded.subtract.256x256;pipeline-matrix.expanded.subtract.32x32;pipeline-op.subtract.benchmark-materialized;pipeline-op.subtract.matrix-32x24
df5231519bb4810e6b0098560c5c791e56dc9952,true,2026-10-09T01:11:25.338187Z,48d69f9756559a7a8da696b16d93e10be849504250560e4830f3dc8ee97b4d9a,101fdb8cc2c9da7ea98da8602ac4e7879ab23c9d,false,2026-10-07T13:19:09.608307Z,8963ea465b99a6b2a2cca91ab2aa07ee321fb3a450edfd10a102f4681b3247e4,PIL.ImageChops.subtract_modulo,PIL.ImageChops.subtract_modulo,PIL.ImageChops.subtract_modulo,function,endpoint,python-cpu,Pillow,1.0,benchmark_workload,no_verified_comparison,python-cpu;python-gpu;python-simd,python-cpu,python-cpu;python-gpu;python-simd,8,7,pil-imagechops.subtract-modulo.standard,21,0,0,0,,,,,21,0,0,0,0,0,0,0,,,pil-imagechops.subtract-modulo.standard;pipeline-chain.simd-chops.subtract-modulo-rgb;pipeline-matrix.expanded.subtractmodulo.1024x768;pipeline-matrix.expanded.subtractmodulo.1x1;pipeline-matrix.expanded.subtractmodulo.256x256;pipeline-matrix.expanded.subtractmodulo.32x32;pipeline-op.subtractmodulo.benchmark-materialized;pipeline-op.subtractmodulo.matrix-32x24
df5231519bb4810e6b0098560c5c791e56dc9952,true,2026-10-09T01:11:25.338187Z,48d69f9756559a7a8da696b16d93e10be849504250560e4830f3dc8ee97b4d9a,101fdb8cc2c9da7ea98da8602ac4e7879ab23c9d,false,2026-10-07T13:19:09.608307Z,8963ea465b99a6b2a2cca91ab2aa07ee321fb3a450edfd10a102f4681b3247e4,PIL.ImageChops.subtract_modulo,PIL.ImageChops.subtract_modulo,PIL.ImageChops.subtract_modulo,function,endpoint,python-simd,Pillow,2.0,benchmark_workload,no_verified_comparison,python-cpu;python-gpu;python-simd,python-cpu,python-cpu;python-gpu;python-simd,8,7,pil-imagechops.subtract-modulo.standard,21,0,0,0,0,,,,21,0,0,0,0,0,0,0,,,pil-imagechops.subtract-modulo.standard;pipeline-chain.simd-chops.subtract-modulo-rgb;pipeline-matrix.expanded.subtractmodulo.1024x768;pipeline-matrix.expanded.subtractmodulo.1x1;pipeline-matrix.expanded.subtractmodulo.256x256;pipeline-matrix.expanded.subtractmodulo.32x32;pipeline-op.subtractmodulo.benchmark-materialized;pipeline-op.subtractmodulo.matrix-32x24
df5231519bb4810e6b0098560c5c791e56dc9952,true,2026-10-09T01:11:25.338187Z,48d69f9756559a7a8da696b16d93e10be849504250560e4830f3dc8ee97b4d9a,101fdb8cc2c9da7ea98da8602ac4e7879ab23c9d,false,2026-10-07T13:19:09.608307Z,8963ea465b99a6b2a2cca91ab2aa07ee321fb3a450edfd10a102f4681b3247e4,PIL.ImageChops.subtract_modulo,PIL.ImageChops.subtract_modulo,PIL.ImageChops.subtract_modulo,function,endpoint,python-gpu,SIMD,1.0,benchmark_workload,no_verified_comparison,python-cpu;python-gpu;python-simd,python-cpu,python-cpu;python-gpu;python-simd,8,7,pil-imagechops.subtract-modulo.standard,7,0,0,0,,,,,7,0,0,0,0,0,0,0,,not_measured,pil-imagechops.subtract-modulo.standard;pipeline-chain.simd-chops.subtract-modulo-rgb;pipeline-matrix.expanded.subtractmodulo.1024x768;pipeline-matrix.expanded.subtractmodulo.1x1;pipeline-matrix.expanded.subtractmodulo.256x256;pipeline-matrix.expanded.subtractmodulo.32x32;pipeline-op.subtractmodulo.benchmark-materialized;pipeline-op.subtractmodulo.matrix-32x24
df5231519bb4810e6b0098560c5c791e56dc9952,true,2026-10-09T01:11:25.338187Z,48d69f9756559a7a8da696b16d93e10be849504250560e4830f3dc8ee97b4d9a,101fdb8cc2c9da7ea98da8602ac4e7879ab23c9d,false,2026-10-07T13:19:09.608307Z,8963ea465b99a6b2a2cca91ab2aa07ee321fb3a450edfd10a102f4681b3247e4,PIL.ImageChops.subtract_modulo,PIL.ImageChops.subtract_modulo,PIL.ImageChops.subtract_modulo,function,endpoint,python-parallel-cpu,Pillow,,published_rows_only,no_verified_comparison,python-cpu;python-gpu;python-simd,python-cpu,python-cpu;python-gpu;python-simd,8,7,pil-imagechops.subtract-modulo.standard,21,0,0,0,,,,,21,0,0,0,0,0,0,0,,,pil-imagechops.subtract-modulo.standard;pipeline-chain.simd-chops.subtract-modulo-rgb;pipeline-matrix.expanded.subtractmodulo.1024x768;pipeline-matrix.expanded.subtractmodulo.1x1;pipeline-matrix.expanded.subtractmodulo.256x256;pipeline-matrix.expanded.subtractmodulo.32x32;pipeline-op.subtractmodulo.benchmark-materialized;pipeline-op.subtractmodulo.matrix-32x24
df5231519bb4810e6b0098560c5c791e56dc9952,true,2026-10-09T01:11:25.338187Z,48d69f9756559a7a8da696b16d93e10be849504250560e4830f3dc8ee97b4d9a,101fdb8cc2c9da7ea98da8602ac4e7879ab23c9d,false,2026-10-07T13:19:09.608307Z,8963ea465b99a6b2a2cca91ab2aa07ee321fb3a450edfd10a102f4681b3247e4,PIL.ImageColor.getcolor,PIL.ImageColor.getcolor,PIL.ImageColor.getcolor,function,endpoint,python-cpu,Pillow,1.0,benchmark_workload,not_in_published_snapshot,python-cpu;python-gpu;python-simd,python-cpu,python-cpu;python-gpu;python-simd,1,0,pil-imagecolor.getcolor.standard,0,0,0,0,,,,,0,0,0,0,0,0,0,0,,,pil-imagecolor.getcolor.standard
df5231519bb4810e6b0098560c5c791e56dc9952,true,2026-10-09T01:11:25.338187Z,48d69f9756559a7a8da696b16d93e10be849504250560e4830f3dc8ee97b4d9a,101fdb8cc2c9da7ea98da8602ac4e7879ab23c9d,false,2026-10-07T13:19:09.608307Z,8963ea465b99a6b2a2cca91ab2aa07ee321fb3a450edfd10a102f4681b3247e4,PIL.ImageColor.getcolor,PIL.ImageColor.getcolor,PIL.ImageColor.getcolor,function,endpoint,python-simd,Pillow,2.0,benchmark_workload,not_in_published_snapshot,python-cpu;python-gpu;python-simd,python-cpu,python-cpu;python-gpu;python-simd,1,0,pil-imagecolor.getcolor.standard,0,0,0,0,0,,,,0,0,0,0,0,0,0,0,,,pil-imagecolor.getcolor.standard
df5231519bb4810e6b0098560c5c791e56dc9952,true,2026-10-09T01:11:25.338187Z,48d69f9756559a7a8da696b16d93e10be849504250560e4830f3dc8ee97b4d9a,101fdb8cc2c9da7ea98da8602ac4e7879ab23c9d,false,2026-10-07T13:19:09.608307Z,8963ea465b99a6b2a2cca91ab2aa07ee321fb3a450edfd10a102f4681b3247e4,PIL.ImageColor.getcolor,PIL.ImageColor.getcolor,PIL.ImageColor.getcolor,function,endpoint,python-gpu,SIMD,1.0,benchmark_workload,not_in_published_snapshot,python-cpu;python-gpu;python-simd,python-cpu,python-cpu;python-gpu;python-simd,1,0,pil-imagecolor.getcolor.standard,0,0,0,0,,,,,0,0,0,0,0,0,0,0,,not_measured,pil-imagecolor.getcolor.standard
df5231519bb4810e6b0098560c5c791e56dc9952,true,2026-10-09T01:11:25.338187Z,48d69f9756559a7a8da696b16d93e10be849504250560e4830f3dc8ee97b4d9a,101fdb8cc2c9da7ea98da8602ac4e7879ab23c9d,false,2026-10-07T13:19:09.608307Z,8963ea465b99a6b2a2cca91ab2aa07ee321fb3a450edfd10a102f4681b3247e4,PIL.ImageColor.getcolor,PIL.ImageColor.getcolor,PIL.ImageColor.getcolor,function,endpoint,python-parallel-cpu,Pillow,,not_declared,not_declared_in_manifest_or_workload,python-cpu;python-gpu;python-simd,python-cpu,python-cpu;python-gpu;python-simd,1,0,pil-imagecolor.getcolor.standard,0,0,0,0,,,,,0,0,0,0,0,0,0,0,,,pil-imagecolor.getcolor.standard
df5231519bb4810e6b0098560c5c791e56dc9952,true,2026-10-09T01:11:25.338187Z,48d69f9756559a7a8da696b16d93e10be849504250560e4830f3dc8ee97b4d9a,101fdb8cc2c9da7ea98da8602ac4e7879ab23c9d,false,2026-10-07T13:19:09.608307Z,8963ea465b99a6b2a2cca91ab2aa07ee321fb3a450edfd10a102f4681b3247e4,PIL.ImageColor.getrgb,PIL.ImageColor.getrgb,PIL.ImageColor.getrgb,function,endpoint,python-cpu,Pillow,1.0,benchmark_workload,not_in_published_snapshot,python-cpu;python-gpu;python-simd,python-cpu,python-cpu;python-gpu;python-simd,1,0,pil-imagecolor.getrgb.standard,0,0,0,0,,,,,0,0,0,0,0,0,0,0,,,pil-imagecolor.getrgb.standard
df5231519bb4810e6b0098560c5c791e56dc9952,true,2026-10-09T01:11:25.338187Z,48d69f9756559a7a8da696b16d93e10be849504250560e4830f3dc8ee97b4d9a,101fdb8cc2c9da7ea98da8602ac4e7879ab23c9d,false,2026-10-07T13:19:09.608307Z,8963ea465b99a6b2a2cca91ab2aa07ee321fb3a450edfd10a102f4681b3247e4,PIL.ImageColor.getrgb,PIL.ImageColor.getrgb,PIL.ImageColor.getrgb,function,endpoint,python-simd,Pillow,2.0,benchmark_workload,not_in_published_snapshot,python-cpu;python-gpu;python-simd,python-cpu,python-cpu;python-gpu;python-simd,1,0,pil-imagecolor.getrgb.standard,0,0,0,0,0,,,,0,0,0,0,0,0,0,0,,,pil-imagecolor.getrgb.standard
df5231519bb4810e6b0098560c5c791e56dc9952,true,2026-10-09T01:11:25.338187Z,48d69f9756559a7a8da696b16d93e10be849504250560e4830f3dc8ee97b4d9a,101fdb8cc2c9da7ea98da8602ac4e7879ab23c9d,false,2026-10-07T13:19:09.608307Z,8963ea465b99a6b2a2cca91ab2aa07ee321fb3a450edfd10a102f4681b3247e4,PIL.ImageColor.getrgb,PIL.ImageColor.getrgb,PIL.ImageColor.getrgb,function,endpoint,python-gpu,SIMD,1.0,benchmark_workload,not_in_published_snapshot,python-cpu;python-gpu;python-simd,python-cpu,python-cpu;python-gpu;python-simd,1,0,pil-imagecolor.getrgb.standard,0,0,0,0,,,,,0,0,0,0,0,0,0,0,,not_measured,pil-imagecolor.getrgb.standard
df5231519bb4810e6b0098560c5c791e56dc9952,true,2026-10-09T01:11:25.338187Z,48d69f9756559a7a8da696b16d93e10be849504250560e4830f3dc8ee97b4d9a,101fdb8cc2c9da7ea98da8602ac4e7879ab23c9d,false,2026-10-07T13:19:09.608307Z,8963ea465b99a6b2a2cca91ab2aa07ee321fb3a450edfd10a102f4681b3247e4,PIL.ImageColor.getrgb,PIL.ImageColor.getrgb,PIL.ImageColor.getrgb,function,endpoint,python-parallel-cpu,Pillow,,not_declared,not_declared_in_manifest_or_workload,python-cpu;python-gpu;python-simd,python-cpu,python-cpu;python-gpu;python-simd,1,0,pil-imagecolor.getrgb.standard,0,0,0,0,,,,,0,0,0,0,0,0,0,0,,,pil-imagecolor.getrgb.standard
df5231519bb4810e6b0098560c5c791e56dc9952,true,2026-10-09T01:11:25.338187Z,48d69f9756559a7a8da696b16d93e10be849504250560e4830f3dc8ee97b4d9a,101fdb8cc2c9da7ea98da8602ac4e7879ab23c9d,false,2026-10-07T13:19:09.608307Z,8963ea465b99a6b2a2cca91ab2aa07ee321fb3a450edfd10a102f4681b3247e4,PIL.ImageDraw.Draw,PIL.ImageDraw.Draw,PIL.ImageDraw.Draw,function,endpoint,python-cpu,Pillow,1.0,benchmark_workload,not_in_published_snapshot,python-cpu;python-gpu;python-simd,python-cpu,python-cpu;python-gpu;python-simd,1,0,pil-imagedraw.draw.standard,0,0,0,0,,,,,0,0,0,0,0,0,0,0,,,pil-imagedraw.draw.standard
df5231519bb4810e6b0098560c5c791e56dc9952,true,2026-10-09T01:11:25.338187Z,48d69f9756559a7a8da696b16d93e10be849504250560e4830f3dc8ee97b4d9a,101fdb8cc2c9da7ea98da8602ac4e7879ab23c9d,false,2026-10-07T13:19:09.608307Z,8963ea465b99a6b2a2cca91ab2aa07ee321fb3a450edfd10a102f4681b3247e4,PIL.ImageDraw.Draw,PIL.ImageDraw.Draw,PIL.ImageDraw.Draw,function,endpoint,python-simd,Pillow,2.0,benchmark_workload,not_in_published_snapshot,python-cpu;python-gpu;python-simd,python-cpu,python-cpu;python-gpu;python-simd,1,0,pil-imagedraw.draw.standard,0,0,0,0,0,,,,0,0,0,0,0,0,0,0,,,pil-imagedraw.draw.standard
df5231519bb4810e6b0098560c5c791e56dc9952,true,2026-10-09T01:11:25.338187Z,48d69f9756559a7a8da696b16d93e10be849504250560e4830f3dc8ee97b4d9a,101fdb8cc2c9da7ea98da8602ac4e7879ab23c9d,false,2026-10-07T13:19:09.608307Z,8963ea465b99a6b2a2cca91ab2aa07ee321fb3a450edfd10a102f4681b3247e4,PIL.ImageDraw.Draw,PIL.ImageDraw.Draw,PIL.ImageDraw.Draw,function,endpoint,python-gpu,SIMD,1.0,benchmark_workload,not_in_published_snapshot,python-cpu;python-gpu;python-simd,python-cpu,python-cpu;python-gpu;python-simd,1,0,pil-imagedraw.draw.standard,0,0,0,0,,,,,0,0,0,0,0,0,0,0,,not_measured,pil-imagedraw.draw.standard
df5231519bb4810e6b0098560c5c791e56dc9952,true,2026-10-09T01:11:25.338187Z,48d69f9756559a7a8da696b16d93e10be849504250560e4830f3dc8ee97b4d9a,101fdb8cc2c9da7ea98da8602ac4e7879ab23c9d,false,2026-10-07T13:19:09.608307Z,8963ea465b99a6b2a2cca91ab2aa07ee321fb3a450edfd10a102f4681b3247e4,PIL.ImageDraw.Draw,PIL.ImageDraw.Draw,PIL.ImageDraw.Draw,function,endpoint,python-parallel-cpu,Pillow,,not_declared,not_declared_in_manifest_or_workload,python-cpu;python-gpu;python-simd,python-cpu,python-cpu;python-gpu;python-simd,1,0,pil-imagedraw.draw.standard,0,0,0,0,,,,,0,0,0,0,0,0,0,0,,,pil-imagedraw.draw.standard
df5231519bb4810e6b0098560c5c791e56dc9952,true,2026-10-09T01:11:25.338187Z,48d69f9756559a7a8da696b16d93e10be849504250560e4830f3dc8ee97b4d9a,101fdb8cc2c9da7ea98da8602ac4e7879ab23c9d,false,2026-10-07T13:19:09.608307Z,8963ea465b99a6b2a2cca91ab2aa07ee321fb3a450edfd10a102f4681b3247e4,PIL.ImageDraw.ImageDraw.arc,PIL.ImageDraw.ImageDraw.arc,PIL.ImageDraw.Draw.arc,method,endpoint,python-cpu,Pillow,1.0,benchmark_workload,no_verified_comparison,python-cpu;python-gpu;python-simd,python-cpu,python-cpu;python-gpu;python-simd,3,2,pil-imagedraw-imagedraw.arc.standard,6,0,0,0,,,,,6,0,0,0,0,0,0,0,,,pil-imagedraw-imagedraw.arc.standard;pipeline-op.drawarc.benchmark-materialized;pipeline-op.drawarc.matrix-32x24
df5231519bb4810e6b0098560c5c791e56dc9952,true,2026-10-09T01:11:25.338187Z,48d69f9756559a7a8da696b16d93e10be849504250560e4830f3dc8ee97b4d9a,101fdb8cc2c9da7ea98da8602ac4e7879ab23c9d,false,2026-10-07T13:19:09.608307Z,8963ea465b99a6b2a2cca91ab2aa07ee321fb3a450edfd10a102f4681b3247e4,PIL.ImageDraw.ImageDraw.arc,PIL.ImageDraw.ImageDraw.arc,PIL.ImageDraw.Draw.arc,method,endpoint,python-simd,Pillow,2.0,benchmark_workload,no_verified_comparison,python-cpu;python-gpu;python-simd,python-cpu,python-cpu;python-gpu;python-simd,3,2,pil-imagedraw-imagedraw.arc.standard,6,0,0,0,0,,,,6,0,0,0,0,0,0,0,,,pil-imagedraw-imagedraw.arc.standard;pipeline-op.drawarc.benchmark-materialized;pipeline-op.drawarc.matrix-32x24
df5231519bb4810e6b0098560c5c791e56dc9952,true,2026-10-09T01:11:25.338187Z,48d69f9756559a7a8da696b16d93e10be849504250560e4830f3dc8ee97b4d9a,101fdb8cc2c9da7ea98da8602ac4e7879ab23c9d,false,2026-10-07T13:19:09.608307Z,8963ea465b99a6b2a2cca91ab2aa07ee321fb3a450edfd10a102f4681b3247e4,PIL.ImageDraw.ImageDraw.arc,PIL.ImageDraw.ImageDraw.arc,PIL.ImageDraw.Draw.arc,method,endpoint,python-gpu,SIMD,1.0,benchmark_workload,no_verified_comparison,python-cpu;python-gpu;python-simd,python-cpu,python-cpu;python-gpu;python-simd,3,2,pil-imagedraw-imagedraw.arc.standard,2,0,0,0,,,,,2,0,0,0,0,0,0,0,,not_measured,pil-imagedraw-imagedraw.arc.standard;pipeline-op.drawarc.benchmark-materialized;pipeline-op.drawarc.matrix-32x24
df5231519bb4810e6b0098560c5c791e56dc9952,true,2026-10-09T01:11:25.338187Z,48d69f9756559a7a8da696b16d93e10be849504250560e4830f3dc8ee97b4d9a,101fdb8cc2c9da7ea98da8602ac4e7879ab23c9d,false,2026-10-07T13:19:09.608307Z,8963ea465b99a6b2a2cca91ab2aa07ee321fb3a450edfd10a102f4681b3247e4,PIL.ImageDraw.ImageDraw.arc,PIL.ImageDraw.ImageDraw.arc,PIL.ImageDraw.Draw.arc,method,endpoint,python-parallel-cpu,Pillow,,published_rows_only,no_verified_comparison,python-cpu;python-gpu;python-simd,python-cpu,python-cpu;python-gpu;python-simd,3,2,pil-imagedraw-imagedraw.arc.standard,6,0,0,0,,,,,6,0,0,0,0,0,0,0,,,pil-imagedraw-imagedraw.arc.standard;pipeline-op.drawarc.benchmark-materialized;pipeline-op.drawarc.matrix-32x24
df5231519bb4810e6b0098560c5c791e56dc9952,true,2026-10-09T01:11:25.338187Z,48d69f9756559a7a8da696b16d93e10be849504250560e4830f3dc8ee97b4d9a,101fdb8cc2c9da7ea98da8602ac4e7879ab23c9d,false,2026-10-07T13:19:09.608307Z,8963ea465b99a6b2a2cca91ab2aa07ee321fb3a450edfd10a102f4681b3247e4,PIL.ImageDraw.ImageDraw.bitmap,PIL.ImageDraw.ImageDraw.bitmap,PIL.ImageDraw.Draw.bitmap,method,endpoint,python-cpu,Pillow,1.0,benchmark_workload,not_in_published_snapshot,python-cpu;python-gpu;python-simd,python-cpu,python-cpu;python-gpu;python-simd,4,0,pil-imagedraw-imagedraw.bitmap.cmyk-1024x768;pil-imagedraw-imagedraw.bitmap.native-rgb-1024x768;pil-imagedraw-imagedraw.bitmap.rgba-context-rgb-1024x768;pil-imagedraw-imagedraw.bitmap.standard,0,0,0,0,,,,,0,0,0,0,0,0,0,0,,,pil-imagedraw-imagedraw.bitmap.cmyk-1024x768;pil-imagedraw-imagedraw.bitmap.native-rgb-1024x768;pil-imagedraw-imagedraw.bitmap.rgba-context-rgb-1024x768;pil-imagedraw-imagedraw.bitmap.standard
df5231519bb4810e6b0098560c5c791e56dc9952,true,2026-10-09T01:11:25.338187Z,48d69f9756559a7a8da696b16d93e10be849504250560e4830f3dc8ee97b4d9a,101fdb8cc2c9da7ea98da8602ac4e7879ab23c9d,false,2026-10-07T13:19:09.608307Z,8963ea465b99a6b2a2cca91ab2aa07ee321fb3a450edfd10a102f4681b3247e4,PIL.ImageDraw.ImageDraw.bitmap,PIL.ImageDraw.ImageDraw.bitmap,PIL.ImageDraw.Draw.bitmap,method,endpoint,python-simd,Pillow,2.0,benchmark_workload,not_in_published_snapshot,python-cpu;python-gpu;python-simd,python-cpu,python-cpu;python-gpu;python-simd,4,0,pil-imagedraw-imagedraw.bitmap.cmyk-1024x768;pil-imagedraw-imagedraw.bitmap.native-rgb-1024x768;pil-imagedraw-imagedraw.bitmap.rgba-context-rgb-1024x768;pil-imagedraw-imagedraw.bitmap.standard,0,0,0,0,0,,,,0,0,0,0,0,0,0,0,,,pil-imagedraw-imagedraw.bitmap.cmyk-1024x768;pil-imagedraw-imagedraw.bitmap.native-rgb-1024x768;pil-imagedraw-imagedraw.bitmap.rgba-context-rgb-1024x768;pil-imagedraw-imagedraw.bitmap.standard
df5231519bb4810e6b0098560c5c791e56dc9952,true,2026-10-09T01:11:25.338187Z,48d69f9756559a7a8da696b16d93e10be849504250560e4830f3dc8ee97b4d9a,101fdb8cc2c9da7ea98da8602ac4e7879ab23c9d,false,2026-10-07T13:19:09.608307Z,8963ea465b99a6b2a2cca91ab2aa07ee321fb3a450edfd10a102f4681b3247e4,PIL.ImageDraw.ImageDraw.bitmap,PIL.ImageDraw.ImageDraw.bitmap,PIL.ImageDraw.Draw.bitmap,method,endpoint,python-gpu,SIMD,1.0,benchmark_workload,not_in_published_snapshot,python-cpu;python-gpu;python-simd,python-cpu,python-cpu;python-gpu;python-simd,4,0,pil-imagedraw-imagedraw.bitmap.cmyk-1024x768;pil-imagedraw-imagedraw.bitmap.native-rgb-1024x768;pil-imagedraw-imagedraw.bitmap.rgba-context-rgb-1024x768;pil-imagedraw-imagedraw.bitmap.standard,0,0,0,0,,,,,0,0,0,0,0,0,0,0,,not_measured,pil-imagedraw-imagedraw.bitmap.cmyk-1024x768;pil-imagedraw-imagedraw.bitmap.native-rgb-1024x768;pil-imagedraw-imagedraw.bitmap.rgba-context-rgb-1024x768;pil-imagedraw-imagedraw.bitmap.standard
df5231519bb4810e6b0098560c5c791e56dc9952,true,2026-10-09T01:11:25.338187Z,48d69f9756559a7a8da696b16d93e10be849504250560e4830f3dc8ee97b4d9a,101fdb8cc2c9da7ea98da8602ac4e7879ab23c9d,false,2026-10-07T13:19:09.608307Z,8963ea465b99a6b2a2cca91ab2aa07ee321fb3a450edfd10a102f4681b3247e4,PIL.ImageDraw.ImageDraw.bitmap,PIL.ImageDraw.ImageDraw.bitmap,PIL.ImageDraw.Draw.bitmap,method,endpoint,python-parallel-cpu,Pillow,,not_declared,not_declared_in_manifest_or_workload,python-cpu;python-gpu;python-simd,python-cpu,python-cpu;python-gpu;python-simd,4,0,pil-imagedraw-imagedraw.bitmap.cmyk-1024x768;pil-imagedraw-imagedraw.bitmap.native-rgb-1024x768;pil-imagedraw-imagedraw.bitmap.rgba-context-rgb-1024x768;pil-imagedraw-imagedraw.bitmap.standard,0,0,0,0,,,,,0,0,0,0,0,0,0,0,,,pil-imagedraw-imagedraw.bitmap.cmyk-1024x768;pil-imagedraw-imagedraw.bitmap.native-rgb-1024x768;pil-imagedraw-imagedraw.bitmap.rgba-context-rgb-1024x768;pil-imagedraw-imagedraw.bitmap.standard
df5231519bb4810e6b0098560c5c791e56dc9952,true,2026-10-09T01:11:25.338187Z,48d69f9756559a7a8da696b16d93e10be849504250560e4830f3dc8ee97b4d9a,101fdb8cc2c9da7ea98da8602ac4e7879ab23c9d,false,2026-10-07T13:19:09.608307Z,8963ea465b99a6b2a2cca91ab2aa07ee321fb3a450edfd10a102f4681b3247e4,PIL.ImageDraw.ImageDraw.chord,PIL.ImageDraw.ImageDraw.chord,PIL.ImageDraw.Draw.chord,method,endpoint,python-cpu,Pillow,1.0,benchmark_workload,no_verified_comparison,python-cpu;python-gpu;python-simd,python-cpu,python-cpu;python-gpu;python-simd,3,2,pil-imagedraw-imagedraw.chord.standard,6,0,0,0,,,,,6,0,0,0,0,0,0,0,,,pil-imagedraw-imagedraw.chord.standard;pipeline-op.drawchord.benchmark-materialized;pipeline-op.drawchord.matrix-32x24
df5231519bb4810e6b0098560c5c791e56dc9952,true,2026-10-09T01:11:25.338187Z,48d69f9756559a7a8da696b16d93e10be849504250560e4830f3dc8ee97b4d9a,101fdb8cc2c9da7ea98da8602ac4e7879ab23c9d,false,2026-10-07T13:19:09.608307Z,8963ea465b99a6b2a2cca91ab2aa07ee321fb3a450edfd10a102f4681b3247e4,PIL.ImageDraw.ImageDraw.chord,PIL.ImageDraw.ImageDraw.chord,PIL.ImageDraw.Draw.chord,method,endpoint,python-simd,Pillow,2.0,benchmark_workload,no_verified_comparison,python-cpu;python-gpu;python-simd,python-cpu,python-cpu;python-gpu;python-simd,3,2,pil-imagedraw-imagedraw.chord.standard,6,0,0,0,0,,,,6,0,0,0,0,0,0,0,,,pil-imagedraw-imagedraw.chord.standard;pipeline-op.drawchord.benchmark-materialized;pipeline-op.drawchord.matrix-32x24
df5231519bb4810e6b0098560c5c791e56dc9952,true,2026-10-09T01:11:25.338187Z,48d69f9756559a7a8da696b16d93e10be849504250560e4830f3dc8ee97b4d9a,101fdb8cc2c9da7ea98da8602ac4e7879ab23c9d,false,2026-10-07T13:19:09.608307Z,8963ea465b99a6b2a2cca91ab2aa07ee321fb3a450edfd10a102f4681b3247e4,PIL.ImageDraw.ImageDraw.chord,PIL.ImageDraw.ImageDraw.chord,PIL.ImageDraw.Draw.chord,method,endpoint,python-gpu,SIMD,1.0,benchmark_workload,no_verified_comparison,python-cpu;python-gpu;python-simd,python-cpu,python-cpu;python-gpu;python-simd,3,2,pil-imagedraw-imagedraw.chord.standard,2,0,0,0,,,,,2,0,0,0,0,0,0,0,,not_measured,pil-imagedraw-imagedraw.chord.standard;pipeline-op.drawchord.benchmark-materialized;pipeline-op.drawchord.matrix-32x24
df5231519bb4810e6b0098560c5c791e56dc9952,true,2026-10-09T01:11:25.338187Z,48d69f9756559a7a8da696b16d93e10be849504250560e4830f3dc8ee97b4d9a,101fdb8cc2c9da7ea98da8602ac4e7879ab23c9d,false,2026-10-07T13:19:09.608307Z,8963ea465b99a6b2a2cca91ab2aa07ee321fb3a450edfd10a102f4681b3247e4,PIL.ImageDraw.ImageDraw.chord,PIL.ImageDraw.ImageDraw.chord,PIL.ImageDraw.Draw.chord,method,endpoint,python-parallel-cpu,Pillow,,published_rows_only,no_verified_comparison,python-cpu;python-gpu;python-simd,python-cpu,python-cpu;python-gpu;python-simd,3,2,pil-imagedraw-imagedraw.chord.standard,6,0,0,0,,,,,6,0,0,0,0,0,0,0,,,pil-imagedraw-imagedraw.chord.standard;pipeline-op.drawchord.benchmark-materialized;pipeline-op.drawchord.matrix-32x24
df5231519bb4810e6b0098560c5c791e56dc9952,true,2026-10-09T01:11:25.338187Z,48d69f9756559a7a8da696b16d93e10be849504250560e4830f3dc8ee97b4d9a,101fdb8cc2c9da7ea98da8602ac4e7879ab23c9d,false,2026-10-07T13:19:09.608307Z,8963ea465b99a6b2a2cca91ab2aa07ee321fb3a450edfd10a102f4681b3247e4,PIL.ImageDraw.ImageDraw.circle,PIL.ImageDraw.ImageDraw.circle,PIL.ImageDraw.Draw.circle,method,endpoint,python-cpu,Pillow,1.0,benchmark_workload,no_verified_comparison,python-cpu;python-gpu;python-simd,python-cpu,python-cpu;python-gpu;python-simd,3,2,pil-imagedraw-imagedraw.circle.standard,6,0,0,0,,,,,6,0,0,0,0,0,0,0,,,pil-imagedraw-imagedraw.circle.standard;pipeline-op.drawcircle.benchmark-materialized;pipeline-op.drawcircle.matrix-32x24
df5231519bb4810e6b0098560c5c791e56dc9952,true,2026-10-09T01:11:25.338187Z,48d69f9756559a7a8da696b16d93e10be849504250560e4830f3dc8ee97b4d9a,101fdb8cc2c9da7ea98da8602ac4e7879ab23c9d,false,2026-10-07T13:19:09.608307Z,8963ea465b99a6b2a2cca91ab2aa07ee321fb3a450edfd10a102f4681b3247e4,PIL.ImageDraw.ImageDraw.circle,PIL.ImageDraw.ImageDraw.circle,PIL.ImageDraw.Draw.circle,method,endpoint,python-simd,Pillow,2.0,benchmark_workload,no_verified_comparison,python-cpu;python-gpu;python-simd,python-cpu,python-cpu;python-gpu;python-simd,3,2,pil-imagedraw-imagedraw.circle.standard,6,0,0,0,0,,,,6,0,0,0,0,0,0,0,,,pil-imagedraw-imagedraw.circle.standard;pipeline-op.drawcircle.benchmark-materialized;pipeline-op.drawcircle.matrix-32x24
df5231519bb4810e6b0098560c5c791e56dc9952,true,2026-10-09T01:11:25.338187Z,48d69f9756559a7a8da696b16d93e10be849504250560e4830f3dc8ee97b4d9a,101fdb8cc2c9da7ea98da8602ac4e7879ab23c9d,false,2026-10-07T13:19:09.608307Z,8963ea465b99a6b2a2cca91ab2aa07ee321fb3a450edfd10a102f4681b3247e4,PIL.ImageDraw.ImageDraw.circle,PIL.ImageDraw.ImageDraw.circle,PIL.ImageDraw.Draw.circle,method,endpoint,python-gpu,SIMD,1.0,benchmark_workload,no_verified_comparison,python-cpu;python-gpu;python-simd,python-cpu,python-cpu;python-gpu;python-simd,3,2,pil-imagedraw-imagedraw.circle.standard,2,0,0,0,,,,,2,0,0,0,0,0,0,0,,not_measured,pil-imagedraw-imagedraw.circle.standard;pipeline-op.drawcircle.benchmark-materialized;pipeline-op.drawcircle.matrix-32x24
df5231519bb4810e6b0098560c5c791e56dc9952,true,2026-10-09T01:11:25.338187Z,48d69f9756559a7a8da696b16d93e10be849504250560e4830f3dc8ee97b4d9a,101fdb8cc2c9da7ea98da8602ac4e7879ab23c9d,false,2026-10-07T13:19:09.608307Z,8963ea465b99a6b2a2cca91ab2aa07ee321fb3a450edfd10a102f4681b3247e4,PIL.ImageDraw.ImageDraw.circle,PIL.ImageDraw.ImageDraw.circle,PIL.ImageDraw.Draw.circle,method,endpoint,python-parallel-cpu,Pillow,,published_rows_only,no_verified_comparison,python-cpu;python-gpu;python-simd,python-cpu,python-cpu;python-gpu;python-simd,3,2,pil-imagedraw-imagedraw.circle.standard,6,0,0,0,,,,,6,0,0,0,0,0,0,0,,,pil-imagedraw-imagedraw.circle.standard;pipeline-op.drawcircle.benchmark-materialized;pipeline-op.drawcircle.matrix-32x24
df5231519bb4810e6b0098560c5c791e56dc9952,true,2026-10-09T01:11:25.338187Z,48d69f9756559a7a8da696b16d93e10be849504250560e4830f3dc8ee97b4d9a,101fdb8cc2c9da7ea98da8602ac4e7879ab23c9d,false,2026-10-07T13:19:09.608307Z,8963ea465b99a6b2a2cca91ab2aa07ee321fb3a450edfd10a102f4681b3247e4,PIL.ImageDraw.ImageDraw.ellipse,PIL.ImageDraw.ImageDraw.ellipse,PIL.ImageDraw.Draw.ellipse,method,endpoint,python-cpu,Pillow,1.0,benchmark_workload,no_verified_comparison,python-cpu;python-gpu;python-simd,python-cpu,python-cpu;python-gpu;python-simd,3,2,pil-imagedraw-imagedraw.ellipse.standard,6,0,0,0,,,,,6,0,0,0,0,0,0,0,,,pil-imagedraw-imagedraw.ellipse.standard;pipeline-op.drawellipse.benchmark-materialized;pipeline-op.drawellipse.matrix-32x24
df5231519bb4810e6b0098560c5c791e56dc9952,true,2026-10-09T01:11:25.338187Z,48d69f9756559a7a8da696b16d93e10be849504250560e4830f3dc8ee97b4d9a,101fdb8cc2c9da7ea98da8602ac4e7879ab23c9d,false,2026-10-07T13:19:09.608307Z,8963ea465b99a6b2a2cca91ab2aa07ee321fb3a450edfd10a102f4681b3247e4,PIL.ImageDraw.ImageDraw.ellipse,PIL.ImageDraw.ImageDraw.ellipse,PIL.ImageDraw.Draw.ellipse,method,endpoint,python-simd,Pillow,2.0,benchmark_workload,no_verified_comparison,python-cpu;python-gpu;python-simd,python-cpu,python-cpu;python-gpu;python-simd,3,2,pil-imagedraw-imagedraw.ellipse.standard,6,0,0,0,0,,,,6,0,0,0,0,0,0,0,,,pil-imagedraw-imagedraw.ellipse.standard;pipeline-op.drawellipse.benchmark-materialized;pipeline-op.drawellipse.matrix-32x24
df5231519bb4810e6b0098560c5c791e56dc9952,true,2026-10-09T01:11:25.338187Z,48d69f9756559a7a8da696b16d93e10be849504250560e4830f3dc8ee97b4d9a,101fdb8cc2c9da7ea98da8602ac4e7879ab23c9d,false,2026-10-07T13:19:09.608307Z,8963ea465b99a6b2a2cca91ab2aa07ee321fb3a450edfd10a102f4681b3247e4,PIL.ImageDraw.ImageDraw.ellipse,PIL.ImageDraw.ImageDraw.ellipse,PIL.ImageDraw.Draw.ellipse,method,endpoint,python-gpu,SIMD,1.0,benchmark_workload,no_verified_comparison,python-cpu;python-gpu;python-simd,python-cpu,python-cpu;python-gpu;python-simd,3,2,pil-imagedraw-imagedraw.ellipse.standard,2,0,0,0,,,,,2,0,0,0,0,0,0,0,,not_measured,pil-imagedraw-imagedraw.ellipse.standard;pipeline-op.drawellipse.benchmark-materialized;pipeline-op.drawellipse.matrix-32x24
df5231519bb4810e6b0098560c5c791e56dc9952,true,2026-10-09T01:11:25.338187Z,48d69f9756559a7a8da696b16d93e10be849504250560e4830f3dc8ee97b4d9a,101fdb8cc2c9da7ea98da8602ac4e7879ab23c9d,false,2026-10-07T13:19:09.608307Z,8963ea465b99a6b2a2cca91ab2aa07ee321fb3a450edfd10a102f4681b3247e4,PIL.ImageDraw.ImageDraw.ellipse,PIL.ImageDraw.ImageDraw.ellipse,PIL.ImageDraw.Draw.ellipse,method,endpoint,python-parallel-cpu,Pillow,,published_rows_only,no_verified_comparison,python-cpu;python-gpu;python-simd,python-cpu,python-cpu;python-gpu;python-simd,3,2,pil-imagedraw-imagedraw.ellipse.standard,6,0,0,0,,,,,6,0,0,0,0,0,0,0,,,pil-imagedraw-imagedraw.ellipse.standard;pipeline-op.drawellipse.benchmark-materialized;pipeline-op.drawellipse.matrix-32x24
df5231519bb4810e6b0098560c5c791e56dc9952,true,2026-10-09T01:11:25.338187Z,48d69f9756559a7a8da696b16d93e10be849504250560e4830f3dc8ee97b4d9a,101fdb8cc2c9da7ea98da8602ac4e7879ab23c9d,false,2026-10-07T13:19:09.608307Z,8963ea465b99a6b2a2cca91ab2aa07ee321fb3a450edfd10a102f4681b3247e4,PIL.ImageDraw.ImageDraw.getfont,PIL.ImageDraw.ImageDraw.getfont,PIL.ImageDraw.Draw.getfont,method,endpoint,python-cpu,Pillow,1.0,benchmark_workload,not_in_published_snapshot,python-cpu;python-gpu;python-simd,python-cpu,python-cpu;python-gpu;python-simd,1,0,pil-imagedraw-imagedraw.getfont.standard,0,0,0,0,,,,,0,0,0,0,0,0,0,0,,,pil-imagedraw-imagedraw.getfont.standard
df5231519bb4810e6b0098560c5c791e56dc9952,true,2026-10-09T01:11:25.338187Z,48d69f9756559a7a8da696b16d93e10be849504250560e4830f3dc8ee97b4d9a,101fdb8cc2c9da7ea98da8602ac4e7879ab23c9d,false,2026-10-07T13:19:09.608307Z,8963ea465b99a6b2a2cca91ab2aa07ee321fb3a450edfd10a102f4681b3247e4,PIL.ImageDraw.ImageDraw.getfont,PIL.ImageDraw.ImageDraw.getfont,PIL.ImageDraw.Draw.getfont,method,endpoint,python-simd,Pillow,2.0,benchmark_workload,not_in_published_snapshot,python-cpu;python-gpu;python-simd,python-cpu,python-cpu;python-gpu;python-simd,1,0,pil-imagedraw-imagedraw.getfont.standard,0,0,0,0,0,,,,0,0,0,0,0,0,0,0,,,pil-imagedraw-imagedraw.getfont.standard
df5231519bb4810e6b0098560c5c791e56dc9952,true,2026-10-09T01:11:25.338187Z,48d69f9756559a7a8da696b16d93e10be849504250560e4830f3dc8ee97b4d9a,101fdb8cc2c9da7ea98da8602ac4e7879ab23c9d,false,2026-10-07T13:19:09.608307Z,8963ea465b99a6b2a2cca91ab2aa07ee321fb3a450edfd10a102f4681b3247e4,PIL.ImageDraw.ImageDraw.getfont,PIL.ImageDraw.ImageDraw.getfont,PIL.ImageDraw.Draw.getfont,method,endpoint,python-gpu,SIMD,1.0,benchmark_workload,not_in_published_snapshot,python-cpu;python-gpu;python-simd,python-cpu,python-cpu;python-gpu;python-simd,1,0,pil-imagedraw-imagedraw.getfont.standard,0,0,0,0,,,,,0,0,0,0,0,0,0,0,,not_measured,pil-imagedraw-imagedraw.getfont.standard
df5231519bb4810e6b0098560c5c791e56dc9952,true,2026-10-09T01:11:25.338187Z,48d69f9756559a7a8da696b16d93e10be849504250560e4830f3dc8ee97b4d9a,101fdb8cc2c9da7ea98da8602ac4e7879ab23c9d,false,2026-10-07T13:19:09.608307Z,8963ea465b99a6b2a2cca91ab2aa07ee321fb3a450edfd10a102f4681b3247e4,PIL.ImageDraw.ImageDraw.getfont,PIL.ImageDraw.ImageDraw.getfont,PIL.ImageDraw.Draw.getfont,method,endpoint,python-parallel-cpu,Pillow,,not_declared,not_declared_in_manifest_or_workload,python-cpu;python-gpu;python-simd,python-cpu,python-cpu;python-gpu;python-simd,1,0,pil-imagedraw-imagedraw.getfont.standard,0,0,0,0,,,,,0,0,0,0,0,0,0,0,,,pil-imagedraw-imagedraw.getfont.standard
df5231519bb4810e6b0098560c5c791e56dc9952,true,2026-10-09T01:11:25.338187Z,48d69f9756559a7a8da696b16d93e10be849504250560e4830f3dc8ee97b4d9a,101fdb8cc2c9da7ea98da8602ac4e7879ab23c9d,false,2026-10-07T13:19:09.608307Z,8963ea465b99a6b2a2cca91ab2aa07ee321fb3a450edfd10a102f4681b3247e4,PIL.ImageDraw.ImageDraw.line,PIL.ImageDraw.ImageDraw.line,PIL.ImageDraw.Draw.line,method,endpoint,python-cpu,Pillow,1.0,benchmark_workload,no_verified_comparison,python-cpu;python-gpu;python-simd,python-cpu,python-cpu;python-gpu;python-simd,5,4,pil-imagedraw-imagedraw.line.standard,12,0,0,0,,,,,12,0,0,0,0,0,0,0,,,pil-imagedraw-imagedraw.line.standard;pipeline-chain.matrix-022;pipeline-chain.reviewed.draw-filter-invert;pipeline-op.drawline.benchmark-materialized;pipeline-op.drawline.matrix-32x24
df5231519bb4810e6b0098560c5c791e56dc9952,true,2026-10-09T01:11:25.338187Z,48d69f9756559a7a8da696b16d93e10be849504250560e4830f3dc8ee97b4d9a,101fdb8cc2c9da7ea98da8602ac4e7879ab23c9d,false,2026-10-07T13:19:09.608307Z,8963ea465b99a6b2a2cca91ab2aa07ee321fb3a450edfd10a102f4681b3247e4,PIL.ImageDraw.ImageDraw.line,PIL.ImageDraw.ImageDraw.line,PIL.ImageDraw.Draw.line,method,endpoint,python-simd,Pillow,2.0,benchmark_workload,no_verified_comparison,python-cpu;python-gpu;python-simd,python-cpu,python-cpu;python-gpu;python-simd,5,4,pil-imagedraw-imagedraw.line.standard,12,0,0,0,0,,,,12,0,0,0,0,0,0,0,,,pil-imagedraw-imagedraw.line.standard;pipeline-chain.matrix-022;pipeline-chain.reviewed.draw-filter-invert;pipeline-op.drawline.benchmark-materialized;pipeline-op.drawline.matrix-32x24
df5231519bb4810e6b0098560c5c791e56dc9952,true,2026-10-09T01:11:25.338187Z,48d69f9756559a7a8da696b16d93e10be849504250560e4830f3dc8ee97b4d9a,101fdb8cc2c9da7ea98da8602ac4e7879ab23c9d,false,2026-10-07T13:19:09.608307Z,8963ea465b99a6b2a2cca91ab2aa07ee321fb3a450edfd10a102f4681b3247e4,PIL.ImageDraw.ImageDraw.line,PIL.ImageDraw.ImageDraw.line,PIL.ImageDraw.Draw.line,method,endpoint,python-gpu,SIMD,1.0,benchmark_workload,no_verified_comparison,python-cpu;python-gpu;python-simd,python-cpu,python-cpu;python-gpu;python-simd,5,4,pil-imagedraw-imagedraw.line.standard,4,0,0,0,,,,,4,0,0,0,0,0,0,0,,not_measured,pil-imagedraw-imagedraw.line.standard;pipeline-chain.matrix-022;pipeline-chain.reviewed.draw-filter-invert;pipeline-op.drawline.benchmark-materialized;pipeline-op.drawline.matrix-32x24
df5231519bb4810e6b0098560c5c791e56dc9952,true,2026-10-09T01:11:25.338187Z,48d69f9756559a7a8da696b16d93e10be849504250560e4830f3dc8ee97b4d9a,101fdb8cc2c9da7ea98da8602ac4e7879ab23c9d,false,2026-10-07T13:19:09.608307Z,8963ea465b99a6b2a2cca91ab2aa07ee321fb3a450edfd10a102f4681b3247e4,PIL.ImageDraw.ImageDraw.line,PIL.ImageDraw.ImageDraw.line,PIL.ImageDraw.Draw.line,method,endpoint,python-parallel-cpu,Pillow,,published_rows_only,no_verified_comparison,python-cpu;python-gpu;python-simd,python-cpu,python-cpu;python-gpu;python-simd,5,4,pil-imagedraw-imagedraw.line.standard,12,0,0,0,,,,,12,0,0,0,0,0,0,0,,,pil-imagedraw-imagedraw.line.standard;pipeline-chain.matrix-022;pipeline-chain.reviewed.draw-filter-invert;pipeline-op.drawline.benchmark-materialized;pipeline-op.drawline.matrix-32x24
df5231519bb4810e6b0098560c5c791e56dc9952,true,2026-10-09T01:11:25.338187Z,48d69f9756559a7a8da696b16d93e10be849504250560e4830f3dc8ee97b4d9a,101fdb8cc2c9da7ea98da8602ac4e7879ab23c9d,false,2026-10-07T13:19:09.608307Z,8963ea465b99a6b2a2cca91ab2aa07ee321fb3a450edfd10a102f4681b3247e4,PIL.ImageDraw.ImageDraw.multiline_text,PIL.ImageDraw.ImageDraw.multiline_text,PIL.ImageDraw.Draw.multiline_text,method,endpoint,python-cpu,Pillow,1.0,benchmark_workload,not_in_published_snapshot,python-cpu;python-gpu;python-simd,python-cpu,python-cpu;python-gpu;python-simd,1,0,pil-imagedraw-imagedraw.multiline-text.standard,0,0,0,0,,,,,0,0,0,0,0,0,0,0,,,pil-imagedraw-imagedraw.multiline-text.standard
df5231519bb4810e6b0098560c5c791e56dc9952,true,2026-10-09T01:11:25.338187Z,48d69f9756559a7a8da696b16d93e10be849504250560e4830f3dc8ee97b4d9a,101fdb8cc2c9da7ea98da8602ac4e7879ab23c9d,false,2026-10-07T13:19:09.608307Z,8963ea465b99a6b2a2cca91ab2aa07ee321fb3a450edfd10a102f4681b3247e4,PIL.ImageDraw.ImageDraw.multiline_text,PIL.ImageDraw.ImageDraw.multiline_text,PIL.ImageDraw.Draw.multiline_text,method,endpoint,python-simd,Pillow,2.0,benchmark_workload,not_in_published_snapshot,python-cpu;python-gpu;python-simd,python-cpu,python-cpu;python-gpu;python-simd,1,0,pil-imagedraw-imagedraw.multiline-text.standard,0,0,0,0,0,,,,0,0,0,0,0,0,0,0,,,pil-imagedraw-imagedraw.multiline-text.standard
df5231519bb4810e6b0098560c5c791e56dc9952,true,2026-10-09T01:11:25.338187Z,48d69f9756559a7a8da696b16d93e10be849504250560e4830f3dc8ee97b4d9a,101fdb8cc2c9da7ea98da8602ac4e7879ab23c9d,false,2026-10-07T13:19:09.608307Z,8963ea465b99a6b2a2cca91ab2aa07ee321fb3a450edfd10a102f4681b3247e4,PIL.ImageDraw.ImageDraw.multiline_text,PIL.ImageDraw.ImageDraw.multiline_text,PIL.ImageDraw.Draw.multiline_text,method,endpoint,python-gpu,SIMD,1.0,benchmark_workload,not_in_published_snapshot,python-cpu;python-gpu;python-simd,python-cpu,python-cpu;python-gpu;python-simd,1,0,pil-imagedraw-imagedraw.multiline-text.standard,0,0,0,0,,,,,0,0,0,0,0,0,0,0,,not_measured,pil-imagedraw-imagedraw.multiline-text.standard
df5231519bb4810e6b0098560c5c791e56dc9952,true,2026-10-09T01:11:25.338187Z,48d69f9756559a7a8da696b16d93e10be849504250560e4830f3dc8ee97b4d9a,101fdb8cc2c9da7ea98da8602ac4e7879ab23c9d,false,2026-10-07T13:19:09.608307Z,8963ea465b99a6b2a2cca91ab2aa07ee321fb3a450edfd10a102f4681b3247e4,PIL.ImageDraw.ImageDraw.multiline_text,PIL.ImageDraw.ImageDraw.multiline_text,PIL.ImageDraw.Draw.multiline_text,method,endpoint,python-parallel-cpu,Pillow,,not_declared,not_declared_in_manifest_or_workload,python-cpu;python-gpu;python-simd,python-cpu,python-cpu;python-gpu;python-simd,1,0,pil-imagedraw-imagedraw.multiline-text.standard,0,0,0,0,,,,,0,0,0,0,0,0,0,0,,,pil-imagedraw-imagedraw.multiline-text.standard
df5231519bb4810e6b0098560c5c791e56dc9952,true,2026-10-09T01:11:25.338187Z,48d69f9756559a7a8da696b16d93e10be849504250560e4830f3dc8ee97b4d9a,101fdb8cc2c9da7ea98da8602ac4e7879ab23c9d,false,2026-10-07T13:19:09.608307Z,8963ea465b99a6b2a2cca91ab2aa07ee321fb3a450edfd10a102f4681b3247e4,PIL.ImageDraw.ImageDraw.multiline_textbbox,PIL.ImageDraw.ImageDraw.multiline_textbbox,PIL.ImageDraw.Draw.multiline_textbbox,method,endpoint,python-cpu,Pillow,1.0,benchmark_workload,not_in_published_snapshot,python-cpu;python-gpu;python-simd,python-cpu,python-cpu;python-gpu;python-simd,1,0,pil-imagedraw-imagedraw.multiline-textbbox.standard,0,0,0,0,,,,,0,0,0,0,0,0,0,0,,,pil-imagedraw-imagedraw.multiline-textbbox.standard
df5231519bb4810e6b0098560c5c791e56dc9952,true,2026-10-09T01:11:25.338187Z,48d69f9756559a7a8da696b16d93e10be849504250560e4830f3dc8ee97b4d9a,101fdb8cc2c9da7ea98da8602ac4e7879ab23c9d,false,2026-10-07T13:19:09.608307Z,8963ea465b99a6b2a2cca91ab2aa07ee321fb3a450edfd10a102f4681b3247e4,PIL.ImageDraw.ImageDraw.multiline_textbbox,PIL.ImageDraw.ImageDraw.multiline_textbbox,PIL.ImageDraw.Draw.multiline_textbbox,method,endpoint,python-simd,Pillow,2.0,benchmark_workload,not_in_published_snapshot,python-cpu;python-gpu;python-simd,python-cpu,python-cpu;python-gpu;python-simd,1,0,pil-imagedraw-imagedraw.multiline-textbbox.standard,0,0,0,0,0,,,,0,0,0,0,0,0,0,0,,,pil-imagedraw-imagedraw.multiline-textbbox.standard
df5231519bb4810e6b0098560c5c791e56dc9952,true,2026-10-09T01:11:25.338187Z,48d69f9756559a7a8da696b16d93e10be849504250560e4830f3dc8ee97b4d9a,101fdb8cc2c9da7ea98da8602ac4e7879ab23c9d,false,2026-10-07T13:19:09.608307Z,8963ea465b99a6b2a2cca91ab2aa07ee321fb3a450edfd10a102f4681b3247e4,PIL.ImageDraw.ImageDraw.multiline_textbbox,PIL.ImageDraw.ImageDraw.multiline_textbbox,PIL.ImageDraw.Draw.multiline_textbbox,method,endpoint,python-gpu,SIMD,1.0,benchmark_workload,not_in_published_snapshot,python-cpu;python-gpu;python-simd,python-cpu,python-cpu;python-gpu;python-simd,1,0,pil-imagedraw-imagedraw.multiline-textbbox.standard,0,0,0,0,,,,,0,0,0,0,0,0,0,0,,not_measured,pil-imagedraw-imagedraw.multiline-textbbox.standard
df5231519bb4810e6b0098560c5c791e56dc9952,true,2026-10-09T01:11:25.338187Z,48d69f9756559a7a8da696b16d93e10be849504250560e4830f3dc8ee97b4d9a,101fdb8cc2c9da7ea98da8602ac4e7879ab23c9d,false,2026-10-07T13:19:09.608307Z,8963ea465b99a6b2a2cca91ab2aa07ee321fb3a450edfd10a102f4681b3247e4,PIL.ImageDraw.ImageDraw.multiline_textbbox,PIL.ImageDraw.ImageDraw.multiline_textbbox,PIL.ImageDraw.Draw.multiline_textbbox,method,endpoint,python-parallel-cpu,Pillow,,not_declared,not_declared_in_manifest_or_workload,python-cpu;python-gpu;python-simd,python-cpu,python-cpu;python-gpu;python-simd,1,0,pil-imagedraw-imagedraw.multiline-textbbox.standard,0,0,0,0,,,,,0,0,0,0,0,0,0,0,,,pil-imagedraw-imagedraw.multiline-textbbox.standard
df5231519bb4810e6b0098560c5c791e56dc9952,true,2026-10-09T01:11:25.338187Z,48d69f9756559a7a8da696b16d93e10be849504250560e4830f3dc8ee97b4d9a,101fdb8cc2c9da7ea98da8602ac4e7879ab23c9d,false,2026-10-07T13:19:09.608307Z,8963ea465b99a6b2a2cca91ab2aa07ee321fb3a450edfd10a102f4681b3247e4,PIL.ImageDraw.ImageDraw.pieslice,PIL.ImageDraw.ImageDraw.pieslice,PIL.ImageDraw.Draw.pieslice,method,endpoint,python-cpu,Pillow,1.0,benchmark_workload,no_verified_comparison,python-cpu;python-gpu;python-simd,python-cpu,python-cpu;python-gpu;python-simd,3,2,pil-imagedraw-imagedraw.pieslice.standard,6,0,0,0,,,,,6,0,0,0,0,0,0,0,,,pil-imagedraw-imagedraw.pieslice.standard;pipeline-op.drawpieslice.benchmark-materialized;pipeline-op.drawpieslice.matrix-32x24
df5231519bb4810e6b0098560c5c791e56dc9952,true,2026-10-09T01:11:25.338187Z,48d69f9756559a7a8da696b16d93e10be849504250560e4830f3dc8ee97b4d9a,101fdb8cc2c9da7ea98da8602ac4e7879ab23c9d,false,2026-10-07T13:19:09.608307Z,8963ea465b99a6b2a2cca91ab2aa07ee321fb3a450edfd10a102f4681b3247e4,PIL.ImageDraw.ImageDraw.pieslice,PIL.ImageDraw.ImageDraw.pieslice,PIL.ImageDraw.Draw.pieslice,method,endpoint,python-simd,Pillow,2.0,benchmark_workload,no_verified_comparison,python-cpu;python-gpu;python-simd,python-cpu,python-cpu;python-gpu;python-simd,3,2,pil-imagedraw-imagedraw.pieslice.standard,6,0,0,0,0,,,,6,0,0,0,0,0,0,0,,,pil-imagedraw-imagedraw.pieslice.standard;pipeline-op.drawpieslice.benchmark-materialized;pipeline-op.drawpieslice.matrix-32x24
df5231519bb4810e6b0098560c5c791e56dc9952,true,2026-10-09T01:11:25.338187Z,48d69f9756559a7a8da696b16d93e10be849504250560e4830f3dc8ee97b4d9a,101fdb8cc2c9da7ea98da8602ac4e7879ab23c9d,false,2026-10-07T13:19:09.608307Z,8963ea465b99a6b2a2cca91ab2aa07ee321fb3a450edfd10a102f4681b3247e4,PIL.ImageDraw.ImageDraw.pieslice,PIL.ImageDraw.ImageDraw.pieslice,PIL.ImageDraw.Draw.pieslice,method,endpoint,python-gpu,SIMD,1.0,benchmark_workload,no_verified_comparison,python-cpu;python-gpu;python-simd,python-cpu,python-cpu;python-gpu;python-simd,3,2,pil-imagedraw-imagedraw.pieslice.standard,2,0,0,0,,,,,2,0,0,0,0,0,0,0,,not_measured,pil-imagedraw-imagedraw.pieslice.standard;pipeline-op.drawpieslice.benchmark-materialized;pipeline-op.drawpieslice.matrix-32x24
df5231519bb4810e6b0098560c5c791e56dc9952,true,2026-10-09T01:11:25.338187Z,48d69f9756559a7a8da696b16d93e10be849504250560e4830f3dc8ee97b4d9a,101fdb8cc2c9da7ea98da8602ac4e7879ab23c9d,false,2026-10-07T13:19:09.608307Z,8963ea465b99a6b2a2cca91ab2aa07ee321fb3a450edfd10a102f4681b3247e4,PIL.ImageDraw.ImageDraw.pieslice,PIL.ImageDraw.ImageDraw.pieslice,PIL.ImageDraw.Draw.pieslice,method,endpoint,python-parallel-cpu,Pillow,,published_rows_only,no_verified_comparison,python-cpu;python-gpu;python-simd,python-cpu,python-cpu;python-gpu;python-simd,3,2,pil-imagedraw-imagedraw.pieslice.standard,6,0,0,0,,,,,6,0,0,0,0,0,0,0,,,pil-imagedraw-imagedraw.pieslice.standard;pipeline-op.drawpieslice.benchmark-materialized;pipeline-op.drawpieslice.matrix-32x24
df5231519bb4810e6b0098560c5c791e56dc9952,true,2026-10-09T01:11:25.338187Z,48d69f9756559a7a8da696b16d93e10be849504250560e4830f3dc8ee97b4d9a,101fdb8cc2c9da7ea98da8602ac4e7879ab23c9d,false,2026-10-07T13:19:09.608307Z,8963ea465b99a6b2a2cca91ab2aa07ee321fb3a450edfd10a102f4681b3247e4,PIL.ImageDraw.ImageDraw.point,PIL.ImageDraw.ImageDraw.point,PIL.ImageDraw.Draw.point,method,endpoint,python-cpu,Pillow,1.0,benchmark_workload,no_verified_comparison,python-cpu;python-gpu;python-simd,python-cpu,python-cpu;python-gpu;python-simd,3,2,pil-imagedraw-imagedraw.point.standard,6,0,0,0,,,,,6,0,0,0,0,0,0,0,,,pil-imagedraw-imagedraw.point.standard;pipeline-op.drawpoint.benchmark-materialized;pipeline-op.drawpoint.matrix-32x24
df5231519bb4810e6b0098560c5c791e56dc9952,true,2026-10-09T01:11:25.338187Z,48d69f9756559a7a8da696b16d93e10be849504250560e4830f3dc8ee97b4d9a,101fdb8cc2c9da7ea98da8602ac4e7879ab23c9d,false,2026-10-07T13:19:09.608307Z,8963ea465b99a6b2a2cca91ab2aa07ee321fb3a450edfd10a102f4681b3247e4,PIL.ImageDraw.ImageDraw.point,PIL.ImageDraw.ImageDraw.point,PIL.ImageDraw.Draw.point,method,endpoint,python-simd,Pillow,2.0,benchmark_workload,no_verified_comparison,python-cpu;python-gpu;python-simd,python-cpu,python-cpu;python-gpu;python-simd,3,2,pil-imagedraw-imagedraw.point.standard,6,0,0,0,0,,,,6,0,0,0,0,0,0,0,,,pil-imagedraw-imagedraw.point.standard;pipeline-op.drawpoint.benchmark-materialized;pipeline-op.drawpoint.matrix-32x24
df5231519bb4810e6b0098560c5c791e56dc9952,true,2026-10-09T01:11:25.338187Z,48d69f9756559a7a8da696b16d93e10be849504250560e4830f3dc8ee97b4d9a,101fdb8cc2c9da7ea98da8602ac4e7879ab23c9d,false,2026-10-07T13:19:09.608307Z,8963ea465b99a6b2a2cca91ab2aa07ee321fb3a450edfd10a102f4681b3247e4,PIL.ImageDraw.ImageDraw.point,PIL.ImageDraw.ImageDraw.point,PIL.ImageDraw.Draw.point,method,endpoint,python-gpu,SIMD,1.0,benchmark_workload,no_verified_comparison,python-cpu;python-gpu;python-simd,python-cpu,python-cpu;python-gpu;python-simd,3,2,pil-imagedraw-imagedraw.point.standard,2,0,0,0,,,,,2,0,0,0,0,0,0,0,,not_measured,pil-imagedraw-imagedraw.point.standard;pipeline-op.drawpoint.benchmark-materialized;pipeline-op.drawpoint.matrix-32x24
df5231519bb4810e6b0098560c5c791e56dc9952,true,2026-10-09T01:11:25.338187Z,48d69f9756559a7a8da696b16d93e10be849504250560e4830f3dc8ee97b4d9a,101fdb8cc2c9da7ea98da8602ac4e7879ab23c9d,false,2026-10-07T13:19:09.608307Z,8963ea465b99a6b2a2cca91ab2aa07ee321fb3a450edfd10a102f4681b3247e4,PIL.ImageDraw.ImageDraw.point,PIL.ImageDraw.ImageDraw.point,PIL.ImageDraw.Draw.point,method,endpoint,python-parallel-cpu,Pillow,,published_rows_only,no_verified_comparison,python-cpu;python-gpu;python-simd,python-cpu,python-cpu;python-gpu;python-simd,3,2,pil-imagedraw-imagedraw.point.standard,6,0,0,0,,,,,6,0,0,0,0,0,0,0,,,pil-imagedraw-imagedraw.point.standard;pipeline-op.drawpoint.benchmark-materialized;pipeline-op.drawpoint.matrix-32x24
df5231519bb4810e6b0098560c5c791e56dc9952,true,2026-10-09T01:11:25.338187Z,48d69f9756559a7a8da696b16d93e10be849504250560e4830f3dc8ee97b4d9a,101fdb8cc2c9da7ea98da8602ac4e7879ab23c9d,false,2026-10-07T13:19:09.608307Z,8963ea465b99a6b2a2cca91ab2aa07ee321fb3a450edfd10a102f4681b3247e4,PIL.ImageDraw.ImageDraw.polygon,PIL.ImageDraw.ImageDraw.polygon,PIL.ImageDraw.Draw.polygon,method,endpoint,python-cpu,Pillow,1.0,benchmark_workload,no_verified_comparison,python-cpu;python-gpu;python-simd,python-cpu,python-cpu;python-gpu;python-simd,5,4,pil-imagedraw-imagedraw.polygon.standard,12,0,0,0,,,,,12,0,0,0,0,0,0,0,,,pil-imagedraw-imagedraw.polygon.standard;pipeline-chain.matrix-023;pipeline-chain.reviewed.draw-batch-rgb-shapes;pipeline-op.drawpolygon.benchmark-materialized;pipeline-op.drawpolygon.matrix-32x24
df5231519bb4810e6b0098560c5c791e56dc9952,true,2026-10-09T01:11:25.338187Z,48d69f9756559a7a8da696b16d93e10be849504250560e4830f3dc8ee97b4d9a,101fdb8cc2c9da7ea98da8602ac4e7879ab23c9d,false,2026-10-07T13:19:09.608307Z,8963ea465b99a6b2a2cca91ab2aa07ee321fb3a450edfd10a102f4681b3247e4,PIL.ImageDraw.ImageDraw.polygon,PIL.ImageDraw.ImageDraw.polygon,PIL.ImageDraw.Draw.polygon,method,endpoint,python-simd,Pillow,2.0,benchmark_workload,no_verified_comparison,python-cpu;python-gpu;python-simd,python-cpu,python-cpu;python-gpu;python-simd,5,4,pil-imagedraw-imagedraw.polygon.standard,12,0,0,0,0,,,,12,0,0,0,0,0,0,0,,,pil-imagedraw-imagedraw.polygon.standard;pipeline-chain.matrix-023;pipeline-chain.reviewed.draw-batch-rgb-shapes;pipeline-op.drawpolygon.benchmark-materialized;pipeline-op.drawpolygon.matrix-32x24
df5231519bb4810e6b0098560c5c791e56dc9952,true,2026-10-09T01:11:25.338187Z,48d69f9756559a7a8da696b16d93e10be849504250560e4830f3dc8ee97b4d9a,101fdb8cc2c9da7ea98da8602ac4e7879ab23c9d,false,2026-10-07T13:19:09.608307Z,8963ea465b99a6b2a2cca91ab2aa07ee321fb3a450edfd10a102f4681b3247e4,PIL.ImageDraw.ImageDraw.polygon,PIL.ImageDraw.ImageDraw.polygon,PIL.ImageDraw.Draw.polygon,method,endpoint,python-gpu,SIMD,1.0,benchmark_workload,no_verified_comparison,python-cpu;python-gpu;python-simd,python-cpu,python-cpu;python-gpu;python-simd,5,4,pil-imagedraw-imagedraw.polygon.standard,4,0,0,0,,,,,4,0,0,0,0,0,0,0,,not_measured,pil-imagedraw-imagedraw.polygon.standard;pipeline-chain.matrix-023;pipeline-chain.reviewed.draw-batch-rgb-shapes;pipeline-op.drawpolygon.benchmark-materialized;pipeline-op.drawpolygon.matrix-32x24
df5231519bb4810e6b0098560c5c791e56dc9952,true,2026-10-09T01:11:25.338187Z,48d69f9756559a7a8da696b16d93e10be849504250560e4830f3dc8ee97b4d9a,101fdb8cc2c9da7ea98da8602ac4e7879ab23c9d,false,2026-10-07T13:19:09.608307Z,8963ea465b99a6b2a2cca91ab2aa07ee321fb3a450edfd10a102f4681b3247e4,PIL.ImageDraw.ImageDraw.polygon,PIL.ImageDraw.ImageDraw.polygon,PIL.ImageDraw.Draw.polygon,method,endpoint,python-parallel-cpu,Pillow,,published_rows_only,no_verified_comparison,python-cpu;python-gpu;python-simd,python-cpu,python-cpu;python-gpu;python-simd,5,4,pil-imagedraw-imagedraw.polygon.standard,12,0,0,0,,,,,12,0,0,0,0,0,0,0,,,pil-imagedraw-imagedraw.polygon.standard;pipeline-chain.matrix-023;pipeline-chain.reviewed.draw-batch-rgb-shapes;pipeline-op.drawpolygon.benchmark-materialized;pipeline-op.drawpolygon.matrix-32x24
df5231519bb4810e6b0098560c5c791e56dc9952,true,2026-10-09T01:11:25.338187Z,48d69f9756559a7a8da696b16d93e10be849504250560e4830f3dc8ee97b4d9a,101fdb8cc2c9da7ea98da8602ac4e7879ab23c9d,false,2026-10-07T13:19:09.608307Z,8963ea465b99a6b2a2cca91ab2aa07ee321fb3a450edfd10a102f4681b3247e4,PIL.ImageDraw.ImageDraw.rectangle,PIL.ImageDraw.ImageDraw.rectangle,PIL.ImageDraw.Draw.rectangle,method,endpoint,python-cpu,Pillow,1.0,benchmark_workload,no_verified_comparison,python-cpu;python-gpu;python-simd,python-cpu,python-cpu;python-gpu;python-simd,3,2,pil-imagedraw-imagedraw.rectangle.standard,6,0,0,0,,,,,6,0,0,0,0,0,0,0,,,pil-imagedraw-imagedraw.rectangle.standard;pipeline-op.drawrectangle.benchmark-materialized;pipeline-op.drawrectangle.matrix-32x24
df5231519bb4810e6b0098560c5c791e56dc9952,true,2026-10-09T01:11:25.338187Z,48d69f9756559a7a8da696b16d93e10be849504250560e4830f3dc8ee97b4d9a,101fdb8cc2c9da7ea98da8602ac4e7879ab23c9d,false,2026-10-07T13:19:09.608307Z,8963ea465b99a6b2a2cca91ab2aa07ee321fb3a450edfd10a102f4681b3247e4,PIL.ImageDraw.ImageDraw.rectangle,PIL.ImageDraw.ImageDraw.rectangle,PIL.ImageDraw.Draw.rectangle,method,endpoint,python-simd,Pillow,2.0,benchmark_workload,no_verified_comparison,python-cpu;python-gpu;python-simd,python-cpu,python-cpu;python-gpu;python-simd,3,2,pil-imagedraw-imagedraw.rectangle.standard,6,0,0,0,0,,,,6,0,0,0,0,0,0,0,,,pil-imagedraw-imagedraw.rectangle.standard;pipeline-op.drawrectangle.benchmark-materialized;pipeline-op.drawrectangle.matrix-32x24
df5231519bb4810e6b0098560c5c791e56dc9952,true,2026-10-09T01:11:25.338187Z,48d69f9756559a7a8da696b16d93e10be849504250560e4830f3dc8ee97b4d9a,101fdb8cc2c9da7ea98da8602ac4e7879ab23c9d,false,2026-10-07T13:19:09.608307Z,8963ea465b99a6b2a2cca91ab2aa07ee321fb3a450edfd10a102f4681b3247e4,PIL.ImageDraw.ImageDraw.rectangle,PIL.ImageDraw.ImageDraw.rectangle,PIL.ImageDraw.Draw.rectangle,method,endpoint,python-gpu,SIMD,1.0,benchmark_workload,no_verified_comparison,python-cpu;python-gpu;python-simd,python-cpu,python-cpu;python-gpu;python-simd,3,2,pil-imagedraw-imagedraw.rectangle.standard,2,0,0,0,,,,,2,0,0,0,0,0,0,0,,not_measured,pil-imagedraw-imagedraw.rectangle.standard;pipeline-op.drawrectangle.benchmark-materialized;pipeline-op.drawrectangle.matrix-32x24
df5231519bb4810e6b0098560c5c791e56dc9952,true,2026-10-09T01:11:25.338187Z,48d69f9756559a7a8da696b16d93e10be849504250560e4830f3dc8ee97b4d9a,101fdb8cc2c9da7ea98da8602ac4e7879ab23c9d,false,2026-10-07T13:19:09.608307Z,8963ea465b99a6b2a2cca91ab2aa07ee321fb3a450edfd10a102f4681b3247e4,PIL.ImageDraw.ImageDraw.rectangle,PIL.ImageDraw.ImageDraw.rectangle,PIL.ImageDraw.Draw.rectangle,method,endpoint,python-parallel-cpu,Pillow,,published_rows_only,no_verified_comparison,python-cpu;python-gpu;python-simd,python-cpu,python-cpu;python-gpu;python-simd,3,2,pil-imagedraw-imagedraw.rectangle.standard,6,0,0,0,,,,,6,0,0,0,0,0,0,0,,,pil-imagedraw-imagedraw.rectangle.standard;pipeline-op.drawrectangle.benchmark-materialized;pipeline-op.drawrectangle.matrix-32x24
df5231519bb4810e6b0098560c5c791e56dc9952,true,2026-10-09T01:11:25.338187Z,48d69f9756559a7a8da696b16d93e10be849504250560e4830f3dc8ee97b4d9a,101fdb8cc2c9da7ea98da8602ac4e7879ab23c9d,false,2026-10-07T13:19:09.608307Z,8963ea465b99a6b2a2cca91ab2aa07ee321fb3a450edfd10a102f4681b3247e4,PIL.ImageDraw.ImageDraw.regular_polygon,PIL.ImageDraw.ImageDraw.regular_polygon,PIL.ImageDraw.Draw.regular_polygon,method,endpoint,python-cpu,Pillow,1.0,benchmark_workload,not_in_published_snapshot,python-cpu;python-gpu;python-simd,python-cpu,python-cpu;python-gpu;python-simd,1,0,pil-imagedraw-imagedraw.regular-polygon.standard,0,0,0,0,,,,,0,0,0,0,0,0,0,0,,,pil-imagedraw-imagedraw.regular-polygon.standard
df5231519bb4810e6b0098560c5c791e56dc9952,true,2026-10-09T01:11:25.338187Z,48d69f9756559a7a8da696b16d93e10be849504250560e4830f3dc8ee97b4d9a,101fdb8cc2c9da7ea98da8602ac4e7879ab23c9d,false,2026-10-07T13:19:09.608307Z,8963ea465b99a6b2a2cca91ab2aa07ee321fb3a450edfd10a102f4681b3247e4,PIL.ImageDraw.ImageDraw.regular_polygon,PIL.ImageDraw.ImageDraw.regular_polygon,PIL.ImageDraw.Draw.regular_polygon,method,endpoint,python-simd,Pillow,2.0,benchmark_workload,not_in_published_snapshot,python-cpu;python-gpu;python-simd,python-cpu,python-cpu;python-gpu;python-simd,1,0,pil-imagedraw-imagedraw.regular-polygon.standard,0,0,0,0,0,,,,0,0,0,0,0,0,0,0,,,pil-imagedraw-imagedraw.regular-polygon.standard
df5231519bb4810e6b0098560c5c791e56dc9952,true,2026-10-09T01:11:25.338187Z,48d69f9756559a7a8da696b16d93e10be849504250560e4830f3dc8ee97b4d9a,101fdb8cc2c9da7ea98da8602ac4e7879ab23c9d,false,2026-10-07T13:19:09.608307Z,8963ea465b99a6b2a2cca91ab2aa07ee321fb3a450edfd10a102f4681b3247e4,PIL.ImageDraw.ImageDraw.regular_polygon,PIL.ImageDraw.ImageDraw.regular_polygon,PIL.ImageDraw.Draw.regular_polygon,method,endpoint,python-gpu,SIMD,1.0,benchmark_workload,not_in_published_snapshot,python-cpu;python-gpu;python-simd,python-cpu,python-cpu;python-gpu;python-simd,1,0,pil-imagedraw-imagedraw.regular-polygon.standard,0,0,0,0,,,,,0,0,0,0,0,0,0,0,,not_measured,pil-imagedraw-imagedraw.regular-polygon.standard
df5231519bb4810e6b0098560c5c791e56dc9952,true,2026-10-09T01:11:25.338187Z,48d69f9756559a7a8da696b16d93e10be849504250560e4830f3dc8ee97b4d9a,101fdb8cc2c9da7ea98da8602ac4e7879ab23c9d,false,2026-10-07T13:19:09.608307Z,8963ea465b99a6b2a2cca91ab2aa07ee321fb3a450edfd10a102f4681b3247e4,PIL.ImageDraw.ImageDraw.regular_polygon,PIL.ImageDraw.ImageDraw.regular_polygon,PIL.ImageDraw.Draw.regular_polygon,method,endpoint,python-parallel-cpu,Pillow,,not_declared,not_declared_in_manifest_or_workload,python-cpu;python-gpu;python-simd,python-cpu,python-cpu;python-gpu;python-simd,1,0,pil-imagedraw-imagedraw.regular-polygon.standard,0,0,0,0,,,,,0,0,0,0,0,0,0,0,,,pil-imagedraw-imagedraw.regular-polygon.standard
df5231519bb4810e6b0098560c5c791e56dc9952,true,2026-10-09T01:11:25.338187Z,48d69f9756559a7a8da696b16d93e10be849504250560e4830f3dc8ee97b4d9a,101fdb8cc2c9da7ea98da8602ac4e7879ab23c9d,false,2026-10-07T13:19:09.608307Z,8963ea465b99a6b2a2cca91ab2aa07ee321fb3a450edfd10a102f4681b3247e4,PIL.ImageDraw.ImageDraw.rounded_rectangle,PIL.ImageDraw.ImageDraw.rounded_rectangle,PIL.ImageDraw.Draw.rounded_rectangle,method,endpoint,python-cpu,Pillow,1.0,benchmark_workload,no_verified_comparison,python-cpu;python-gpu;python-simd,python-cpu,python-cpu;python-gpu;python-simd,5,4,pil-imagedraw-imagedraw.rounded-rectangle.standard,12,0,0,0,,,,,12,0,0,0,0,0,0,0,,,pil-imagedraw-imagedraw.rounded-rectangle.standard;pipeline-chain.matrix-024;pipeline-chain.reviewed.draw-batch-rgba-alpha;pipeline-op.drawroundedrect.benchmark-materialized;pipeline-op.drawroundedrect.matrix-32x24
df5231519bb4810e6b0098560c5c791e56dc9952,true,2026-10-09T01:11:25.338187Z,48d69f9756559a7a8da696b16d93e10be849504250560e4830f3dc8ee97b4d9a,101fdb8cc2c9da7ea98da8602ac4e7879ab23c9d,false,2026-10-07T13:19:09.608307Z,8963ea465b99a6b2a2cca91ab2aa07ee321fb3a450edfd10a102f4681b3247e4,PIL.ImageDraw.ImageDraw.rounded_rectangle,PIL.ImageDraw.ImageDraw.rounded_rectangle,PIL.ImageDraw.Draw.rounded_rectangle,method,endpoint,python-simd,Pillow,2.0,benchmark_workload,no_verified_comparison,python-cpu;python-gpu;python-simd,python-cpu,python-cpu;python-gpu;python-simd,5,4,pil-imagedraw-imagedraw.rounded-rectangle.standard,12,0,0,0,0,,,,12,0,0,0,0,0,0,0,,,pil-imagedraw-imagedraw.rounded-rectangle.standard;pipeline-chain.matrix-024;pipeline-chain.reviewed.draw-batch-rgba-alpha;pipeline-op.drawroundedrect.benchmark-materialized;pipeline-op.drawroundedrect.matrix-32x24
df5231519bb4810e6b0098560c5c791e56dc9952,true,2026-10-09T01:11:25.338187Z,48d69f9756559a7a8da696b16d93e10be849504250560e4830f3dc8ee97b4d9a,101fdb8cc2c9da7ea98da8602ac4e7879ab23c9d,false,2026-10-07T13:19:09.608307Z,8963ea465b99a6b2a2cca91ab2aa07ee321fb3a450edfd10a102f4681b3247e4,PIL.ImageDraw.ImageDraw.rounded_rectangle,PIL.ImageDraw.ImageDraw.rounded_rectangle,PIL.ImageDraw.Draw.rounded_rectangle,method,endpoint,python-gpu,SIMD,1.0,benchmark_workload,no_verified_comparison,python-cpu;python-gpu;python-simd,python-cpu,python-cpu;python-gpu;python-simd,5,4,pil-imagedraw-imagedraw.rounded-rectangle.standard,4,0,0,0,,,,,4,0,0,0,0,0,0,0,,not_measured,pil-imagedraw-imagedraw.rounded-rectangle.standard;pipeline-chain.matrix-024;pipeline-chain.reviewed.draw-batch-rgba-alpha;pipeline-op.drawroundedrect.benchmark-materialized;pipeline-op.drawroundedrect.matrix-32x24
df5231519bb4810e6b0098560c5c791e56dc9952,true,2026-10-09T01:11:25.338187Z,48d69f9756559a7a8da696b16d93e10be849504250560e4830f3dc8ee97b4d9a,101fdb8cc2c9da7ea98da8602ac4e7879ab23c9d,false,2026-10-07T13:19:09.608307Z,8963ea465b99a6b2a2cca91ab2aa07ee321fb3a450edfd10a102f4681b3247e4,PIL.ImageDraw.ImageDraw.rounded_rectangle,PIL.ImageDraw.ImageDraw.rounded_rectangle,PIL.ImageDraw.Draw.rounded_rectangle,method,endpoint,python-parallel-cpu,Pillow,,published_rows_only,no_verified_comparison,python-cpu;python-gpu;python-simd,python-cpu,python-cpu;python-gpu;python-simd,5,4,pil-imagedraw-imagedraw.rounded-rectangle.standard,12,0,0,0,,,,,12,0,0,0,0,0,0,0,,,pil-imagedraw-imagedraw.rounded-rectangle.standard;pipeline-chain.matrix-024;pipeline-chain.reviewed.draw-batch-rgba-alpha;pipeline-op.drawroundedrect.benchmark-materialized;pipeline-op.drawroundedrect.matrix-32x24
df5231519bb4810e6b0098560c5c791e56dc9952,true,2026-10-09T01:11:25.338187Z,48d69f9756559a7a8da696b16d93e10be849504250560e4830f3dc8ee97b4d9a,101fdb8cc2c9da7ea98da8602ac4e7879ab23c9d,false,2026-10-07T13:19:09.608307Z,8963ea465b99a6b2a2cca91ab2aa07ee321fb3a450edfd10a102f4681b3247e4,PIL.ImageDraw.ImageDraw.shape,PIL.ImageDraw.ImageDraw.shape,PIL.ImageDraw.Draw.shape,method,endpoint,python-cpu,Pillow,1.0,benchmark_workload,not_in_published_snapshot,python-cpu;python-gpu;python-simd,python-cpu,python-cpu;python-gpu;python-simd,1,0,pil-imagedraw-imagedraw.shape.standard,0,0,0,0,,,,,0,0,0,0,0,0,0,0,,,pil-imagedraw-imagedraw.shape.standard
df5231519bb4810e6b0098560c5c791e56dc9952,true,2026-10-09T01:11:25.338187Z,48d69f9756559a7a8da696b16d93e10be849504250560e4830f3dc8ee97b4d9a,101fdb8cc2c9da7ea98da8602ac4e7879ab23c9d,false,2026-10-07T13:19:09.608307Z,8963ea465b99a6b2a2cca91ab2aa07ee321fb3a450edfd10a102f4681b3247e4,PIL.ImageDraw.ImageDraw.shape,PIL.ImageDraw.ImageDraw.shape,PIL.ImageDraw.Draw.shape,method,endpoint,python-simd,Pillow,2.0,benchmark_workload,not_in_published_snapshot,python-cpu;python-gpu;python-simd,python-cpu,python-cpu;python-gpu;python-simd,1,0,pil-imagedraw-imagedraw.shape.standard,0,0,0,0,0,,,,0,0,0,0,0,0,0,0,,,pil-imagedraw-imagedraw.shape.standard
df5231519bb4810e6b0098560c5c791e56dc9952,true,2026-10-09T01:11:25.338187Z,48d69f9756559a7a8da696b16d93e10be849504250560e4830f3dc8ee97b4d9a,101fdb8cc2c9da7ea98da8602ac4e7879ab23c9d,false,2026-10-07T13:19:09.608307Z,8963ea465b99a6b2a2cca91ab2aa07ee321fb3a450edfd10a102f4681b3247e4,PIL.ImageDraw.ImageDraw.shape,PIL.ImageDraw.ImageDraw.shape,PIL.ImageDraw.Draw.shape,method,endpoint,python-gpu,SIMD,1.0,benchmark_workload,not_in_published_snapshot,python-cpu;python-gpu;python-simd,python-cpu,python-cpu;python-gpu;python-simd,1,0,pil-imagedraw-imagedraw.shape.standard,0,0,0,0,,,,,0,0,0,0,0,0,0,0,,not_measured,pil-imagedraw-imagedraw.shape.standard
df5231519bb4810e6b0098560c5c791e56dc9952,true,2026-10-09T01:11:25.338187Z,48d69f9756559a7a8da696b16d93e10be849504250560e4830f3dc8ee97b4d9a,101fdb8cc2c9da7ea98da8602ac4e7879ab23c9d,false,2026-10-07T13:19:09.608307Z,8963ea465b99a6b2a2cca91ab2aa07ee321fb3a450edfd10a102f4681b3247e4,PIL.ImageDraw.ImageDraw.shape,PIL.ImageDraw.ImageDraw.shape,PIL.ImageDraw.Draw.shape,method,endpoint,python-parallel-cpu,Pillow,,not_declared,not_declared_in_manifest_or_workload,python-cpu;python-gpu;python-simd,python-cpu,python-cpu;python-gpu;python-simd,1,0,pil-imagedraw-imagedraw.shape.standard,0,0,0,0,,,,,0,0,0,0,0,0,0,0,,,pil-imagedraw-imagedraw.shape.standard
df5231519bb4810e6b0098560c5c791e56dc9952,true,2026-10-09T01:11:25.338187Z,48d69f9756559a7a8da696b16d93e10be849504250560e4830f3dc8ee97b4d9a,101fdb8cc2c9da7ea98da8602ac4e7879ab23c9d,false,2026-10-07T13:19:09.608307Z,8963ea465b99a6b2a2cca91ab2aa07ee321fb3a450edfd10a102f4681b3247e4,PIL.ImageDraw.ImageDraw.text,PIL.ImageDraw.ImageDraw.text,PIL.ImageDraw.Draw.text,method,endpoint,python-cpu,Pillow,1.0,benchmark_workload,not_in_published_snapshot,python-cpu;python-gpu;python-simd,python-cpu,python-cpu;python-gpu;python-simd,2,0,pil-imagedraw-imagedraw.text.rgba-context-rgb-noise-1024x768;pil-imagedraw-imagedraw.text.standard,0,0,0,0,,,,,0,0,0,0,0,0,0,0,,,pil-imagedraw-imagedraw.text.rgba-context-rgb-noise-1024x768;pil-imagedraw-imagedraw.text.standard
df5231519bb4810e6b0098560c5c791e56dc9952,true,2026-10-09T01:11:25.338187Z,48d69f9756559a7a8da696b16d93e10be849504250560e4830f3dc8ee97b4d9a,101fdb8cc2c9da7ea98da8602ac4e7879ab23c9d,false,2026-10-07T13:19:09.608307Z,8963ea465b99a6b2a2cca91ab2aa07ee321fb3a450edfd10a102f4681b3247e4,PIL.ImageDraw.ImageDraw.text,PIL.ImageDraw.ImageDraw.text,PIL.ImageDraw.Draw.text,method,endpoint,python-simd,Pillow,2.0,benchmark_workload,not_in_published_snapshot,python-cpu;python-gpu;python-simd,python-cpu,python-cpu;python-gpu;python-simd,2,0,pil-imagedraw-imagedraw.text.rgba-context-rgb-noise-1024x768;pil-imagedraw-imagedraw.text.standard,0,0,0,0,0,,,,0,0,0,0,0,0,0,0,,,pil-imagedraw-imagedraw.text.rgba-context-rgb-noise-1024x768;pil-imagedraw-imagedraw.text.standard
df5231519bb4810e6b0098560c5c791e56dc9952,true,2026-10-09T01:11:25.338187Z,48d69f9756559a7a8da696b16d93e10be849504250560e4830f3dc8ee97b4d9a,101fdb8cc2c9da7ea98da8602ac4e7879ab23c9d,false,2026-10-07T13:19:09.608307Z,8963ea465b99a6b2a2cca91ab2aa07ee321fb3a450edfd10a102f4681b3247e4,PIL.ImageDraw.ImageDraw.text,PIL.ImageDraw.ImageDraw.text,PIL.ImageDraw.Draw.text,method,endpoint,python-gpu,SIMD,1.0,benchmark_workload,not_in_published_snapshot,python-cpu;python-gpu;python-simd,python-cpu,python-cpu;python-gpu;python-simd,2,0,pil-imagedraw-imagedraw.text.rgba-context-rgb-noise-1024x768;pil-imagedraw-imagedraw.text.standard,0,0,0,0,,,,,0,0,0,0,0,0,0,0,,not_measured,pil-imagedraw-imagedraw.text.rgba-context-rgb-noise-1024x768;pil-imagedraw-imagedraw.text.standard
df5231519bb4810e6b0098560c5c791e56dc9952,true,2026-10-09T01:11:25.338187Z,48d69f9756559a7a8da696b16d93e10be849504250560e4830f3dc8ee97b4d9a,101fdb8cc2c9da7ea98da8602ac4e7879ab23c9d,false,2026-10-07T13:19:09.608307Z,8963ea465b99a6b2a2cca91ab2aa07ee321fb3a450edfd10a102f4681b3247e4,PIL.ImageDraw.ImageDraw.text,PIL.ImageDraw.ImageDraw.text,PIL.ImageDraw.Draw.text,method,endpoint,python-parallel-cpu,Pillow,,not_declared,not_declared_in_manifest_or_workload,python-cpu;python-gpu;python-simd,python-cpu,python-cpu;python-gpu;python-simd,2,0,pil-imagedraw-imagedraw.text.rgba-context-rgb-noise-1024x768;pil-imagedraw-imagedraw.text.standard,0,0,0,0,,,,,0,0,0,0,0,0,0,0,,,pil-imagedraw-imagedraw.text.rgba-context-rgb-noise-1024x768;pil-imagedraw-imagedraw.text.standard
df5231519bb4810e6b0098560c5c791e56dc9952,true,2026-10-09T01:11:25.338187Z,48d69f9756559a7a8da696b16d93e10be849504250560e4830f3dc8ee97b4d9a,101fdb8cc2c9da7ea98da8602ac4e7879ab23c9d,false,2026-10-07T13:19:09.608307Z,8963ea465b99a6b2a2cca91ab2aa07ee321fb3a450edfd10a102f4681b3247e4,PIL.ImageDraw.ImageDraw.textbbox,PIL.ImageDraw.ImageDraw.textbbox,PIL.ImageDraw.Draw.textbbox,method,endpoint,python-cpu,Pillow,1.0,benchmark_workload,not_in_published_snapshot,python-cpu;python-gpu;python-simd,python-cpu,python-cpu;python-gpu;python-simd,1,0,pil-imagedraw-imagedraw.textbbox.standard,0,0,0,0,,,,,0,0,0,0,0,0,0,0,,,pil-imagedraw-imagedraw.textbbox.standard
df5231519bb4810e6b0098560c5c791e56dc9952,true,2026-10-09T01:11:25.338187Z,48d69f9756559a7a8da696b16d93e10be849504250560e4830f3dc8ee97b4d9a,101fdb8cc2c9da7ea98da8602ac4e7879ab23c9d,false,2026-10-07T13:19:09.608307Z,8963ea465b99a6b2a2cca91ab2aa07ee321fb3a450edfd10a102f4681b3247e4,PIL.ImageDraw.ImageDraw.textbbox,PIL.ImageDraw.ImageDraw.textbbox,PIL.ImageDraw.Draw.textbbox,method,endpoint,python-simd,Pillow,2.0,benchmark_workload,not_in_published_snapshot,python-cpu;python-gpu;python-simd,python-cpu,python-cpu;python-gpu;python-simd,1,0,pil-imagedraw-imagedraw.textbbox.standard,0,0,0,0,0,,,,0,0,0,0,0,0,0,0,,,pil-imagedraw-imagedraw.textbbox.standard
df5231519bb4810e6b0098560c5c791e56dc9952,true,2026-10-09T01:11:25.338187Z,48d69f9756559a7a8da696b16d93e10be849504250560e4830f3dc8ee97b4d9a,101fdb8cc2c9da7ea98da8602ac4e7879ab23c9d,false,2026-10-07T13:19:09.608307Z,8963ea465b99a6b2a2cca91ab2aa07ee321fb3a450edfd10a102f4681b3247e4,PIL.ImageDraw.ImageDraw.textbbox,PIL.ImageDraw.ImageDraw.textbbox,PIL.ImageDraw.Draw.textbbox,method,endpoint,python-gpu,SIMD,1.0,benchmark_workload,not_in_published_snapshot,python-cpu;python-gpu;python-simd,python-cpu,python-cpu;python-gpu;python-simd,1,0,pil-imagedraw-imagedraw.textbbox.standard,0,0,0,0,,,,,0,0,0,0,0,0,0,0,,not_measured,pil-imagedraw-imagedraw.textbbox.standard
df5231519bb4810e6b0098560c5c791e56dc9952,true,2026-10-09T01:11:25.338187Z,48d69f9756559a7a8da696b16d93e10be849504250560e4830f3dc8ee97b4d9a,101fdb8cc2c9da7ea98da8602ac4e7879ab23c9d,false,2026-10-07T13:19:09.608307Z,8963ea465b99a6b2a2cca91ab2aa07ee321fb3a450edfd10a102f4681b3247e4,PIL.ImageDraw.ImageDraw.textbbox,PIL.ImageDraw.ImageDraw.textbbox,PIL.ImageDraw.Draw.textbbox,method,endpoint,python-parallel-cpu,Pillow,,not_declared,not_declared_in_manifest_or_workload,python-cpu;python-gpu;python-simd,python-cpu,python-cpu;python-gpu;python-simd,1,0,pil-imagedraw-imagedraw.textbbox.standard,0,0,0,0,,,,,0,0,0,0,0,0,0,0,,,pil-imagedraw-imagedraw.textbbox.standard
df5231519bb4810e6b0098560c5c791e56dc9952,true,2026-10-09T01:11:25.338187Z,48d69f9756559a7a8da696b16d93e10be849504250560e4830f3dc8ee97b4d9a,101fdb8cc2c9da7ea98da8602ac4e7879ab23c9d,false,2026-10-07T13:19:09.608307Z,8963ea465b99a6b2a2cca91ab2aa07ee321fb3a450edfd10a102f4681b3247e4,PIL.ImageDraw.ImageDraw.textlength,PIL.ImageDraw.ImageDraw.textlength,PIL.ImageDraw.Draw.textlength,method,endpoint,python-cpu,Pillow,1.0,benchmark_workload,not_in_published_snapshot,python-cpu;python-gpu;python-simd,python-cpu,python-cpu;python-gpu;python-simd,1,0,pil-imagedraw-imagedraw.textlength.standard,0,0,0,0,,,,,0,0,0,0,0,0,0,0,,,pil-imagedraw-imagedraw.textlength.standard
df5231519bb4810e6b0098560c5c791e56dc9952,true,2026-10-09T01:11:25.338187Z,48d69f9756559a7a8da696b16d93e10be849504250560e4830f3dc8ee97b4d9a,101fdb8cc2c9da7ea98da8602ac4e7879ab23c9d,false,2026-10-07T13:19:09.608307Z,8963ea465b99a6b2a2cca91ab2aa07ee321fb3a450edfd10a102f4681b3247e4,PIL.ImageDraw.ImageDraw.textlength,PIL.ImageDraw.ImageDraw.textlength,PIL.ImageDraw.Draw.textlength,method,endpoint,python-simd,Pillow,2.0,benchmark_workload,not_in_published_snapshot,python-cpu;python-gpu;python-simd,python-cpu,python-cpu;python-gpu;python-simd,1,0,pil-imagedraw-imagedraw.textlength.standard,0,0,0,0,0,,,,0,0,0,0,0,0,0,0,,,pil-imagedraw-imagedraw.textlength.standard
df5231519bb4810e6b0098560c5c791e56dc9952,true,2026-10-09T01:11:25.338187Z,48d69f9756559a7a8da696b16d93e10be849504250560e4830f3dc8ee97b4d9a,101fdb8cc2c9da7ea98da8602ac4e7879ab23c9d,false,2026-10-07T13:19:09.608307Z,8963ea465b99a6b2a2cca91ab2aa07ee321fb3a450edfd10a102f4681b3247e4,PIL.ImageDraw.ImageDraw.textlength,PIL.ImageDraw.ImageDraw.textlength,PIL.ImageDraw.Draw.textlength,method,endpoint,python-gpu,SIMD,1.0,benchmark_workload,not_in_published_snapshot,python-cpu;python-gpu;python-simd,python-cpu,python-cpu;python-gpu;python-simd,1,0,pil-imagedraw-imagedraw.textlength.standard,0,0,0,0,,,,,0,0,0,0,0,0,0,0,,not_measured,pil-imagedraw-imagedraw.textlength.standard
df5231519bb4810e6b0098560c5c791e56dc9952,true,2026-10-09T01:11:25.338187Z,48d69f9756559a7a8da696b16d93e10be849504250560e4830f3dc8ee97b4d9a,101fdb8cc2c9da7ea98da8602ac4e7879ab23c9d,false,2026-10-07T13:19:09.608307Z,8963ea465b99a6b2a2cca91ab2aa07ee321fb3a450edfd10a102f4681b3247e4,PIL.ImageDraw.ImageDraw.textlength,PIL.ImageDraw.ImageDraw.textlength,PIL.ImageDraw.Draw.textlength,method,endpoint,python-parallel-cpu,Pillow,,not_declared,not_declared_in_manifest_or_workload,python-cpu;python-gpu;python-simd,python-cpu,python-cpu;python-gpu;python-simd,1,0,pil-imagedraw-imagedraw.textlength.standard,0,0,0,0,,,,,0,0,0,0,0,0,0,0,,,pil-imagedraw-imagedraw.textlength.standard
df5231519bb4810e6b0098560c5c791e56dc9952,true,2026-10-09T01:11:25.338187Z,48d69f9756559a7a8da696b16d93e10be849504250560e4830f3dc8ee97b4d9a,101fdb8cc2c9da7ea98da8602ac4e7879ab23c9d,false,2026-10-07T13:19:09.608307Z,8963ea465b99a6b2a2cca91ab2aa07ee321fb3a450edfd10a102f4681b3247e4,PIL.ImageDraw.Outline,PIL.ImageDraw.Outline,PIL.ImageDraw.Outline,function,endpoint,python-cpu,Pillow,1.0,benchmark_workload,not_in_published_snapshot,python-cpu;python-gpu;python-simd,python-cpu,python-cpu;python-gpu;python-simd,1,0,pil-imagedraw.outline.standard,0,0,0,0,,,,,0,0,0,0,0,0,0,0,,,pil-imagedraw.outline.standard
df5231519bb4810e6b0098560c5c791e56dc9952,true,2026-10-09T01:11:25.338187Z,48d69f9756559a7a8da696b16d93e10be849504250560e4830f3dc8ee97b4d9a,101fdb8cc2c9da7ea98da8602ac4e7879ab23c9d,false,2026-10-07T13:19:09.608307Z,8963ea465b99a6b2a2cca91ab2aa07ee321fb3a450edfd10a102f4681b3247e4,PIL.ImageDraw.Outline,PIL.ImageDraw.Outline,PIL.ImageDraw.Outline,function,endpoint,python-simd,Pillow,2.0,benchmark_workload,not_in_published_snapshot,python-cpu;python-gpu;python-simd,python-cpu,python-cpu;python-gpu;python-simd,1,0,pil-imagedraw.outline.standard,0,0,0,0,0,,,,0,0,0,0,0,0,0,0,,,pil-imagedraw.outline.standard
df5231519bb4810e6b0098560c5c791e56dc9952,true,2026-10-09T01:11:25.338187Z,48d69f9756559a7a8da696b16d93e10be849504250560e4830f3dc8ee97b4d9a,101fdb8cc2c9da7ea98da8602ac4e7879ab23c9d,false,2026-10-07T13:19:09.608307Z,8963ea465b99a6b2a2cca91ab2aa07ee321fb3a450edfd10a102f4681b3247e4,PIL.ImageDraw.Outline,PIL.ImageDraw.Outline,PIL.ImageDraw.Outline,function,endpoint,python-gpu,SIMD,1.0,benchmark_workload,not_in_published_snapshot,python-cpu;python-gpu;python-simd,python-cpu,python-cpu;python-gpu;python-simd,1,0,pil-imagedraw.outline.standard,0,0,0,0,,,,,0,0,0,0,0,0,0,0,,not_measured,pil-imagedraw.outline.standard
df5231519bb4810e6b0098560c5c791e56dc9952,true,2026-10-09T01:11:25.338187Z,48d69f9756559a7a8da696b16d93e10be849504250560e4830f3dc8ee97b4d9a,101fdb8cc2c9da7ea98da8602ac4e7879ab23c9d,false,2026-10-07T13:19:09.608307Z,8963ea465b99a6b2a2cca91ab2aa07ee321fb3a450edfd10a102f4681b3247e4,PIL.ImageDraw.Outline,PIL.ImageDraw.Outline,PIL.ImageDraw.Outline,function,endpoint,python-parallel-cpu,Pillow,,not_declared,not_declared_in_manifest_or_workload,python-cpu;python-gpu;python-simd,python-cpu,python-cpu;python-gpu;python-simd,1,0,pil-imagedraw.outline.standard,0,0,0,0,,,,,0,0,0,0,0,0,0,0,,,pil-imagedraw.outline.standard
df5231519bb4810e6b0098560c5c791e56dc9952,true,2026-10-09T01:11:25.338187Z,48d69f9756559a7a8da696b16d93e10be849504250560e4830f3dc8ee97b4d9a,101fdb8cc2c9da7ea98da8602ac4e7879ab23c9d,false,2026-10-07T13:19:09.608307Z,8963ea465b99a6b2a2cca91ab2aa07ee321fb3a450edfd10a102f4681b3247e4,PIL.ImageEnhance.Brightness,PIL.ImageEnhance.Brightness,PIL.ImageEnhance.Brightness,type,endpoint,python-cpu,Pillow,1.0,benchmark_workload,not_in_published_snapshot,python-cpu;python-gpu;python-simd,python-cpu,python-cpu;python-gpu;python-simd,1,0,pil-imageenhance.brightness.standard,0,0,0,0,,,,,0,0,0,0,0,0,0,0,,,pil-imageenhance.brightness.standard
df5231519bb4810e6b0098560c5c791e56dc9952,true,2026-10-09T01:11:25.338187Z,48d69f9756559a7a8da696b16d93e10be849504250560e4830f3dc8ee97b4d9a,101fdb8cc2c9da7ea98da8602ac4e7879ab23c9d,false,2026-10-07T13:19:09.608307Z,8963ea465b99a6b2a2cca91ab2aa07ee321fb3a450edfd10a102f4681b3247e4,PIL.ImageEnhance.Brightness,PIL.ImageEnhance.Brightness,PIL.ImageEnhance.Brightness,type,endpoint,python-simd,Pillow,2.0,benchmark_workload,not_in_published_snapshot,python-cpu;python-gpu;python-simd,python-cpu,python-cpu;python-gpu;python-simd,1,0,pil-imageenhance.brightness.standard,0,0,0,0,0,,,,0,0,0,0,0,0,0,0,,,pil-imageenhance.brightness.standard
df5231519bb4810e6b0098560c5c791e56dc9952,true,2026-10-09T01:11:25.338187Z,48d69f9756559a7a8da696b16d93e10be849504250560e4830f3dc8ee97b4d9a,101fdb8cc2c9da7ea98da8602ac4e7879ab23c9d,false,2026-10-07T13:19:09.608307Z,8963ea465b99a6b2a2cca91ab2aa07ee321fb3a450edfd10a102f4681b3247e4,PIL.ImageEnhance.Brightness,PIL.ImageEnhance.Brightness,PIL.ImageEnhance.Brightness,type,endpoint,python-gpu,SIMD,1.0,benchmark_workload,not_in_published_snapshot,python-cpu;python-gpu;python-simd,python-cpu,python-cpu;python-gpu;python-simd,1,0,pil-imageenhance.brightness.standard,0,0,0,0,,,,,0,0,0,0,0,0,0,0,,not_measured,pil-imageenhance.brightness.standard
df5231519bb4810e6b0098560c5c791e56dc9952,true,2026-10-09T01:11:25.338187Z,48d69f9756559a7a8da696b16d93e10be849504250560e4830f3dc8ee97b4d9a,101fdb8cc2c9da7ea98da8602ac4e7879ab23c9d,false,2026-10-07T13:19:09.608307Z,8963ea465b99a6b2a2cca91ab2aa07ee321fb3a450edfd10a102f4681b3247e4,PIL.ImageEnhance.Brightness,PIL.ImageEnhance.Brightness,PIL.ImageEnhance.Brightness,type,endpoint,python-parallel-cpu,Pillow,,not_declared,not_declared_in_manifest_or_workload,python-cpu;python-gpu;python-simd,python-cpu,python-cpu;python-gpu;python-simd,1,0,pil-imageenhance.brightness.standard,0,0,0,0,,,,,0,0,0,0,0,0,0,0,,,pil-imageenhance.brightness.standard
df5231519bb4810e6b0098560c5c791e56dc9952,true,2026-10-09T01:11:25.338187Z,48d69f9756559a7a8da696b16d93e10be849504250560e4830f3dc8ee97b4d9a,101fdb8cc2c9da7ea98da8602ac4e7879ab23c9d,false,2026-10-07T13:19:09.608307Z,8963ea465b99a6b2a2cca91ab2aa07ee321fb3a450edfd10a102f4681b3247e4,PIL.ImageEnhance.Brightness.enhance,PIL.ImageEnhance.Brightness.enhance,PIL.ImageEnhance.Brightness.enhance,method,endpoint,python-cpu,Pillow,1.0,benchmark_workload,no_verified_comparison,python-cpu;python-gpu;python-simd,python-cpu,python-cpu;python-gpu;python-simd,10,6,pil-imageenhance-brightness.enhance.materialized.l-noise-1024x768-factor-0-5;pil-imageenhance-brightness.enhance.materialized.la-noise-1024x768-factor-0-5;pil-imageenhance-brightness.enhance.materialized.rgb-noise-1024x768-factor-0-5;pil-imageenhance-brightness.enhance.standard,18,0,0,0,,,,,18,0,0,0,0,0,0,0,,,pil-imageenhance-brightness.enhance.materialized.l-noise-1024x768-factor-0-5;pil-imageenhance-brightness.enhance.materialized.la-noise-1024x768-factor-0-5;pil-imageenhance-brightness.enhance.materialized.rgb-noise-1024x768-factor-0-5;pil-imageenhance-brightness.enhance.standard;pipeline-matrix.expanded.brightness.1024x768;pipeline-matrix.expanded.brightness.1x1;pipeline-matrix.expanded.brightness.256x256;pipeline-matrix.expanded.brightness.32x32;pipeline-op.brightness.benchmark-materialized;pipeline-op.brightness.matrix-32x24
df5231519bb4810e6b0098560c5c791e56dc9952,true,2026-10-09T01:11:25.338187Z,48d69f9756559a7a8da696b16d93e10be849504250560e4830f3dc8ee97b4d9a,101fdb8cc2c9da7ea98da8602ac4e7879ab23c9d,false,2026-10-07T13:19:09.608307Z,8963ea465b99a6b2a2cca91ab2aa07ee321fb3a450edfd10a102f4681b3247e4,PIL.ImageEnhance.Brightness.enhance,PIL.ImageEnhance.Brightness.enhance,PIL.ImageEnhance.Brightness.enhance,method,endpoint,python-simd,Pillow,2.0,benchmark_workload,no_verified_comparison,python-cpu;python-gpu;python-simd,python-cpu,python-cpu;python-gpu;python-simd,10,6,pil-imageenhance-brightness.enhance.materialized.l-noise-1024x768-factor-0-5;pil-imageenhance-brightness.enhance.materialized.la-noise-1024x768-factor-0-5;pil-imageenhance-brightness.enhance.materialized.rgb-noise-1024x768-factor-0-5;pil-imageenhance-brightness.enhance.standard,18,0,0,0,0,,,,18,0,0,0,0,0,0,0,,,pil-imageenhance-brightness.enhance.materialized.l-noise-1024x768-factor-0-5;pil-imageenhance-brightness.enhance.materialized.la-noise-1024x768-factor-0-5;pil-imageenhance-brightness.enhance.materialized.rgb-noise-1024x768-factor-0-5;pil-imageenhance-brightness.enhance.standard;pipeline-matrix.expanded.brightness.1024x768;pipeline-matrix.expanded.brightness.1x1;pipeline-matrix.expanded.brightness.256x256;pipeline-matrix.expanded.brightness.32x32;pipeline-op.brightness.benchmark-materialized;pipeline-op.brightness.matrix-32x24
df5231519bb4810e6b0098560c5c791e56dc9952,true,2026-10-09T01:11:25.338187Z,48d69f9756559a7a8da696b16d93e10be849504250560e4830f3dc8ee97b4d9a,101fdb8cc2c9da7ea98da8602ac4e7879ab23c9d,false,2026-10-07T13:19:09.608307Z,8963ea465b99a6b2a2cca91ab2aa07ee321fb3a450edfd10a102f4681b3247e4,PIL.ImageEnhance.Brightness.enhance,PIL.ImageEnhance.Brightness.enhance,PIL.ImageEnhance.Brightness.enhance,method,endpoint,python-gpu,SIMD,1.0,benchmark_workload,no_verified_comparison,python-cpu;python-gpu;python-simd,python-cpu,python-cpu;python-gpu;python-simd,10,6,pil-imageenhance-brightness.enhance.materialized.l-noise-1024x768-factor-0-5;pil-imageenhance-brightness.enhance.materialized.la-noise-1024x768-factor-0-5;pil-imageenhance-brightness.enhance.materialized.rgb-noise-1024x768-factor-0-5;pil-imageenhance-brightness.enhance.standard,6,0,0,0,,,,,6,0,0,0,0,0,0,0,,not_measured,pil-imageenhance-brightness.enhance.materialized.l-noise-1024x768-factor-0-5;pil-imageenhance-brightness.enhance.materialized.la-noise-1024x768-factor-0-5;pil-imageenhance-brightness.enhance.materialized.rgb-noise-1024x768-factor-0-5;pil-imageenhance-brightness.enhance.standard;pipeline-matrix.expanded.brightness.1024x768;pipeline-matrix.expanded.brightness.1x1;pipeline-matrix.expanded.brightness.256x256;pipeline-matrix.expanded.brightness.32x32;pipeline-op.brightness.benchmark-materialized;pipeline-op.brightness.matrix-32x24
df5231519bb4810e6b0098560c5c791e56dc9952,true,2026-10-09T01:11:25.338187Z,48d69f9756559a7a8da696b16d93e10be849504250560e4830f3dc8ee97b4d9a,101fdb8cc2c9da7ea98da8602ac4e7879ab23c9d,false,2026-10-07T13:19:09.608307Z,8963ea465b99a6b2a2cca91ab2aa07ee321fb3a450edfd10a102f4681b3247e4,PIL.ImageEnhance.Brightness.enhance,PIL.ImageEnhance.Brightness.enhance,PIL.ImageEnhance.Brightness.enhance,method,endpoint,python-parallel-cpu,Pillow,,published_rows_only,no_verified_comparison,python-cpu;python-gpu;python-simd,python-cpu,python-cpu;python-gpu;python-simd,10,6,pil-imageenhance-brightness.enhance.materialized.l-noise-1024x768-factor-0-5;pil-imageenhance-brightness.enhance.materialized.la-noise-1024x768-factor-0-5;pil-imageenhance-brightness.enhance.materialized.rgb-noise-1024x768-factor-0-5;pil-imageenhance-brightness.enhance.standard,18,0,0,0,,,,,18,0,0,0,0,0,0,0,,,pil-imageenhance-brightness.enhance.materialized.l-noise-1024x768-factor-0-5;pil-imageenhance-brightness.enhance.materialized.la-noise-1024x768-factor-0-5;pil-imageenhance-brightness.enhance.materialized.rgb-noise-1024x768-factor-0-5;pil-imageenhance-brightness.enhance.standard;pipeline-matrix.expanded.brightness.1024x768;pipeline-matrix.expanded.brightness.1x1;pipeline-matrix.expanded.brightness.256x256;pipeline-matrix.expanded.brightness.32x32;pipeline-op.brightness.benchmark-materialized;pipeline-op.brightness.matrix-32x24
df5231519bb4810e6b0098560c5c791e56dc9952,true,2026-10-09T01:11:25.338187Z,48d69f9756559a7a8da696b16d93e10be849504250560e4830f3dc8ee97b4d9a,101fdb8cc2c9da7ea98da8602ac4e7879ab23c9d,false,2026-10-07T13:19:09.608307Z,8963ea465b99a6b2a2cca91ab2aa07ee321fb3a450edfd10a102f4681b3247e4,PIL.ImageEnhance.Color,PIL.ImageEnhance.Color,PIL.ImageEnhance.Color,type,endpoint,python-cpu,Pillow,1.0,benchmark_workload,not_in_published_snapshot,python-cpu;python-gpu;python-simd,python-cpu,python-cpu;python-gpu;python-simd,1,0,pil-imageenhance.color.standard,0,0,0,0,,,,,0,0,0,0,0,0,0,0,,,pil-imageenhance.color.standard
df5231519bb4810e6b0098560c5c791e56dc9952,true,2026-10-09T01:11:25.338187Z,48d69f9756559a7a8da696b16d93e10be849504250560e4830f3dc8ee97b4d9a,101fdb8cc2c9da7ea98da8602ac4e7879ab23c9d,false,2026-10-07T13:19:09.608307Z,8963ea465b99a6b2a2cca91ab2aa07ee321fb3a450edfd10a102f4681b3247e4,PIL.ImageEnhance.Color,PIL.ImageEnhance.Color,PIL.ImageEnhance.Color,type,endpoint,python-simd,Pillow,2.0,benchmark_workload,not_in_published_snapshot,python-cpu;python-gpu;python-simd,python-cpu,python-cpu;python-gpu;python-simd,1,0,pil-imageenhance.color.standard,0,0,0,0,0,,,,0,0,0,0,0,0,0,0,,,pil-imageenhance.color.standard
df5231519bb4810e6b0098560c5c791e56dc9952,true,2026-10-09T01:11:25.338187Z,48d69f9756559a7a8da696b16d93e10be849504250560e4830f3dc8ee97b4d9a,101fdb8cc2c9da7ea98da8602ac4e7879ab23c9d,false,2026-10-07T13:19:09.608307Z,8963ea465b99a6b2a2cca91ab2aa07ee321fb3a450edfd10a102f4681b3247e4,PIL.ImageEnhance.Color,PIL.ImageEnhance.Color,PIL.ImageEnhance.Color,type,endpoint,python-gpu,SIMD,1.0,benchmark_workload,not_in_published_snapshot,python-cpu;python-gpu;python-simd,python-cpu,python-cpu;python-gpu;python-simd,1,0,pil-imageenhance.color.standard,0,0,0,0,,,,,0,0,0,0,0,0,0,0,,not_measured,pil-imageenhance.color.standard
df5231519bb4810e6b0098560c5c791e56dc9952,true,2026-10-09T01:11:25.338187Z,48d69f9756559a7a8da696b16d93e10be849504250560e4830f3dc8ee97b4d9a,101fdb8cc2c9da7ea98da8602ac4e7879ab23c9d,false,2026-10-07T13:19:09.608307Z,8963ea465b99a6b2a2cca91ab2aa07ee321fb3a450edfd10a102f4681b3247e4,PIL.ImageEnhance.Color,PIL.ImageEnhance.Color,PIL.ImageEnhance.Color,type,endpoint,python-parallel-cpu,Pillow,,not_declared,not_declared_in_manifest_or_workload,python-cpu;python-gpu;python-simd,python-cpu,python-cpu;python-gpu;python-simd,1,0,pil-imageenhance.color.standard,0,0,0,0,,,,,0,0,0,0,0,0,0,0,,,pil-imageenhance.color.standard
df5231519bb4810e6b0098560c5c791e56dc9952,true,2026-10-09T01:11:25.338187Z,48d69f9756559a7a8da696b16d93e10be849504250560e4830f3dc8ee97b4d9a,101fdb8cc2c9da7ea98da8602ac4e7879ab23c9d,false,2026-10-07T13:19:09.608307Z,8963ea465b99a6b2a2cca91ab2aa07ee321fb3a450edfd10a102f4681b3247e4,PIL.ImageEnhance.Color.enhance,PIL.ImageEnhance.Color.enhance,PIL.ImageEnhance.Color.enhance,method,endpoint,python-cpu,Pillow,1.0,benchmark_workload,no_verified_comparison,python-cpu;python-gpu;python-simd,python-cpu,python-cpu;python-gpu;python-simd,3,2,pil-imageenhance-color.enhance.standard,6,0,0,0,,,,,6,0,0,0,0,0,0,0,,,pil-imageenhance-color.enhance.standard;pipeline-op.colorsaturation.benchmark-materialized;pipeline-op.colorsaturation.matrix-32x24
df5231519bb4810e6b0098560c5c791e56dc9952,true,2026-10-09T01:11:25.338187Z,48d69f9756559a7a8da696b16d93e10be849504250560e4830f3dc8ee97b4d9a,101fdb8cc2c9da7ea98da8602ac4e7879ab23c9d,false,2026-10-07T13:19:09.608307Z,8963ea465b99a6b2a2cca91ab2aa07ee321fb3a450edfd10a102f4681b3247e4,PIL.ImageEnhance.Color.enhance,PIL.ImageEnhance.Color.enhance,PIL.ImageEnhance.Color.enhance,method,endpoint,python-simd,Pillow,2.0,benchmark_workload,no_verified_comparison,python-cpu;python-gpu;python-simd,python-cpu,python-cpu;python-gpu;python-simd,3,2,pil-imageenhance-color.enhance.standard,6,0,0,0,0,,,,6,0,0,0,0,0,0,0,,,pil-imageenhance-color.enhance.standard;pipeline-op.colorsaturation.benchmark-materialized;pipeline-op.colorsaturation.matrix-32x24
df5231519bb4810e6b0098560c5c791e56dc9952,true,2026-10-09T01:11:25.338187Z,48d69f9756559a7a8da696b16d93e10be849504250560e4830f3dc8ee97b4d9a,101fdb8cc2c9da7ea98da8602ac4e7879ab23c9d,false,2026-10-07T13:19:09.608307Z,8963ea465b99a6b2a2cca91ab2aa07ee321fb3a450edfd10a102f4681b3247e4,PIL.ImageEnhance.Color.enhance,PIL.ImageEnhance.Color.enhance,PIL.ImageEnhance.Color.enhance,method,endpoint,python-gpu,SIMD,1.0,benchmark_workload,no_verified_comparison,python-cpu;python-gpu;python-simd,python-cpu,python-cpu;python-gpu;python-simd,3,2,pil-imageenhance-color.enhance.standard,2,0,0,0,,,,,2,0,0,0,0,0,0,0,,not_measured,pil-imageenhance-color.enhance.standard;pipeline-op.colorsaturation.benchmark-materialized;pipeline-op.colorsaturation.matrix-32x24
df5231519bb4810e6b0098560c5c791e56dc9952,true,2026-10-09T01:11:25.338187Z,48d69f9756559a7a8da696b16d93e10be849504250560e4830f3dc8ee97b4d9a,101fdb8cc2c9da7ea98da8602ac4e7879ab23c9d,false,2026-10-07T13:19:09.608307Z,8963ea465b99a6b2a2cca91ab2aa07ee321fb3a450edfd10a102f4681b3247e4,PIL.ImageEnhance.Color.enhance,PIL.ImageEnhance.Color.enhance,PIL.ImageEnhance.Color.enhance,method,endpoint,python-parallel-cpu,Pillow,,published_rows_only,no_verified_comparison,python-cpu;python-gpu;python-simd,python-cpu,python-cpu;python-gpu;python-simd,3,2,pil-imageenhance-color.enhance.standard,6,0,0,0,,,,,6,0,0,0,0,0,0,0,,,pil-imageenhance-color.enhance.standard;pipeline-op.colorsaturation.benchmark-materialized;pipeline-op.colorsaturation.matrix-32x24
df5231519bb4810e6b0098560c5c791e56dc9952,true,2026-10-09T01:11:25.338187Z,48d69f9756559a7a8da696b16d93e10be849504250560e4830f3dc8ee97b4d9a,101fdb8cc2c9da7ea98da8602ac4e7879ab23c9d,false,2026-10-07T13:19:09.608307Z,8963ea465b99a6b2a2cca91ab2aa07ee321fb3a450edfd10a102f4681b3247e4,PIL.ImageEnhance.Contrast,PIL.ImageEnhance.Contrast,PIL.ImageEnhance.Contrast,type,endpoint,python-cpu,Pillow,1.0,benchmark_workload,not_in_published_snapshot,python-cpu;python-gpu;python-simd,python-cpu,python-cpu;python-gpu;python-simd,1,0,pil-imageenhance.contrast.standard,0,0,0,0,,,,,0,0,0,0,0,0,0,0,,,pil-imageenhance.contrast.standard
df5231519bb4810e6b0098560c5c791e56dc9952,true,2026-10-09T01:11:25.338187Z,48d69f9756559a7a8da696b16d93e10be849504250560e4830f3dc8ee97b4d9a,101fdb8cc2c9da7ea98da8602ac4e7879ab23c9d,false,2026-10-07T13:19:09.608307Z,8963ea465b99a6b2a2cca91ab2aa07ee321fb3a450edfd10a102f4681b3247e4,PIL.ImageEnhance.Contrast,PIL.ImageEnhance.Contrast,PIL.ImageEnhance.Contrast,type,endpoint,python-simd,Pillow,2.0,benchmark_workload,not_in_published_snapshot,python-cpu;python-gpu;python-simd,python-cpu,python-cpu;python-gpu;python-simd,1,0,pil-imageenhance.contrast.standard,0,0,0,0,0,,,,0,0,0,0,0,0,0,0,,,pil-imageenhance.contrast.standard
df5231519bb4810e6b0098560c5c791e56dc9952,true,2026-10-09T01:11:25.338187Z,48d69f9756559a7a8da696b16d93e10be849504250560e4830f3dc8ee97b4d9a,101fdb8cc2c9da7ea98da8602ac4e7879ab23c9d,false,2026-10-07T13:19:09.608307Z,8963ea465b99a6b2a2cca91ab2aa07ee321fb3a450edfd10a102f4681b3247e4,PIL.ImageEnhance.Contrast,PIL.ImageEnhance.Contrast,PIL.ImageEnhance.Contrast,type,endpoint,python-gpu,SIMD,1.0,benchmark_workload,not_in_published_snapshot,python-cpu;python-gpu;python-simd,python-cpu,python-cpu;python-gpu;python-simd,1,0,pil-imageenhance.contrast.standard,0,0,0,0,,,,,0,0,0,0,0,0,0,0,,not_measured,pil-imageenhance.contrast.standard
df5231519bb4810e6b0098560c5c791e56dc9952,true,2026-10-09T01:11:25.338187Z,48d69f9756559a7a8da696b16d93e10be849504250560e4830f3dc8ee97b4d9a,101fdb8cc2c9da7ea98da8602ac4e7879ab23c9d,false,2026-10-07T13:19:09.608307Z,8963ea465b99a6b2a2cca91ab2aa07ee321fb3a450edfd10a102f4681b3247e4,PIL.ImageEnhance.Contrast,PIL.ImageEnhance.Contrast,PIL.ImageEnhance.Contrast,type,endpoint,python-parallel-cpu,Pillow,,not_declared,not_declared_in_manifest_or_workload,python-cpu;python-gpu;python-simd,python-cpu,python-cpu;python-gpu;python-simd,1,0,pil-imageenhance.contrast.standard,0,0,0,0,,,,,0,0,0,0,0,0,0,0,,,pil-imageenhance.contrast.standard
df5231519bb4810e6b0098560c5c791e56dc9952,true,2026-10-09T01:11:25.338187Z,48d69f9756559a7a8da696b16d93e10be849504250560e4830f3dc8ee97b4d9a,101fdb8cc2c9da7ea98da8602ac4e7879ab23c9d,false,2026-10-07T13:19:09.608307Z,8963ea465b99a6b2a2cca91ab2aa07ee321fb3a450edfd10a102f4681b3247e4,PIL.ImageEnhance.Contrast.enhance,PIL.ImageEnhance.Contrast.enhance,PIL.ImageEnhance.Contrast.enhance,method,endpoint,python-cpu,Pillow,1.0,benchmark_workload,no_verified_comparison,python-cpu;python-gpu;python-simd,python-cpu,python-cpu;python-gpu;python-simd,3,2,pil-imageenhance-contrast.enhance.standard,6,0,0,0,,,,,4,2,0,0,0,0,0,0,,,pil-imageenhance-contrast.enhance.standard;pipeline-op.contrast.benchmark-materialized;pipeline-op.contrast.matrix-32x24
df5231519bb4810e6b0098560c5c791e56dc9952,true,2026-10-09T01:11:25.338187Z,48d69f9756559a7a8da696b16d93e10be849504250560e4830f3dc8ee97b4d9a,101fdb8cc2c9da7ea98da8602ac4e7879ab23c9d,false,2026-10-07T13:19:09.608307Z,8963ea465b99a6b2a2cca91ab2aa07ee321fb3a450edfd10a102f4681b3247e4,PIL.ImageEnhance.Contrast.enhance,PIL.ImageEnhance.Contrast.enhance,PIL.ImageEnhance.Contrast.enhance,method,endpoint,python-simd,Pillow,2.0,benchmark_workload,no_verified_comparison,python-cpu;python-gpu;python-simd,python-cpu,python-cpu;python-gpu;python-simd,3,2,pil-imageenhance-contrast.enhance.standard,6,0,0,0,0,,,,4,0,2,0,0,0,0,0,,,pil-imageenhance-contrast.enhance.standard;pipeline-op.contrast.benchmark-materialized;pipeline-op.contrast.matrix-32x24
df5231519bb4810e6b0098560c5c791e56dc9952,true,2026-10-09T01:11:25.338187Z,48d69f9756559a7a8da696b16d93e10be849504250560e4830f3dc8ee97b4d9a,101fdb8cc2c9da7ea98da8602ac4e7879ab23c9d,false,2026-10-07T13:19:09.608307Z,8963ea465b99a6b2a2cca91ab2aa07ee321fb3a450edfd10a102f4681b3247e4,PIL.ImageEnhance.Contrast.enhance,PIL.ImageEnhance.Contrast.enhance,PIL.ImageEnhance.Contrast.enhance,method,endpoint,python-gpu,SIMD,1.0,benchmark_workload,no_verified_comparison,python-cpu;python-gpu;python-simd,python-cpu,python-cpu;python-gpu;python-simd,3,2,pil-imageenhance-contrast.enhance.standard,2,0,0,0,,,,,2,0,0,0,0,0,0,0,,not_measured,pil-imageenhance-contrast.enhance.standard;pipeline-op.contrast.benchmark-materialized;pipeline-op.contrast.matrix-32x24
df5231519bb4810e6b0098560c5c791e56dc9952,true,2026-10-09T01:11:25.338187Z,48d69f9756559a7a8da696b16d93e10be849504250560e4830f3dc8ee97b4d9a,101fdb8cc2c9da7ea98da8602ac4e7879ab23c9d,false,2026-10-07T13:19:09.608307Z,8963ea465b99a6b2a2cca91ab2aa07ee321fb3a450edfd10a102f4681b3247e4,PIL.ImageEnhance.Contrast.enhance,PIL.ImageEnhance.Contrast.enhance,PIL.ImageEnhance.Contrast.enhance,method,endpoint,python-parallel-cpu,Pillow,,published_rows_only,no_verified_comparison,python-cpu;python-gpu;python-simd,python-cpu,python-cpu;python-gpu;python-simd,3,2,pil-imageenhance-contrast.enhance.standard,6,0,0,0,,,,,6,0,0,0,0,0,0,0,,,pil-imageenhance-contrast.enhance.standard;pipeline-op.contrast.benchmark-materialized;pipeline-op.contrast.matrix-32x24
df5231519bb4810e6b0098560c5c791e56dc9952,true,2026-10-09T01:11:25.338187Z,48d69f9756559a7a8da696b16d93e10be849504250560e4830f3dc8ee97b4d9a,101fdb8cc2c9da7ea98da8602ac4e7879ab23c9d,false,2026-10-07T13:19:09.608307Z,8963ea465b99a6b2a2cca91ab2aa07ee321fb3a450edfd10a102f4681b3247e4,PIL.ImageEnhance.Sharpness,PIL.ImageEnhance.Sharpness,PIL.ImageEnhance.Sharpness,type,endpoint,python-cpu,Pillow,1.0,benchmark_workload,not_in_published_snapshot,python-cpu;python-gpu;python-simd,python-cpu,python-cpu;python-gpu;python-simd,1,0,pil-imageenhance.sharpness.standard,0,0,0,0,,,,,0,0,0,0,0,0,0,0,,,pil-imageenhance.sharpness.standard
df5231519bb4810e6b0098560c5c791e56dc9952,true,2026-10-09T01:11:25.338187Z,48d69f9756559a7a8da696b16d93e10be849504250560e4830f3dc8ee97b4d9a,101fdb8cc2c9da7ea98da8602ac4e7879ab23c9d,false,2026-10-07T13:19:09.608307Z,8963ea465b99a6b2a2cca91ab2aa07ee321fb3a450edfd10a102f4681b3247e4,PIL.ImageEnhance.Sharpness,PIL.ImageEnhance.Sharpness,PIL.ImageEnhance.Sharpness,type,endpoint,python-simd,Pillow,2.0,benchmark_workload,not_in_published_snapshot,python-cpu;python-gpu;python-simd,python-cpu,python-cpu;python-gpu;python-simd,1,0,pil-imageenhance.sharpness.standard,0,0,0,0,0,,,,0,0,0,0,0,0,0,0,,,pil-imageenhance.sharpness.standard
df5231519bb4810e6b0098560c5c791e56dc9952,true,2026-10-09T01:11:25.338187Z,48d69f9756559a7a8da696b16d93e10be849504250560e4830f3dc8ee97b4d9a,101fdb8cc2c9da7ea98da8602ac4e7879ab23c9d,false,2026-10-07T13:19:09.608307Z,8963ea465b99a6b2a2cca91ab2aa07ee321fb3a450edfd10a102f4681b3247e4,PIL.ImageEnhance.Sharpness,PIL.ImageEnhance.Sharpness,PIL.ImageEnhance.Sharpness,type,endpoint,python-gpu,SIMD,1.0,benchmark_workload,not_in_published_snapshot,python-cpu;python-gpu;python-simd,python-cpu,python-cpu;python-gpu;python-simd,1,0,pil-imageenhance.sharpness.standard,0,0,0,0,,,,,0,0,0,0,0,0,0,0,,not_measured,pil-imageenhance.sharpness.standard
df5231519bb4810e6b0098560c5c791e56dc9952,true,2026-10-09T01:11:25.338187Z,48d69f9756559a7a8da696b16d93e10be849504250560e4830f3dc8ee97b4d9a,101fdb8cc2c9da7ea98da8602ac4e7879ab23c9d,false,2026-10-07T13:19:09.608307Z,8963ea465b99a6b2a2cca91ab2aa07ee321fb3a450edfd10a102f4681b3247e4,PIL.ImageEnhance.Sharpness,PIL.ImageEnhance.Sharpness,PIL.ImageEnhance.Sharpness,type,endpoint,python-parallel-cpu,Pillow,,not_declared,not_declared_in_manifest_or_workload,python-cpu;python-gpu;python-simd,python-cpu,python-cpu;python-gpu;python-simd,1,0,pil-imageenhance.sharpness.standard,0,0,0,0,,,,,0,0,0,0,0,0,0,0,,,pil-imageenhance.sharpness.standard
df5231519bb4810e6b0098560c5c791e56dc9952,true,2026-10-09T01:11:25.338187Z,48d69f9756559a7a8da696b16d93e10be849504250560e4830f3dc8ee97b4d9a,101fdb8cc2c9da7ea98da8602ac4e7879ab23c9d,false,2026-10-07T13:19:09.608307Z,8963ea465b99a6b2a2cca91ab2aa07ee321fb3a450edfd10a102f4681b3247e4,PIL.ImageEnhance.Sharpness.enhance,PIL.ImageEnhance.Sharpness.enhance,PIL.ImageEnhance.Sharpness.enhance,method,endpoint,python-cpu,Pillow,1.0,benchmark_workload,no_verified_comparison,python-cpu;python-gpu;python-simd,python-cpu,python-cpu;python-gpu;python-simd,7,2,pil-imageenhance-sharpness.enhance.identity-material-rgb-noise-1024x768;pil-imageenhance-sharpness.enhance.material-l-noise-1024x768;pil-imageenhance-sharpness.enhance.material-la-520x512;pil-imageenhance-sharpness.enhance.material-rgbx-x-byte-1024x768;pil-imageenhance-sharpness.enhance.standard,6,0,0,0,,,,,6,0,0,0,0,0,0,0,,,pil-imageenhance-sharpness.enhance.identity-material-rgb-noise-1024x768;pil-imageenhance-sharpness.enhance.material-l-noise-1024x768;pil-imageenhance-sharpness.enhance.material-la-520x512;pil-imageenhance-sharpness.enhance.material-rgbx-x-byte-1024x768;pil-imageenhance-sharpness.enhance.standard;pipeline-op.sharpness.benchmark-materialized;pipeline-op.sharpness.matrix-32x24
df5231519bb4810e6b0098560c5c791e56dc9952,true,2026-10-09T01:11:25.338187Z,48d69f9756559a7a8da696b16d93e10be849504250560e4830f3dc8ee97b4d9a,101fdb8cc2c9da7ea98da8602ac4e7879ab23c9d,false,2026-10-07T13:19:09.608307Z,8963ea465b99a6b2a2cca91ab2aa07ee321fb3a450edfd10a102f4681b3247e4,PIL.ImageEnhance.Sharpness.enhance,PIL.ImageEnhance.Sharpness.enhance,PIL.ImageEnhance.Sharpness.enhance,method,endpoint,python-simd,Pillow,2.0,benchmark_workload,no_verified_comparison,python-cpu;python-gpu;python-simd,python-cpu,python-cpu;python-gpu;python-simd,7,2,pil-imageenhance-sharpness.enhance.identity-material-rgb-noise-1024x768;pil-imageenhance-sharpness.enhance.material-l-noise-1024x768;pil-imageenhance-sharpness.enhance.material-la-520x512;pil-imageenhance-sharpness.enhance.material-rgbx-x-byte-1024x768;pil-imageenhance-sharpness.enhance.standard,6,0,0,0,0,,,,6,0,0,0,0,0,0,0,,,pil-imageenhance-sharpness.enhance.identity-material-rgb-noise-1024x768;pil-imageenhance-sharpness.enhance.material-l-noise-1024x768;pil-imageenhance-sharpness.enhance.material-la-520x512;pil-imageenhance-sharpness.enhance.material-rgbx-x-byte-1024x768;pil-imageenhance-sharpness.enhance.standard;pipeline-op.sharpness.benchmark-materialized;pipeline-op.sharpness.matrix-32x24
df5231519bb4810e6b0098560c5c791e56dc9952,true,2026-10-09T01:11:25.338187Z,48d69f9756559a7a8da696b16d93e10be849504250560e4830f3dc8ee97b4d9a,101fdb8cc2c9da7ea98da8602ac4e7879ab23c9d,false,2026-10-07T13:19:09.608307Z,8963ea465b99a6b2a2cca91ab2aa07ee321fb3a450edfd10a102f4681b3247e4,PIL.ImageEnhance.Sharpness.enhance,PIL.ImageEnhance.Sharpness.enhance,PIL.ImageEnhance.Sharpness.enhance,method,endpoint,python-gpu,SIMD,1.0,benchmark_workload,no_verified_comparison,python-cpu;python-gpu;python-simd,python-cpu,python-cpu;python-gpu;python-simd,7,2,pil-imageenhance-sharpness.enhance.identity-material-rgb-noise-1024x768;pil-imageenhance-sharpness.enhance.material-l-noise-1024x768;pil-imageenhance-sharpness.enhance.material-la-520x512;pil-imageenhance-sharpness.enhance.material-rgbx-x-byte-1024x768;pil-imageenhance-sharpness.enhance.standard,2,0,0,0,,,,,2,0,0,0,0,0,0,0,,not_measured,pil-imageenhance-sharpness.enhance.identity-material-rgb-noise-1024x768;pil-imageenhance-sharpness.enhance.material-l-noise-1024x768;pil-imageenhance-sharpness.enhance.material-la-520x512;pil-imageenhance-sharpness.enhance.material-rgbx-x-byte-1024x768;pil-imageenhance-sharpness.enhance.standard;pipeline-op.sharpness.benchmark-materialized;pipeline-op.sharpness.matrix-32x24
df5231519bb4810e6b0098560c5c791e56dc9952,true,2026-10-09T01:11:25.338187Z,48d69f9756559a7a8da696b16d93e10be849504250560e4830f3dc8ee97b4d9a,101fdb8cc2c9da7ea98da8602ac4e7879ab23c9d,false,2026-10-07T13:19:09.608307Z,8963ea465b99a6b2a2cca91ab2aa07ee321fb3a450edfd10a102f4681b3247e4,PIL.ImageEnhance.Sharpness.enhance,PIL.ImageEnhance.Sharpness.enhance,PIL.ImageEnhance.Sharpness.enhance,method,endpoint,python-parallel-cpu,Pillow,,published_rows_only,no_verified_comparison,python-cpu;python-gpu;python-simd,python-cpu,python-cpu;python-gpu;python-simd,7,2,pil-imageenhance-sharpness.enhance.identity-material-rgb-noise-1024x768;pil-imageenhance-sharpness.enhance.material-l-noise-1024x768;pil-imageenhance-sharpness.enhance.material-la-520x512;pil-imageenhance-sharpness.enhance.material-rgbx-x-byte-1024x768;pil-imageenhance-sharpness.enhance.standard,6,0,0,0,,,,,6,0,0,0,0,0,0,0,,,pil-imageenhance-sharpness.enhance.identity-material-rgb-noise-1024x768;pil-imageenhance-sharpness.enhance.material-l-noise-1024x768;pil-imageenhance-sharpness.enhance.material-la-520x512;pil-imageenhance-sharpness.enhance.material-rgbx-x-byte-1024x768;pil-imageenhance-sharpness.enhance.standard;pipeline-op.sharpness.benchmark-materialized;pipeline-op.sharpness.matrix-32x24
df5231519bb4810e6b0098560c5c791e56dc9952,true,2026-10-09T01:11:25.338187Z,48d69f9756559a7a8da696b16d93e10be849504250560e4830f3dc8ee97b4d9a,101fdb8cc2c9da7ea98da8602ac4e7879ab23c9d,false,2026-10-07T13:19:09.608307Z,8963ea465b99a6b2a2cca91ab2aa07ee321fb3a450edfd10a102f4681b3247e4,PIL.ImageFilter.BLUR,PIL.ImageFilter.BLUR,PIL.ImageFilter.BLUR,type,endpoint,python-cpu,Pillow,1.0,benchmark_workload,not_in_published_snapshot,python-cpu;python-gpu;python-simd,python-cpu,python-cpu;python-gpu;python-simd,1,0,pil-imagefilter.blur.standard,0,0,0,0,,,,,0,0,0,0,0,0,0,0,,,pil-imagefilter.blur.standard
df5231519bb4810e6b0098560c5c791e56dc9952,true,2026-10-09T01:11:25.338187Z,48d69f9756559a7a8da696b16d93e10be849504250560e4830f3dc8ee97b4d9a,101fdb8cc2c9da7ea98da8602ac4e7879ab23c9d,false,2026-10-07T13:19:09.608307Z,8963ea465b99a6b2a2cca91ab2aa07ee321fb3a450edfd10a102f4681b3247e4,PIL.ImageFilter.BLUR,PIL.ImageFilter.BLUR,PIL.ImageFilter.BLUR,type,endpoint,python-simd,Pillow,2.0,benchmark_workload,not_in_published_snapshot,python-cpu;python-gpu;python-simd,python-cpu,python-cpu;python-gpu;python-simd,1,0,pil-imagefilter.blur.standard,0,0,0,0,0,,,,0,0,0,0,0,0,0,0,,,pil-imagefilter.blur.standard
df5231519bb4810e6b0098560c5c791e56dc9952,true,2026-10-09T01:11:25.338187Z,48d69f9756559a7a8da696b16d93e10be849504250560e4830f3dc8ee97b4d9a,101fdb8cc2c9da7ea98da8602ac4e7879ab23c9d,false,2026-10-07T13:19:09.608307Z,8963ea465b99a6b2a2cca91ab2aa07ee321fb3a450edfd10a102f4681b3247e4,PIL.ImageFilter.BLUR,PIL.ImageFilter.BLUR,PIL.ImageFilter.BLUR,type,endpoint,python-gpu,SIMD,1.0,benchmark_workload,not_in_published_snapshot,python-cpu;python-gpu;python-simd,python-cpu,python-cpu;python-gpu;python-simd,1,0,pil-imagefilter.blur.standard,0,0,0,0,,,,,0,0,0,0,0,0,0,0,,not_measured,pil-imagefilter.blur.standard
df5231519bb4810e6b0098560c5c791e56dc9952,true,2026-10-09T01:11:25.338187Z,48d69f9756559a7a8da696b16d93e10be849504250560e4830f3dc8ee97b4d9a,101fdb8cc2c9da7ea98da8602ac4e7879ab23c9d,false,2026-10-07T13:19:09.608307Z,8963ea465b99a6b2a2cca91ab2aa07ee321fb3a450edfd10a102f4681b3247e4,PIL.ImageFilter.BLUR,PIL.ImageFilter.BLUR,PIL.ImageFilter.BLUR,type,endpoint,python-parallel-cpu,Pillow,,not_declared,not_declared_in_manifest_or_workload,python-cpu;python-gpu;python-simd,python-cpu,python-cpu;python-gpu;python-simd,1,0,pil-imagefilter.blur.standard,0,0,0,0,,,,,0,0,0,0,0,0,0,0,,,pil-imagefilter.blur.standard
df5231519bb4810e6b0098560c5c791e56dc9952,true,2026-10-09T01:11:25.338187Z,48d69f9756559a7a8da696b16d93e10be849504250560e4830f3dc8ee97b4d9a,101fdb8cc2c9da7ea98da8602ac4e7879ab23c9d,false,2026-10-07T13:19:09.608307Z,8963ea465b99a6b2a2cca91ab2aa07ee321fb3a450edfd10a102f4681b3247e4,PIL.ImageFilter.BoxBlur,PIL.ImageFilter.BoxBlur,PIL.ImageFilter.BoxBlur,type,endpoint,python-cpu,Pillow,1.0,benchmark_workload,target_met_in_verified_rows,python-cpu;python-gpu;python-simd,python-cpu,python-cpu;python-gpu;python-simd,3,2,pil-imagefilter.boxblur.standard,6,6,0,4,,1.545503,pipeline-op.boxblur.material-rgb-noise-1024x768-radius-1,macos-15-arm64,0,0,0,0,0,0,0,0,,,pil-imagefilter.boxblur.standard;pipeline-op.boxblur.material-l-noise-1024x768-radius-1;pipeline-op.boxblur.material-rgb-noise-1024x768-radius-1
df5231519bb4810e6b0098560c5c791e56dc9952,true,2026-10-09T01:11:25.338187Z,48d69f9756559a7a8da696b16d93e10be849504250560e4830f3dc8ee97b4d9a,101fdb8cc2c9da7ea98da8602ac4e7879ab23c9d,false,2026-10-07T13:19:09.608307Z,8963ea465b99a6b2a2cca91ab2aa07ee321fb3a450edfd10a102f4681b3247e4,PIL.ImageFilter.BoxBlur,PIL.ImageFilter.BoxBlur,PIL.ImageFilter.BoxBlur,type,endpoint,python-simd,Pillow,2.0,benchmark_workload,target_unmet_in_verified_rows,python-cpu;python-gpu;python-simd,python-cpu,python-cpu;python-gpu;python-simd,3,2,pil-imagefilter.boxblur.standard,6,6,2,5,6,0.914522,pipeline-op.boxblur.material-l-noise-1024x768-radius-1,macos-15-arm64,0,0,0,0,0,0,2,0,,,pil-imagefilter.boxblur.standard;pipeline-op.boxblur.material-l-noise-1024x768-radius-1;pipeline-op.boxblur.material-rgb-noise-1024x768-radius-1
df5231519bb4810e6b0098560c5c791e56dc9952,true,2026-10-09T01:11:25.338187Z,48d69f9756559a7a8da696b16d93e10be849504250560e4830f3dc8ee97b4d9a,101fdb8cc2c9da7ea98da8602ac4e7879ab23c9d,false,2026-10-07T13:19:09.608307Z,8963ea465b99a6b2a2cca91ab2aa07ee321fb3a450edfd10a102f4681b3247e4,PIL.ImageFilter.BoxBlur,PIL.ImageFilter.BoxBlur,PIL.ImageFilter.BoxBlur,type,endpoint,python-gpu,SIMD,1.0,benchmark_workload,target_unmet_in_verified_rows,python-cpu;python-gpu;python-simd,python-cpu,python-cpu;python-gpu;python-simd,3,2,pil-imagefilter.boxblur.standard,2,2,1,2,,0.622347,pipeline-op.boxblur.material-rgb-noise-1024x768-radius-1,macos-15-arm64,0,0,0,0,0,0,0,0,,not_measured,pil-imagefilter.boxblur.standard;pipeline-op.boxblur.material-l-noise-1024x768-radius-1;pipeline-op.boxblur.material-rgb-noise-1024x768-radius-1
df5231519bb4810e6b0098560c5c791e56dc9952,true,2026-10-09T01:11:25.338187Z,48d69f9756559a7a8da696b16d93e10be849504250560e4830f3dc8ee97b4d9a,101fdb8cc2c9da7ea98da8602ac4e7879ab23c9d,false,2026-10-07T13:19:09.608307Z,8963ea465b99a6b2a2cca91ab2aa07ee321fb3a450edfd10a102f4681b3247e4,PIL.ImageFilter.BoxBlur,PIL.ImageFilter.BoxBlur,PIL.ImageFilter.BoxBlur,type,endpoint,python-parallel-cpu,Pillow,,published_rows_only,tracked_as_separate_profile,python-cpu;python-gpu;python-simd,python-cpu,python-cpu;python-gpu;python-simd,3,2,pil-imagefilter.boxblur.standard,6,6,3,5,,0.594554,pipeline-op.boxblur.material-l-noise-1024x768-radius-1,macos-15-arm64,0,0,0,0,0,0,0,0,,,pil-imagefilter.boxblur.standard;pipeline-op.boxblur.material-l-noise-1024x768-radius-1;pipeline-op.boxblur.material-rgb-noise-1024x768-radius-1
df5231519bb4810e6b0098560c5c791e56dc9952,true,2026-10-09T01:11:25.338187Z,48d69f9756559a7a8da696b16d93e10be849504250560e4830f3dc8ee97b4d9a,101fdb8cc2c9da7ea98da8602ac4e7879ab23c9d,false,2026-10-07T13:19:09.608307Z,8963ea465b99a6b2a2cca91ab2aa07ee321fb3a450edfd10a102f4681b3247e4,PIL.ImageFilter.CONTOUR,PIL.ImageFilter.CONTOUR,PIL.ImageFilter.CONTOUR,type,endpoint,python-cpu,Pillow,1.0,benchmark_workload,not_in_published_snapshot,python-cpu;python-gpu;python-simd,python-cpu,python-cpu;python-gpu;python-simd,1,0,pil-imagefilter.contour.standard,0,0,0,0,,,,,0,0,0,0,0,0,0,0,,,pil-imagefilter.contour.standard
df5231519bb4810e6b0098560c5c791e56dc9952,true,2026-10-09T01:11:25.338187Z,48d69f9756559a7a8da696b16d93e10be849504250560e4830f3dc8ee97b4d9a,101fdb8cc2c9da7ea98da8602ac4e7879ab23c9d,false,2026-10-07T13:19:09.608307Z,8963ea465b99a6b2a2cca91ab2aa07ee321fb3a450edfd10a102f4681b3247e4,PIL.ImageFilter.CONTOUR,PIL.ImageFilter.CONTOUR,PIL.ImageFilter.CONTOUR,type,endpoint,python-simd,Pillow,2.0,benchmark_workload,not_in_published_snapshot,python-cpu;python-gpu;python-simd,python-cpu,python-cpu;python-gpu;python-simd,1,0,pil-imagefilter.contour.standard,0,0,0,0,0,,,,0,0,0,0,0,0,0,0,,,pil-imagefilter.contour.standard
df5231519bb4810e6b0098560c5c791e56dc9952,true,2026-10-09T01:11:25.338187Z,48d69f9756559a7a8da696b16d93e10be849504250560e4830f3dc8ee97b4d9a,101fdb8cc2c9da7ea98da8602ac4e7879ab23c9d,false,2026-10-07T13:19:09.608307Z,8963ea465b99a6b2a2cca91ab2aa07ee321fb3a450edfd10a102f4681b3247e4,PIL.ImageFilter.CONTOUR,PIL.ImageFilter.CONTOUR,PIL.ImageFilter.CONTOUR,type,endpoint,python-gpu,SIMD,1.0,benchmark_workload,not_in_published_snapshot,python-cpu;python-gpu;python-simd,python-cpu,python-cpu;python-gpu;python-simd,1,0,pil-imagefilter.contour.standard,0,0,0,0,,,,,0,0,0,0,0,0,0,0,,not_measured,pil-imagefilter.contour.standard
df5231519bb4810e6b0098560c5c791e56dc9952,true,2026-10-09T01:11:25.338187Z,48d69f9756559a7a8da696b16d93e10be849504250560e4830f3dc8ee97b4d9a,101fdb8cc2c9da7ea98da8602ac4e7879ab23c9d,false,2026-10-07T13:19:09.608307Z,8963ea465b99a6b2a2cca91ab2aa07ee321fb3a450edfd10a102f4681b3247e4,PIL.ImageFilter.CONTOUR,PIL.ImageFilter.CONTOUR,PIL.ImageFilter.CONTOUR,type,endpoint,python-parallel-cpu,Pillow,,not_declared,not_declared_in_manifest_or_workload,python-cpu;python-gpu;python-simd,python-cpu,python-cpu;python-gpu;python-simd,1,0,pil-imagefilter.contour.standard,0,0,0,0,,,,,0,0,0,0,0,0,0,0,,,pil-imagefilter.contour.standard
df5231519bb4810e6b0098560c5c791e56dc9952,true,2026-10-09T01:11:25.338187Z,48d69f9756559a7a8da696b16d93e10be849504250560e4830f3dc8ee97b4d9a,101fdb8cc2c9da7ea98da8602ac4e7879ab23c9d,false,2026-10-07T13:19:09.608307Z,8963ea465b99a6b2a2cca91ab2aa07ee321fb3a450edfd10a102f4681b3247e4,PIL.ImageFilter.Color3DLUT,PIL.ImageFilter.Color3DLUT,PIL.ImageFilter.Color3DLUT,type,endpoint,python-cpu,Pillow,1.0,benchmark_workload,not_in_published_snapshot,python-cpu;python-gpu;python-simd,python-cpu,python-cpu;python-gpu;python-simd,1,0,pil-imagefilter.color3dlut.standard,0,0,0,0,,,,,0,0,0,0,0,0,0,0,,,pil-imagefilter.color3dlut.standard
df5231519bb4810e6b0098560c5c791e56dc9952,true,2026-10-09T01:11:25.338187Z,48d69f9756559a7a8da696b16d93e10be849504250560e4830f3dc8ee97b4d9a,101fdb8cc2c9da7ea98da8602ac4e7879ab23c9d,false,2026-10-07T13:19:09.608307Z,8963ea465b99a6b2a2cca91ab2aa07ee321fb3a450edfd10a102f4681b3247e4,PIL.ImageFilter.Color3DLUT,PIL.ImageFilter.Color3DLUT,PIL.ImageFilter.Color3DLUT,type,endpoint,python-simd,Pillow,2.0,benchmark_workload,not_in_published_snapshot,python-cpu;python-gpu;python-simd,python-cpu,python-cpu;python-gpu;python-simd,1,0,pil-imagefilter.color3dlut.standard,0,0,0,0,0,,,,0,0,0,0,0,0,0,0,,,pil-imagefilter.color3dlut.standard
df5231519bb4810e6b0098560c5c791e56dc9952,true,2026-10-09T01:11:25.338187Z,48d69f9756559a7a8da696b16d93e10be849504250560e4830f3dc8ee97b4d9a,101fdb8cc2c9da7ea98da8602ac4e7879ab23c9d,false,2026-10-07T13:19:09.608307Z,8963ea465b99a6b2a2cca91ab2aa07ee321fb3a450edfd10a102f4681b3247e4,PIL.ImageFilter.Color3DLUT,PIL.ImageFilter.Color3DLUT,PIL.ImageFilter.Color3DLUT,type,endpoint,python-gpu,SIMD,1.0,benchmark_workload,not_in_published_snapshot,python-cpu;python-gpu;python-simd,python-cpu,python-cpu;python-gpu;python-simd,1,0,pil-imagefilter.color3dlut.standard,0,0,0,0,,,,,0,0,0,0,0,0,0,0,,not_measured,pil-imagefilter.color3dlut.standard
df5231519bb4810e6b0098560c5c791e56dc9952,true,2026-10-09T01:11:25.338187Z,48d69f9756559a7a8da696b16d93e10be849504250560e4830f3dc8ee97b4d9a,101fdb8cc2c9da7ea98da8602ac4e7879ab23c9d,false,2026-10-07T13:19:09.608307Z,8963ea465b99a6b2a2cca91ab2aa07ee321fb3a450edfd10a102f4681b3247e4,PIL.ImageFilter.Color3DLUT,PIL.ImageFilter.Color3DLUT,PIL.ImageFilter.Color3DLUT,type,endpoint,python-parallel-cpu,Pillow,,not_declared,not_declared_in_manifest_or_workload,python-cpu;python-gpu;python-simd,python-cpu,python-cpu;python-gpu;python-simd,1,0,pil-imagefilter.color3dlut.standard,0,0,0,0,,,,,0,0,0,0,0,0,0,0,,,pil-imagefilter.color3dlut.standard
df5231519bb4810e6b0098560c5c791e56dc9952,true,2026-10-09T01:11:25.338187Z,48d69f9756559a7a8da696b16d93e10be849504250560e4830f3dc8ee97b4d9a,101fdb8cc2c9da7ea98da8602ac4e7879ab23c9d,false,2026-10-07T13:19:09.608307Z,8963ea465b99a6b2a2cca91ab2aa07ee321fb3a450edfd10a102f4681b3247e4,PIL.ImageFilter.Color3DLUT.__repr__,PIL.ImageFilter.Color3DLUT.__repr__,PIL.ImageFilter.Color3DLUT.__repr__,method,endpoint,python-cpu,Pillow,1.0,benchmark_workload,not_in_published_snapshot,python-cpu;python-gpu;python-simd,python-cpu,python-cpu;python-gpu;python-simd,1,0,pil-imagefilter-color3dlut.repr.standard,0,0,0,0,,,,,0,0,0,0,0,0,0,0,,,pil-imagefilter-color3dlut.repr.standard
df5231519bb4810e6b0098560c5c791e56dc9952,true,2026-10-09T01:11:25.338187Z,48d69f9756559a7a8da696b16d93e10be849504250560e4830f3dc8ee97b4d9a,101fdb8cc2c9da7ea98da8602ac4e7879ab23c9d,false,2026-10-07T13:19:09.608307Z,8963ea465b99a6b2a2cca91ab2aa07ee321fb3a450edfd10a102f4681b3247e4,PIL.ImageFilter.Color3DLUT.__repr__,PIL.ImageFilter.Color3DLUT.__repr__,PIL.ImageFilter.Color3DLUT.__repr__,method,endpoint,python-simd,Pillow,2.0,benchmark_workload,not_in_published_snapshot,python-cpu;python-gpu;python-simd,python-cpu,python-cpu;python-gpu;python-simd,1,0,pil-imagefilter-color3dlut.repr.standard,0,0,0,0,0,,,,0,0,0,0,0,0,0,0,,,pil-imagefilter-color3dlut.repr.standard
df5231519bb4810e6b0098560c5c791e56dc9952,true,2026-10-09T01:11:25.338187Z,48d69f9756559a7a8da696b16d93e10be849504250560e4830f3dc8ee97b4d9a,101fdb8cc2c9da7ea98da8602ac4e7879ab23c9d,false,2026-10-07T13:19:09.608307Z,8963ea465b99a6b2a2cca91ab2aa07ee321fb3a450edfd10a102f4681b3247e4,PIL.ImageFilter.Color3DLUT.__repr__,PIL.ImageFilter.Color3DLUT.__repr__,PIL.ImageFilter.Color3DLUT.__repr__,method,endpoint,python-gpu,SIMD,1.0,benchmark_workload,not_in_published_snapshot,python-cpu;python-gpu;python-simd,python-cpu,python-cpu;python-gpu;python-simd,1,0,pil-imagefilter-color3dlut.repr.standard,0,0,0,0,,,,,0,0,0,0,0,0,0,0,,not_measured,pil-imagefilter-color3dlut.repr.standard
df5231519bb4810e6b0098560c5c791e56dc9952,true,2026-10-09T01:11:25.338187Z,48d69f9756559a7a8da696b16d93e10be849504250560e4830f3dc8ee97b4d9a,101fdb8cc2c9da7ea98da8602ac4e7879ab23c9d,false,2026-10-07T13:19:09.608307Z,8963ea465b99a6b2a2cca91ab2aa07ee321fb3a450edfd10a102f4681b3247e4,PIL.ImageFilter.Color3DLUT.__repr__,PIL.ImageFilter.Color3DLUT.__repr__,PIL.ImageFilter.Color3DLUT.__repr__,method,endpoint,python-parallel-cpu,Pillow,,not_declared,not_declared_in_manifest_or_workload,python-cpu;python-gpu;python-simd,python-cpu,python-cpu;python-gpu;python-simd,1,0,pil-imagefilter-color3dlut.repr.standard,0,0,0,0,,,,,0,0,0,0,0,0,0,0,,,pil-imagefilter-color3dlut.repr.standard
df5231519bb4810e6b0098560c5c791e56dc9952,true,2026-10-09T01:11:25.338187Z,48d69f9756559a7a8da696b16d93e10be849504250560e4830f3dc8ee97b4d9a,101fdb8cc2c9da7ea98da8602ac4e7879ab23c9d,false,2026-10-07T13:19:09.608307Z,8963ea465b99a6b2a2cca91ab2aa07ee321fb3a450edfd10a102f4681b3247e4,PIL.ImageFilter.Color3DLUT.generate,PIL.ImageFilter.Color3DLUT.generate,PIL.ImageFilter.Color3DLUT.generate,function,endpoint,python-cpu,Pillow,1.0,benchmark_workload,not_in_published_snapshot,python-cpu;python-gpu;python-simd,python-cpu,python-cpu;python-gpu;python-simd,1,0,pil-imagefilter-color3dlut.generate.standard,0,0,0,0,,,,,0,0,0,0,0,0,0,0,,,pil-imagefilter-color3dlut.generate.standard
df5231519bb4810e6b0098560c5c791e56dc9952,true,2026-10-09T01:11:25.338187Z,48d69f9756559a7a8da696b16d93e10be849504250560e4830f3dc8ee97b4d9a,101fdb8cc2c9da7ea98da8602ac4e7879ab23c9d,false,2026-10-07T13:19:09.608307Z,8963ea465b99a6b2a2cca91ab2aa07ee321fb3a450edfd10a102f4681b3247e4,PIL.ImageFilter.Color3DLUT.generate,PIL.ImageFilter.Color3DLUT.generate,PIL.ImageFilter.Color3DLUT.generate,function,endpoint,python-simd,Pillow,2.0,benchmark_workload,not_in_published_snapshot,python-cpu;python-gpu;python-simd,python-cpu,python-cpu;python-gpu;python-simd,1,0,pil-imagefilter-color3dlut.generate.standard,0,0,0,0,0,,,,0,0,0,0,0,0,0,0,,,pil-imagefilter-color3dlut.generate.standard
df5231519bb4810e6b0098560c5c791e56dc9952,true,2026-10-09T01:11:25.338187Z,48d69f9756559a7a8da696b16d93e10be849504250560e4830f3dc8ee97b4d9a,101fdb8cc2c9da7ea98da8602ac4e7879ab23c9d,false,2026-10-07T13:19:09.608307Z,8963ea465b99a6b2a2cca91ab2aa07ee321fb3a450edfd10a102f4681b3247e4,PIL.ImageFilter.Color3DLUT.generate,PIL.ImageFilter.Color3DLUT.generate,PIL.ImageFilter.Color3DLUT.generate,function,endpoint,python-gpu,SIMD,1.0,benchmark_workload,not_in_published_snapshot,python-cpu;python-gpu;python-simd,python-cpu,python-cpu;python-gpu;python-simd,1,0,pil-imagefilter-color3dlut.generate.standard,0,0,0,0,,,,,0,0,0,0,0,0,0,0,,not_measured,pil-imagefilter-color3dlut.generate.standard
df5231519bb4810e6b0098560c5c791e56dc9952,true,2026-10-09T01:11:25.338187Z,48d69f9756559a7a8da696b16d93e10be849504250560e4830f3dc8ee97b4d9a,101fdb8cc2c9da7ea98da8602ac4e7879ab23c9d,false,2026-10-07T13:19:09.608307Z,8963ea465b99a6b2a2cca91ab2aa07ee321fb3a450edfd10a102f4681b3247e4,PIL.ImageFilter.Color3DLUT.generate,PIL.ImageFilter.Color3DLUT.generate,PIL.ImageFilter.Color3DLUT.generate,function,endpoint,python-parallel-cpu,Pillow,,not_declared,not_declared_in_manifest_or_workload,python-cpu;python-gpu;python-simd,python-cpu,python-cpu;python-gpu;python-simd,1,0,pil-imagefilter-color3dlut.generate.standard,0,0,0,0,,,,,0,0,0,0,0,0,0,0,,,pil-imagefilter-color3dlut.generate.standard
df5231519bb4810e6b0098560c5c791e56dc9952,true,2026-10-09T01:11:25.338187Z,48d69f9756559a7a8da696b16d93e10be849504250560e4830f3dc8ee97b4d9a,101fdb8cc2c9da7ea98da8602ac4e7879ab23c9d,false,2026-10-07T13:19:09.608307Z,8963ea465b99a6b2a2cca91ab2aa07ee321fb3a450edfd10a102f4681b3247e4,PIL.ImageFilter.Color3DLUT.transform,PIL.ImageFilter.Color3DLUT.transform,PIL.ImageFilter.Color3DLUT.transform,method,endpoint,python-cpu,Pillow,1.0,benchmark_workload,not_in_published_snapshot,python-cpu;python-gpu;python-simd,python-cpu,python-cpu;python-gpu;python-simd,1,0,pil-imagefilter-color3dlut.transform.standard,0,0,0,0,,,,,0,0,0,0,0,0,0,0,,,pil-imagefilter-color3dlut.transform.standard
df5231519bb4810e6b0098560c5c791e56dc9952,true,2026-10-09T01:11:25.338187Z,48d69f9756559a7a8da696b16d93e10be849504250560e4830f3dc8ee97b4d9a,101fdb8cc2c9da7ea98da8602ac4e7879ab23c9d,false,2026-10-07T13:19:09.608307Z,8963ea465b99a6b2a2cca91ab2aa07ee321fb3a450edfd10a102f4681b3247e4,PIL.ImageFilter.Color3DLUT.transform,PIL.ImageFilter.Color3DLUT.transform,PIL.ImageFilter.Color3DLUT.transform,method,endpoint,python-simd,Pillow,2.0,benchmark_workload,not_in_published_snapshot,python-cpu;python-gpu;python-simd,python-cpu,python-cpu;python-gpu;python-simd,1,0,pil-imagefilter-color3dlut.transform.standard,0,0,0,0,0,,,,0,0,0,0,0,0,0,0,,,pil-imagefilter-color3dlut.transform.standard
df5231519bb4810e6b0098560c5c791e56dc9952,true,2026-10-09T01:11:25.338187Z,48d69f9756559a7a8da696b16d93e10be849504250560e4830f3dc8ee97b4d9a,101fdb8cc2c9da7ea98da8602ac4e7879ab23c9d,false,2026-10-07T13:19:09.608307Z,8963ea465b99a6b2a2cca91ab2aa07ee321fb3a450edfd10a102f4681b3247e4,PIL.ImageFilter.Color3DLUT.transform,PIL.ImageFilter.Color3DLUT.transform,PIL.ImageFilter.Color3DLUT.transform,method,endpoint,python-gpu,SIMD,1.0,benchmark_workload,not_in_published_snapshot,python-cpu;python-gpu;python-simd,python-cpu,python-cpu;python-gpu;python-simd,1,0,pil-imagefilter-color3dlut.transform.standard,0,0,0,0,,,,,0,0,0,0,0,0,0,0,,not_measured,pil-imagefilter-color3dlut.transform.standard
df5231519bb4810e6b0098560c5c791e56dc9952,true,2026-10-09T01:11:25.338187Z,48d69f9756559a7a8da696b16d93e10be849504250560e4830f3dc8ee97b4d9a,101fdb8cc2c9da7ea98da8602ac4e7879ab23c9d,false,2026-10-07T13:19:09.608307Z,8963ea465b99a6b2a2cca91ab2aa07ee321fb3a450edfd10a102f4681b3247e4,PIL.ImageFilter.Color3DLUT.transform,PIL.ImageFilter.Color3DLUT.transform,PIL.ImageFilter.Color3DLUT.transform,method,endpoint,python-parallel-cpu,Pillow,,not_declared,not_declared_in_manifest_or_workload,python-cpu;python-gpu;python-simd,python-cpu,python-cpu;python-gpu;python-simd,1,0,pil-imagefilter-color3dlut.transform.standard,0,0,0,0,,,,,0,0,0,0,0,0,0,0,,,pil-imagefilter-color3dlut.transform.standard
df5231519bb4810e6b0098560c5c791e56dc9952,true,2026-10-09T01:11:25.338187Z,48d69f9756559a7a8da696b16d93e10be849504250560e4830f3dc8ee97b4d9a,101fdb8cc2c9da7ea98da8602ac4e7879ab23c9d,false,2026-10-07T13:19:09.608307Z,8963ea465b99a6b2a2cca91ab2aa07ee321fb3a450edfd10a102f4681b3247e4,PIL.ImageFilter.DETAIL,PIL.ImageFilter.DETAIL,PIL.ImageFilter.DETAIL,type,endpoint,python-cpu,Pillow,1.0,benchmark_workload,not_in_published_snapshot,python-cpu;python-gpu;python-simd,python-cpu,python-cpu;python-gpu;python-simd,1,0,pil-imagefilter.detail.standard,0,0,0,0,,,,,0,0,0,0,0,0,0,0,,,pil-imagefilter.detail.standard
df5231519bb4810e6b0098560c5c791e56dc9952,true,2026-10-09T01:11:25.338187Z,48d69f9756559a7a8da696b16d93e10be849504250560e4830f3dc8ee97b4d9a,101fdb8cc2c9da7ea98da8602ac4e7879ab23c9d,false,2026-10-07T13:19:09.608307Z,8963ea465b99a6b2a2cca91ab2aa07ee321fb3a450edfd10a102f4681b3247e4,PIL.ImageFilter.DETAIL,PIL.ImageFilter.DETAIL,PIL.ImageFilter.DETAIL,type,endpoint,python-simd,Pillow,2.0,benchmark_workload,not_in_published_snapshot,python-cpu;python-gpu;python-simd,python-cpu,python-cpu;python-gpu;python-simd,1,0,pil-imagefilter.detail.standard,0,0,0,0,0,,,,0,0,0,0,0,0,0,0,,,pil-imagefilter.detail.standard
df5231519bb4810e6b0098560c5c791e56dc9952,true,2026-10-09T01:11:25.338187Z,48d69f9756559a7a8da696b16d93e10be849504250560e4830f3dc8ee97b4d9a,101fdb8cc2c9da7ea98da8602ac4e7879ab23c9d,false,2026-10-07T13:19:09.608307Z,8963ea465b99a6b2a2cca91ab2aa07ee321fb3a450edfd10a102f4681b3247e4,PIL.ImageFilter.DETAIL,PIL.ImageFilter.DETAIL,PIL.ImageFilter.DETAIL,type,endpoint,python-gpu,SIMD,1.0,benchmark_workload,not_in_published_snapshot,python-cpu;python-gpu;python-simd,python-cpu,python-cpu;python-gpu;python-simd,1,0,pil-imagefilter.detail.standard,0,0,0,0,,,,,0,0,0,0,0,0,0,0,,not_measured,pil-imagefilter.detail.standard
df5231519bb4810e6b0098560c5c791e56dc9952,true,2026-10-09T01:11:25.338187Z,48d69f9756559a7a8da696b16d93e10be849504250560e4830f3dc8ee97b4d9a,101fdb8cc2c9da7ea98da8602ac4e7879ab23c9d,false,2026-10-07T13:19:09.608307Z,8963ea465b99a6b2a2cca91ab2aa07ee321fb3a450edfd10a102f4681b3247e4,PIL.ImageFilter.DETAIL,PIL.ImageFilter.DETAIL,PIL.ImageFilter.DETAIL,type,endpoint,python-parallel-cpu,Pillow,,not_declared,not_declared_in_manifest_or_workload,python-cpu;python-gpu;python-simd,python-cpu,python-cpu;python-gpu;python-simd,1,0,pil-imagefilter.detail.standard,0,0,0,0,,,,,0,0,0,0,0,0,0,0,,,pil-imagefilter.detail.standard
df5231519bb4810e6b0098560c5c791e56dc9952,true,2026-10-09T01:11:25.338187Z,48d69f9756559a7a8da696b16d93e10be849504250560e4830f3dc8ee97b4d9a,101fdb8cc2c9da7ea98da8602ac4e7879ab23c9d,false,2026-10-07T13:19:09.608307Z,8963ea465b99a6b2a2cca91ab2aa07ee321fb3a450edfd10a102f4681b3247e4,PIL.ImageFilter.EDGE_ENHANCE,PIL.ImageFilter.EDGE_ENHANCE,PIL.ImageFilter.EDGE_ENHANCE,type,endpoint,python-cpu,Pillow,1.0,benchmark_workload,not_in_published_snapshot,python-cpu;python-gpu;python-simd,python-cpu,python-cpu;python-gpu;python-simd,1,0,pil-imagefilter.edge-enhance.standard,0,0,0,0,,,,,0,0,0,0,0,0,0,0,,,pil-imagefilter.edge-enhance.standard
df5231519bb4810e6b0098560c5c791e56dc9952,true,2026-10-09T01:11:25.338187Z,48d69f9756559a7a8da696b16d93e10be849504250560e4830f3dc8ee97b4d9a,101fdb8cc2c9da7ea98da8602ac4e7879ab23c9d,false,2026-10-07T13:19:09.608307Z,8963ea465b99a6b2a2cca91ab2aa07ee321fb3a450edfd10a102f4681b3247e4,PIL.ImageFilter.EDGE_ENHANCE,PIL.ImageFilter.EDGE_ENHANCE,PIL.ImageFilter.EDGE_ENHANCE,type,endpoint,python-simd,Pillow,2.0,benchmark_workload,not_in_published_snapshot,python-cpu;python-gpu;python-simd,python-cpu,python-cpu;python-gpu;python-simd,1,0,pil-imagefilter.edge-enhance.standard,0,0,0,0,0,,,,0,0,0,0,0,0,0,0,,,pil-imagefilter.edge-enhance.standard
df5231519bb4810e6b0098560c5c791e56dc9952,true,2026-10-09T01:11:25.338187Z,48d69f9756559a7a8da696b16d93e10be849504250560e4830f3dc8ee97b4d9a,101fdb8cc2c9da7ea98da8602ac4e7879ab23c9d,false,2026-10-07T13:19:09.608307Z,8963ea465b99a6b2a2cca91ab2aa07ee321fb3a450edfd10a102f4681b3247e4,PIL.ImageFilter.EDGE_ENHANCE,PIL.ImageFilter.EDGE_ENHANCE,PIL.ImageFilter.EDGE_ENHANCE,type,endpoint,python-gpu,SIMD,1.0,benchmark_workload,not_in_published_snapshot,python-cpu;python-gpu;python-simd,python-cpu,python-cpu;python-gpu;python-simd,1,0,pil-imagefilter.edge-enhance.standard,0,0,0,0,,,,,0,0,0,0,0,0,0,0,,not_measured,pil-imagefilter.edge-enhance.standard
df5231519bb4810e6b0098560c5c791e56dc9952,true,2026-10-09T01:11:25.338187Z,48d69f9756559a7a8da696b16d93e10be849504250560e4830f3dc8ee97b4d9a,101fdb8cc2c9da7ea98da8602ac4e7879ab23c9d,false,2026-10-07T13:19:09.608307Z,8963ea465b99a6b2a2cca91ab2aa07ee321fb3a450edfd10a102f4681b3247e4,PIL.ImageFilter.EDGE_ENHANCE,PIL.ImageFilter.EDGE_ENHANCE,PIL.ImageFilter.EDGE_ENHANCE,type,endpoint,python-parallel-cpu,Pillow,,not_declared,not_declared_in_manifest_or_workload,python-cpu;python-gpu;python-simd,python-cpu,python-cpu;python-gpu;python-simd,1,0,pil-imagefilter.edge-enhance.standard,0,0,0,0,,,,,0,0,0,0,0,0,0,0,,,pil-imagefilter.edge-enhance.standard
df5231519bb4810e6b0098560c5c791e56dc9952,true,2026-10-09T01:11:25.338187Z,48d69f9756559a7a8da696b16d93e10be849504250560e4830f3dc8ee97b4d9a,101fdb8cc2c9da7ea98da8602ac4e7879ab23c9d,false,2026-10-07T13:19:09.608307Z,8963ea465b99a6b2a2cca91ab2aa07ee321fb3a450edfd10a102f4681b3247e4,PIL.ImageFilter.EDGE_ENHANCE_MORE,PIL.ImageFilter.EDGE_ENHANCE_MORE,PIL.ImageFilter.EDGE_ENHANCE_MORE,type,endpoint,python-cpu,Pillow,1.0,benchmark_workload,not_in_published_snapshot,python-cpu;python-gpu;python-simd,python-cpu,python-cpu;python-gpu;python-simd,1,0,pil-imagefilter.edge-enhance-more.standard,0,0,0,0,,,,,0,0,0,0,0,0,0,0,,,pil-imagefilter.edge-enhance-more.standard
df5231519bb4810e6b0098560c5c791e56dc9952,true,2026-10-09T01:11:25.338187Z,48d69f9756559a7a8da696b16d93e10be849504250560e4830f3dc8ee97b4d9a,101fdb8cc2c9da7ea98da8602ac4e7879ab23c9d,false,2026-10-07T13:19:09.608307Z,8963ea465b99a6b2a2cca91ab2aa07ee321fb3a450edfd10a102f4681b3247e4,PIL.ImageFilter.EDGE_ENHANCE_MORE,PIL.ImageFilter.EDGE_ENHANCE_MORE,PIL.ImageFilter.EDGE_ENHANCE_MORE,type,endpoint,python-simd,Pillow,2.0,benchmark_workload,not_in_published_snapshot,python-cpu;python-gpu;python-simd,python-cpu,python-cpu;python-gpu;python-simd,1,0,pil-imagefilter.edge-enhance-more.standard,0,0,0,0,0,,,,0,0,0,0,0,0,0,0,,,pil-imagefilter.edge-enhance-more.standard
df5231519bb4810e6b0098560c5c791e56dc9952,true,2026-10-09T01:11:25.338187Z,48d69f9756559a7a8da696b16d93e10be849504250560e4830f3dc8ee97b4d9a,101fdb8cc2c9da7ea98da8602ac4e7879ab23c9d,false,2026-10-07T13:19:09.608307Z,8963ea465b99a6b2a2cca91ab2aa07ee321fb3a450edfd10a102f4681b3247e4,PIL.ImageFilter.EDGE_ENHANCE_MORE,PIL.ImageFilter.EDGE_ENHANCE_MORE,PIL.ImageFilter.EDGE_ENHANCE_MORE,type,endpoint,python-gpu,SIMD,1.0,benchmark_workload,not_in_published_snapshot,python-cpu;python-gpu;python-simd,python-cpu,python-cpu;python-gpu;python-simd,1,0,pil-imagefilter.edge-enhance-more.standard,0,0,0,0,,,,,0,0,0,0,0,0,0,0,,not_measured,pil-imagefilter.edge-enhance-more.standard
df5231519bb4810e6b0098560c5c791e56dc9952,true,2026-10-09T01:11:25.338187Z,48d69f9756559a7a8da696b16d93e10be849504250560e4830f3dc8ee97b4d9a,101fdb8cc2c9da7ea98da8602ac4e7879ab23c9d,false,2026-10-07T13:19:09.608307Z,8963ea465b99a6b2a2cca91ab2aa07ee321fb3a450edfd10a102f4681b3247e4,PIL.ImageFilter.EDGE_ENHANCE_MORE,PIL.ImageFilter.EDGE_ENHANCE_MORE,PIL.ImageFilter.EDGE_ENHANCE_MORE,type,endpoint,python-parallel-cpu,Pillow,,not_declared,not_declared_in_manifest_or_workload,python-cpu;python-gpu;python-simd,python-cpu,python-cpu;python-gpu;python-simd,1,0,pil-imagefilter.edge-enhance-more.standard,0,0,0,0,,,,,0,0,0,0,0,0,0,0,,,pil-imagefilter.edge-enhance-more.standard
df5231519bb4810e6b0098560c5c791e56dc9952,true,2026-10-09T01:11:25.338187Z,48d69f9756559a7a8da696b16d93e10be849504250560e4830f3dc8ee97b4d9a,101fdb8cc2c9da7ea98da8602ac4e7879ab23c9d,false,2026-10-07T13:19:09.608307Z,8963ea465b99a6b2a2cca91ab2aa07ee321fb3a450edfd10a102f4681b3247e4,PIL.ImageFilter.EMBOSS,PIL.ImageFilter.EMBOSS,PIL.ImageFilter.EMBOSS,type,endpoint,python-cpu,Pillow,1.0,benchmark_workload,not_in_published_snapshot,python-cpu;python-gpu;python-simd,python-cpu,python-cpu;python-gpu;python-simd,1,0,pil-imagefilter.emboss.standard,0,0,0,0,,,,,0,0,0,0,0,0,0,0,,,pil-imagefilter.emboss.standard
df5231519bb4810e6b0098560c5c791e56dc9952,true,2026-10-09T01:11:25.338187Z,48d69f9756559a7a8da696b16d93e10be849504250560e4830f3dc8ee97b4d9a,101fdb8cc2c9da7ea98da8602ac4e7879ab23c9d,false,2026-10-07T13:19:09.608307Z,8963ea465b99a6b2a2cca91ab2aa07ee321fb3a450edfd10a102f4681b3247e4,PIL.ImageFilter.EMBOSS,PIL.ImageFilter.EMBOSS,PIL.ImageFilter.EMBOSS,type,endpoint,python-simd,Pillow,2.0,benchmark_workload,not_in_published_snapshot,python-cpu;python-gpu;python-simd,python-cpu,python-cpu;python-gpu;python-simd,1,0,pil-imagefilter.emboss.standard,0,0,0,0,0,,,,0,0,0,0,0,0,0,0,,,pil-imagefilter.emboss.standard
df5231519bb4810e6b0098560c5c791e56dc9952,true,2026-10-09T01:11:25.338187Z,48d69f9756559a7a8da696b16d93e10be849504250560e4830f3dc8ee97b4d9a,101fdb8cc2c9da7ea98da8602ac4e7879ab23c9d,false,2026-10-07T13:19:09.608307Z,8963ea465b99a6b2a2cca91ab2aa07ee321fb3a450edfd10a102f4681b3247e4,PIL.ImageFilter.EMBOSS,PIL.ImageFilter.EMBOSS,PIL.ImageFilter.EMBOSS,type,endpoint,python-gpu,SIMD,1.0,benchmark_workload,not_in_published_snapshot,python-cpu;python-gpu;python-simd,python-cpu,python-cpu;python-gpu;python-simd,1,0,pil-imagefilter.emboss.standard,0,0,0,0,,,,,0,0,0,0,0,0,0,0,,not_measured,pil-imagefilter.emboss.standard
df5231519bb4810e6b0098560c5c791e56dc9952,true,2026-10-09T01:11:25.338187Z,48d69f9756559a7a8da696b16d93e10be849504250560e4830f3dc8ee97b4d9a,101fdb8cc2c9da7ea98da8602ac4e7879ab23c9d,false,2026-10-07T13:19:09.608307Z,8963ea465b99a6b2a2cca91ab2aa07ee321fb3a450edfd10a102f4681b3247e4,PIL.ImageFilter.EMBOSS,PIL.ImageFilter.EMBOSS,PIL.ImageFilter.EMBOSS,type,endpoint,python-parallel-cpu,Pillow,,not_declared,not_declared_in_manifest_or_workload,python-cpu;python-gpu;python-simd,python-cpu,python-cpu;python-gpu;python-simd,1,0,pil-imagefilter.emboss.standard,0,0,0,0,,,,,0,0,0,0,0,0,0,0,,,pil-imagefilter.emboss.standard
df5231519bb4810e6b0098560c5c791e56dc9952,true,2026-10-09T01:11:25.338187Z,48d69f9756559a7a8da696b16d93e10be849504250560e4830f3dc8ee97b4d9a,101fdb8cc2c9da7ea98da8602ac4e7879ab23c9d,false,2026-10-07T13:19:09.608307Z,8963ea465b99a6b2a2cca91ab2aa07ee321fb3a450edfd10a102f4681b3247e4,PIL.ImageFilter.FIND_EDGES,PIL.ImageFilter.FIND_EDGES,PIL.ImageFilter.FIND_EDGES,type,endpoint,python-cpu,Pillow,1.0,benchmark_workload,not_in_published_snapshot,python-cpu;python-gpu;python-simd,python-cpu,python-cpu;python-gpu;python-simd,1,0,pil-imagefilter.find-edges.standard,0,0,0,0,,,,,0,0,0,0,0,0,0,0,,,pil-imagefilter.find-edges.standard
df5231519bb4810e6b0098560c5c791e56dc9952,true,2026-10-09T01:11:25.338187Z,48d69f9756559a7a8da696b16d93e10be849504250560e4830f3dc8ee97b4d9a,101fdb8cc2c9da7ea98da8602ac4e7879ab23c9d,false,2026-10-07T13:19:09.608307Z,8963ea465b99a6b2a2cca91ab2aa07ee321fb3a450edfd10a102f4681b3247e4,PIL.ImageFilter.FIND_EDGES,PIL.ImageFilter.FIND_EDGES,PIL.ImageFilter.FIND_EDGES,type,endpoint,python-simd,Pillow,2.0,benchmark_workload,not_in_published_snapshot,python-cpu;python-gpu;python-simd,python-cpu,python-cpu;python-gpu;python-simd,1,0,pil-imagefilter.find-edges.standard,0,0,0,0,0,,,,0,0,0,0,0,0,0,0,,,pil-imagefilter.find-edges.standard
df5231519bb4810e6b0098560c5c791e56dc9952,true,2026-10-09T01:11:25.338187Z,48d69f9756559a7a8da696b16d93e10be849504250560e4830f3dc8ee97b4d9a,101fdb8cc2c9da7ea98da8602ac4e7879ab23c9d,false,2026-10-07T13:19:09.608307Z,8963ea465b99a6b2a2cca91ab2aa07ee321fb3a450edfd10a102f4681b3247e4,PIL.ImageFilter.FIND_EDGES,PIL.ImageFilter.FIND_EDGES,PIL.ImageFilter.FIND_EDGES,type,endpoint,python-gpu,SIMD,1.0,benchmark_workload,not_in_published_snapshot,python-cpu;python-gpu;python-simd,python-cpu,python-cpu;python-gpu;python-simd,1,0,pil-imagefilter.find-edges.standard,0,0,0,0,,,,,0,0,0,0,0,0,0,0,,not_measured,pil-imagefilter.find-edges.standard
df5231519bb4810e6b0098560c5c791e56dc9952,true,2026-10-09T01:11:25.338187Z,48d69f9756559a7a8da696b16d93e10be849504250560e4830f3dc8ee97b4d9a,101fdb8cc2c9da7ea98da8602ac4e7879ab23c9d,false,2026-10-07T13:19:09.608307Z,8963ea465b99a6b2a2cca91ab2aa07ee321fb3a450edfd10a102f4681b3247e4,PIL.ImageFilter.FIND_EDGES,PIL.ImageFilter.FIND_EDGES,PIL.ImageFilter.FIND_EDGES,type,endpoint,python-parallel-cpu,Pillow,,not_declared,not_declared_in_manifest_or_workload,python-cpu;python-gpu;python-simd,python-cpu,python-cpu;python-gpu;python-simd,1,0,pil-imagefilter.find-edges.standard,0,0,0,0,,,,,0,0,0,0,0,0,0,0,,,pil-imagefilter.find-edges.standard
df5231519bb4810e6b0098560c5c791e56dc9952,true,2026-10-09T01:11:25.338187Z,48d69f9756559a7a8da696b16d93e10be849504250560e4830f3dc8ee97b4d9a,101fdb8cc2c9da7ea98da8602ac4e7879ab23c9d,false,2026-10-07T13:19:09.608307Z,8963ea465b99a6b2a2cca91ab2aa07ee321fb3a450edfd10a102f4681b3247e4,PIL.ImageFilter.GaussianBlur,PIL.ImageFilter.GaussianBlur,PIL.ImageFilter.GaussianBlur,type,endpoint,python-cpu,Pillow,1.0,benchmark_workload,target_unmet_in_verified_rows,python-cpu;python-gpu;python-simd,python-cpu,python-cpu;python-gpu;python-simd,3,2,pil-imagefilter.gaussianblur.standard,6,6,1,5,,0.917567,pipeline-op.gaussianblur.material-la-noise-1024x768,macos-15-arm64,0,0,0,0,0,0,0,0,,,pil-imagefilter.gaussianblur.standard;pipeline-op.gaussianblur.material-l-noise-1024x768;pipeline-op.gaussianblur.material-la-noise-1024x768
df5231519bb4810e6b0098560c5c791e56dc9952,true,2026-10-09T01:11:25.338187Z,48d69f9756559a7a8da696b16d93e10be849504250560e4830f3dc8ee97b4d9a,101fdb8cc2c9da7ea98da8602ac4e7879ab23c9d,false,2026-10-07T13:19:09.608307Z,8963ea465b99a6b2a2cca91ab2aa07ee321fb3a450edfd10a102f4681b3247e4,PIL.ImageFilter.GaussianBlur,PIL.ImageFilter.GaussianBlur,PIL.ImageFilter.GaussianBlur,type,endpoint,python-simd,Pillow,2.0,benchmark_workload,target_unmet_in_verified_rows,python-cpu;python-gpu;python-simd,python-cpu,python-cpu;python-gpu;python-simd,3,2,pil-imagefilter.gaussianblur.standard,6,6,3,4,6,0.674792,pipeline-op.gaussianblur.material-l-noise-1024x768,ubuntu-24.04-arm64,0,0,0,0,0,0,3,0,,,pil-imagefilter.gaussianblur.standard;pipeline-op.gaussianblur.material-l-noise-1024x768;pipeline-op.gaussianblur.material-la-noise-1024x768
df5231519bb4810e6b0098560c5c791e56dc9952,true,2026-10-09T01:11:25.338187Z,48d69f9756559a7a8da696b16d93e10be849504250560e4830f3dc8ee97b4d9a,101fdb8cc2c9da7ea98da8602ac4e7879ab23c9d,false,2026-10-07T13:19:09.608307Z,8963ea465b99a6b2a2cca91ab2aa07ee321fb3a450edfd10a102f4681b3247e4,PIL.ImageFilter.GaussianBlur,PIL.ImageFilter.GaussianBlur,PIL.ImageFilter.GaussianBlur,type,endpoint,python-gpu,SIMD,1.0,benchmark_workload,target_met_in_verified_rows,python-cpu;python-gpu;python-simd,python-cpu,python-cpu;python-gpu;python-simd,3,2,pil-imagefilter.gaussianblur.standard,2,2,0,1,,1.718109,pipeline-op.gaussianblur.material-la-noise-1024x768,macos-15-arm64,0,0,0,0,0,0,0,0,,not_measured,pil-imagefilter.gaussianblur.standard;pipeline-op.gaussianblur.material-l-noise-1024x768;pipeline-op.gaussianblur.material-la-noise-1024x768
df5231519bb4810e6b0098560c5c791e56dc9952,true,2026-10-09T01:11:25.338187Z,48d69f9756559a7a8da696b16d93e10be849504250560e4830f3dc8ee97b4d9a,101fdb8cc2c9da7ea98da8602ac4e7879ab23c9d,false,2026-10-07T13:19:09.608307Z,8963ea465b99a6b2a2cca91ab2aa07ee321fb3a450edfd10a102f4681b3247e4,PIL.ImageFilter.GaussianBlur,PIL.ImageFilter.GaussianBlur,PIL.ImageFilter.GaussianBlur,type,endpoint,python-parallel-cpu,Pillow,,published_rows_only,tracked_as_separate_profile,python-cpu;python-gpu;python-simd,python-cpu,python-cpu;python-gpu;python-simd,3,2,pil-imagefilter.gaussianblur.standard,6,6,2,4,,0.843774,pipeline-op.gaussianblur.material-la-noise-1024x768,macos-15-arm64,0,0,0,0,0,0,0,0,,,pil-imagefilter.gaussianblur.standard;pipeline-op.gaussianblur.material-l-noise-1024x768;pipeline-op.gaussianblur.material-la-noise-1024x768
df5231519bb4810e6b0098560c5c791e56dc9952,true,2026-10-09T01:11:25.338187Z,48d69f9756559a7a8da696b16d93e10be849504250560e4830f3dc8ee97b4d9a,101fdb8cc2c9da7ea98da8602ac4e7879ab23c9d,false,2026-10-07T13:19:09.608307Z,8963ea465b99a6b2a2cca91ab2aa07ee321fb3a450edfd10a102f4681b3247e4,PIL.ImageFilter.Kernel,PIL.ImageFilter.Kernel,PIL.ImageFilter.Kernel,type,endpoint,python-cpu,Pillow,1.0,benchmark_workload,no_verified_comparison,python-cpu;python-gpu;python-simd,python-cpu,python-cpu;python-gpu;python-simd,23,22,pil-imagefilter.kernel.standard,66,0,0,0,,,,,66,0,0,0,0,0,0,0,,,pil-imagefilter.kernel.standard;pipeline-chain.convolution.crossover.l-3x3-invert.512x512;pipeline-chain.convolution.crossover.l-5x5-scale.512x512;pipeline-chain.convolution.crossover.la-3x3-alpha.512x512;pipeline-chain.convolution.crossover.rgb-3x3-mirror.512x512;pipeline-chain.convolution.material.l-3x3-invert.256x256;pipeline-chain.convolution.material.l-5x5-scale.256x256;pipeline-chain.convolution.material.la-3x3-alpha.256x256;pipeline-chain.convolution.material.rgb-3x3-mirror.256x256;pipeline-chain.convolution.material.rgb-5x5-pad.256x256;pipeline-chain.convolution.material.rgba-3x3-transpose.256x256;pipeline-chain.convolution.native.l-3x3-invert.1024x768;pipeline-chain.convolution.native.l-5x5-scale.1024x768;pipeline-chain.convolution.native.la-3x3-alpha.1024x768;pipeline-chain.convolution.native.la-5x5-mirror.1024x768;pipeline-chain.convolution.native.rgb-3x3-mirror.1024x768;pipeline-chain.convolution.native.rgb-5x5-pad.1024x768;pipeline-chain.convolution.native.rgba-3x3-transpose.1024x768;pipeline-chain.convolution.native.rgba-5x5-invert.1024x768;pipeline-chain.matrix-096;pipeline-chain.matrix-097;pipeline-chain.matrix-098;pipeline-chain.matrix-099
df5231519bb4810e6b0098560c5c791e56dc9952,true,2026-10-09T01:11:25.338187Z,48d69f9756559a7a8da696b16d93e10be849504250560e4830f3dc8ee97b4d9a,101fdb8cc2c9da7ea98da8602ac4e7879ab23c9d,false,2026-10-07T13:19:09.608307Z,8963ea465b99a6b2a2cca91ab2aa07ee321fb3a450edfd10a102f4681b3247e4,PIL.ImageFilter.Kernel,PIL.ImageFilter.Kernel,PIL.ImageFilter.Kernel,type,endpoint,python-simd,Pillow,2.0,benchmark_workload,no_verified_comparison,python-cpu;python-gpu;python-simd,python-cpu,python-cpu;python-gpu;python-simd,23,22,pil-imagefilter.kernel.standard,66,0,0,0,0,,,,66,0,0,0,0,0,0,0,,,pil-imagefilter.kernel.standard;pipeline-chain.convolution.crossover.l-3x3-invert.512x512;pipeline-chain.convolution.crossover.l-5x5-scale.512x512;pipeline-chain.convolution.crossover.la-3x3-alpha.512x512;pipeline-chain.convolution.crossover.rgb-3x3-mirror.512x512;pipeline-chain.convolution.material.l-3x3-invert.256x256;pipeline-chain.convolution.material.l-5x5-scale.256x256;pipeline-chain.convolution.material.la-3x3-alpha.256x256;pipeline-chain.convolution.material.rgb-3x3-mirror.256x256;pipeline-chain.convolution.material.rgb-5x5-pad.256x256;pipeline-chain.convolution.material.rgba-3x3-transpose.256x256;pipeline-chain.convolution.native.l-3x3-invert.1024x768;pipeline-chain.convolution.native.l-5x5-scale.1024x768;pipeline-chain.convolution.native.la-3x3-alpha.1024x768;pipeline-chain.convolution.native.la-5x5-mirror.1024x768;pipeline-chain.convolution.native.rgb-3x3-mirror.1024x768;pipeline-chain.convolution.native.rgb-5x5-pad.1024x768;pipeline-chain.convolution.native.rgba-3x3-transpose.1024x768;pipeline-chain.convolution.native.rgba-5x5-invert.1024x768;pipeline-chain.matrix-096;pipeline-chain.matrix-097;pipeline-chain.matrix-098;pipeline-chain.matrix-099
df5231519bb4810e6b0098560c5c791e56dc9952,true,2026-10-09T01:11:25.338187Z,48d69f9756559a7a8da696b16d93e10be849504250560e4830f3dc8ee97b4d9a,101fdb8cc2c9da7ea98da8602ac4e7879ab23c9d,false,2026-10-07T13:19:09.608307Z,8963ea465b99a6b2a2cca91ab2aa07ee321fb3a450edfd10a102f4681b3247e4,PIL.ImageFilter.Kernel,PIL.ImageFilter.Kernel,PIL.ImageFilter.Kernel,type,endpoint,python-gpu,SIMD,1.0,benchmark_workload,no_verified_comparison,python-cpu;python-gpu;python-simd,python-cpu,python-cpu;python-gpu;python-simd,23,22,pil-imagefilter.kernel.standard,22,0,0,0,,,,,22,0,0,0,0,0,0,0,,not_measured,pil-imagefilter.kernel.standard;pipeline-chain.convolution.crossover.l-3x3-invert.512x512;pipeline-chain.convolution.crossover.l-5x5-scale.512x512;pipeline-chain.convolution.crossover.la-3x3-alpha.512x512;pipeline-chain.convolution.crossover.rgb-3x3-mirror.512x512;pipeline-chain.convolution.material.l-3x3-invert.256x256;pipeline-chain.convolution.material.l-5x5-scale.256x256;pipeline-chain.convolution.material.la-3x3-alpha.256x256;pipeline-chain.convolution.material.rgb-3x3-mirror.256x256;pipeline-chain.convolution.material.rgb-5x5-pad.256x256;pipeline-chain.convolution.material.rgba-3x3-transpose.256x256;pipeline-chain.convolution.native.l-3x3-invert.1024x768;pipeline-chain.convolution.native.l-5x5-scale.1024x768;pipeline-chain.convolution.native.la-3x3-alpha.1024x768;pipeline-chain.convolution.native.la-5x5-mirror.1024x768;pipeline-chain.convolution.native.rgb-3x3-mirror.1024x768;pipeline-chain.convolution.native.rgb-5x5-pad.1024x768;pipeline-chain.convolution.native.rgba-3x3-transpose.1024x768;pipeline-chain.convolution.native.rgba-5x5-invert.1024x768;pipeline-chain.matrix-096;pipeline-chain.matrix-097;pipeline-chain.matrix-098;pipeline-chain.matrix-099
df5231519bb4810e6b0098560c5c791e56dc9952,true,2026-10-09T01:11:25.338187Z,48d69f9756559a7a8da696b16d93e10be849504250560e4830f3dc8ee97b4d9a,101fdb8cc2c9da7ea98da8602ac4e7879ab23c9d,false,2026-10-07T13:19:09.608307Z,8963ea465b99a6b2a2cca91ab2aa07ee321fb3a450edfd10a102f4681b3247e4,PIL.ImageFilter.Kernel,PIL.ImageFilter.Kernel,PIL.ImageFilter.Kernel,type,endpoint,python-parallel-cpu,Pillow,,published_rows_only,no_verified_comparison,python-cpu;python-gpu;python-simd,python-cpu,python-cpu;python-gpu;python-simd,23,22,pil-imagefilter.kernel.standard,66,0,0,0,,,,,66,0,0,0,0,0,0,0,,,pil-imagefilter.kernel.standard;pipeline-chain.convolution.crossover.l-3x3-invert.512x512;pipeline-chain.convolution.crossover.l-5x5-scale.512x512;pipeline-chain.convolution.crossover.la-3x3-alpha.512x512;pipeline-chain.convolution.crossover.rgb-3x3-mirror.512x512;pipeline-chain.convolution.material.l-3x3-invert.256x256;pipeline-chain.convolution.material.l-5x5-scale.256x256;pipeline-chain.convolution.material.la-3x3-alpha.256x256;pipeline-chain.convolution.material.rgb-3x3-mirror.256x256;pipeline-chain.convolution.material.rgb-5x5-pad.256x256;pipeline-chain.convolution.material.rgba-3x3-transpose.256x256;pipeline-chain.convolution.native.l-3x3-invert.1024x768;pipeline-chain.convolution.native.l-5x5-scale.1024x768;pipeline-chain.convolution.native.la-3x3-alpha.1024x768;pipeline-chain.convolution.native.la-5x5-mirror.1024x768;pipeline-chain.convolution.native.rgb-3x3-mirror.1024x768;pipeline-chain.convolution.native.rgb-5x5-pad.1024x768;pipeline-chain.convolution.native.rgba-3x3-transpose.1024x768;pipeline-chain.convolution.native.rgba-5x5-invert.1024x768;pipeline-chain.matrix-096;pipeline-chain.matrix-097;pipeline-chain.matrix-098;pipeline-chain.matrix-099
df5231519bb4810e6b0098560c5c791e56dc9952,true,2026-10-09T01:11:25.338187Z,48d69f9756559a7a8da696b16d93e10be849504250560e4830f3dc8ee97b4d9a,101fdb8cc2c9da7ea98da8602ac4e7879ab23c9d,false,2026-10-07T13:19:09.608307Z,8963ea465b99a6b2a2cca91ab2aa07ee321fb3a450edfd10a102f4681b3247e4,PIL.ImageFilter.MaxFilter,PIL.ImageFilter.MaxFilter,PIL.ImageFilter.MaxFilter,type,endpoint,python-cpu,Pillow,1.0,benchmark_workload,target_met_in_verified_rows,python-cpu;python-gpu;python-simd,python-cpu,python-cpu;python-gpu;python-simd,4,3,pil-imagefilter.maxfilter.standard,9,9,0,0,,2.411414,pipeline-op.maxfilter.material-l-noise-1024x768,ubuntu-24.04-arm64,0,0,0,0,0,0,0,0,,,pil-imagefilter.maxfilter.standard;pipeline-op.maxfilter.material-l-noise-1024x768;pipeline-op.maxfilter.material-la-noise-1024x768;pipeline-op.maxfilter.material-rgb-noise-1024x768
df5231519bb4810e6b0098560c5c791e56dc9952,true,2026-10-09T01:11:25.338187Z,48d69f9756559a7a8da696b16d93e10be849504250560e4830f3dc8ee97b4d9a,101fdb8cc2c9da7ea98da8602ac4e7879ab23c9d,false,2026-10-07T13:19:09.608307Z,8963ea465b99a6b2a2cca91ab2aa07ee321fb3a450edfd10a102f4681b3247e4,PIL.ImageFilter.MaxFilter,PIL.ImageFilter.MaxFilter,PIL.ImageFilter.MaxFilter,type,endpoint,python-simd,Pillow,2.0,benchmark_workload,target_met_in_verified_rows,python-cpu;python-gpu;python-simd,python-cpu,python-cpu;python-gpu;python-simd,4,3,pil-imagefilter.maxfilter.standard,9,9,0,0,3,4.532042,pipeline-op.maxfilter.material-l-noise-1024x768,ubuntu-24.04-arm64,0,0,0,0,0,0,0,0,,,pil-imagefilter.maxfilter.standard;pipeline-op.maxfilter.material-l-noise-1024x768;pipeline-op.maxfilter.material-la-noise-1024x768;pipeline-op.maxfilter.material-rgb-noise-1024x768
df5231519bb4810e6b0098560c5c791e56dc9952,true,2026-10-09T01:11:25.338187Z,48d69f9756559a7a8da696b16d93e10be849504250560e4830f3dc8ee97b4d9a,101fdb8cc2c9da7ea98da8602ac4e7879ab23c9d,false,2026-10-07T13:19:09.608307Z,8963ea465b99a6b2a2cca91ab2aa07ee321fb3a450edfd10a102f4681b3247e4,PIL.ImageFilter.MaxFilter,PIL.ImageFilter.MaxFilter,PIL.ImageFilter.MaxFilter,type,endpoint,python-gpu,SIMD,1.0,benchmark_workload,target_met_in_verified_rows,python-cpu;python-gpu;python-simd,python-cpu,python-cpu;python-gpu;python-simd,4,3,pil-imagefilter.maxfilter.standard,3,3,0,0,,3.119673,pipeline-op.maxfilter.material-l-noise-1024x768,macos-15-arm64,0,0,0,0,0,0,0,0,,not_measured,pil-imagefilter.maxfilter.standard;pipeline-op.maxfilter.material-l-noise-1024x768;pipeline-op.maxfilter.material-la-noise-1024x768;pipeline-op.maxfilter.material-rgb-noise-1024x768
df5231519bb4810e6b0098560c5c791e56dc9952,true,2026-10-09T01:11:25.338187Z,48d69f9756559a7a8da696b16d93e10be849504250560e4830f3dc8ee97b4d9a,101fdb8cc2c9da7ea98da8602ac4e7879ab23c9d,false,2026-10-07T13:19:09.608307Z,8963ea465b99a6b2a2cca91ab2aa07ee321fb3a450edfd10a102f4681b3247e4,PIL.ImageFilter.MaxFilter,PIL.ImageFilter.MaxFilter,PIL.ImageFilter.MaxFilter,type,endpoint,python-parallel-cpu,Pillow,,published_rows_only,tracked_as_separate_profile,python-cpu;python-gpu;python-simd,python-cpu,python-cpu;python-gpu;python-simd,4,3,pil-imagefilter.maxfilter.standard,9,9,0,0,,7.117845,pipeline-op.maxfilter.material-l-noise-1024x768,ubuntu-24.04-x86_64,0,0,0,0,0,0,0,0,,,pil-imagefilter.maxfilter.standard;pipeline-op.maxfilter.material-l-noise-1024x768;pipeline-op.maxfilter.material-la-noise-1024x768;pipeline-op.maxfilter.material-rgb-noise-1024x768
df5231519bb4810e6b0098560c5c791e56dc9952,true,2026-10-09T01:11:25.338187Z,48d69f9756559a7a8da696b16d93e10be849504250560e4830f3dc8ee97b4d9a,101fdb8cc2c9da7ea98da8602ac4e7879ab23c9d,false,2026-10-07T13:19:09.608307Z,8963ea465b99a6b2a2cca91ab2aa07ee321fb3a450edfd10a102f4681b3247e4,PIL.ImageFilter.MedianFilter,PIL.ImageFilter.MedianFilter,PIL.ImageFilter.MedianFilter,type,endpoint,python-cpu,Pillow,1.0,benchmark_workload,target_met_in_verified_rows,python-cpu;python-gpu;python-simd,python-cpu,python-cpu;python-gpu;python-simd,4,3,pil-imagefilter.medianfilter.standard,9,9,0,9,,1.308774,pipeline-op.medianfilter.material-la-noise-1024x768,ubuntu-24.04-x86_64,0,0,0,0,0,0,0,0,,,pil-imagefilter.medianfilter.standard;pipeline-op.medianfilter.material-l-noise-1024x768;pipeline-op.medianfilter.material-la-noise-1024x768;pipeline-op.medianfilter.material-rgb-noise-1024x768
df5231519bb4810e6b0098560c5c791e56dc9952,true,2026-10-09T01:11:25.338187Z,48d69f9756559a7a8da696b16d93e10be849504250560e4830f3dc8ee97b4d9a,101fdb8cc2c9da7ea98da8602ac4e7879ab23c9d,false,2026-10-07T13:19:09.608307Z,8963ea465b99a6b2a2cca91ab2aa07ee321fb3a450edfd10a102f4681b3247e4,PIL.ImageFilter.MedianFilter,PIL.ImageFilter.MedianFilter,PIL.ImageFilter.MedianFilter,type,endpoint,python-simd,Pillow,2.0,benchmark_workload,target_met_in_verified_rows,python-cpu;python-gpu;python-simd,python-cpu,python-cpu;python-gpu;python-simd,4,3,pil-imagefilter.medianfilter.standard,9,9,0,0,6,4.433603,pipeline-op.medianfilter.material-l-noise-1024x768,ubuntu-24.04-x86_64,0,0,0,0,0,0,0,0,,,pil-imagefilter.medianfilter.standard;pipeline-op.medianfilter.material-l-noise-1024x768;pipeline-op.medianfilter.material-la-noise-1024x768;pipeline-op.medianfilter.material-rgb-noise-1024x768
df5231519bb4810e6b0098560c5c791e56dc9952,true,2026-10-09T01:11:25.338187Z,48d69f9756559a7a8da696b16d93e10be849504250560e4830f3dc8ee97b4d9a,101fdb8cc2c9da7ea98da8602ac4e7879ab23c9d,false,2026-10-07T13:19:09.608307Z,8963ea465b99a6b2a2cca91ab2aa07ee321fb3a450edfd10a102f4681b3247e4,PIL.ImageFilter.MedianFilter,PIL.ImageFilter.MedianFilter,PIL.ImageFilter.MedianFilter,type,endpoint,python-gpu,SIMD,1.0,benchmark_workload,target_met_in_verified_rows,python-cpu;python-gpu;python-simd,python-cpu,python-cpu;python-gpu;python-simd,4,3,pil-imagefilter.medianfilter.standard,3,3,0,0,,3.479958,pipeline-op.medianfilter.material-l-noise-1024x768,macos-15-arm64,0,0,0,0,0,0,0,0,,not_measured,pil-imagefilter.medianfilter.standard;pipeline-op.medianfilter.material-l-noise-1024x768;pipeline-op.medianfilter.material-la-noise-1024x768;pipeline-op.medianfilter.material-rgb-noise-1024x768
df5231519bb4810e6b0098560c5c791e56dc9952,true,2026-10-09T01:11:25.338187Z,48d69f9756559a7a8da696b16d93e10be849504250560e4830f3dc8ee97b4d9a,101fdb8cc2c9da7ea98da8602ac4e7879ab23c9d,false,2026-10-07T13:19:09.608307Z,8963ea465b99a6b2a2cca91ab2aa07ee321fb3a450edfd10a102f4681b3247e4,PIL.ImageFilter.MedianFilter,PIL.ImageFilter.MedianFilter,PIL.ImageFilter.MedianFilter,type,endpoint,python-parallel-cpu,Pillow,,published_rows_only,tracked_as_separate_profile,python-cpu;python-gpu;python-simd,python-cpu,python-cpu;python-gpu;python-simd,4,3,pil-imagefilter.medianfilter.standard,9,9,0,0,,4.067140,pipeline-op.medianfilter.material-l-noise-1024x768,ubuntu-24.04-x86_64,0,0,0,0,0,0,0,0,,,pil-imagefilter.medianfilter.standard;pipeline-op.medianfilter.material-l-noise-1024x768;pipeline-op.medianfilter.material-la-noise-1024x768;pipeline-op.medianfilter.material-rgb-noise-1024x768
df5231519bb4810e6b0098560c5c791e56dc9952,true,2026-10-09T01:11:25.338187Z,48d69f9756559a7a8da696b16d93e10be849504250560e4830f3dc8ee97b4d9a,101fdb8cc2c9da7ea98da8602ac4e7879ab23c9d,false,2026-10-07T13:19:09.608307Z,8963ea465b99a6b2a2cca91ab2aa07ee321fb3a450edfd10a102f4681b3247e4,PIL.ImageFilter.MinFilter,PIL.ImageFilter.MinFilter,PIL.ImageFilter.MinFilter,type,endpoint,python-cpu,Pillow,1.0,benchmark_workload,target_met_in_verified_rows,python-cpu;python-gpu;python-simd,python-cpu,python-cpu;python-gpu;python-simd,4,3,pil-imagefilter.minfilter.standard,9,9,0,0,,2.186085,pipeline-op.minfilter.material-l-noise-1024x768,ubuntu-24.04-arm64,0,0,0,0,0,0,0,0,,,pil-imagefilter.minfilter.standard;pipeline-op.minfilter.material-l-noise-1024x768;pipeline-op.minfilter.material-la-noise-1024x768;pipeline-op.minfilter.material-rgb-noise-1024x768
df5231519bb4810e6b0098560c5c791e56dc9952,true,2026-10-09T01:11:25.338187Z,48d69f9756559a7a8da696b16d93e10be849504250560e4830f3dc8ee97b4d9a,101fdb8cc2c9da7ea98da8602ac4e7879ab23c9d,false,2026-10-07T13:19:09.608307Z,8963ea465b99a6b2a2cca91ab2aa07ee321fb3a450edfd10a102f4681b3247e4,PIL.ImageFilter.MinFilter,PIL.ImageFilter.MinFilter,PIL.ImageFilter.MinFilter,type,endpoint,python-simd,Pillow,2.0,benchmark_workload,target_met_in_verified_rows,python-cpu;python-gpu;python-simd,python-cpu,python-cpu;python-gpu;python-simd,4,3,pil-imagefilter.minfilter.standard,9,9,0,0,3,4.195451,pipeline-op.minfilter.material-l-noise-1024x768,ubuntu-24.04-arm64,0,0,0,0,0,0,0,0,,,pil-imagefilter.minfilter.standard;pipeline-op.minfilter.material-l-noise-1024x768;pipeline-op.minfilter.material-la-noise-1024x768;pipeline-op.minfilter.material-rgb-noise-1024x768
df5231519bb4810e6b0098560c5c791e56dc9952,true,2026-10-09T01:11:25.338187Z,48d69f9756559a7a8da696b16d93e10be849504250560e4830f3dc8ee97b4d9a,101fdb8cc2c9da7ea98da8602ac4e7879ab23c9d,false,2026-10-07T13:19:09.608307Z,8963ea465b99a6b2a2cca91ab2aa07ee321fb3a450edfd10a102f4681b3247e4,PIL.ImageFilter.MinFilter,PIL.ImageFilter.MinFilter,PIL.ImageFilter.MinFilter,type,endpoint,python-gpu,SIMD,1.0,benchmark_workload,target_met_in_verified_rows,python-cpu;python-gpu;python-simd,python-cpu,python-cpu;python-gpu;python-simd,4,3,pil-imagefilter.minfilter.standard,3,3,0,0,,2.514106,pipeline-op.minfilter.material-l-noise-1024x768,macos-15-arm64,0,0,0,0,0,0,0,0,,not_measured,pil-imagefilter.minfilter.standard;pipeline-op.minfilter.material-l-noise-1024x768;pipeline-op.minfilter.material-la-noise-1024x768;pipeline-op.minfilter.material-rgb-noise-1024x768
df5231519bb4810e6b0098560c5c791e56dc9952,true,2026-10-09T01:11:25.338187Z,48d69f9756559a7a8da696b16d93e10be849504250560e4830f3dc8ee97b4d9a,101fdb8cc2c9da7ea98da8602ac4e7879ab23c9d,false,2026-10-07T13:19:09.608307Z,8963ea465b99a6b2a2cca91ab2aa07ee321fb3a450edfd10a102f4681b3247e4,PIL.ImageFilter.MinFilter,PIL.ImageFilter.MinFilter,PIL.ImageFilter.MinFilter,type,endpoint,python-parallel-cpu,Pillow,,published_rows_only,tracked_as_separate_profile,python-cpu;python-gpu;python-simd,python-cpu,python-cpu;python-gpu;python-simd,4,3,pil-imagefilter.minfilter.standard,9,9,0,0,,6.543382,pipeline-op.minfilter.material-l-noise-1024x768,ubuntu-24.04-x86_64,0,0,0,0,0,0,0,0,,,pil-imagefilter.minfilter.standard;pipeline-op.minfilter.material-l-noise-1024x768;pipeline-op.minfilter.material-la-noise-1024x768;pipeline-op.minfilter.material-rgb-noise-1024x768
df5231519bb4810e6b0098560c5c791e56dc9952,true,2026-10-09T01:11:25.338187Z,48d69f9756559a7a8da696b16d93e10be849504250560e4830f3dc8ee97b4d9a,101fdb8cc2c9da7ea98da8602ac4e7879ab23c9d,false,2026-10-07T13:19:09.608307Z,8963ea465b99a6b2a2cca91ab2aa07ee321fb3a450edfd10a102f4681b3247e4,PIL.ImageFilter.ModeFilter,PIL.ImageFilter.ModeFilter,PIL.ImageFilter.ModeFilter,type,endpoint,python-cpu,Pillow,1.0,benchmark_workload,not_in_published_snapshot,python-cpu;python-gpu;python-simd,python-cpu,python-cpu;python-gpu;python-simd,1,0,pil-imagefilter.modefilter.standard,0,0,0,0,,,,,0,0,0,0,0,0,0,0,,,pil-imagefilter.modefilter.standard
df5231519bb4810e6b0098560c5c791e56dc9952,true,2026-10-09T01:11:25.338187Z,48d69f9756559a7a8da696b16d93e10be849504250560e4830f3dc8ee97b4d9a,101fdb8cc2c9da7ea98da8602ac4e7879ab23c9d,false,2026-10-07T13:19:09.608307Z,8963ea465b99a6b2a2cca91ab2aa07ee321fb3a450edfd10a102f4681b3247e4,PIL.ImageFilter.ModeFilter,PIL.ImageFilter.ModeFilter,PIL.ImageFilter.ModeFilter,type,endpoint,python-simd,Pillow,2.0,benchmark_workload,not_in_published_snapshot,python-cpu;python-gpu;python-simd,python-cpu,python-cpu;python-gpu;python-simd,1,0,pil-imagefilter.modefilter.standard,0,0,0,0,0,,,,0,0,0,0,0,0,0,0,,,pil-imagefilter.modefilter.standard
df5231519bb4810e6b0098560c5c791e56dc9952,true,2026-10-09T01:11:25.338187Z,48d69f9756559a7a8da696b16d93e10be849504250560e4830f3dc8ee97b4d9a,101fdb8cc2c9da7ea98da8602ac4e7879ab23c9d,false,2026-10-07T13:19:09.608307Z,8963ea465b99a6b2a2cca91ab2aa07ee321fb3a450edfd10a102f4681b3247e4,PIL.ImageFilter.ModeFilter,PIL.ImageFilter.ModeFilter,PIL.ImageFilter.ModeFilter,type,endpoint,python-gpu,SIMD,1.0,benchmark_workload,not_in_published_snapshot,python-cpu;python-gpu;python-simd,python-cpu,python-cpu;python-gpu;python-simd,1,0,pil-imagefilter.modefilter.standard,0,0,0,0,,,,,0,0,0,0,0,0,0,0,,not_measured,pil-imagefilter.modefilter.standard
df5231519bb4810e6b0098560c5c791e56dc9952,true,2026-10-09T01:11:25.338187Z,48d69f9756559a7a8da696b16d93e10be849504250560e4830f3dc8ee97b4d9a,101fdb8cc2c9da7ea98da8602ac4e7879ab23c9d,false,2026-10-07T13:19:09.608307Z,8963ea465b99a6b2a2cca91ab2aa07ee321fb3a450edfd10a102f4681b3247e4,PIL.ImageFilter.ModeFilter,PIL.ImageFilter.ModeFilter,PIL.ImageFilter.ModeFilter,type,endpoint,python-parallel-cpu,Pillow,,not_declared,not_declared_in_manifest_or_workload,python-cpu;python-gpu;python-simd,python-cpu,python-cpu;python-gpu;python-simd,1,0,pil-imagefilter.modefilter.standard,0,0,0,0,,,,,0,0,0,0,0,0,0,0,,,pil-imagefilter.modefilter.standard
df5231519bb4810e6b0098560c5c791e56dc9952,true,2026-10-09T01:11:25.338187Z,48d69f9756559a7a8da696b16d93e10be849504250560e4830f3dc8ee97b4d9a,101fdb8cc2c9da7ea98da8602ac4e7879ab23c9d,false,2026-10-07T13:19:09.608307Z,8963ea465b99a6b2a2cca91ab2aa07ee321fb3a450edfd10a102f4681b3247e4,PIL.ImageFilter.RankFilter,PIL.ImageFilter.RankFilter,PIL.ImageFilter.RankFilter,type,endpoint,python-cpu,Pillow,1.0,benchmark_workload,no_verified_comparison,python-cpu;python-gpu;python-simd,python-cpu,python-cpu;python-gpu;python-simd,2,1,pil-imagefilter.rankfilter.standard,3,0,0,0,,,,,3,0,0,0,0,0,0,0,,,pil-imagefilter.rankfilter.standard;pipeline-chain.rank-filter.large-l-9x9
df5231519bb4810e6b0098560c5c791e56dc9952,true,2026-10-09T01:11:25.338187Z,48d69f9756559a7a8da696b16d93e10be849504250560e4830f3dc8ee97b4d9a,101fdb8cc2c9da7ea98da8602ac4e7879ab23c9d,false,2026-10-07T13:19:09.608307Z,8963ea465b99a6b2a2cca91ab2aa07ee321fb3a450edfd10a102f4681b3247e4,PIL.ImageFilter.RankFilter,PIL.ImageFilter.RankFilter,PIL.ImageFilter.RankFilter,type,endpoint,python-simd,Pillow,2.0,benchmark_workload,no_verified_comparison,python-cpu;python-gpu;python-simd,python-cpu,python-cpu;python-gpu;python-simd,2,1,pil-imagefilter.rankfilter.standard,3,0,0,0,0,,,,3,0,0,0,0,0,0,0,,,pil-imagefilter.rankfilter.standard;pipeline-chain.rank-filter.large-l-9x9
df5231519bb4810e6b0098560c5c791e56dc9952,true,2026-10-09T01:11:25.338187Z,48d69f9756559a7a8da696b16d93e10be849504250560e4830f3dc8ee97b4d9a,101fdb8cc2c9da7ea98da8602ac4e7879ab23c9d,false,2026-10-07T13:19:09.608307Z,8963ea465b99a6b2a2cca91ab2aa07ee321fb3a450edfd10a102f4681b3247e4,PIL.ImageFilter.RankFilter,PIL.ImageFilter.RankFilter,PIL.ImageFilter.RankFilter,type,endpoint,python-gpu,SIMD,1.0,benchmark_workload,no_verified_comparison,python-cpu;python-gpu;python-simd,python-cpu,python-cpu;python-gpu;python-simd,2,1,pil-imagefilter.rankfilter.standard,1,0,0,0,,,,,1,0,0,0,0,0,0,0,,not_measured,pil-imagefilter.rankfilter.standard;pipeline-chain.rank-filter.large-l-9x9
df5231519bb4810e6b0098560c5c791e56dc9952,true,2026-10-09T01:11:25.338187Z,48d69f9756559a7a8da696b16d93e10be849504250560e4830f3dc8ee97b4d9a,101fdb8cc2c9da7ea98da8602ac4e7879ab23c9d,false,2026-10-07T13:19:09.608307Z,8963ea465b99a6b2a2cca91ab2aa07ee321fb3a450edfd10a102f4681b3247e4,PIL.ImageFilter.RankFilter,PIL.ImageFilter.RankFilter,PIL.ImageFilter.RankFilter,type,endpoint,python-parallel-cpu,Pillow,,published_rows_only,no_verified_comparison,python-cpu;python-gpu;python-simd,python-cpu,python-cpu;python-gpu;python-simd,2,1,pil-imagefilter.rankfilter.standard,3,0,0,0,,,,,3,0,0,0,0,0,0,0,,,pil-imagefilter.rankfilter.standard;pipeline-chain.rank-filter.large-l-9x9
df5231519bb4810e6b0098560c5c791e56dc9952,true,2026-10-09T01:11:25.338187Z,48d69f9756559a7a8da696b16d93e10be849504250560e4830f3dc8ee97b4d9a,101fdb8cc2c9da7ea98da8602ac4e7879ab23c9d,false,2026-10-07T13:19:09.608307Z,8963ea465b99a6b2a2cca91ab2aa07ee321fb3a450edfd10a102f4681b3247e4,PIL.ImageFilter.SHARPEN,PIL.ImageFilter.SHARPEN,PIL.ImageFilter.SHARPEN,type,endpoint,python-cpu,Pillow,1.0,benchmark_workload,not_in_published_snapshot,python-cpu;python-gpu;python-simd,python-cpu,python-cpu;python-gpu;python-simd,1,0,pil-imagefilter.sharpen.standard,0,0,0,0,,,,,0,0,0,0,0,0,0,0,,,pil-imagefilter.sharpen.standard
df5231519bb4810e6b0098560c5c791e56dc9952,true,2026-10-09T01:11:25.338187Z,48d69f9756559a7a8da696b16d93e10be849504250560e4830f3dc8ee97b4d9a,101fdb8cc2c9da7ea98da8602ac4e7879ab23c9d,false,2026-10-07T13:19:09.608307Z,8963ea465b99a6b2a2cca91ab2aa07ee321fb3a450edfd10a102f4681b3247e4,PIL.ImageFilter.SHARPEN,PIL.ImageFilter.SHARPEN,PIL.ImageFilter.SHARPEN,type,endpoint,python-simd,Pillow,2.0,benchmark_workload,not_in_published_snapshot,python-cpu;python-gpu;python-simd,python-cpu,python-cpu;python-gpu;python-simd,1,0,pil-imagefilter.sharpen.standard,0,0,0,0,0,,,,0,0,0,0,0,0,0,0,,,pil-imagefilter.sharpen.standard
df5231519bb4810e6b0098560c5c791e56dc9952,true,2026-10-09T01:11:25.338187Z,48d69f9756559a7a8da696b16d93e10be849504250560e4830f3dc8ee97b4d9a,101fdb8cc2c9da7ea98da8602ac4e7879ab23c9d,false,2026-10-07T13:19:09.608307Z,8963ea465b99a6b2a2cca91ab2aa07ee321fb3a450edfd10a102f4681b3247e4,PIL.ImageFilter.SHARPEN,PIL.ImageFilter.SHARPEN,PIL.ImageFilter.SHARPEN,type,endpoint,python-gpu,SIMD,1.0,benchmark_workload,not_in_published_snapshot,python-cpu;python-gpu;python-simd,python-cpu,python-cpu;python-gpu;python-simd,1,0,pil-imagefilter.sharpen.standard,0,0,0,0,,,,,0,0,0,0,0,0,0,0,,not_measured,pil-imagefilter.sharpen.standard
df5231519bb4810e6b0098560c5c791e56dc9952,true,2026-10-09T01:11:25.338187Z,48d69f9756559a7a8da696b16d93e10be849504250560e4830f3dc8ee97b4d9a,101fdb8cc2c9da7ea98da8602ac4e7879ab23c9d,false,2026-10-07T13:19:09.608307Z,8963ea465b99a6b2a2cca91ab2aa07ee321fb3a450edfd10a102f4681b3247e4,PIL.ImageFilter.SHARPEN,PIL.ImageFilter.SHARPEN,PIL.ImageFilter.SHARPEN,type,endpoint,python-parallel-cpu,Pillow,,not_declared,not_declared_in_manifest_or_workload,python-cpu;python-gpu;python-simd,python-cpu,python-cpu;python-gpu;python-simd,1,0,pil-imagefilter.sharpen.standard,0,0,0,0,,,,,0,0,0,0,0,0,0,0,,,pil-imagefilter.sharpen.standard
df5231519bb4810e6b0098560c5c791e56dc9952,true,2026-10-09T01:11:25.338187Z,48d69f9756559a7a8da696b16d93e10be849504250560e4830f3dc8ee97b4d9a,101fdb8cc2c9da7ea98da8602ac4e7879ab23c9d,false,2026-10-07T13:19:09.608307Z,8963ea465b99a6b2a2cca91ab2aa07ee321fb3a450edfd10a102f4681b3247e4,PIL.ImageFilter.SMOOTH,PIL.ImageFilter.SMOOTH,PIL.ImageFilter.SMOOTH,type,endpoint,python-cpu,Pillow,1.0,benchmark_workload,not_in_published_snapshot,python-cpu;python-gpu;python-simd,python-cpu,python-cpu;python-gpu;python-simd,1,0,pil-imagefilter.smooth.standard,0,0,0,0,,,,,0,0,0,0,0,0,0,0,,,pil-imagefilter.smooth.standard
df5231519bb4810e6b0098560c5c791e56dc9952,true,2026-10-09T01:11:25.338187Z,48d69f9756559a7a8da696b16d93e10be849504250560e4830f3dc8ee97b4d9a,101fdb8cc2c9da7ea98da8602ac4e7879ab23c9d,false,2026-10-07T13:19:09.608307Z,8963ea465b99a6b2a2cca91ab2aa07ee321fb3a450edfd10a102f4681b3247e4,PIL.ImageFilter.SMOOTH,PIL.ImageFilter.SMOOTH,PIL.ImageFilter.SMOOTH,type,endpoint,python-simd,Pillow,2.0,benchmark_workload,not_in_published_snapshot,python-cpu;python-gpu;python-simd,python-cpu,python-cpu;python-gpu;python-simd,1,0,pil-imagefilter.smooth.standard,0,0,0,0,0,,,,0,0,0,0,0,0,0,0,,,pil-imagefilter.smooth.standard
df5231519bb4810e6b0098560c5c791e56dc9952,true,2026-10-09T01:11:25.338187Z,48d69f9756559a7a8da696b16d93e10be849504250560e4830f3dc8ee97b4d9a,101fdb8cc2c9da7ea98da8602ac4e7879ab23c9d,false,2026-10-07T13:19:09.608307Z,8963ea465b99a6b2a2cca91ab2aa07ee321fb3a450edfd10a102f4681b3247e4,PIL.ImageFilter.SMOOTH,PIL.ImageFilter.SMOOTH,PIL.ImageFilter.SMOOTH,type,endpoint,python-gpu,SIMD,1.0,benchmark_workload,not_in_published_snapshot,python-cpu;python-gpu;python-simd,python-cpu,python-cpu;python-gpu;python-simd,1,0,pil-imagefilter.smooth.standard,0,0,0,0,,,,,0,0,0,0,0,0,0,0,,not_measured,pil-imagefilter.smooth.standard
df5231519bb4810e6b0098560c5c791e56dc9952,true,2026-10-09T01:11:25.338187Z,48d69f9756559a7a8da696b16d93e10be849504250560e4830f3dc8ee97b4d9a,101fdb8cc2c9da7ea98da8602ac4e7879ab23c9d,false,2026-10-07T13:19:09.608307Z,8963ea465b99a6b2a2cca91ab2aa07ee321fb3a450edfd10a102f4681b3247e4,PIL.ImageFilter.SMOOTH,PIL.ImageFilter.SMOOTH,PIL.ImageFilter.SMOOTH,type,endpoint,python-parallel-cpu,Pillow,,not_declared,not_declared_in_manifest_or_workload,python-cpu;python-gpu;python-simd,python-cpu,python-cpu;python-gpu;python-simd,1,0,pil-imagefilter.smooth.standard,0,0,0,0,,,,,0,0,0,0,0,0,0,0,,,pil-imagefilter.smooth.standard
df5231519bb4810e6b0098560c5c791e56dc9952,true,2026-10-09T01:11:25.338187Z,48d69f9756559a7a8da696b16d93e10be849504250560e4830f3dc8ee97b4d9a,101fdb8cc2c9da7ea98da8602ac4e7879ab23c9d,false,2026-10-07T13:19:09.608307Z,8963ea465b99a6b2a2cca91ab2aa07ee321fb3a450edfd10a102f4681b3247e4,PIL.ImageFilter.SMOOTH_MORE,PIL.ImageFilter.SMOOTH_MORE,PIL.ImageFilter.SMOOTH_MORE,type,endpoint,python-cpu,Pillow,1.0,benchmark_workload,not_in_published_snapshot,python-cpu;python-gpu;python-simd,python-cpu,python-cpu;python-gpu;python-simd,1,0,pil-imagefilter.smooth-more.standard,0,0,0,0,,,,,0,0,0,0,0,0,0,0,,,pil-imagefilter.smooth-more.standard
df5231519bb4810e6b0098560c5c791e56dc9952,true,2026-10-09T01:11:25.338187Z,48d69f9756559a7a8da696b16d93e10be849504250560e4830f3dc8ee97b4d9a,101fdb8cc2c9da7ea98da8602ac4e7879ab23c9d,false,2026-10-07T13:19:09.608307Z,8963ea465b99a6b2a2cca91ab2aa07ee321fb3a450edfd10a102f4681b3247e4,PIL.ImageFilter.SMOOTH_MORE,PIL.ImageFilter.SMOOTH_MORE,PIL.ImageFilter.SMOOTH_MORE,type,endpoint,python-simd,Pillow,2.0,benchmark_workload,not_in_published_snapshot,python-cpu;python-gpu;python-simd,python-cpu,python-cpu;python-gpu;python-simd,1,0,pil-imagefilter.smooth-more.standard,0,0,0,0,0,,,,0,0,0,0,0,0,0,0,,,pil-imagefilter.smooth-more.standard
df5231519bb4810e6b0098560c5c791e56dc9952,true,2026-10-09T01:11:25.338187Z,48d69f9756559a7a8da696b16d93e10be849504250560e4830f3dc8ee97b4d9a,101fdb8cc2c9da7ea98da8602ac4e7879ab23c9d,false,2026-10-07T13:19:09.608307Z,8963ea465b99a6b2a2cca91ab2aa07ee321fb3a450edfd10a102f4681b3247e4,PIL.ImageFilter.SMOOTH_MORE,PIL.ImageFilter.SMOOTH_MORE,PIL.ImageFilter.SMOOTH_MORE,type,endpoint,python-gpu,SIMD,1.0,benchmark_workload,not_in_published_snapshot,python-cpu;python-gpu;python-simd,python-cpu,python-cpu;python-gpu;python-simd,1,0,pil-imagefilter.smooth-more.standard,0,0,0,0,,,,,0,0,0,0,0,0,0,0,,not_measured,pil-imagefilter.smooth-more.standard
df5231519bb4810e6b0098560c5c791e56dc9952,true,2026-10-09T01:11:25.338187Z,48d69f9756559a7a8da696b16d93e10be849504250560e4830f3dc8ee97b4d9a,101fdb8cc2c9da7ea98da8602ac4e7879ab23c9d,false,2026-10-07T13:19:09.608307Z,8963ea465b99a6b2a2cca91ab2aa07ee321fb3a450edfd10a102f4681b3247e4,PIL.ImageFilter.SMOOTH_MORE,PIL.ImageFilter.SMOOTH_MORE,PIL.ImageFilter.SMOOTH_MORE,type,endpoint,python-parallel-cpu,Pillow,,not_declared,not_declared_in_manifest_or_workload,python-cpu;python-gpu;python-simd,python-cpu,python-cpu;python-gpu;python-simd,1,0,pil-imagefilter.smooth-more.standard,0,0,0,0,,,,,0,0,0,0,0,0,0,0,,,pil-imagefilter.smooth-more.standard
df5231519bb4810e6b0098560c5c791e56dc9952,true,2026-10-09T01:11:25.338187Z,48d69f9756559a7a8da696b16d93e10be849504250560e4830f3dc8ee97b4d9a,101fdb8cc2c9da7ea98da8602ac4e7879ab23c9d,false,2026-10-07T13:19:09.608307Z,8963ea465b99a6b2a2cca91ab2aa07ee321fb3a450edfd10a102f4681b3247e4,PIL.ImageFilter.UnsharpMask,PIL.ImageFilter.UnsharpMask,PIL.ImageFilter.UnsharpMask,type,endpoint,python-cpu,Pillow,1.0,benchmark_workload,target_met_in_verified_rows,python-cpu;python-gpu;python-simd,python-cpu,python-cpu;python-gpu;python-simd,2,1,pil-imagefilter.unsharpmask.standard,3,3,0,2,,1.306348,pipeline-op.unsharpmask.material-rgb-noise-1024x768-radius-2,macos-15-arm64,0,0,0,0,0,0,0,0,,,pil-imagefilter.unsharpmask.standard;pipeline-op.unsharpmask.material-rgb-noise-1024x768-radius-2
df5231519bb4810e6b0098560c5c791e56dc9952,true,2026-10-09T01:11:25.338187Z,48d69f9756559a7a8da696b16d93e10be849504250560e4830f3dc8ee97b4d9a,101fdb8cc2c9da7ea98da8602ac4e7879ab23c9d,false,2026-10-07T13:19:09.608307Z,8963ea465b99a6b2a2cca91ab2aa07ee321fb3a450edfd10a102f4681b3247e4,PIL.ImageFilter.UnsharpMask,PIL.ImageFilter.UnsharpMask,PIL.ImageFilter.UnsharpMask,type,endpoint,python-simd,Pillow,2.0,benchmark_workload,target_unmet_in_verified_rows,python-cpu;python-gpu;python-simd,python-cpu,python-cpu;python-gpu;python-simd,2,1,pil-imagefilter.unsharpmask.standard,3,3,0,2,3,1.090401,pipeline-op.unsharpmask.material-rgb-noise-1024x768-radius-2,macos-15-arm64,0,0,0,0,0,0,0,0,,,pil-imagefilter.unsharpmask.standard;pipeline-op.unsharpmask.material-rgb-noise-1024x768-radius-2
df5231519bb4810e6b0098560c5c791e56dc9952,true,2026-10-09T01:11:25.338187Z,48d69f9756559a7a8da696b16d93e10be849504250560e4830f3dc8ee97b4d9a,101fdb8cc2c9da7ea98da8602ac4e7879ab23c9d,false,2026-10-07T13:19:09.608307Z,8963ea465b99a6b2a2cca91ab2aa07ee321fb3a450edfd10a102f4681b3247e4,PIL.ImageFilter.UnsharpMask,PIL.ImageFilter.UnsharpMask,PIL.ImageFilter.UnsharpMask,type,endpoint,python-gpu,SIMD,1.0,benchmark_workload,target_met_in_verified_rows,python-cpu;python-gpu;python-simd,python-cpu,python-cpu;python-gpu;python-simd,2,1,pil-imagefilter.unsharpmask.standard,1,1,0,0,,2.175488,pipeline-op.unsharpmask.material-rgb-noise-1024x768-radius-2,macos-15-arm64,0,0,0,0,0,0,0,0,,not_measured,pil-imagefilter.unsharpmask.standard;pipeline-op.unsharpmask.material-rgb-noise-1024x768-radius-2
df5231519bb4810e6b0098560c5c791e56dc9952,true,2026-10-09T01:11:25.338187Z,48d69f9756559a7a8da696b16d93e10be849504250560e4830f3dc8ee97b4d9a,101fdb8cc2c9da7ea98da8602ac4e7879ab23c9d,false,2026-10-07T13:19:09.608307Z,8963ea465b99a6b2a2cca91ab2aa07ee321fb3a450edfd10a102f4681b3247e4,PIL.ImageFilter.UnsharpMask,PIL.ImageFilter.UnsharpMask,PIL.ImageFilter.UnsharpMask,type,endpoint,python-parallel-cpu,Pillow,,published_rows_only,tracked_as_separate_profile,python-cpu;python-gpu;python-simd,python-cpu,python-cpu;python-gpu;python-simd,2,1,pil-imagefilter.unsharpmask.standard,3,3,0,1,,1.102319,pipeline-op.unsharpmask.material-rgb-noise-1024x768-radius-2,macos-15-arm64,0,0,0,0,0,0,0,0,,,pil-imagefilter.unsharpmask.standard;pipeline-op.unsharpmask.material-rgb-noise-1024x768-radius-2
df5231519bb4810e6b0098560c5c791e56dc9952,true,2026-10-09T01:11:25.338187Z,48d69f9756559a7a8da696b16d93e10be849504250560e4830f3dc8ee97b4d9a,101fdb8cc2c9da7ea98da8602ac4e7879ab23c9d,false,2026-10-07T13:19:09.608307Z,8963ea465b99a6b2a2cca91ab2aa07ee321fb3a450edfd10a102f4681b3247e4,PIL.ImageFont.FreeTypeFont,PIL.ImageFont.FreeTypeFont,PIL.ImageFont.FreeTypeFont,type,endpoint,python-cpu,Pillow,1.0,benchmark_workload,not_in_published_snapshot,python-cpu;python-gpu;python-simd,python-cpu,python-cpu;python-gpu;python-simd,1,0,pil-imagefont.freetypefont.standard,0,0,0,0,,,,,0,0,0,0,0,0,0,0,,,pil-imagefont.freetypefont.standard
df5231519bb4810e6b0098560c5c791e56dc9952,true,2026-10-09T01:11:25.338187Z,48d69f9756559a7a8da696b16d93e10be849504250560e4830f3dc8ee97b4d9a,101fdb8cc2c9da7ea98da8602ac4e7879ab23c9d,false,2026-10-07T13:19:09.608307Z,8963ea465b99a6b2a2cca91ab2aa07ee321fb3a450edfd10a102f4681b3247e4,PIL.ImageFont.FreeTypeFont,PIL.ImageFont.FreeTypeFont,PIL.ImageFont.FreeTypeFont,type,endpoint,python-simd,Pillow,2.0,benchmark_workload,not_in_published_snapshot,python-cpu;python-gpu;python-simd,python-cpu,python-cpu;python-gpu;python-simd,1,0,pil-imagefont.freetypefont.standard,0,0,0,0,0,,,,0,0,0,0,0,0,0,0,,,pil-imagefont.freetypefont.standard
df5231519bb4810e6b0098560c5c791e56dc9952,true,2026-10-09T01:11:25.338187Z,48d69f9756559a7a8da696b16d93e10be849504250560e4830f3dc8ee97b4d9a,101fdb8cc2c9da7ea98da8602ac4e7879ab23c9d,false,2026-10-07T13:19:09.608307Z,8963ea465b99a6b2a2cca91ab2aa07ee321fb3a450edfd10a102f4681b3247e4,PIL.ImageFont.FreeTypeFont,PIL.ImageFont.FreeTypeFont,PIL.ImageFont.FreeTypeFont,type,endpoint,python-gpu,SIMD,1.0,benchmark_workload,not_in_published_snapshot,python-cpu;python-gpu;python-simd,python-cpu,python-cpu;python-gpu;python-simd,1,0,pil-imagefont.freetypefont.standard,0,0,0,0,,,,,0,0,0,0,0,0,0,0,,not_measured,pil-imagefont.freetypefont.standard
df5231519bb4810e6b0098560c5c791e56dc9952,true,2026-10-09T01:11:25.338187Z,48d69f9756559a7a8da696b16d93e10be849504250560e4830f3dc8ee97b4d9a,101fdb8cc2c9da7ea98da8602ac4e7879ab23c9d,false,2026-10-07T13:19:09.608307Z,8963ea465b99a6b2a2cca91ab2aa07ee321fb3a450edfd10a102f4681b3247e4,PIL.ImageFont.FreeTypeFont,PIL.ImageFont.FreeTypeFont,PIL.ImageFont.FreeTypeFont,type,endpoint,python-parallel-cpu,Pillow,,not_declared,not_declared_in_manifest_or_workload,python-cpu;python-gpu;python-simd,python-cpu,python-cpu;python-gpu;python-simd,1,0,pil-imagefont.freetypefont.standard,0,0,0,0,,,,,0,0,0,0,0,0,0,0,,,pil-imagefont.freetypefont.standard
df5231519bb4810e6b0098560c5c791e56dc9952,true,2026-10-09T01:11:25.338187Z,48d69f9756559a7a8da696b16d93e10be849504250560e4830f3dc8ee97b4d9a,101fdb8cc2c9da7ea98da8602ac4e7879ab23c9d,false,2026-10-07T13:19:09.608307Z,8963ea465b99a6b2a2cca91ab2aa07ee321fb3a450edfd10a102f4681b3247e4,PIL.ImageFont.FreeTypeFont.font_variant,PIL.ImageFont.FreeTypeFont.font_variant,PIL.ImageFont.FreeTypeFont.font_variant,method,endpoint,python-cpu,Pillow,1.0,benchmark_workload,not_in_published_snapshot,python-cpu;python-gpu;python-simd,python-cpu,python-cpu;python-gpu;python-simd,1,0,pil-imagefont-freetypefont.font-variant.standard,0,0,0,0,,,,,0,0,0,0,0,0,0,0,,,pil-imagefont-freetypefont.font-variant.standard
df5231519bb4810e6b0098560c5c791e56dc9952,true,2026-10-09T01:11:25.338187Z,48d69f9756559a7a8da696b16d93e10be849504250560e4830f3dc8ee97b4d9a,101fdb8cc2c9da7ea98da8602ac4e7879ab23c9d,false,2026-10-07T13:19:09.608307Z,8963ea465b99a6b2a2cca91ab2aa07ee321fb3a450edfd10a102f4681b3247e4,PIL.ImageFont.FreeTypeFont.font_variant,PIL.ImageFont.FreeTypeFont.font_variant,PIL.ImageFont.FreeTypeFont.font_variant,method,endpoint,python-simd,Pillow,2.0,benchmark_workload,not_in_published_snapshot,python-cpu;python-gpu;python-simd,python-cpu,python-cpu;python-gpu;python-simd,1,0,pil-imagefont-freetypefont.font-variant.standard,0,0,0,0,0,,,,0,0,0,0,0,0,0,0,,,pil-imagefont-freetypefont.font-variant.standard
df5231519bb4810e6b0098560c5c791e56dc9952,true,2026-10-09T01:11:25.338187Z,48d69f9756559a7a8da696b16d93e10be849504250560e4830f3dc8ee97b4d9a,101fdb8cc2c9da7ea98da8602ac4e7879ab23c9d,false,2026-10-07T13:19:09.608307Z,8963ea465b99a6b2a2cca91ab2aa07ee321fb3a450edfd10a102f4681b3247e4,PIL.ImageFont.FreeTypeFont.font_variant,PIL.ImageFont.FreeTypeFont.font_variant,PIL.ImageFont.FreeTypeFont.font_variant,method,endpoint,python-gpu,SIMD,1.0,benchmark_workload,not_in_published_snapshot,python-cpu;python-gpu;python-simd,python-cpu,python-cpu;python-gpu;python-simd,1,0,pil-imagefont-freetypefont.font-variant.standard,0,0,0,0,,,,,0,0,0,0,0,0,0,0,,not_measured,pil-imagefont-freetypefont.font-variant.standard
df5231519bb4810e6b0098560c5c791e56dc9952,true,2026-10-09T01:11:25.338187Z,48d69f9756559a7a8da696b16d93e10be849504250560e4830f3dc8ee97b4d9a,101fdb8cc2c9da7ea98da8602ac4e7879ab23c9d,false,2026-10-07T13:19:09.608307Z,8963ea465b99a6b2a2cca91ab2aa07ee321fb3a450edfd10a102f4681b3247e4,PIL.ImageFont.FreeTypeFont.font_variant,PIL.ImageFont.FreeTypeFont.font_variant,PIL.ImageFont.FreeTypeFont.font_variant,method,endpoint,python-parallel-cpu,Pillow,,not_declared,not_declared_in_manifest_or_workload,python-cpu;python-gpu;python-simd,python-cpu,python-cpu;python-gpu;python-simd,1,0,pil-imagefont-freetypefont.font-variant.standard,0,0,0,0,,,,,0,0,0,0,0,0,0,0,,,pil-imagefont-freetypefont.font-variant.standard
df5231519bb4810e6b0098560c5c791e56dc9952,true,2026-10-09T01:11:25.338187Z,48d69f9756559a7a8da696b16d93e10be849504250560e4830f3dc8ee97b4d9a,101fdb8cc2c9da7ea98da8602ac4e7879ab23c9d,false,2026-10-07T13:19:09.608307Z,8963ea465b99a6b2a2cca91ab2aa07ee321fb3a450edfd10a102f4681b3247e4,PIL.ImageFont.FreeTypeFont.get_variation_axes,PIL.ImageFont.FreeTypeFont.get_variation_axes,PIL.ImageFont.FreeTypeFont.get_variation_axes,method,endpoint,python-cpu,Pillow,1.0,benchmark_workload,not_in_published_snapshot,python-cpu;python-gpu;python-simd,python-cpu,python-cpu;python-gpu;python-simd,1,0,pil-imagefont-freetypefont.get-variation-axes.standard,0,0,0,0,,,,,0,0,0,0,0,0,0,0,,,pil-imagefont-freetypefont.get-variation-axes.standard
df5231519bb4810e6b0098560c5c791e56dc9952,true,2026-10-09T01:11:25.338187Z,48d69f9756559a7a8da696b16d93e10be849504250560e4830f3dc8ee97b4d9a,101fdb8cc2c9da7ea98da8602ac4e7879ab23c9d,false,2026-10-07T13:19:09.608307Z,8963ea465b99a6b2a2cca91ab2aa07ee321fb3a450edfd10a102f4681b3247e4,PIL.ImageFont.FreeTypeFont.get_variation_axes,PIL.ImageFont.FreeTypeFont.get_variation_axes,PIL.ImageFont.FreeTypeFont.get_variation_axes,method,endpoint,python-simd,Pillow,2.0,benchmark_workload,not_in_published_snapshot,python-cpu;python-gpu;python-simd,python-cpu,python-cpu;python-gpu;python-simd,1,0,pil-imagefont-freetypefont.get-variation-axes.standard,0,0,0,0,0,,,,0,0,0,0,0,0,0,0,,,pil-imagefont-freetypefont.get-variation-axes.standard
df5231519bb4810e6b0098560c5c791e56dc9952,true,2026-10-09T01:11:25.338187Z,48d69f9756559a7a8da696b16d93e10be849504250560e4830f3dc8ee97b4d9a,101fdb8cc2c9da7ea98da8602ac4e7879ab23c9d,false,2026-10-07T13:19:09.608307Z,8963ea465b99a6b2a2cca91ab2aa07ee321fb3a450edfd10a102f4681b3247e4,PIL.ImageFont.FreeTypeFont.get_variation_axes,PIL.ImageFont.FreeTypeFont.get_variation_axes,PIL.ImageFont.FreeTypeFont.get_variation_axes,method,endpoint,python-gpu,SIMD,1.0,benchmark_workload,not_in_published_snapshot,python-cpu;python-gpu;python-simd,python-cpu,python-cpu;python-gpu;python-simd,1,0,pil-imagefont-freetypefont.get-variation-axes.standard,0,0,0,0,,,,,0,0,0,0,0,0,0,0,,not_measured,pil-imagefont-freetypefont.get-variation-axes.standard
df5231519bb4810e6b0098560c5c791e56dc9952,true,2026-10-09T01:11:25.338187Z,48d69f9756559a7a8da696b16d93e10be849504250560e4830f3dc8ee97b4d9a,101fdb8cc2c9da7ea98da8602ac4e7879ab23c9d,false,2026-10-07T13:19:09.608307Z,8963ea465b99a6b2a2cca91ab2aa07ee321fb3a450edfd10a102f4681b3247e4,PIL.ImageFont.FreeTypeFont.get_variation_axes,PIL.ImageFont.FreeTypeFont.get_variation_axes,PIL.ImageFont.FreeTypeFont.get_variation_axes,method,endpoint,python-parallel-cpu,Pillow,,not_declared,not_declared_in_manifest_or_workload,python-cpu;python-gpu;python-simd,python-cpu,python-cpu;python-gpu;python-simd,1,0,pil-imagefont-freetypefont.get-variation-axes.standard,0,0,0,0,,,,,0,0,0,0,0,0,0,0,,,pil-imagefont-freetypefont.get-variation-axes.standard
df5231519bb4810e6b0098560c5c791e56dc9952,true,2026-10-09T01:11:25.338187Z,48d69f9756559a7a8da696b16d93e10be849504250560e4830f3dc8ee97b4d9a,101fdb8cc2c9da7ea98da8602ac4e7879ab23c9d,false,2026-10-07T13:19:09.608307Z,8963ea465b99a6b2a2cca91ab2aa07ee321fb3a450edfd10a102f4681b3247e4,PIL.ImageFont.FreeTypeFont.get_variation_names,PIL.ImageFont.FreeTypeFont.get_variation_names,PIL.ImageFont.FreeTypeFont.get_variation_names,method,endpoint,python-cpu,Pillow,1.0,benchmark_workload,not_in_published_snapshot,python-cpu;python-gpu;python-simd,python-cpu,python-cpu;python-gpu;python-simd,1,0,pil-imagefont-freetypefont.get-variation-names.standard,0,0,0,0,,,,,0,0,0,0,0,0,0,0,,,pil-imagefont-freetypefont.get-variation-names.standard
df5231519bb4810e6b0098560c5c791e56dc9952,true,2026-10-09T01:11:25.338187Z,48d69f9756559a7a8da696b16d93e10be849504250560e4830f3dc8ee97b4d9a,101fdb8cc2c9da7ea98da8602ac4e7879ab23c9d,false,2026-10-07T13:19:09.608307Z,8963ea465b99a6b2a2cca91ab2aa07ee321fb3a450edfd10a102f4681b3247e4,PIL.ImageFont.FreeTypeFont.get_variation_names,PIL.ImageFont.FreeTypeFont.get_variation_names,PIL.ImageFont.FreeTypeFont.get_variation_names,method,endpoint,python-simd,Pillow,2.0,benchmark_workload,not_in_published_snapshot,python-cpu;python-gpu;python-simd,python-cpu,python-cpu;python-gpu;python-simd,1,0,pil-imagefont-freetypefont.get-variation-names.standard,0,0,0,0,0,,,,0,0,0,0,0,0,0,0,,,pil-imagefont-freetypefont.get-variation-names.standard
df5231519bb4810e6b0098560c5c791e56dc9952,true,2026-10-09T01:11:25.338187Z,48d69f9756559a7a8da696b16d93e10be849504250560e4830f3dc8ee97b4d9a,101fdb8cc2c9da7ea98da8602ac4e7879ab23c9d,false,2026-10-07T13:19:09.608307Z,8963ea465b99a6b2a2cca91ab2aa07ee321fb3a450edfd10a102f4681b3247e4,PIL.ImageFont.FreeTypeFont.get_variation_names,PIL.ImageFont.FreeTypeFont.get_variation_names,PIL.ImageFont.FreeTypeFont.get_variation_names,method,endpoint,python-gpu,SIMD,1.0,benchmark_workload,not_in_published_snapshot,python-cpu;python-gpu;python-simd,python-cpu,python-cpu;python-gpu;python-simd,1,0,pil-imagefont-freetypefont.get-variation-names.standard,0,0,0,0,,,,,0,0,0,0,0,0,0,0,,not_measured,pil-imagefont-freetypefont.get-variation-names.standard
df5231519bb4810e6b0098560c5c791e56dc9952,true,2026-10-09T01:11:25.338187Z,48d69f9756559a7a8da696b16d93e10be849504250560e4830f3dc8ee97b4d9a,101fdb8cc2c9da7ea98da8602ac4e7879ab23c9d,false,2026-10-07T13:19:09.608307Z,8963ea465b99a6b2a2cca91ab2aa07ee321fb3a450edfd10a102f4681b3247e4,PIL.ImageFont.FreeTypeFont.get_variation_names,PIL.ImageFont.FreeTypeFont.get_variation_names,PIL.ImageFont.FreeTypeFont.get_variation_names,method,endpoint,python-parallel-cpu,Pillow,,not_declared,not_declared_in_manifest_or_workload,python-cpu;python-gpu;python-simd,python-cpu,python-cpu;python-gpu;python-simd,1,0,pil-imagefont-freetypefont.get-variation-names.standard,0,0,0,0,,,,,0,0,0,0,0,0,0,0,,,pil-imagefont-freetypefont.get-variation-names.standard
df5231519bb4810e6b0098560c5c791e56dc9952,true,2026-10-09T01:11:25.338187Z,48d69f9756559a7a8da696b16d93e10be849504250560e4830f3dc8ee97b4d9a,101fdb8cc2c9da7ea98da8602ac4e7879ab23c9d,false,2026-10-07T13:19:09.608307Z,8963ea465b99a6b2a2cca91ab2aa07ee321fb3a450edfd10a102f4681b3247e4,PIL.ImageFont.FreeTypeFont.getbbox,PIL.ImageFont.FreeTypeFont.getbbox,PIL.ImageFont.FreeTypeFont.getbbox,method,endpoint,python-cpu,Pillow,1.0,benchmark_workload,not_in_published_snapshot,python-cpu;python-gpu;python-simd,python-cpu,python-cpu;python-gpu;python-simd,1,0,pil-imagefont-freetypefont.getbbox.standard,0,0,0,0,,,,,0,0,0,0,0,0,0,0,,,pil-imagefont-freetypefont.getbbox.standard
df5231519bb4810e6b0098560c5c791e56dc9952,true,2026-10-09T01:11:25.338187Z,48d69f9756559a7a8da696b16d93e10be849504250560e4830f3dc8ee97b4d9a,101fdb8cc2c9da7ea98da8602ac4e7879ab23c9d,false,2026-10-07T13:19:09.608307Z,8963ea465b99a6b2a2cca91ab2aa07ee321fb3a450edfd10a102f4681b3247e4,PIL.ImageFont.FreeTypeFont.getbbox,PIL.ImageFont.FreeTypeFont.getbbox,PIL.ImageFont.FreeTypeFont.getbbox,method,endpoint,python-simd,Pillow,2.0,benchmark_workload,not_in_published_snapshot,python-cpu;python-gpu;python-simd,python-cpu,python-cpu;python-gpu;python-simd,1,0,pil-imagefont-freetypefont.getbbox.standard,0,0,0,0,0,,,,0,0,0,0,0,0,0,0,,,pil-imagefont-freetypefont.getbbox.standard
df5231519bb4810e6b0098560c5c791e56dc9952,true,2026-10-09T01:11:25.338187Z,48d69f9756559a7a8da696b16d93e10be849504250560e4830f3dc8ee97b4d9a,101fdb8cc2c9da7ea98da8602ac4e7879ab23c9d,false,2026-10-07T13:19:09.608307Z,8963ea465b99a6b2a2cca91ab2aa07ee321fb3a450edfd10a102f4681b3247e4,PIL.ImageFont.FreeTypeFont.getbbox,PIL.ImageFont.FreeTypeFont.getbbox,PIL.ImageFont.FreeTypeFont.getbbox,method,endpoint,python-gpu,SIMD,1.0,benchmark_workload,not_in_published_snapshot,python-cpu;python-gpu;python-simd,python-cpu,python-cpu;python-gpu;python-simd,1,0,pil-imagefont-freetypefont.getbbox.standard,0,0,0,0,,,,,0,0,0,0,0,0,0,0,,not_measured,pil-imagefont-freetypefont.getbbox.standard
df5231519bb4810e6b0098560c5c791e56dc9952,true,2026-10-09T01:11:25.338187Z,48d69f9756559a7a8da696b16d93e10be849504250560e4830f3dc8ee97b4d9a,101fdb8cc2c9da7ea98da8602ac4e7879ab23c9d,false,2026-10-07T13:19:09.608307Z,8963ea465b99a6b2a2cca91ab2aa07ee321fb3a450edfd10a102f4681b3247e4,PIL.ImageFont.FreeTypeFont.getbbox,PIL.ImageFont.FreeTypeFont.getbbox,PIL.ImageFont.FreeTypeFont.getbbox,method,endpoint,python-parallel-cpu,Pillow,,not_declared,not_declared_in_manifest_or_workload,python-cpu;python-gpu;python-simd,python-cpu,python-cpu;python-gpu;python-simd,1,0,pil-imagefont-freetypefont.getbbox.standard,0,0,0,0,,,,,0,0,0,0,0,0,0,0,,,pil-imagefont-freetypefont.getbbox.standard
df5231519bb4810e6b0098560c5c791e56dc9952,true,2026-10-09T01:11:25.338187Z,48d69f9756559a7a8da696b16d93e10be849504250560e4830f3dc8ee97b4d9a,101fdb8cc2c9da7ea98da8602ac4e7879ab23c9d,false,2026-10-07T13:19:09.608307Z,8963ea465b99a6b2a2cca91ab2aa07ee321fb3a450edfd10a102f4681b3247e4,PIL.ImageFont.FreeTypeFont.getlength,PIL.ImageFont.FreeTypeFont.getlength,PIL.ImageFont.FreeTypeFont.getlength,method,endpoint,python-cpu,Pillow,1.0,benchmark_workload,not_in_published_snapshot,python-cpu;python-gpu;python-simd,python-cpu,python-cpu;python-gpu;python-simd,1,0,pil-imagefont-freetypefont.getlength.standard,0,0,0,0,,,,,0,0,0,0,0,0,0,0,,,pil-imagefont-freetypefont.getlength.standard
df5231519bb4810e6b0098560c5c791e56dc9952,true,2026-10-09T01:11:25.338187Z,48d69f9756559a7a8da696b16d93e10be849504250560e4830f3dc8ee97b4d9a,101fdb8cc2c9da7ea98da8602ac4e7879ab23c9d,false,2026-10-07T13:19:09.608307Z,8963ea465b99a6b2a2cca91ab2aa07ee321fb3a450edfd10a102f4681b3247e4,PIL.ImageFont.FreeTypeFont.getlength,PIL.ImageFont.FreeTypeFont.getlength,PIL.ImageFont.FreeTypeFont.getlength,method,endpoint,python-simd,Pillow,2.0,benchmark_workload,not_in_published_snapshot,python-cpu;python-gpu;python-simd,python-cpu,python-cpu;python-gpu;python-simd,1,0,pil-imagefont-freetypefont.getlength.standard,0,0,0,0,0,,,,0,0,0,0,0,0,0,0,,,pil-imagefont-freetypefont.getlength.standard
df5231519bb4810e6b0098560c5c791e56dc9952,true,2026-10-09T01:11:25.338187Z,48d69f9756559a7a8da696b16d93e10be849504250560e4830f3dc8ee97b4d9a,101fdb8cc2c9da7ea98da8602ac4e7879ab23c9d,false,2026-10-07T13:19:09.608307Z,8963ea465b99a6b2a2cca91ab2aa07ee321fb3a450edfd10a102f4681b3247e4,PIL.ImageFont.FreeTypeFont.getlength,PIL.ImageFont.FreeTypeFont.getlength,PIL.ImageFont.FreeTypeFont.getlength,method,endpoint,python-gpu,SIMD,1.0,benchmark_workload,not_in_published_snapshot,python-cpu;python-gpu;python-simd,python-cpu,python-cpu;python-gpu;python-simd,1,0,pil-imagefont-freetypefont.getlength.standard,0,0,0,0,,,,,0,0,0,0,0,0,0,0,,not_measured,pil-imagefont-freetypefont.getlength.standard
df5231519bb4810e6b0098560c5c791e56dc9952,true,2026-10-09T01:11:25.338187Z,48d69f9756559a7a8da696b16d93e10be849504250560e4830f3dc8ee97b4d9a,101fdb8cc2c9da7ea98da8602ac4e7879ab23c9d,false,2026-10-07T13:19:09.608307Z,8963ea465b99a6b2a2cca91ab2aa07ee321fb3a450edfd10a102f4681b3247e4,PIL.ImageFont.FreeTypeFont.getlength,PIL.ImageFont.FreeTypeFont.getlength,PIL.ImageFont.FreeTypeFont.getlength,method,endpoint,python-parallel-cpu,Pillow,,not_declared,not_declared_in_manifest_or_workload,python-cpu;python-gpu;python-simd,python-cpu,python-cpu;python-gpu;python-simd,1,0,pil-imagefont-freetypefont.getlength.standard,0,0,0,0,,,,,0,0,0,0,0,0,0,0,,,pil-imagefont-freetypefont.getlength.standard
df5231519bb4810e6b0098560c5c791e56dc9952,true,2026-10-09T01:11:25.338187Z,48d69f9756559a7a8da696b16d93e10be849504250560e4830f3dc8ee97b4d9a,101fdb8cc2c9da7ea98da8602ac4e7879ab23c9d,false,2026-10-07T13:19:09.608307Z,8963ea465b99a6b2a2cca91ab2aa07ee321fb3a450edfd10a102f4681b3247e4,PIL.ImageFont.FreeTypeFont.getmask,PIL.ImageFont.FreeTypeFont.getmask,PIL.ImageFont.FreeTypeFont.getmask,method,endpoint,python-cpu,Pillow,1.0,benchmark_workload,not_in_published_snapshot,python-cpu;python-gpu;python-simd,python-cpu,python-cpu;python-gpu;python-simd,1,0,pil-imagefont-freetypefont.getmask.standard,0,0,0,0,,,,,0,0,0,0,0,0,0,0,,,pil-imagefont-freetypefont.getmask.standard
df5231519bb4810e6b0098560c5c791e56dc9952,true,2026-10-09T01:11:25.338187Z,48d69f9756559a7a8da696b16d93e10be849504250560e4830f3dc8ee97b4d9a,101fdb8cc2c9da7ea98da8602ac4e7879ab23c9d,false,2026-10-07T13:19:09.608307Z,8963ea465b99a6b2a2cca91ab2aa07ee321fb3a450edfd10a102f4681b3247e4,PIL.ImageFont.FreeTypeFont.getmask,PIL.ImageFont.FreeTypeFont.getmask,PIL.ImageFont.FreeTypeFont.getmask,method,endpoint,python-simd,Pillow,2.0,benchmark_workload,not_in_published_snapshot,python-cpu;python-gpu;python-simd,python-cpu,python-cpu;python-gpu;python-simd,1,0,pil-imagefont-freetypefont.getmask.standard,0,0,0,0,0,,,,0,0,0,0,0,0,0,0,,,pil-imagefont-freetypefont.getmask.standard
df5231519bb4810e6b0098560c5c791e56dc9952,true,2026-10-09T01:11:25.338187Z,48d69f9756559a7a8da696b16d93e10be849504250560e4830f3dc8ee97b4d9a,101fdb8cc2c9da7ea98da8602ac4e7879ab23c9d,false,2026-10-07T13:19:09.608307Z,8963ea465b99a6b2a2cca91ab2aa07ee321fb3a450edfd10a102f4681b3247e4,PIL.ImageFont.FreeTypeFont.getmask,PIL.ImageFont.FreeTypeFont.getmask,PIL.ImageFont.FreeTypeFont.getmask,method,endpoint,python-gpu,SIMD,1.0,benchmark_workload,not_in_published_snapshot,python-cpu;python-gpu;python-simd,python-cpu,python-cpu;python-gpu;python-simd,1,0,pil-imagefont-freetypefont.getmask.standard,0,0,0,0,,,,,0,0,0,0,0,0,0,0,,not_measured,pil-imagefont-freetypefont.getmask.standard
df5231519bb4810e6b0098560c5c791e56dc9952,true,2026-10-09T01:11:25.338187Z,48d69f9756559a7a8da696b16d93e10be849504250560e4830f3dc8ee97b4d9a,101fdb8cc2c9da7ea98da8602ac4e7879ab23c9d,false,2026-10-07T13:19:09.608307Z,8963ea465b99a6b2a2cca91ab2aa07ee321fb3a450edfd10a102f4681b3247e4,PIL.ImageFont.FreeTypeFont.getmask,PIL.ImageFont.FreeTypeFont.getmask,PIL.ImageFont.FreeTypeFont.getmask,method,endpoint,python-parallel-cpu,Pillow,,not_declared,not_declared_in_manifest_or_workload,python-cpu;python-gpu;python-simd,python-cpu,python-cpu;python-gpu;python-simd,1,0,pil-imagefont-freetypefont.getmask.standard,0,0,0,0,,,,,0,0,0,0,0,0,0,0,,,pil-imagefont-freetypefont.getmask.standard
df5231519bb4810e6b0098560c5c791e56dc9952,true,2026-10-09T01:11:25.338187Z,48d69f9756559a7a8da696b16d93e10be849504250560e4830f3dc8ee97b4d9a,101fdb8cc2c9da7ea98da8602ac4e7879ab23c9d,false,2026-10-07T13:19:09.608307Z,8963ea465b99a6b2a2cca91ab2aa07ee321fb3a450edfd10a102f4681b3247e4,PIL.ImageFont.FreeTypeFont.getmask2,PIL.ImageFont.FreeTypeFont.getmask2,PIL.ImageFont.FreeTypeFont.getmask2,method,endpoint,python-cpu,Pillow,1.0,benchmark_workload,not_in_published_snapshot,python-cpu;python-gpu;python-simd,python-cpu,python-cpu;python-gpu;python-simd,1,0,pil-imagefont-freetypefont.getmask2.standard,0,0,0,0,,,,,0,0,0,0,0,0,0,0,,,pil-imagefont-freetypefont.getmask2.standard
df5231519bb4810e6b0098560c5c791e56dc9952,true,2026-10-09T01:11:25.338187Z,48d69f9756559a7a8da696b16d93e10be849504250560e4830f3dc8ee97b4d9a,101fdb8cc2c9da7ea98da8602ac4e7879ab23c9d,false,2026-10-07T13:19:09.608307Z,8963ea465b99a6b2a2cca91ab2aa07ee321fb3a450edfd10a102f4681b3247e4,PIL.ImageFont.FreeTypeFont.getmask2,PIL.ImageFont.FreeTypeFont.getmask2,PIL.ImageFont.FreeTypeFont.getmask2,method,endpoint,python-simd,Pillow,2.0,benchmark_workload,not_in_published_snapshot,python-cpu;python-gpu;python-simd,python-cpu,python-cpu;python-gpu;python-simd,1,0,pil-imagefont-freetypefont.getmask2.standard,0,0,0,0,0,,,,0,0,0,0,0,0,0,0,,,pil-imagefont-freetypefont.getmask2.standard
df5231519bb4810e6b0098560c5c791e56dc9952,true,2026-10-09T01:11:25.338187Z,48d69f9756559a7a8da696b16d93e10be849504250560e4830f3dc8ee97b4d9a,101fdb8cc2c9da7ea98da8602ac4e7879ab23c9d,false,2026-10-07T13:19:09.608307Z,8963ea465b99a6b2a2cca91ab2aa07ee321fb3a450edfd10a102f4681b3247e4,PIL.ImageFont.FreeTypeFont.getmask2,PIL.ImageFont.FreeTypeFont.getmask2,PIL.ImageFont.FreeTypeFont.getmask2,method,endpoint,python-gpu,SIMD,1.0,benchmark_workload,not_in_published_snapshot,python-cpu;python-gpu;python-simd,python-cpu,python-cpu;python-gpu;python-simd,1,0,pil-imagefont-freetypefont.getmask2.standard,0,0,0,0,,,,,0,0,0,0,0,0,0,0,,not_measured,pil-imagefont-freetypefont.getmask2.standard
df5231519bb4810e6b0098560c5c791e56dc9952,true,2026-10-09T01:11:25.338187Z,48d69f9756559a7a8da696b16d93e10be849504250560e4830f3dc8ee97b4d9a,101fdb8cc2c9da7ea98da8602ac4e7879ab23c9d,false,2026-10-07T13:19:09.608307Z,8963ea465b99a6b2a2cca91ab2aa07ee321fb3a450edfd10a102f4681b3247e4,PIL.ImageFont.FreeTypeFont.getmask2,PIL.ImageFont.FreeTypeFont.getmask2,PIL.ImageFont.FreeTypeFont.getmask2,method,endpoint,python-parallel-cpu,Pillow,,not_declared,not_declared_in_manifest_or_workload,python-cpu;python-gpu;python-simd,python-cpu,python-cpu;python-gpu;python-simd,1,0,pil-imagefont-freetypefont.getmask2.standard,0,0,0,0,,,,,0,0,0,0,0,0,0,0,,,pil-imagefont-freetypefont.getmask2.standard
df5231519bb4810e6b0098560c5c791e56dc9952,true,2026-10-09T01:11:25.338187Z,48d69f9756559a7a8da696b16d93e10be849504250560e4830f3dc8ee97b4d9a,101fdb8cc2c9da7ea98da8602ac4e7879ab23c9d,false,2026-10-07T13:19:09.608307Z,8963ea465b99a6b2a2cca91ab2aa07ee321fb3a450edfd10a102f4681b3247e4,PIL.ImageFont.FreeTypeFont.getmetrics,PIL.ImageFont.FreeTypeFont.getmetrics,PIL.ImageFont.FreeTypeFont.getmetrics,method,endpoint,python-cpu,Pillow,1.0,benchmark_workload,not_in_published_snapshot,python-cpu;python-gpu;python-simd,python-cpu,python-cpu;python-gpu;python-simd,1,0,pil-imagefont-freetypefont.getmetrics.standard,0,0,0,0,,,,,0,0,0,0,0,0,0,0,,,pil-imagefont-freetypefont.getmetrics.standard
df5231519bb4810e6b0098560c5c791e56dc9952,true,2026-10-09T01:11:25.338187Z,48d69f9756559a7a8da696b16d93e10be849504250560e4830f3dc8ee97b4d9a,101fdb8cc2c9da7ea98da8602ac4e7879ab23c9d,false,2026-10-07T13:19:09.608307Z,8963ea465b99a6b2a2cca91ab2aa07ee321fb3a450edfd10a102f4681b3247e4,PIL.ImageFont.FreeTypeFont.getmetrics,PIL.ImageFont.FreeTypeFont.getmetrics,PIL.ImageFont.FreeTypeFont.getmetrics,method,endpoint,python-simd,Pillow,2.0,benchmark_workload,not_in_published_snapshot,python-cpu;python-gpu;python-simd,python-cpu,python-cpu;python-gpu;python-simd,1,0,pil-imagefont-freetypefont.getmetrics.standard,0,0,0,0,0,,,,0,0,0,0,0,0,0,0,,,pil-imagefont-freetypefont.getmetrics.standard
df5231519bb4810e6b0098560c5c791e56dc9952,true,2026-10-09T01:11:25.338187Z,48d69f9756559a7a8da696b16d93e10be849504250560e4830f3dc8ee97b4d9a,101fdb8cc2c9da7ea98da8602ac4e7879ab23c9d,false,2026-10-07T13:19:09.608307Z,8963ea465b99a6b2a2cca91ab2aa07ee321fb3a450edfd10a102f4681b3247e4,PIL.ImageFont.FreeTypeFont.getmetrics,PIL.ImageFont.FreeTypeFont.getmetrics,PIL.ImageFont.FreeTypeFont.getmetrics,method,endpoint,python-gpu,SIMD,1.0,benchmark_workload,not_in_published_snapshot,python-cpu;python-gpu;python-simd,python-cpu,python-cpu;python-gpu;python-simd,1,0,pil-imagefont-freetypefont.getmetrics.standard,0,0,0,0,,,,,0,0,0,0,0,0,0,0,,not_measured,pil-imagefont-freetypefont.getmetrics.standard
df5231519bb4810e6b0098560c5c791e56dc9952,true,2026-10-09T01:11:25.338187Z,48d69f9756559a7a8da696b16d93e10be849504250560e4830f3dc8ee97b4d9a,101fdb8cc2c9da7ea98da8602ac4e7879ab23c9d,false,2026-10-07T13:19:09.608307Z,8963ea465b99a6b2a2cca91ab2aa07ee321fb3a450edfd10a102f4681b3247e4,PIL.ImageFont.FreeTypeFont.getmetrics,PIL.ImageFont.FreeTypeFont.getmetrics,PIL.ImageFont.FreeTypeFont.getmetrics,method,endpoint,python-parallel-cpu,Pillow,,not_declared,not_declared_in_manifest_or_workload,python-cpu;python-gpu;python-simd,python-cpu,python-cpu;python-gpu;python-simd,1,0,pil-imagefont-freetypefont.getmetrics.standard,0,0,0,0,,,,,0,0,0,0,0,0,0,0,,,pil-imagefont-freetypefont.getmetrics.standard
df5231519bb4810e6b0098560c5c791e56dc9952,true,2026-10-09T01:11:25.338187Z,48d69f9756559a7a8da696b16d93e10be849504250560e4830f3dc8ee97b4d9a,101fdb8cc2c9da7ea98da8602ac4e7879ab23c9d,false,2026-10-07T13:19:09.608307Z,8963ea465b99a6b2a2cca91ab2aa07ee321fb3a450edfd10a102f4681b3247e4,PIL.ImageFont.FreeTypeFont.getname,PIL.ImageFont.FreeTypeFont.getname,PIL.ImageFont.FreeTypeFont.getname,method,endpoint,python-cpu,Pillow,1.0,benchmark_workload,not_in_published_snapshot,python-cpu;python-gpu;python-simd,python-cpu,python-cpu;python-gpu;python-simd,1,0,pil-imagefont-freetypefont.getname.standard,0,0,0,0,,,,,0,0,0,0,0,0,0,0,,,pil-imagefont-freetypefont.getname.standard
df5231519bb4810e6b0098560c5c791e56dc9952,true,2026-10-09T01:11:25.338187Z,48d69f9756559a7a8da696b16d93e10be849504250560e4830f3dc8ee97b4d9a,101fdb8cc2c9da7ea98da8602ac4e7879ab23c9d,false,2026-10-07T13:19:09.608307Z,8963ea465b99a6b2a2cca91ab2aa07ee321fb3a450edfd10a102f4681b3247e4,PIL.ImageFont.FreeTypeFont.getname,PIL.ImageFont.FreeTypeFont.getname,PIL.ImageFont.FreeTypeFont.getname,method,endpoint,python-simd,Pillow,2.0,benchmark_workload,not_in_published_snapshot,python-cpu;python-gpu;python-simd,python-cpu,python-cpu;python-gpu;python-simd,1,0,pil-imagefont-freetypefont.getname.standard,0,0,0,0,0,,,,0,0,0,0,0,0,0,0,,,pil-imagefont-freetypefont.getname.standard
df5231519bb4810e6b0098560c5c791e56dc9952,true,2026-10-09T01:11:25.338187Z,48d69f9756559a7a8da696b16d93e10be849504250560e4830f3dc8ee97b4d9a,101fdb8cc2c9da7ea98da8602ac4e7879ab23c9d,false,2026-10-07T13:19:09.608307Z,8963ea465b99a6b2a2cca91ab2aa07ee321fb3a450edfd10a102f4681b3247e4,PIL.ImageFont.FreeTypeFont.getname,PIL.ImageFont.FreeTypeFont.getname,PIL.ImageFont.FreeTypeFont.getname,method,endpoint,python-gpu,SIMD,1.0,benchmark_workload,not_in_published_snapshot,python-cpu;python-gpu;python-simd,python-cpu,python-cpu;python-gpu;python-simd,1,0,pil-imagefont-freetypefont.getname.standard,0,0,0,0,,,,,0,0,0,0,0,0,0,0,,not_measured,pil-imagefont-freetypefont.getname.standard
df5231519bb4810e6b0098560c5c791e56dc9952,true,2026-10-09T01:11:25.338187Z,48d69f9756559a7a8da696b16d93e10be849504250560e4830f3dc8ee97b4d9a,101fdb8cc2c9da7ea98da8602ac4e7879ab23c9d,false,2026-10-07T13:19:09.608307Z,8963ea465b99a6b2a2cca91ab2aa07ee321fb3a450edfd10a102f4681b3247e4,PIL.ImageFont.FreeTypeFont.getname,PIL.ImageFont.FreeTypeFont.getname,PIL.ImageFont.FreeTypeFont.getname,method,endpoint,python-parallel-cpu,Pillow,,not_declared,not_declared_in_manifest_or_workload,python-cpu;python-gpu;python-simd,python-cpu,python-cpu;python-gpu;python-simd,1,0,pil-imagefont-freetypefont.getname.standard,0,0,0,0,,,,,0,0,0,0,0,0,0,0,,,pil-imagefont-freetypefont.getname.standard
df5231519bb4810e6b0098560c5c791e56dc9952,true,2026-10-09T01:11:25.338187Z,48d69f9756559a7a8da696b16d93e10be849504250560e4830f3dc8ee97b4d9a,101fdb8cc2c9da7ea98da8602ac4e7879ab23c9d,false,2026-10-07T13:19:09.608307Z,8963ea465b99a6b2a2cca91ab2aa07ee321fb3a450edfd10a102f4681b3247e4,PIL.ImageFont.FreeTypeFont.set_variation_by_axes,PIL.ImageFont.FreeTypeFont.set_variation_by_axes,PIL.ImageFont.FreeTypeFont.set_variation_by_axes,method,endpoint,python-cpu,Pillow,1.0,benchmark_workload,not_in_published_snapshot,python-cpu;python-gpu;python-simd,python-cpu,python-cpu;python-gpu;python-simd,1,0,pil-imagefont-freetypefont.set-variation-by-axes.standard,0,0,0,0,,,,,0,0,0,0,0,0,0,0,,,pil-imagefont-freetypefont.set-variation-by-axes.standard
df5231519bb4810e6b0098560c5c791e56dc9952,true,2026-10-09T01:11:25.338187Z,48d69f9756559a7a8da696b16d93e10be849504250560e4830f3dc8ee97b4d9a,101fdb8cc2c9da7ea98da8602ac4e7879ab23c9d,false,2026-10-07T13:19:09.608307Z,8963ea465b99a6b2a2cca91ab2aa07ee321fb3a450edfd10a102f4681b3247e4,PIL.ImageFont.FreeTypeFont.set_variation_by_axes,PIL.ImageFont.FreeTypeFont.set_variation_by_axes,PIL.ImageFont.FreeTypeFont.set_variation_by_axes,method,endpoint,python-simd,Pillow,2.0,benchmark_workload,not_in_published_snapshot,python-cpu;python-gpu;python-simd,python-cpu,python-cpu;python-gpu;python-simd,1,0,pil-imagefont-freetypefont.set-variation-by-axes.standard,0,0,0,0,0,,,,0,0,0,0,0,0,0,0,,,pil-imagefont-freetypefont.set-variation-by-axes.standard
df5231519bb4810e6b0098560c5c791e56dc9952,true,2026-10-09T01:11:25.338187Z,48d69f9756559a7a8da696b16d93e10be849504250560e4830f3dc8ee97b4d9a,101fdb8cc2c9da7ea98da8602ac4e7879ab23c9d,false,2026-10-07T13:19:09.608307Z,8963ea465b99a6b2a2cca91ab2aa07ee321fb3a450edfd10a102f4681b3247e4,PIL.ImageFont.FreeTypeFont.set_variation_by_axes,PIL.ImageFont.FreeTypeFont.set_variation_by_axes,PIL.ImageFont.FreeTypeFont.set_variation_by_axes,method,endpoint,python-gpu,SIMD,1.0,benchmark_workload,not_in_published_snapshot,python-cpu;python-gpu;python-simd,python-cpu,python-cpu;python-gpu;python-simd,1,0,pil-imagefont-freetypefont.set-variation-by-axes.standard,0,0,0,0,,,,,0,0,0,0,0,0,0,0,,not_measured,pil-imagefont-freetypefont.set-variation-by-axes.standard
df5231519bb4810e6b0098560c5c791e56dc9952,true,2026-10-09T01:11:25.338187Z,48d69f9756559a7a8da696b16d93e10be849504250560e4830f3dc8ee97b4d9a,101fdb8cc2c9da7ea98da8602ac4e7879ab23c9d,false,2026-10-07T13:19:09.608307Z,8963ea465b99a6b2a2cca91ab2aa07ee321fb3a450edfd10a102f4681b3247e4,PIL.ImageFont.FreeTypeFont.set_variation_by_axes,PIL.ImageFont.FreeTypeFont.set_variation_by_axes,PIL.ImageFont.FreeTypeFont.set_variation_by_axes,method,endpoint,python-parallel-cpu,Pillow,,not_declared,not_declared_in_manifest_or_workload,python-cpu;python-gpu;python-simd,python-cpu,python-cpu;python-gpu;python-simd,1,0,pil-imagefont-freetypefont.set-variation-by-axes.standard,0,0,0,0,,,,,0,0,0,0,0,0,0,0,,,pil-imagefont-freetypefont.set-variation-by-axes.standard
df5231519bb4810e6b0098560c5c791e56dc9952,true,2026-10-09T01:11:25.338187Z,48d69f9756559a7a8da696b16d93e10be849504250560e4830f3dc8ee97b4d9a,101fdb8cc2c9da7ea98da8602ac4e7879ab23c9d,false,2026-10-07T13:19:09.608307Z,8963ea465b99a6b2a2cca91ab2aa07ee321fb3a450edfd10a102f4681b3247e4,PIL.ImageFont.FreeTypeFont.set_variation_by_name,PIL.ImageFont.FreeTypeFont.set_variation_by_name,PIL.ImageFont.FreeTypeFont.set_variation_by_name,method,endpoint,python-cpu,Pillow,1.0,benchmark_workload,not_in_published_snapshot,python-cpu;python-gpu;python-simd,python-cpu,python-cpu;python-gpu;python-simd,1,0,pil-imagefont-freetypefont.set-variation-by-name.standard,0,0,0,0,,,,,0,0,0,0,0,0,0,0,,,pil-imagefont-freetypefont.set-variation-by-name.standard
df5231519bb4810e6b0098560c5c791e56dc9952,true,2026-10-09T01:11:25.338187Z,48d69f9756559a7a8da696b16d93e10be849504250560e4830f3dc8ee97b4d9a,101fdb8cc2c9da7ea98da8602ac4e7879ab23c9d,false,2026-10-07T13:19:09.608307Z,8963ea465b99a6b2a2cca91ab2aa07ee321fb3a450edfd10a102f4681b3247e4,PIL.ImageFont.FreeTypeFont.set_variation_by_name,PIL.ImageFont.FreeTypeFont.set_variation_by_name,PIL.ImageFont.FreeTypeFont.set_variation_by_name,method,endpoint,python-simd,Pillow,2.0,benchmark_workload,not_in_published_snapshot,python-cpu;python-gpu;python-simd,python-cpu,python-cpu;python-gpu;python-simd,1,0,pil-imagefont-freetypefont.set-variation-by-name.standard,0,0,0,0,0,,,,0,0,0,0,0,0,0,0,,,pil-imagefont-freetypefont.set-variation-by-name.standard
df5231519bb4810e6b0098560c5c791e56dc9952,true,2026-10-09T01:11:25.338187Z,48d69f9756559a7a8da696b16d93e10be849504250560e4830f3dc8ee97b4d9a,101fdb8cc2c9da7ea98da8602ac4e7879ab23c9d,false,2026-10-07T13:19:09.608307Z,8963ea465b99a6b2a2cca91ab2aa07ee321fb3a450edfd10a102f4681b3247e4,PIL.ImageFont.FreeTypeFont.set_variation_by_name,PIL.ImageFont.FreeTypeFont.set_variation_by_name,PIL.ImageFont.FreeTypeFont.set_variation_by_name,method,endpoint,python-gpu,SIMD,1.0,benchmark_workload,not_in_published_snapshot,python-cpu;python-gpu;python-simd,python-cpu,python-cpu;python-gpu;python-simd,1,0,pil-imagefont-freetypefont.set-variation-by-name.standard,0,0,0,0,,,,,0,0,0,0,0,0,0,0,,not_measured,pil-imagefont-freetypefont.set-variation-by-name.standard
df5231519bb4810e6b0098560c5c791e56dc9952,true,2026-10-09T01:11:25.338187Z,48d69f9756559a7a8da696b16d93e10be849504250560e4830f3dc8ee97b4d9a,101fdb8cc2c9da7ea98da8602ac4e7879ab23c9d,false,2026-10-07T13:19:09.608307Z,8963ea465b99a6b2a2cca91ab2aa07ee321fb3a450edfd10a102f4681b3247e4,PIL.ImageFont.FreeTypeFont.set_variation_by_name,PIL.ImageFont.FreeTypeFont.set_variation_by_name,PIL.ImageFont.FreeTypeFont.set_variation_by_name,method,endpoint,python-parallel-cpu,Pillow,,not_declared,not_declared_in_manifest_or_workload,python-cpu;python-gpu;python-simd,python-cpu,python-cpu;python-gpu;python-simd,1,0,pil-imagefont-freetypefont.set-variation-by-name.standard,0,0,0,0,,,,,0,0,0,0,0,0,0,0,,,pil-imagefont-freetypefont.set-variation-by-name.standard
df5231519bb4810e6b0098560c5c791e56dc9952,true,2026-10-09T01:11:25.338187Z,48d69f9756559a7a8da696b16d93e10be849504250560e4830f3dc8ee97b4d9a,101fdb8cc2c9da7ea98da8602ac4e7879ab23c9d,false,2026-10-07T13:19:09.608307Z,8963ea465b99a6b2a2cca91ab2aa07ee321fb3a450edfd10a102f4681b3247e4,PIL.ImageFont.ImageFont,PIL.ImageFont.ImageFont,PIL.ImageFont.ImageFont,type,endpoint,python-cpu,Pillow,1.0,benchmark_workload,not_in_published_snapshot,python-cpu;python-gpu;python-simd,python-cpu,python-cpu;python-gpu;python-simd,1,0,pil-imagefont.imagefont.standard,0,0,0,0,,,,,0,0,0,0,0,0,0,0,,,pil-imagefont.imagefont.standard
df5231519bb4810e6b0098560c5c791e56dc9952,true,2026-10-09T01:11:25.338187Z,48d69f9756559a7a8da696b16d93e10be849504250560e4830f3dc8ee97b4d9a,101fdb8cc2c9da7ea98da8602ac4e7879ab23c9d,false,2026-10-07T13:19:09.608307Z,8963ea465b99a6b2a2cca91ab2aa07ee321fb3a450edfd10a102f4681b3247e4,PIL.ImageFont.ImageFont,PIL.ImageFont.ImageFont,PIL.ImageFont.ImageFont,type,endpoint,python-simd,Pillow,2.0,benchmark_workload,not_in_published_snapshot,python-cpu;python-gpu;python-simd,python-cpu,python-cpu;python-gpu;python-simd,1,0,pil-imagefont.imagefont.standard,0,0,0,0,0,,,,0,0,0,0,0,0,0,0,,,pil-imagefont.imagefont.standard
df5231519bb4810e6b0098560c5c791e56dc9952,true,2026-10-09T01:11:25.338187Z,48d69f9756559a7a8da696b16d93e10be849504250560e4830f3dc8ee97b4d9a,101fdb8cc2c9da7ea98da8602ac4e7879ab23c9d,false,2026-10-07T13:19:09.608307Z,8963ea465b99a6b2a2cca91ab2aa07ee321fb3a450edfd10a102f4681b3247e4,PIL.ImageFont.ImageFont,PIL.ImageFont.ImageFont,PIL.ImageFont.ImageFont,type,endpoint,python-gpu,SIMD,1.0,benchmark_workload,not_in_published_snapshot,python-cpu;python-gpu;python-simd,python-cpu,python-cpu;python-gpu;python-simd,1,0,pil-imagefont.imagefont.standard,0,0,0,0,,,,,0,0,0,0,0,0,0,0,,not_measured,pil-imagefont.imagefont.standard
df5231519bb4810e6b0098560c5c791e56dc9952,true,2026-10-09T01:11:25.338187Z,48d69f9756559a7a8da696b16d93e10be849504250560e4830f3dc8ee97b4d9a,101fdb8cc2c9da7ea98da8602ac4e7879ab23c9d,false,2026-10-07T13:19:09.608307Z,8963ea465b99a6b2a2cca91ab2aa07ee321fb3a450edfd10a102f4681b3247e4,PIL.ImageFont.ImageFont,PIL.ImageFont.ImageFont,PIL.ImageFont.ImageFont,type,endpoint,python-parallel-cpu,Pillow,,not_declared,not_declared_in_manifest_or_workload,python-cpu;python-gpu;python-simd,python-cpu,python-cpu;python-gpu;python-simd,1,0,pil-imagefont.imagefont.standard,0,0,0,0,,,,,0,0,0,0,0,0,0,0,,,pil-imagefont.imagefont.standard
df5231519bb4810e6b0098560c5c791e56dc9952,true,2026-10-09T01:11:25.338187Z,48d69f9756559a7a8da696b16d93e10be849504250560e4830f3dc8ee97b4d9a,101fdb8cc2c9da7ea98da8602ac4e7879ab23c9d,false,2026-10-07T13:19:09.608307Z,8963ea465b99a6b2a2cca91ab2aa07ee321fb3a450edfd10a102f4681b3247e4,PIL.ImageFont.ImageFont.getbbox,PIL.ImageFont.ImageFont.getbbox,PIL.ImageFont.ImageFont.getbbox,method,endpoint,python-cpu,Pillow,1.0,benchmark_workload,not_in_published_snapshot,python-cpu;python-gpu;python-simd,python-cpu,python-cpu;python-gpu;python-simd,1,0,pil-imagefont-imagefont.getbbox.standard,0,0,0,0,,,,,0,0,0,0,0,0,0,0,,,pil-imagefont-imagefont.getbbox.standard
df5231519bb4810e6b0098560c5c791e56dc9952,true,2026-10-09T01:11:25.338187Z,48d69f9756559a7a8da696b16d93e10be849504250560e4830f3dc8ee97b4d9a,101fdb8cc2c9da7ea98da8602ac4e7879ab23c9d,false,2026-10-07T13:19:09.608307Z,8963ea465b99a6b2a2cca91ab2aa07ee321fb3a450edfd10a102f4681b3247e4,PIL.ImageFont.ImageFont.getbbox,PIL.ImageFont.ImageFont.getbbox,PIL.ImageFont.ImageFont.getbbox,method,endpoint,python-simd,Pillow,2.0,benchmark_workload,not_in_published_snapshot,python-cpu;python-gpu;python-simd,python-cpu,python-cpu;python-gpu;python-simd,1,0,pil-imagefont-imagefont.getbbox.standard,0,0,0,0,0,,,,0,0,0,0,0,0,0,0,,,pil-imagefont-imagefont.getbbox.standard
df5231519bb4810e6b0098560c5c791e56dc9952,true,2026-10-09T01:11:25.338187Z,48d69f9756559a7a8da696b16d93e10be849504250560e4830f3dc8ee97b4d9a,101fdb8cc2c9da7ea98da8602ac4e7879ab23c9d,false,2026-10-07T13:19:09.608307Z,8963ea465b99a6b2a2cca91ab2aa07ee321fb3a450edfd10a102f4681b3247e4,PIL.ImageFont.ImageFont.getbbox,PIL.ImageFont.ImageFont.getbbox,PIL.ImageFont.ImageFont.getbbox,method,endpoint,python-gpu,SIMD,1.0,benchmark_workload,not_in_published_snapshot,python-cpu;python-gpu;python-simd,python-cpu,python-cpu;python-gpu;python-simd,1,0,pil-imagefont-imagefont.getbbox.standard,0,0,0,0,,,,,0,0,0,0,0,0,0,0,,not_measured,pil-imagefont-imagefont.getbbox.standard
df5231519bb4810e6b0098560c5c791e56dc9952,true,2026-10-09T01:11:25.338187Z,48d69f9756559a7a8da696b16d93e10be849504250560e4830f3dc8ee97b4d9a,101fdb8cc2c9da7ea98da8602ac4e7879ab23c9d,false,2026-10-07T13:19:09.608307Z,8963ea465b99a6b2a2cca91ab2aa07ee321fb3a450edfd10a102f4681b3247e4,PIL.ImageFont.ImageFont.getbbox,PIL.ImageFont.ImageFont.getbbox,PIL.ImageFont.ImageFont.getbbox,method,endpoint,python-parallel-cpu,Pillow,,not_declared,not_declared_in_manifest_or_workload,python-cpu;python-gpu;python-simd,python-cpu,python-cpu;python-gpu;python-simd,1,0,pil-imagefont-imagefont.getbbox.standard,0,0,0,0,,,,,0,0,0,0,0,0,0,0,,,pil-imagefont-imagefont.getbbox.standard
df5231519bb4810e6b0098560c5c791e56dc9952,true,2026-10-09T01:11:25.338187Z,48d69f9756559a7a8da696b16d93e10be849504250560e4830f3dc8ee97b4d9a,101fdb8cc2c9da7ea98da8602ac4e7879ab23c9d,false,2026-10-07T13:19:09.608307Z,8963ea465b99a6b2a2cca91ab2aa07ee321fb3a450edfd10a102f4681b3247e4,PIL.ImageFont.ImageFont.getlength,PIL.ImageFont.ImageFont.getlength,PIL.ImageFont.ImageFont.getlength,method,endpoint,python-cpu,Pillow,1.0,benchmark_workload,not_in_published_snapshot,python-cpu;python-gpu;python-simd,python-cpu,python-cpu;python-gpu;python-simd,1,0,pil-imagefont-imagefont.getlength.standard,0,0,0,0,,,,,0,0,0,0,0,0,0,0,,,pil-imagefont-imagefont.getlength.standard
df5231519bb4810e6b0098560c5c791e56dc9952,true,2026-10-09T01:11:25.338187Z,48d69f9756559a7a8da696b16d93e10be849504250560e4830f3dc8ee97b4d9a,101fdb8cc2c9da7ea98da8602ac4e7879ab23c9d,false,2026-10-07T13:19:09.608307Z,8963ea465b99a6b2a2cca91ab2aa07ee321fb3a450edfd10a102f4681b3247e4,PIL.ImageFont.ImageFont.getlength,PIL.ImageFont.ImageFont.getlength,PIL.ImageFont.ImageFont.getlength,method,endpoint,python-simd,Pillow,2.0,benchmark_workload,not_in_published_snapshot,python-cpu;python-gpu;python-simd,python-cpu,python-cpu;python-gpu;python-simd,1,0,pil-imagefont-imagefont.getlength.standard,0,0,0,0,0,,,,0,0,0,0,0,0,0,0,,,pil-imagefont-imagefont.getlength.standard
df5231519bb4810e6b0098560c5c791e56dc9952,true,2026-10-09T01:11:25.338187Z,48d69f9756559a7a8da696b16d93e10be849504250560e4830f3dc8ee97b4d9a,101fdb8cc2c9da7ea98da8602ac4e7879ab23c9d,false,2026-10-07T13:19:09.608307Z,8963ea465b99a6b2a2cca91ab2aa07ee321fb3a450edfd10a102f4681b3247e4,PIL.ImageFont.ImageFont.getlength,PIL.ImageFont.ImageFont.getlength,PIL.ImageFont.ImageFont.getlength,method,endpoint,python-gpu,SIMD,1.0,benchmark_workload,not_in_published_snapshot,python-cpu;python-gpu;python-simd,python-cpu,python-cpu;python-gpu;python-simd,1,0,pil-imagefont-imagefont.getlength.standard,0,0,0,0,,,,,0,0,0,0,0,0,0,0,,not_measured,pil-imagefont-imagefont.getlength.standard
df5231519bb4810e6b0098560c5c791e56dc9952,true,2026-10-09T01:11:25.338187Z,48d69f9756559a7a8da696b16d93e10be849504250560e4830f3dc8ee97b4d9a,101fdb8cc2c9da7ea98da8602ac4e7879ab23c9d,false,2026-10-07T13:19:09.608307Z,8963ea465b99a6b2a2cca91ab2aa07ee321fb3a450edfd10a102f4681b3247e4,PIL.ImageFont.ImageFont.getlength,PIL.ImageFont.ImageFont.getlength,PIL.ImageFont.ImageFont.getlength,method,endpoint,python-parallel-cpu,Pillow,,not_declared,not_declared_in_manifest_or_workload,python-cpu;python-gpu;python-simd,python-cpu,python-cpu;python-gpu;python-simd,1,0,pil-imagefont-imagefont.getlength.standard,0,0,0,0,,,,,0,0,0,0,0,0,0,0,,,pil-imagefont-imagefont.getlength.standard
df5231519bb4810e6b0098560c5c791e56dc9952,true,2026-10-09T01:11:25.338187Z,48d69f9756559a7a8da696b16d93e10be849504250560e4830f3dc8ee97b4d9a,101fdb8cc2c9da7ea98da8602ac4e7879ab23c9d,false,2026-10-07T13:19:09.608307Z,8963ea465b99a6b2a2cca91ab2aa07ee321fb3a450edfd10a102f4681b3247e4,PIL.ImageFont.ImageFont.getmask,PIL.ImageFont.ImageFont.getmask,PIL.ImageFont.ImageFont.getmask,method,endpoint,python-cpu,Pillow,1.0,benchmark_workload,not_in_published_snapshot,python-cpu;python-gpu;python-simd,python-cpu,python-cpu;python-gpu;python-simd,1,0,pil-imagefont-imagefont.getmask.standard,0,0,0,0,,,,,0,0,0,0,0,0,0,0,,,pil-imagefont-imagefont.getmask.standard
df5231519bb4810e6b0098560c5c791e56dc9952,true,2026-10-09T01:11:25.338187Z,48d69f9756559a7a8da696b16d93e10be849504250560e4830f3dc8ee97b4d9a,101fdb8cc2c9da7ea98da8602ac4e7879ab23c9d,false,2026-10-07T13:19:09.608307Z,8963ea465b99a6b2a2cca91ab2aa07ee321fb3a450edfd10a102f4681b3247e4,PIL.ImageFont.ImageFont.getmask,PIL.ImageFont.ImageFont.getmask,PIL.ImageFont.ImageFont.getmask,method,endpoint,python-simd,Pillow,2.0,benchmark_workload,not_in_published_snapshot,python-cpu;python-gpu;python-simd,python-cpu,python-cpu;python-gpu;python-simd,1,0,pil-imagefont-imagefont.getmask.standard,0,0,0,0,0,,,,0,0,0,0,0,0,0,0,,,pil-imagefont-imagefont.getmask.standard
df5231519bb4810e6b0098560c5c791e56dc9952,true,2026-10-09T01:11:25.338187Z,48d69f9756559a7a8da696b16d93e10be849504250560e4830f3dc8ee97b4d9a,101fdb8cc2c9da7ea98da8602ac4e7879ab23c9d,false,2026-10-07T13:19:09.608307Z,8963ea465b99a6b2a2cca91ab2aa07ee321fb3a450edfd10a102f4681b3247e4,PIL.ImageFont.ImageFont.getmask,PIL.ImageFont.ImageFont.getmask,PIL.ImageFont.ImageFont.getmask,method,endpoint,python-gpu,SIMD,1.0,benchmark_workload,not_in_published_snapshot,python-cpu;python-gpu;python-simd,python-cpu,python-cpu;python-gpu;python-simd,1,0,pil-imagefont-imagefont.getmask.standard,0,0,0,0,,,,,0,0,0,0,0,0,0,0,,not_measured,pil-imagefont-imagefont.getmask.standard
df5231519bb4810e6b0098560c5c791e56dc9952,true,2026-10-09T01:11:25.338187Z,48d69f9756559a7a8da696b16d93e10be849504250560e4830f3dc8ee97b4d9a,101fdb8cc2c9da7ea98da8602ac4e7879ab23c9d,false,2026-10-07T13:19:09.608307Z,8963ea465b99a6b2a2cca91ab2aa07ee321fb3a450edfd10a102f4681b3247e4,PIL.ImageFont.ImageFont.getmask,PIL.ImageFont.ImageFont.getmask,PIL.ImageFont.ImageFont.getmask,method,endpoint,python-parallel-cpu,Pillow,,not_declared,not_declared_in_manifest_or_workload,python-cpu;python-gpu;python-simd,python-cpu,python-cpu;python-gpu;python-simd,1,0,pil-imagefont-imagefont.getmask.standard,0,0,0,0,,,,,0,0,0,0,0,0,0,0,,,pil-imagefont-imagefont.getmask.standard
df5231519bb4810e6b0098560c5c791e56dc9952,true,2026-10-09T01:11:25.338187Z,48d69f9756559a7a8da696b16d93e10be849504250560e4830f3dc8ee97b4d9a,101fdb8cc2c9da7ea98da8602ac4e7879ab23c9d,false,2026-10-07T13:19:09.608307Z,8963ea465b99a6b2a2cca91ab2aa07ee321fb3a450edfd10a102f4681b3247e4,PIL.ImageFont.MAX_STRING_LENGTH,PIL.ImageFont.MAX_STRING_LENGTH,PIL.ImageFont.MAX_STRING_LENGTH,constant,endpoint,python-cpu,Pillow,1.0,not_declared,not_declared_in_manifest_or_workload,,,,0,0,,0,0,0,0,,,,,0,0,0,0,0,0,0,0,,,
df5231519bb4810e6b0098560c5c791e56dc9952,true,2026-10-09T01:11:25.338187Z,48d69f9756559a7a8da696b16d93e10be849504250560e4830f3dc8ee97b4d9a,101fdb8cc2c9da7ea98da8602ac4e7879ab23c9d,false,2026-10-07T13:19:09.608307Z,8963ea465b99a6b2a2cca91ab2aa07ee321fb3a450edfd10a102f4681b3247e4,PIL.ImageFont.MAX_STRING_LENGTH,PIL.ImageFont.MAX_STRING_LENGTH,PIL.ImageFont.MAX_STRING_LENGTH,constant,endpoint,python-simd,Pillow,2.0,not_declared,not_declared_in_manifest_or_workload,,,,0,0,,0,0,0,0,0,,,,0,0,0,0,0,0,0,0,,,
df5231519bb4810e6b0098560c5c791e56dc9952,true,2026-10-09T01:11:25.338187Z,48d69f9756559a7a8da696b16d93e10be849504250560e4830f3dc8ee97b4d9a,101fdb8cc2c9da7ea98da8602ac4e7879ab23c9d,false,2026-10-07T13:19:09.608307Z,8963ea465b99a6b2a2cca91ab2aa07ee321fb3a450edfd10a102f4681b3247e4,PIL.ImageFont.MAX_STRING_LENGTH,PIL.ImageFont.MAX_STRING_LENGTH,PIL.ImageFont.MAX_STRING_LENGTH,constant,endpoint,python-gpu,SIMD,1.0,not_declared,not_declared_in_manifest_or_workload,,,,0,0,,0,0,0,0,,,,,0,0,0,0,0,0,0,0,,not_measured,
df5231519bb4810e6b0098560c5c791e56dc9952,true,2026-10-09T01:11:25.338187Z,48d69f9756559a7a8da696b16d93e10be849504250560e4830f3dc8ee97b4d9a,101fdb8cc2c9da7ea98da8602ac4e7879ab23c9d,false,2026-10-07T13:19:09.608307Z,8963ea465b99a6b2a2cca91ab2aa07ee321fb3a450edfd10a102f4681b3247e4,PIL.ImageFont.MAX_STRING_LENGTH,PIL.ImageFont.MAX_STRING_LENGTH,PIL.ImageFont.MAX_STRING_LENGTH,constant,endpoint,python-parallel-cpu,Pillow,,not_declared,not_declared_in_manifest_or_workload,,,,0,0,,0,0,0,0,,,,,0,0,0,0,0,0,0,0,,,
df5231519bb4810e6b0098560c5c791e56dc9952,true,2026-10-09T01:11:25.338187Z,48d69f9756559a7a8da696b16d93e10be849504250560e4830f3dc8ee97b4d9a,101fdb8cc2c9da7ea98da8602ac4e7879ab23c9d,false,2026-10-07T13:19:09.608307Z,8963ea465b99a6b2a2cca91ab2aa07ee321fb3a450edfd10a102f4681b3247e4,PIL.ImageFont.TransposedFont,PIL.ImageFont.TransposedFont,PIL.ImageFont.TransposedFont,type,endpoint,python-cpu,Pillow,1.0,benchmark_workload,not_in_published_snapshot,python-cpu;python-gpu;python-simd,python-cpu,python-cpu;python-gpu;python-simd,1,0,pil-imagefont.transposedfont.standard,0,0,0,0,,,,,0,0,0,0,0,0,0,0,,,pil-imagefont.transposedfont.standard
df5231519bb4810e6b0098560c5c791e56dc9952,true,2026-10-09T01:11:25.338187Z,48d69f9756559a7a8da696b16d93e10be849504250560e4830f3dc8ee97b4d9a,101fdb8cc2c9da7ea98da8602ac4e7879ab23c9d,false,2026-10-07T13:19:09.608307Z,8963ea465b99a6b2a2cca91ab2aa07ee321fb3a450edfd10a102f4681b3247e4,PIL.ImageFont.TransposedFont,PIL.ImageFont.TransposedFont,PIL.ImageFont.TransposedFont,type,endpoint,python-simd,Pillow,2.0,benchmark_workload,not_in_published_snapshot,python-cpu;python-gpu;python-simd,python-cpu,python-cpu;python-gpu;python-simd,1,0,pil-imagefont.transposedfont.standard,0,0,0,0,0,,,,0,0,0,0,0,0,0,0,,,pil-imagefont.transposedfont.standard
df5231519bb4810e6b0098560c5c791e56dc9952,true,2026-10-09T01:11:25.338187Z,48d69f9756559a7a8da696b16d93e10be849504250560e4830f3dc8ee97b4d9a,101fdb8cc2c9da7ea98da8602ac4e7879ab23c9d,false,2026-10-07T13:19:09.608307Z,8963ea465b99a6b2a2cca91ab2aa07ee321fb3a450edfd10a102f4681b3247e4,PIL.ImageFont.TransposedFont,PIL.ImageFont.TransposedFont,PIL.ImageFont.TransposedFont,type,endpoint,python-gpu,SIMD,1.0,benchmark_workload,not_in_published_snapshot,python-cpu;python-gpu;python-simd,python-cpu,python-cpu;python-gpu;python-simd,1,0,pil-imagefont.transposedfont.standard,0,0,0,0,,,,,0,0,0,0,0,0,0,0,,not_measured,pil-imagefont.transposedfont.standard
df5231519bb4810e6b0098560c5c791e56dc9952,true,2026-10-09T01:11:25.338187Z,48d69f9756559a7a8da696b16d93e10be849504250560e4830f3dc8ee97b4d9a,101fdb8cc2c9da7ea98da8602ac4e7879ab23c9d,false,2026-10-07T13:19:09.608307Z,8963ea465b99a6b2a2cca91ab2aa07ee321fb3a450edfd10a102f4681b3247e4,PIL.ImageFont.TransposedFont,PIL.ImageFont.TransposedFont,PIL.ImageFont.TransposedFont,type,endpoint,python-parallel-cpu,Pillow,,not_declared,not_declared_in_manifest_or_workload,python-cpu;python-gpu;python-simd,python-cpu,python-cpu;python-gpu;python-simd,1,0,pil-imagefont.transposedfont.standard,0,0,0,0,,,,,0,0,0,0,0,0,0,0,,,pil-imagefont.transposedfont.standard
df5231519bb4810e6b0098560c5c791e56dc9952,true,2026-10-09T01:11:25.338187Z,48d69f9756559a7a8da696b16d93e10be849504250560e4830f3dc8ee97b4d9a,101fdb8cc2c9da7ea98da8602ac4e7879ab23c9d,false,2026-10-07T13:19:09.608307Z,8963ea465b99a6b2a2cca91ab2aa07ee321fb3a450edfd10a102f4681b3247e4,PIL.ImageFont.TransposedFont.getbbox,PIL.ImageFont.TransposedFont.getbbox,PIL.ImageFont.TransposedFont.getbbox,method,endpoint,python-cpu,Pillow,1.0,benchmark_workload,not_in_published_snapshot,python-cpu;python-gpu;python-simd,python-cpu,python-cpu;python-gpu;python-simd,1,0,pil-imagefont-transposedfont.getbbox.standard,0,0,0,0,,,,,0,0,0,0,0,0,0,0,,,pil-imagefont-transposedfont.getbbox.standard
df5231519bb4810e6b0098560c5c791e56dc9952,true,2026-10-09T01:11:25.338187Z,48d69f9756559a7a8da696b16d93e10be849504250560e4830f3dc8ee97b4d9a,101fdb8cc2c9da7ea98da8602ac4e7879ab23c9d,false,2026-10-07T13:19:09.608307Z,8963ea465b99a6b2a2cca91ab2aa07ee321fb3a450edfd10a102f4681b3247e4,PIL.ImageFont.TransposedFont.getbbox,PIL.ImageFont.TransposedFont.getbbox,PIL.ImageFont.TransposedFont.getbbox,method,endpoint,python-simd,Pillow,2.0,benchmark_workload,not_in_published_snapshot,python-cpu;python-gpu;python-simd,python-cpu,python-cpu;python-gpu;python-simd,1,0,pil-imagefont-transposedfont.getbbox.standard,0,0,0,0,0,,,,0,0,0,0,0,0,0,0,,,pil-imagefont-transposedfont.getbbox.standard
df5231519bb4810e6b0098560c5c791e56dc9952,true,2026-10-09T01:11:25.338187Z,48d69f9756559a7a8da696b16d93e10be849504250560e4830f3dc8ee97b4d9a,101fdb8cc2c9da7ea98da8602ac4e7879ab23c9d,false,2026-10-07T13:19:09.608307Z,8963ea465b99a6b2a2cca91ab2aa07ee321fb3a450edfd10a102f4681b3247e4,PIL.ImageFont.TransposedFont.getbbox,PIL.ImageFont.TransposedFont.getbbox,PIL.ImageFont.TransposedFont.getbbox,method,endpoint,python-gpu,SIMD,1.0,benchmark_workload,not_in_published_snapshot,python-cpu;python-gpu;python-simd,python-cpu,python-cpu;python-gpu;python-simd,1,0,pil-imagefont-transposedfont.getbbox.standard,0,0,0,0,,,,,0,0,0,0,0,0,0,0,,not_measured,pil-imagefont-transposedfont.getbbox.standard
df5231519bb4810e6b0098560c5c791e56dc9952,true,2026-10-09T01:11:25.338187Z,48d69f9756559a7a8da696b16d93e10be849504250560e4830f3dc8ee97b4d9a,101fdb8cc2c9da7ea98da8602ac4e7879ab23c9d,false,2026-10-07T13:19:09.608307Z,8963ea465b99a6b2a2cca91ab2aa07ee321fb3a450edfd10a102f4681b3247e4,PIL.ImageFont.TransposedFont.getbbox,PIL.ImageFont.TransposedFont.getbbox,PIL.ImageFont.TransposedFont.getbbox,method,endpoint,python-parallel-cpu,Pillow,,not_declared,not_declared_in_manifest_or_workload,python-cpu;python-gpu;python-simd,python-cpu,python-cpu;python-gpu;python-simd,1,0,pil-imagefont-transposedfont.getbbox.standard,0,0,0,0,,,,,0,0,0,0,0,0,0,0,,,pil-imagefont-transposedfont.getbbox.standard
df5231519bb4810e6b0098560c5c791e56dc9952,true,2026-10-09T01:11:25.338187Z,48d69f9756559a7a8da696b16d93e10be849504250560e4830f3dc8ee97b4d9a,101fdb8cc2c9da7ea98da8602ac4e7879ab23c9d,false,2026-10-07T13:19:09.608307Z,8963ea465b99a6b2a2cca91ab2aa07ee321fb3a450edfd10a102f4681b3247e4,PIL.ImageFont.TransposedFont.getlength,PIL.ImageFont.TransposedFont.getlength,PIL.ImageFont.TransposedFont.getlength,method,endpoint,python-cpu,Pillow,1.0,benchmark_workload,not_in_published_snapshot,python-cpu;python-gpu;python-simd,python-cpu,python-cpu;python-gpu;python-simd,1,0,pil-imagefont-transposedfont.getlength.standard,0,0,0,0,,,,,0,0,0,0,0,0,0,0,,,pil-imagefont-transposedfont.getlength.standard
df5231519bb4810e6b0098560c5c791e56dc9952,true,2026-10-09T01:11:25.338187Z,48d69f9756559a7a8da696b16d93e10be849504250560e4830f3dc8ee97b4d9a,101fdb8cc2c9da7ea98da8602ac4e7879ab23c9d,false,2026-10-07T13:19:09.608307Z,8963ea465b99a6b2a2cca91ab2aa07ee321fb3a450edfd10a102f4681b3247e4,PIL.ImageFont.TransposedFont.getlength,PIL.ImageFont.TransposedFont.getlength,PIL.ImageFont.TransposedFont.getlength,method,endpoint,python-simd,Pillow,2.0,benchmark_workload,not_in_published_snapshot,python-cpu;python-gpu;python-simd,python-cpu,python-cpu;python-gpu;python-simd,1,0,pil-imagefont-transposedfont.getlength.standard,0,0,0,0,0,,,,0,0,0,0,0,0,0,0,,,pil-imagefont-transposedfont.getlength.standard
df5231519bb4810e6b0098560c5c791e56dc9952,true,2026-10-09T01:11:25.338187Z,48d69f9756559a7a8da696b16d93e10be849504250560e4830f3dc8ee97b4d9a,101fdb8cc2c9da7ea98da8602ac4e7879ab23c9d,false,2026-10-07T13:19:09.608307Z,8963ea465b99a6b2a2cca91ab2aa07ee321fb3a450edfd10a102f4681b3247e4,PIL.ImageFont.TransposedFont.getlength,PIL.ImageFont.TransposedFont.getlength,PIL.ImageFont.TransposedFont.getlength,method,endpoint,python-gpu,SIMD,1.0,benchmark_workload,not_in_published_snapshot,python-cpu;python-gpu;python-simd,python-cpu,python-cpu;python-gpu;python-simd,1,0,pil-imagefont-transposedfont.getlength.standard,0,0,0,0,,,,,0,0,0,0,0,0,0,0,,not_measured,pil-imagefont-transposedfont.getlength.standard
df5231519bb4810e6b0098560c5c791e56dc9952,true,2026-10-09T01:11:25.338187Z,48d69f9756559a7a8da696b16d93e10be849504250560e4830f3dc8ee97b4d9a,101fdb8cc2c9da7ea98da8602ac4e7879ab23c9d,false,2026-10-07T13:19:09.608307Z,8963ea465b99a6b2a2cca91ab2aa07ee321fb3a450edfd10a102f4681b3247e4,PIL.ImageFont.TransposedFont.getlength,PIL.ImageFont.TransposedFont.getlength,PIL.ImageFont.TransposedFont.getlength,method,endpoint,python-parallel-cpu,Pillow,,not_declared,not_declared_in_manifest_or_workload,python-cpu;python-gpu;python-simd,python-cpu,python-cpu;python-gpu;python-simd,1,0,pil-imagefont-transposedfont.getlength.standard,0,0,0,0,,,,,0,0,0,0,0,0,0,0,,,pil-imagefont-transposedfont.getlength.standard
df5231519bb4810e6b0098560c5c791e56dc9952,true,2026-10-09T01:11:25.338187Z,48d69f9756559a7a8da696b16d93e10be849504250560e4830f3dc8ee97b4d9a,101fdb8cc2c9da7ea98da8602ac4e7879ab23c9d,false,2026-10-07T13:19:09.608307Z,8963ea465b99a6b2a2cca91ab2aa07ee321fb3a450edfd10a102f4681b3247e4,PIL.ImageFont.TransposedFont.getmask,PIL.ImageFont.TransposedFont.getmask,PIL.ImageFont.TransposedFont.getmask,method,endpoint,python-cpu,Pillow,1.0,benchmark_workload,not_in_published_snapshot,python-cpu;python-gpu;python-simd,python-cpu,python-cpu;python-gpu;python-simd,1,0,pil-imagefont-transposedfont.getmask.standard,0,0,0,0,,,,,0,0,0,0,0,0,0,0,,,pil-imagefont-transposedfont.getmask.standard
df5231519bb4810e6b0098560c5c791e56dc9952,true,2026-10-09T01:11:25.338187Z,48d69f9756559a7a8da696b16d93e10be849504250560e4830f3dc8ee97b4d9a,101fdb8cc2c9da7ea98da8602ac4e7879ab23c9d,false,2026-10-07T13:19:09.608307Z,8963ea465b99a6b2a2cca91ab2aa07ee321fb3a450edfd10a102f4681b3247e4,PIL.ImageFont.TransposedFont.getmask,PIL.ImageFont.TransposedFont.getmask,PIL.ImageFont.TransposedFont.getmask,method,endpoint,python-simd,Pillow,2.0,benchmark_workload,not_in_published_snapshot,python-cpu;python-gpu;python-simd,python-cpu,python-cpu;python-gpu;python-simd,1,0,pil-imagefont-transposedfont.getmask.standard,0,0,0,0,0,,,,0,0,0,0,0,0,0,0,,,pil-imagefont-transposedfont.getmask.standard
df5231519bb4810e6b0098560c5c791e56dc9952,true,2026-10-09T01:11:25.338187Z,48d69f9756559a7a8da696b16d93e10be849504250560e4830f3dc8ee97b4d9a,101fdb8cc2c9da7ea98da8602ac4e7879ab23c9d,false,2026-10-07T13:19:09.608307Z,8963ea465b99a6b2a2cca91ab2aa07ee321fb3a450edfd10a102f4681b3247e4,PIL.ImageFont.TransposedFont.getmask,PIL.ImageFont.TransposedFont.getmask,PIL.ImageFont.TransposedFont.getmask,method,endpoint,python-gpu,SIMD,1.0,benchmark_workload,not_in_published_snapshot,python-cpu;python-gpu;python-simd,python-cpu,python-cpu;python-gpu;python-simd,1,0,pil-imagefont-transposedfont.getmask.standard,0,0,0,0,,,,,0,0,0,0,0,0,0,0,,not_measured,pil-imagefont-transposedfont.getmask.standard
df5231519bb4810e6b0098560c5c791e56dc9952,true,2026-10-09T01:11:25.338187Z,48d69f9756559a7a8da696b16d93e10be849504250560e4830f3dc8ee97b4d9a,101fdb8cc2c9da7ea98da8602ac4e7879ab23c9d,false,2026-10-07T13:19:09.608307Z,8963ea465b99a6b2a2cca91ab2aa07ee321fb3a450edfd10a102f4681b3247e4,PIL.ImageFont.TransposedFont.getmask,PIL.ImageFont.TransposedFont.getmask,PIL.ImageFont.TransposedFont.getmask,method,endpoint,python-parallel-cpu,Pillow,,not_declared,not_declared_in_manifest_or_workload,python-cpu;python-gpu;python-simd,python-cpu,python-cpu;python-gpu;python-simd,1,0,pil-imagefont-transposedfont.getmask.standard,0,0,0,0,,,,,0,0,0,0,0,0,0,0,,,pil-imagefont-transposedfont.getmask.standard
df5231519bb4810e6b0098560c5c791e56dc9952,true,2026-10-09T01:11:25.338187Z,48d69f9756559a7a8da696b16d93e10be849504250560e4830f3dc8ee97b4d9a,101fdb8cc2c9da7ea98da8602ac4e7879ab23c9d,false,2026-10-07T13:19:09.608307Z,8963ea465b99a6b2a2cca91ab2aa07ee321fb3a450edfd10a102f4681b3247e4,PIL.ImageFont.load,PIL.ImageFont.load,PIL.ImageFont.load,function,endpoint,python-cpu,Pillow,1.0,benchmark_workload,not_in_published_snapshot,python-cpu;python-gpu;python-simd,python-cpu,python-cpu;python-gpu;python-simd,1,0,pil-imagefont.load.standard,0,0,0,0,,,,,0,0,0,0,0,0,0,0,,,pil-imagefont.load.standard
df5231519bb4810e6b0098560c5c791e56dc9952,true,2026-10-09T01:11:25.338187Z,48d69f9756559a7a8da696b16d93e10be849504250560e4830f3dc8ee97b4d9a,101fdb8cc2c9da7ea98da8602ac4e7879ab23c9d,false,2026-10-07T13:19:09.608307Z,8963ea465b99a6b2a2cca91ab2aa07ee321fb3a450edfd10a102f4681b3247e4,PIL.ImageFont.load,PIL.ImageFont.load,PIL.ImageFont.load,function,endpoint,python-simd,Pillow,2.0,benchmark_workload,not_in_published_snapshot,python-cpu;python-gpu;python-simd,python-cpu,python-cpu;python-gpu;python-simd,1,0,pil-imagefont.load.standard,0,0,0,0,0,,,,0,0,0,0,0,0,0,0,,,pil-imagefont.load.standard
df5231519bb4810e6b0098560c5c791e56dc9952,true,2026-10-09T01:11:25.338187Z,48d69f9756559a7a8da696b16d93e10be849504250560e4830f3dc8ee97b4d9a,101fdb8cc2c9da7ea98da8602ac4e7879ab23c9d,false,2026-10-07T13:19:09.608307Z,8963ea465b99a6b2a2cca91ab2aa07ee321fb3a450edfd10a102f4681b3247e4,PIL.ImageFont.load,PIL.ImageFont.load,PIL.ImageFont.load,function,endpoint,python-gpu,SIMD,1.0,benchmark_workload,not_in_published_snapshot,python-cpu;python-gpu;python-simd,python-cpu,python-cpu;python-gpu;python-simd,1,0,pil-imagefont.load.standard,0,0,0,0,,,,,0,0,0,0,0,0,0,0,,not_measured,pil-imagefont.load.standard
df5231519bb4810e6b0098560c5c791e56dc9952,true,2026-10-09T01:11:25.338187Z,48d69f9756559a7a8da696b16d93e10be849504250560e4830f3dc8ee97b4d9a,101fdb8cc2c9da7ea98da8602ac4e7879ab23c9d,false,2026-10-07T13:19:09.608307Z,8963ea465b99a6b2a2cca91ab2aa07ee321fb3a450edfd10a102f4681b3247e4,PIL.ImageFont.load,PIL.ImageFont.load,PIL.ImageFont.load,function,endpoint,python-parallel-cpu,Pillow,,not_declared,not_declared_in_manifest_or_workload,python-cpu;python-gpu;python-simd,python-cpu,python-cpu;python-gpu;python-simd,1,0,pil-imagefont.load.standard,0,0,0,0,,,,,0,0,0,0,0,0,0,0,,,pil-imagefont.load.standard
df5231519bb4810e6b0098560c5c791e56dc9952,true,2026-10-09T01:11:25.338187Z,48d69f9756559a7a8da696b16d93e10be849504250560e4830f3dc8ee97b4d9a,101fdb8cc2c9da7ea98da8602ac4e7879ab23c9d,false,2026-10-07T13:19:09.608307Z,8963ea465b99a6b2a2cca91ab2aa07ee321fb3a450edfd10a102f4681b3247e4,PIL.ImageFont.load_default,PIL.ImageFont.load_default,PIL.ImageFont.load_default,function,endpoint,python-cpu,Pillow,1.0,benchmark_workload,not_in_published_snapshot,python-cpu;python-gpu;python-simd,python-cpu,python-cpu;python-gpu;python-simd,1,0,pil-imagefont.load-default.standard,0,0,0,0,,,,,0,0,0,0,0,0,0,0,,,pil-imagefont.load-default.standard
df5231519bb4810e6b0098560c5c791e56dc9952,true,2026-10-09T01:11:25.338187Z,48d69f9756559a7a8da696b16d93e10be849504250560e4830f3dc8ee97b4d9a,101fdb8cc2c9da7ea98da8602ac4e7879ab23c9d,false,2026-10-07T13:19:09.608307Z,8963ea465b99a6b2a2cca91ab2aa07ee321fb3a450edfd10a102f4681b3247e4,PIL.ImageFont.load_default,PIL.ImageFont.load_default,PIL.ImageFont.load_default,function,endpoint,python-simd,Pillow,2.0,benchmark_workload,not_in_published_snapshot,python-cpu;python-gpu;python-simd,python-cpu,python-cpu;python-gpu;python-simd,1,0,pil-imagefont.load-default.standard,0,0,0,0,0,,,,0,0,0,0,0,0,0,0,,,pil-imagefont.load-default.standard
df5231519bb4810e6b0098560c5c791e56dc9952,true,2026-10-09T01:11:25.338187Z,48d69f9756559a7a8da696b16d93e10be849504250560e4830f3dc8ee97b4d9a,101fdb8cc2c9da7ea98da8602ac4e7879ab23c9d,false,2026-10-07T13:19:09.608307Z,8963ea465b99a6b2a2cca91ab2aa07ee321fb3a450edfd10a102f4681b3247e4,PIL.ImageFont.load_default,PIL.ImageFont.load_default,PIL.ImageFont.load_default,function,endpoint,python-gpu,SIMD,1.0,benchmark_workload,not_in_published_snapshot,python-cpu;python-gpu;python-simd,python-cpu,python-cpu;python-gpu;python-simd,1,0,pil-imagefont.load-default.standard,0,0,0,0,,,,,0,0,0,0,0,0,0,0,,not_measured,pil-imagefont.load-default.standard
df5231519bb4810e6b0098560c5c791e56dc9952,true,2026-10-09T01:11:25.338187Z,48d69f9756559a7a8da696b16d93e10be849504250560e4830f3dc8ee97b4d9a,101fdb8cc2c9da7ea98da8602ac4e7879ab23c9d,false,2026-10-07T13:19:09.608307Z,8963ea465b99a6b2a2cca91ab2aa07ee321fb3a450edfd10a102f4681b3247e4,PIL.ImageFont.load_default,PIL.ImageFont.load_default,PIL.ImageFont.load_default,function,endpoint,python-parallel-cpu,Pillow,,not_declared,not_declared_in_manifest_or_workload,python-cpu;python-gpu;python-simd,python-cpu,python-cpu;python-gpu;python-simd,1,0,pil-imagefont.load-default.standard,0,0,0,0,,,,,0,0,0,0,0,0,0,0,,,pil-imagefont.load-default.standard
df5231519bb4810e6b0098560c5c791e56dc9952,true,2026-10-09T01:11:25.338187Z,48d69f9756559a7a8da696b16d93e10be849504250560e4830f3dc8ee97b4d9a,101fdb8cc2c9da7ea98da8602ac4e7879ab23c9d,false,2026-10-07T13:19:09.608307Z,8963ea465b99a6b2a2cca91ab2aa07ee321fb3a450edfd10a102f4681b3247e4,PIL.ImageFont.load_default_imagefont,PIL.ImageFont.load_default_imagefont,PIL.ImageFont.load_default_imagefont,function,endpoint,python-cpu,Pillow,1.0,benchmark_workload,not_in_published_snapshot,python-cpu;python-gpu;python-simd,python-cpu,python-cpu;python-gpu;python-simd,1,0,pil-imagefont.load-default-imagefont.standard,0,0,0,0,,,,,0,0,0,0,0,0,0,0,,,pil-imagefont.load-default-imagefont.standard
df5231519bb4810e6b0098560c5c791e56dc9952,true,2026-10-09T01:11:25.338187Z,48d69f9756559a7a8da696b16d93e10be849504250560e4830f3dc8ee97b4d9a,101fdb8cc2c9da7ea98da8602ac4e7879ab23c9d,false,2026-10-07T13:19:09.608307Z,8963ea465b99a6b2a2cca91ab2aa07ee321fb3a450edfd10a102f4681b3247e4,PIL.ImageFont.load_default_imagefont,PIL.ImageFont.load_default_imagefont,PIL.ImageFont.load_default_imagefont,function,endpoint,python-simd,Pillow,2.0,benchmark_workload,not_in_published_snapshot,python-cpu;python-gpu;python-simd,python-cpu,python-cpu;python-gpu;python-simd,1,0,pil-imagefont.load-default-imagefont.standard,0,0,0,0,0,,,,0,0,0,0,0,0,0,0,,,pil-imagefont.load-default-imagefont.standard
df5231519bb4810e6b0098560c5c791e56dc9952,true,2026-10-09T01:11:25.338187Z,48d69f9756559a7a8da696b16d93e10be849504250560e4830f3dc8ee97b4d9a,101fdb8cc2c9da7ea98da8602ac4e7879ab23c9d,false,2026-10-07T13:19:09.608307Z,8963ea465b99a6b2a2cca91ab2aa07ee321fb3a450edfd10a102f4681b3247e4,PIL.ImageFont.load_default_imagefont,PIL.ImageFont.load_default_imagefont,PIL.ImageFont.load_default_imagefont,function,endpoint,python-gpu,SIMD,1.0,benchmark_workload,not_in_published_snapshot,python-cpu;python-gpu;python-simd,python-cpu,python-cpu;python-gpu;python-simd,1,0,pil-imagefont.load-default-imagefont.standard,0,0,0,0,,,,,0,0,0,0,0,0,0,0,,not_measured,pil-imagefont.load-default-imagefont.standard
df5231519bb4810e6b0098560c5c791e56dc9952,true,2026-10-09T01:11:25.338187Z,48d69f9756559a7a8da696b16d93e10be849504250560e4830f3dc8ee97b4d9a,101fdb8cc2c9da7ea98da8602ac4e7879ab23c9d,false,2026-10-07T13:19:09.608307Z,8963ea465b99a6b2a2cca91ab2aa07ee321fb3a450edfd10a102f4681b3247e4,PIL.ImageFont.load_default_imagefont,PIL.ImageFont.load_default_imagefont,PIL.ImageFont.load_default_imagefont,function,endpoint,python-parallel-cpu,Pillow,,not_declared,not_declared_in_manifest_or_workload,python-cpu;python-gpu;python-simd,python-cpu,python-cpu;python-gpu;python-simd,1,0,pil-imagefont.load-default-imagefont.standard,0,0,0,0,,,,,0,0,0,0,0,0,0,0,,,pil-imagefont.load-default-imagefont.standard
df5231519bb4810e6b0098560c5c791e56dc9952,true,2026-10-09T01:11:25.338187Z,48d69f9756559a7a8da696b16d93e10be849504250560e4830f3dc8ee97b4d9a,101fdb8cc2c9da7ea98da8602ac4e7879ab23c9d,false,2026-10-07T13:19:09.608307Z,8963ea465b99a6b2a2cca91ab2aa07ee321fb3a450edfd10a102f4681b3247e4,PIL.ImageFont.load_path,PIL.ImageFont.load_path,PIL.ImageFont.load_path,function,endpoint,python-cpu,Pillow,1.0,benchmark_workload,not_in_published_snapshot,python-cpu;python-gpu;python-simd,python-cpu,python-cpu;python-gpu;python-simd,1,0,pil-imagefont.load-path.standard,0,0,0,0,,,,,0,0,0,0,0,0,0,0,,,pil-imagefont.load-path.standard
df5231519bb4810e6b0098560c5c791e56dc9952,true,2026-10-09T01:11:25.338187Z,48d69f9756559a7a8da696b16d93e10be849504250560e4830f3dc8ee97b4d9a,101fdb8cc2c9da7ea98da8602ac4e7879ab23c9d,false,2026-10-07T13:19:09.608307Z,8963ea465b99a6b2a2cca91ab2aa07ee321fb3a450edfd10a102f4681b3247e4,PIL.ImageFont.load_path,PIL.ImageFont.load_path,PIL.ImageFont.load_path,function,endpoint,python-simd,Pillow,2.0,benchmark_workload,not_in_published_snapshot,python-cpu;python-gpu;python-simd,python-cpu,python-cpu;python-gpu;python-simd,1,0,pil-imagefont.load-path.standard,0,0,0,0,0,,,,0,0,0,0,0,0,0,0,,,pil-imagefont.load-path.standard
df5231519bb4810e6b0098560c5c791e56dc9952,true,2026-10-09T01:11:25.338187Z,48d69f9756559a7a8da696b16d93e10be849504250560e4830f3dc8ee97b4d9a,101fdb8cc2c9da7ea98da8602ac4e7879ab23c9d,false,2026-10-07T13:19:09.608307Z,8963ea465b99a6b2a2cca91ab2aa07ee321fb3a450edfd10a102f4681b3247e4,PIL.ImageFont.load_path,PIL.ImageFont.load_path,PIL.ImageFont.load_path,function,endpoint,python-gpu,SIMD,1.0,benchmark_workload,not_in_published_snapshot,python-cpu;python-gpu;python-simd,python-cpu,python-cpu;python-gpu;python-simd,1,0,pil-imagefont.load-path.standard,0,0,0,0,,,,,0,0,0,0,0,0,0,0,,not_measured,pil-imagefont.load-path.standard
df5231519bb4810e6b0098560c5c791e56dc9952,true,2026-10-09T01:11:25.338187Z,48d69f9756559a7a8da696b16d93e10be849504250560e4830f3dc8ee97b4d9a,101fdb8cc2c9da7ea98da8602ac4e7879ab23c9d,false,2026-10-07T13:19:09.608307Z,8963ea465b99a6b2a2cca91ab2aa07ee321fb3a450edfd10a102f4681b3247e4,PIL.ImageFont.load_path,PIL.ImageFont.load_path,PIL.ImageFont.load_path,function,endpoint,python-parallel-cpu,Pillow,,not_declared,not_declared_in_manifest_or_workload,python-cpu;python-gpu;python-simd,python-cpu,python-cpu;python-gpu;python-simd,1,0,pil-imagefont.load-path.standard,0,0,0,0,,,,,0,0,0,0,0,0,0,0,,,pil-imagefont.load-path.standard
df5231519bb4810e6b0098560c5c791e56dc9952,true,2026-10-09T01:11:25.338187Z,48d69f9756559a7a8da696b16d93e10be849504250560e4830f3dc8ee97b4d9a,101fdb8cc2c9da7ea98da8602ac4e7879ab23c9d,false,2026-10-07T13:19:09.608307Z,8963ea465b99a6b2a2cca91ab2aa07ee321fb3a450edfd10a102f4681b3247e4,PIL.ImageFont.truetype,PIL.ImageFont.truetype,PIL.ImageFont.truetype,function,endpoint,python-cpu,Pillow,1.0,benchmark_workload,not_in_published_snapshot,python-cpu;python-gpu;python-simd,python-cpu,python-cpu;python-gpu;python-simd,1,0,pil-imagefont.truetype.standard,0,0,0,0,,,,,0,0,0,0,0,0,0,0,,,pil-imagefont.truetype.standard
df5231519bb4810e6b0098560c5c791e56dc9952,true,2026-10-09T01:11:25.338187Z,48d69f9756559a7a8da696b16d93e10be849504250560e4830f3dc8ee97b4d9a,101fdb8cc2c9da7ea98da8602ac4e7879ab23c9d,false,2026-10-07T13:19:09.608307Z,8963ea465b99a6b2a2cca91ab2aa07ee321fb3a450edfd10a102f4681b3247e4,PIL.ImageFont.truetype,PIL.ImageFont.truetype,PIL.ImageFont.truetype,function,endpoint,python-simd,Pillow,2.0,benchmark_workload,not_in_published_snapshot,python-cpu;python-gpu;python-simd,python-cpu,python-cpu;python-gpu;python-simd,1,0,pil-imagefont.truetype.standard,0,0,0,0,0,,,,0,0,0,0,0,0,0,0,,,pil-imagefont.truetype.standard
df5231519bb4810e6b0098560c5c791e56dc9952,true,2026-10-09T01:11:25.338187Z,48d69f9756559a7a8da696b16d93e10be849504250560e4830f3dc8ee97b4d9a,101fdb8cc2c9da7ea98da8602ac4e7879ab23c9d,false,2026-10-07T13:19:09.608307Z,8963ea465b99a6b2a2cca91ab2aa07ee321fb3a450edfd10a102f4681b3247e4,PIL.ImageFont.truetype,PIL.ImageFont.truetype,PIL.ImageFont.truetype,function,endpoint,python-gpu,SIMD,1.0,benchmark_workload,not_in_published_snapshot,python-cpu;python-gpu;python-simd,python-cpu,python-cpu;python-gpu;python-simd,1,0,pil-imagefont.truetype.standard,0,0,0,0,,,,,0,0,0,0,0,0,0,0,,not_measured,pil-imagefont.truetype.standard
df5231519bb4810e6b0098560c5c791e56dc9952,true,2026-10-09T01:11:25.338187Z,48d69f9756559a7a8da696b16d93e10be849504250560e4830f3dc8ee97b4d9a,101fdb8cc2c9da7ea98da8602ac4e7879ab23c9d,false,2026-10-07T13:19:09.608307Z,8963ea465b99a6b2a2cca91ab2aa07ee321fb3a450edfd10a102f4681b3247e4,PIL.ImageFont.truetype,PIL.ImageFont.truetype,PIL.ImageFont.truetype,function,endpoint,python-parallel-cpu,Pillow,,not_declared,not_declared_in_manifest_or_workload,python-cpu;python-gpu;python-simd,python-cpu,python-cpu;python-gpu;python-simd,1,0,pil-imagefont.truetype.standard,0,0,0,0,,,,,0,0,0,0,0,0,0,0,,,pil-imagefont.truetype.standard
df5231519bb4810e6b0098560c5c791e56dc9952,true,2026-10-09T01:11:25.338187Z,48d69f9756559a7a8da696b16d93e10be849504250560e4830f3dc8ee97b4d9a,101fdb8cc2c9da7ea98da8602ac4e7879ab23c9d,false,2026-10-07T13:19:09.608307Z,8963ea465b99a6b2a2cca91ab2aa07ee321fb3a450edfd10a102f4681b3247e4,PIL.ImageOps.autocontrast,PIL.ImageOps.autocontrast,PIL.ImageOps.autocontrast,function,endpoint,python-cpu,Pillow,1.0,benchmark_workload,no_verified_comparison,python-cpu;python-gpu;python-simd,python-cpu,python-cpu;python-gpu;python-simd,9,8,pil-imageops.autocontrast.standard,24,0,0,0,,,,,24,0,0,0,0,0,0,0,,,pil-imageops.autocontrast.standard;pipeline-chain.loaded-10.rgb-jpeg-512x384;pipeline-chain.loaded-10.rgba-png-512x384;pipeline-matrix.expanded.autocontrast.1024x768;pipeline-matrix.expanded.autocontrast.1x1;pipeline-matrix.expanded.autocontrast.256x256;pipeline-matrix.expanded.autocontrast.32x32;pipeline-op.autocontrast.benchmark-materialized;pipeline-op.autocontrast.matrix-32x24
df5231519bb4810e6b0098560c5c791e56dc9952,true,2026-10-09T01:11:25.338187Z,48d69f9756559a7a8da696b16d93e10be849504250560e4830f3dc8ee97b4d9a,101fdb8cc2c9da7ea98da8602ac4e7879ab23c9d,false,2026-10-07T13:19:09.608307Z,8963ea465b99a6b2a2cca91ab2aa07ee321fb3a450edfd10a102f4681b3247e4,PIL.ImageOps.autocontrast,PIL.ImageOps.autocontrast,PIL.ImageOps.autocontrast,function,endpoint,python-simd,Pillow,2.0,benchmark_workload,no_verified_comparison,python-cpu;python-gpu;python-simd,python-cpu,python-cpu;python-gpu;python-simd,9,8,pil-imageops.autocontrast.standard,24,0,0,0,0,,,,24,0,0,0,0,0,0,0,,,pil-imageops.autocontrast.standard;pipeline-chain.loaded-10.rgb-jpeg-512x384;pipeline-chain.loaded-10.rgba-png-512x384;pipeline-matrix.expanded.autocontrast.1024x768;pipeline-matrix.expanded.autocontrast.1x1;pipeline-matrix.expanded.autocontrast.256x256;pipeline-matrix.expanded.autocontrast.32x32;pipeline-op.autocontrast.benchmark-materialized;pipeline-op.autocontrast.matrix-32x24
df5231519bb4810e6b0098560c5c791e56dc9952,true,2026-10-09T01:11:25.338187Z,48d69f9756559a7a8da696b16d93e10be849504250560e4830f3dc8ee97b4d9a,101fdb8cc2c9da7ea98da8602ac4e7879ab23c9d,false,2026-10-07T13:19:09.608307Z,8963ea465b99a6b2a2cca91ab2aa07ee321fb3a450edfd10a102f4681b3247e4,PIL.ImageOps.autocontrast,PIL.ImageOps.autocontrast,PIL.ImageOps.autocontrast,function,endpoint,python-gpu,SIMD,1.0,benchmark_workload,no_verified_comparison,python-cpu;python-gpu;python-simd,python-cpu,python-cpu;python-gpu;python-simd,9,8,pil-imageops.autocontrast.standard,8,0,0,0,,,,,8,0,0,0,0,0,0,0,,not_measured,pil-imageops.autocontrast.standard;pipeline-chain.loaded-10.rgb-jpeg-512x384;pipeline-chain.loaded-10.rgba-png-512x384;pipeline-matrix.expanded.autocontrast.1024x768;pipeline-matrix.expanded.autocontrast.1x1;pipeline-matrix.expanded.autocontrast.256x256;pipeline-matrix.expanded.autocontrast.32x32;pipeline-op.autocontrast.benchmark-materialized;pipeline-op.autocontrast.matrix-32x24
df5231519bb4810e6b0098560c5c791e56dc9952,true,2026-10-09T01:11:25.338187Z,48d69f9756559a7a8da696b16d93e10be849504250560e4830f3dc8ee97b4d9a,101fdb8cc2c9da7ea98da8602ac4e7879ab23c9d,false,2026-10-07T13:19:09.608307Z,8963ea465b99a6b2a2cca91ab2aa07ee321fb3a450edfd10a102f4681b3247e4,PIL.ImageOps.autocontrast,PIL.ImageOps.autocontrast,PIL.ImageOps.autocontrast,function,endpoint,python-parallel-cpu,Pillow,,published_rows_only,no_verified_comparison,python-cpu;python-gpu;python-simd,python-cpu,python-cpu;python-gpu;python-simd,9,8,pil-imageops.autocontrast.standard,24,0,0,0,,,,,24,0,0,0,0,0,0,0,,,pil-imageops.autocontrast.standard;pipeline-chain.loaded-10.rgb-jpeg-512x384;pipeline-chain.loaded-10.rgba-png-512x384;pipeline-matrix.expanded.autocontrast.1024x768;pipeline-matrix.expanded.autocontrast.1x1;pipeline-matrix.expanded.autocontrast.256x256;pipeline-matrix.expanded.autocontrast.32x32;pipeline-op.autocontrast.benchmark-materialized;pipeline-op.autocontrast.matrix-32x24
df5231519bb4810e6b0098560c5c791e56dc9952,true,2026-10-09T01:11:25.338187Z,48d69f9756559a7a8da696b16d93e10be849504250560e4830f3dc8ee97b4d9a,101fdb8cc2c9da7ea98da8602ac4e7879ab23c9d,false,2026-10-07T13:19:09.608307Z,8963ea465b99a6b2a2cca91ab2aa07ee321fb3a450edfd10a102f4681b3247e4,PIL.ImageOps.colorize,PIL.ImageOps.colorize,PIL.ImageOps.colorize,function,endpoint,python-cpu,Pillow,1.0,benchmark_workload,no_verified_comparison,python-cpu;python-gpu;python-simd,python-cpu,python-cpu;python-gpu;python-simd,4,2,pil-imageops.colorize.materialized-noise-l-1024x768;pil-imageops.colorize.standard,6,0,0,0,,,,,6,0,0,0,0,0,0,0,,,pil-imageops.colorize.materialized-noise-l-1024x768;pil-imageops.colorize.standard;pipeline-op.colorize.benchmark-materialized;pipeline-op.colorize.matrix-32x24
df5231519bb4810e6b0098560c5c791e56dc9952,true,2026-10-09T01:11:25.338187Z,48d69f9756559a7a8da696b16d93e10be849504250560e4830f3dc8ee97b4d9a,101fdb8cc2c9da7ea98da8602ac4e7879ab23c9d,false,2026-10-07T13:19:09.608307Z,8963ea465b99a6b2a2cca91ab2aa07ee321fb3a450edfd10a102f4681b3247e4,PIL.ImageOps.colorize,PIL.ImageOps.colorize,PIL.ImageOps.colorize,function,endpoint,python-simd,Pillow,2.0,benchmark_workload,no_verified_comparison,python-cpu;python-gpu;python-simd,python-cpu,python-cpu;python-gpu;python-simd,4,2,pil-imageops.colorize.materialized-noise-l-1024x768;pil-imageops.colorize.standard,6,0,0,0,0,,,,6,0,0,0,0,0,0,0,,,pil-imageops.colorize.materialized-noise-l-1024x768;pil-imageops.colorize.standard;pipeline-op.colorize.benchmark-materialized;pipeline-op.colorize.matrix-32x24
df5231519bb4810e6b0098560c5c791e56dc9952,true,2026-10-09T01:11:25.338187Z,48d69f9756559a7a8da696b16d93e10be849504250560e4830f3dc8ee97b4d9a,101fdb8cc2c9da7ea98da8602ac4e7879ab23c9d,false,2026-10-07T13:19:09.608307Z,8963ea465b99a6b2a2cca91ab2aa07ee321fb3a450edfd10a102f4681b3247e4,PIL.ImageOps.colorize,PIL.ImageOps.colorize,PIL.ImageOps.colorize,function,endpoint,python-gpu,SIMD,1.0,benchmark_workload,no_verified_comparison,python-cpu;python-gpu;python-simd,python-cpu,python-cpu;python-gpu;python-simd,4,2,pil-imageops.colorize.materialized-noise-l-1024x768;pil-imageops.colorize.standard,2,0,0,0,,,,,2,0,0,0,0,0,0,0,,not_measured,pil-imageops.colorize.materialized-noise-l-1024x768;pil-imageops.colorize.standard;pipeline-op.colorize.benchmark-materialized;pipeline-op.colorize.matrix-32x24
df5231519bb4810e6b0098560c5c791e56dc9952,true,2026-10-09T01:11:25.338187Z,48d69f9756559a7a8da696b16d93e10be849504250560e4830f3dc8ee97b4d9a,101fdb8cc2c9da7ea98da8602ac4e7879ab23c9d,false,2026-10-07T13:19:09.608307Z,8963ea465b99a6b2a2cca91ab2aa07ee321fb3a450edfd10a102f4681b3247e4,PIL.ImageOps.colorize,PIL.ImageOps.colorize,PIL.ImageOps.colorize,function,endpoint,python-parallel-cpu,Pillow,,published_rows_only,no_verified_comparison,python-cpu;python-gpu;python-simd,python-cpu,python-cpu;python-gpu;python-simd,4,2,pil-imageops.colorize.materialized-noise-l-1024x768;pil-imageops.colorize.standard,6,0,0,0,,,,,6,0,0,0,0,0,0,0,,,pil-imageops.colorize.materialized-noise-l-1024x768;pil-imageops.colorize.standard;pipeline-op.colorize.benchmark-materialized;pipeline-op.colorize.matrix-32x24
df5231519bb4810e6b0098560c5c791e56dc9952,true,2026-10-09T01:11:25.338187Z,48d69f9756559a7a8da696b16d93e10be849504250560e4830f3dc8ee97b4d9a,101fdb8cc2c9da7ea98da8602ac4e7879ab23c9d,false,2026-10-07T13:19:09.608307Z,8963ea465b99a6b2a2cca91ab2aa07ee321fb3a450edfd10a102f4681b3247e4,PIL.ImageOps.contain,PIL.ImageOps.contain,PIL.ImageOps.contain,function,endpoint,python-cpu,Pillow,1.0,benchmark_workload,no_verified_comparison,python-cpu;python-gpu;python-simd,python-cpu,python-cpu;python-gpu;python-simd,3,2,pil-imageops.contain.standard,6,0,0,0,,,,,6,0,0,0,0,0,0,0,,,pil-imageops.contain.standard;pipeline-op.contain.benchmark-materialized;pipeline-op.contain.matrix-32x24
df5231519bb4810e6b0098560c5c791e56dc9952,true,2026-10-09T01:11:25.338187Z,48d69f9756559a7a8da696b16d93e10be849504250560e4830f3dc8ee97b4d9a,101fdb8cc2c9da7ea98da8602ac4e7879ab23c9d,false,2026-10-07T13:19:09.608307Z,8963ea465b99a6b2a2cca91ab2aa07ee321fb3a450edfd10a102f4681b3247e4,PIL.ImageOps.contain,PIL.ImageOps.contain,PIL.ImageOps.contain,function,endpoint,python-simd,Pillow,2.0,benchmark_workload,no_verified_comparison,python-cpu;python-gpu;python-simd,python-cpu,python-cpu;python-gpu;python-simd,3,2,pil-imageops.contain.standard,6,0,0,0,0,,,,6,0,0,0,0,0,0,0,,,pil-imageops.contain.standard;pipeline-op.contain.benchmark-materialized;pipeline-op.contain.matrix-32x24
df5231519bb4810e6b0098560c5c791e56dc9952,true,2026-10-09T01:11:25.338187Z,48d69f9756559a7a8da696b16d93e10be849504250560e4830f3dc8ee97b4d9a,101fdb8cc2c9da7ea98da8602ac4e7879ab23c9d,false,2026-10-07T13:19:09.608307Z,8963ea465b99a6b2a2cca91ab2aa07ee321fb3a450edfd10a102f4681b3247e4,PIL.ImageOps.contain,PIL.ImageOps.contain,PIL.ImageOps.contain,function,endpoint,python-gpu,SIMD,1.0,benchmark_workload,no_verified_comparison,python-cpu;python-gpu;python-simd,python-cpu,python-cpu;python-gpu;python-simd,3,2,pil-imageops.contain.standard,2,0,0,0,,,,,2,0,0,0,0,0,0,0,,not_measured,pil-imageops.contain.standard;pipeline-op.contain.benchmark-materialized;pipeline-op.contain.matrix-32x24
df5231519bb4810e6b0098560c5c791e56dc9952,true,2026-10-09T01:11:25.338187Z,48d69f9756559a7a8da696b16d93e10be849504250560e4830f3dc8ee97b4d9a,101fdb8cc2c9da7ea98da8602ac4e7879ab23c9d,false,2026-10-07T13:19:09.608307Z,8963ea465b99a6b2a2cca91ab2aa07ee321fb3a450edfd10a102f4681b3247e4,PIL.ImageOps.contain,PIL.ImageOps.contain,PIL.ImageOps.contain,function,endpoint,python-parallel-cpu,Pillow,,published_rows_only,no_verified_comparison,python-cpu;python-gpu;python-simd,python-cpu,python-cpu;python-gpu;python-simd,3,2,pil-imageops.contain.standard,6,0,0,0,,,,,6,0,0,0,0,0,0,0,,,pil-imageops.contain.standard;pipeline-op.contain.benchmark-materialized;pipeline-op.contain.matrix-32x24
df5231519bb4810e6b0098560c5c791e56dc9952,true,2026-10-09T01:11:25.338187Z,48d69f9756559a7a8da696b16d93e10be849504250560e4830f3dc8ee97b4d9a,101fdb8cc2c9da7ea98da8602ac4e7879ab23c9d,false,2026-10-07T13:19:09.608307Z,8963ea465b99a6b2a2cca91ab2aa07ee321fb3a450edfd10a102f4681b3247e4,PIL.ImageOps.cover,PIL.ImageOps.cover,PIL.ImageOps.cover,function,endpoint,python-cpu,Pillow,1.0,benchmark_workload,no_verified_comparison,python-cpu;python-gpu;python-simd,python-cpu,python-cpu;python-gpu;python-simd,9,2,pil-imageops.cover.materialized.cmyk-noise-1024x768;pil-imageops.cover.materialized.hsv-noise-1024x768;pil-imageops.cover.materialized.l-noise-1024x768;pil-imageops.cover.materialized.la-noise-1024x768;pil-imageops.cover.materialized.rgb-noise-1024x768;pil-imageops.cover.materialized.rgba-noise-1024x768;pil-imageops.cover.standard,6,0,0,0,,,,,6,0,0,0,0,0,0,0,,,pil-imageops.cover.materialized.cmyk-noise-1024x768;pil-imageops.cover.materialized.hsv-noise-1024x768;pil-imageops.cover.materialized.l-noise-1024x768;pil-imageops.cover.materialized.la-noise-1024x768;pil-imageops.cover.materialized.rgb-noise-1024x768;pil-imageops.cover.materialized.rgba-noise-1024x768;pil-imageops.cover.standard;pipeline-op.cover.benchmark-materialized;pipeline-op.cover.matrix-32x24
df5231519bb4810e6b0098560c5c791e56dc9952,true,2026-10-09T01:11:25.338187Z,48d69f9756559a7a8da696b16d93e10be849504250560e4830f3dc8ee97b4d9a,101fdb8cc2c9da7ea98da8602ac4e7879ab23c9d,false,2026-10-07T13:19:09.608307Z,8963ea465b99a6b2a2cca91ab2aa07ee321fb3a450edfd10a102f4681b3247e4,PIL.ImageOps.cover,PIL.ImageOps.cover,PIL.ImageOps.cover,function,endpoint,python-simd,Pillow,2.0,benchmark_workload,no_verified_comparison,python-cpu;python-gpu;python-simd,python-cpu,python-cpu;python-gpu;python-simd,9,2,pil-imageops.cover.materialized.cmyk-noise-1024x768;pil-imageops.cover.materialized.hsv-noise-1024x768;pil-imageops.cover.materialized.l-noise-1024x768;pil-imageops.cover.materialized.la-noise-1024x768;pil-imageops.cover.materialized.rgb-noise-1024x768;pil-imageops.cover.materialized.rgba-noise-1024x768;pil-imageops.cover.standard,6,0,0,0,0,,,,6,0,0,0,0,0,0,0,,,pil-imageops.cover.materialized.cmyk-noise-1024x768;pil-imageops.cover.materialized.hsv-noise-1024x768;pil-imageops.cover.materialized.l-noise-1024x768;pil-imageops.cover.materialized.la-noise-1024x768;pil-imageops.cover.materialized.rgb-noise-1024x768;pil-imageops.cover.materialized.rgba-noise-1024x768;pil-imageops.cover.standard;pipeline-op.cover.benchmark-materialized;pipeline-op.cover.matrix-32x24
df5231519bb4810e6b0098560c5c791e56dc9952,true,2026-10-09T01:11:25.338187Z,48d69f9756559a7a8da696b16d93e10be849504250560e4830f3dc8ee97b4d9a,101fdb8cc2c9da7ea98da8602ac4e7879ab23c9d,false,2026-10-07T13:19:09.608307Z,8963ea465b99a6b2a2cca91ab2aa07ee321fb3a450edfd10a102f4681b3247e4,PIL.ImageOps.cover,PIL.ImageOps.cover,PIL.ImageOps.cover,function,endpoint,python-gpu,SIMD,1.0,benchmark_workload,no_verified_comparison,python-cpu;python-gpu;python-simd,python-cpu,python-cpu;python-gpu;python-simd,9,2,pil-imageops.cover.materialized.cmyk-noise-1024x768;pil-imageops.cover.materialized.hsv-noise-1024x768;pil-imageops.cover.materialized.l-noise-1024x768;pil-imageops.cover.materialized.la-noise-1024x768;pil-imageops.cover.materialized.rgb-noise-1024x768;pil-imageops.cover.materialized.rgba-noise-1024x768;pil-imageops.cover.standard,2,0,0,0,,,,,2,0,0,0,0,0,0,0,,not_measured,pil-imageops.cover.materialized.cmyk-noise-1024x768;pil-imageops.cover.materialized.hsv-noise-1024x768;pil-imageops.cover.materialized.l-noise-1024x768;pil-imageops.cover.materialized.la-noise-1024x768;pil-imageops.cover.materialized.rgb-noise-1024x768;pil-imageops.cover.materialized.rgba-noise-1024x768;pil-imageops.cover.standard;pipeline-op.cover.benchmark-materialized;pipeline-op.cover.matrix-32x24
df5231519bb4810e6b0098560c5c791e56dc9952,true,2026-10-09T01:11:25.338187Z,48d69f9756559a7a8da696b16d93e10be849504250560e4830f3dc8ee97b4d9a,101fdb8cc2c9da7ea98da8602ac4e7879ab23c9d,false,2026-10-07T13:19:09.608307Z,8963ea465b99a6b2a2cca91ab2aa07ee321fb3a450edfd10a102f4681b3247e4,PIL.ImageOps.cover,PIL.ImageOps.cover,PIL.ImageOps.cover,function,endpoint,python-parallel-cpu,Pillow,,published_rows_only,no_verified_comparison,python-cpu;python-gpu;python-simd,python-cpu,python-cpu;python-gpu;python-simd,9,2,pil-imageops.cover.materialized.cmyk-noise-1024x768;pil-imageops.cover.materialized.hsv-noise-1024x768;pil-imageops.cover.materialized.l-noise-1024x768;pil-imageops.cover.materialized.la-noise-1024x768;pil-imageops.cover.materialized.rgb-noise-1024x768;pil-imageops.cover.materialized.rgba-noise-1024x768;pil-imageops.cover.standard,6,0,0,0,,,,,6,0,0,0,0,0,0,0,,,pil-imageops.cover.materialized.cmyk-noise-1024x768;pil-imageops.cover.materialized.hsv-noise-1024x768;pil-imageops.cover.materialized.l-noise-1024x768;pil-imageops.cover.materialized.la-noise-1024x768;pil-imageops.cover.materialized.rgb-noise-1024x768;pil-imageops.cover.materialized.rgba-noise-1024x768;pil-imageops.cover.standard;pipeline-op.cover.benchmark-materialized;pipeline-op.cover.matrix-32x24
df5231519bb4810e6b0098560c5c791e56dc9952,true,2026-10-09T01:11:25.338187Z,48d69f9756559a7a8da696b16d93e10be849504250560e4830f3dc8ee97b4d9a,101fdb8cc2c9da7ea98da8602ac4e7879ab23c9d,false,2026-10-07T13:19:09.608307Z,8963ea465b99a6b2a2cca91ab2aa07ee321fb3a450edfd10a102f4681b3247e4,PIL.ImageOps.crop,PIL.ImageOps.crop,PIL.ImageOps.crop,function,endpoint,python-cpu,Pillow,1.0,benchmark_workload,no_verified_comparison,python-cpu;python-gpu;python-simd,python-cpu,python-cpu;python-gpu;python-simd,8,7,pil-imageops.crop.standard,21,0,0,0,,,,,21,0,0,0,0,0,0,0,,,pil-imageops.crop.standard;pipeline-chain.geometry-copy.cropborder-chain-rgba-1024x768;pipeline-chain.geometry-copy.cropborder-l-1024x768;pipeline-chain.geometry-copy.cropborder-la-1024x768;pipeline-chain.geometry-copy.cropborder-rgb-1024x768;pipeline-chain.geometry-copy.cropborder-rgba-1024x768;pipeline-op.cropborder.benchmark-materialized;pipeline-op.cropborder.matrix-32x24
df5231519bb4810e6b0098560c5c791e56dc9952,true,2026-10-09T01:11:25.338187Z,48d69f9756559a7a8da696b16d93e10be849504250560e4830f3dc8ee97b4d9a,101fdb8cc2c9da7ea98da8602ac4e7879ab23c9d,false,2026-10-07T13:19:09.608307Z,8963ea465b99a6b2a2cca91ab2aa07ee321fb3a450edfd10a102f4681b3247e4,PIL.ImageOps.crop,PIL.ImageOps.crop,PIL.ImageOps.crop,function,endpoint,python-simd,Pillow,2.0,benchmark_workload,no_verified_comparison,python-cpu;python-gpu;python-simd,python-cpu,python-cpu;python-gpu;python-simd,8,7,pil-imageops.crop.standard,21,0,0,0,0,,,,21,0,0,0,0,0,0,0,,,pil-imageops.crop.standard;pipeline-chain.geometry-copy.cropborder-chain-rgba-1024x768;pipeline-chain.geometry-copy.cropborder-l-1024x768;pipeline-chain.geometry-copy.cropborder-la-1024x768;pipeline-chain.geometry-copy.cropborder-rgb-1024x768;pipeline-chain.geometry-copy.cropborder-rgba-1024x768;pipeline-op.cropborder.benchmark-materialized;pipeline-op.cropborder.matrix-32x24
df5231519bb4810e6b0098560c5c791e56dc9952,true,2026-10-09T01:11:25.338187Z,48d69f9756559a7a8da696b16d93e10be849504250560e4830f3dc8ee97b4d9a,101fdb8cc2c9da7ea98da8602ac4e7879ab23c9d,false,2026-10-07T13:19:09.608307Z,8963ea465b99a6b2a2cca91ab2aa07ee321fb3a450edfd10a102f4681b3247e4,PIL.ImageOps.crop,PIL.ImageOps.crop,PIL.ImageOps.crop,function,endpoint,python-gpu,SIMD,1.0,benchmark_workload,no_verified_comparison,python-cpu;python-gpu;python-simd,python-cpu,python-cpu;python-gpu;python-simd,8,7,pil-imageops.crop.standard,7,0,0,0,,,,,7,0,0,0,0,0,0,0,,not_measured,pil-imageops.crop.standard;pipeline-chain.geometry-copy.cropborder-chain-rgba-1024x768;pipeline-chain.geometry-copy.cropborder-l-1024x768;pipeline-chain.geometry-copy.cropborder-la-1024x768;pipeline-chain.geometry-copy.cropborder-rgb-1024x768;pipeline-chain.geometry-copy.cropborder-rgba-1024x768;pipeline-op.cropborder.benchmark-materialized;pipeline-op.cropborder.matrix-32x24
df5231519bb4810e6b0098560c5c791e56dc9952,true,2026-10-09T01:11:25.338187Z,48d69f9756559a7a8da696b16d93e10be849504250560e4830f3dc8ee97b4d9a,101fdb8cc2c9da7ea98da8602ac4e7879ab23c9d,false,2026-10-07T13:19:09.608307Z,8963ea465b99a6b2a2cca91ab2aa07ee321fb3a450edfd10a102f4681b3247e4,PIL.ImageOps.crop,PIL.ImageOps.crop,PIL.ImageOps.crop,function,endpoint,python-parallel-cpu,Pillow,,published_rows_only,no_verified_comparison,python-cpu;python-gpu;python-simd,python-cpu,python-cpu;python-gpu;python-simd,8,7,pil-imageops.crop.standard,21,0,0,0,,,,,21,0,0,0,0,0,0,0,,,pil-imageops.crop.standard;pipeline-chain.geometry-copy.cropborder-chain-rgba-1024x768;pipeline-chain.geometry-copy.cropborder-l-1024x768;pipeline-chain.geometry-copy.cropborder-la-1024x768;pipeline-chain.geometry-copy.cropborder-rgb-1024x768;pipeline-chain.geometry-copy.cropborder-rgba-1024x768;pipeline-op.cropborder.benchmark-materialized;pipeline-op.cropborder.matrix-32x24
df5231519bb4810e6b0098560c5c791e56dc9952,true,2026-10-09T01:11:25.338187Z,48d69f9756559a7a8da696b16d93e10be849504250560e4830f3dc8ee97b4d9a,101fdb8cc2c9da7ea98da8602ac4e7879ab23c9d,false,2026-10-07T13:19:09.608307Z,8963ea465b99a6b2a2cca91ab2aa07ee321fb3a450edfd10a102f4681b3247e4,PIL.ImageOps.deform,PIL.ImageOps.deform,PIL.ImageOps.deform,function,endpoint,python-cpu,Pillow,1.0,benchmark_workload,not_in_published_snapshot,python-cpu;python-gpu;python-simd,python-cpu,python-cpu;python-gpu;python-simd,1,0,pil-imageops.deform.standard,0,0,0,0,,,,,0,0,0,0,0,0,0,0,,,pil-imageops.deform.standard
df5231519bb4810e6b0098560c5c791e56dc9952,true,2026-10-09T01:11:25.338187Z,48d69f9756559a7a8da696b16d93e10be849504250560e4830f3dc8ee97b4d9a,101fdb8cc2c9da7ea98da8602ac4e7879ab23c9d,false,2026-10-07T13:19:09.608307Z,8963ea465b99a6b2a2cca91ab2aa07ee321fb3a450edfd10a102f4681b3247e4,PIL.ImageOps.deform,PIL.ImageOps.deform,PIL.ImageOps.deform,function,endpoint,python-simd,Pillow,2.0,benchmark_workload,not_in_published_snapshot,python-cpu;python-gpu;python-simd,python-cpu,python-cpu;python-gpu;python-simd,1,0,pil-imageops.deform.standard,0,0,0,0,0,,,,0,0,0,0,0,0,0,0,,,pil-imageops.deform.standard
df5231519bb4810e6b0098560c5c791e56dc9952,true,2026-10-09T01:11:25.338187Z,48d69f9756559a7a8da696b16d93e10be849504250560e4830f3dc8ee97b4d9a,101fdb8cc2c9da7ea98da8602ac4e7879ab23c9d,false,2026-10-07T13:19:09.608307Z,8963ea465b99a6b2a2cca91ab2aa07ee321fb3a450edfd10a102f4681b3247e4,PIL.ImageOps.deform,PIL.ImageOps.deform,PIL.ImageOps.deform,function,endpoint,python-gpu,SIMD,1.0,benchmark_workload,not_in_published_snapshot,python-cpu;python-gpu;python-simd,python-cpu,python-cpu;python-gpu;python-simd,1,0,pil-imageops.deform.standard,0,0,0,0,,,,,0,0,0,0,0,0,0,0,,not_measured,pil-imageops.deform.standard
df5231519bb4810e6b0098560c5c791e56dc9952,true,2026-10-09T01:11:25.338187Z,48d69f9756559a7a8da696b16d93e10be849504250560e4830f3dc8ee97b4d9a,101fdb8cc2c9da7ea98da8602ac4e7879ab23c9d,false,2026-10-07T13:19:09.608307Z,8963ea465b99a6b2a2cca91ab2aa07ee321fb3a450edfd10a102f4681b3247e4,PIL.ImageOps.deform,PIL.ImageOps.deform,PIL.ImageOps.deform,function,endpoint,python-parallel-cpu,Pillow,,not_declared,not_declared_in_manifest_or_workload,python-cpu;python-gpu;python-simd,python-cpu,python-cpu;python-gpu;python-simd,1,0,pil-imageops.deform.standard,0,0,0,0,,,,,0,0,0,0,0,0,0,0,,,pil-imageops.deform.standard
df5231519bb4810e6b0098560c5c791e56dc9952,true,2026-10-09T01:11:25.338187Z,48d69f9756559a7a8da696b16d93e10be849504250560e4830f3dc8ee97b4d9a,101fdb8cc2c9da7ea98da8602ac4e7879ab23c9d,false,2026-10-07T13:19:09.608307Z,8963ea465b99a6b2a2cca91ab2aa07ee321fb3a450edfd10a102f4681b3247e4,PIL.ImageOps.equalize,PIL.ImageOps.equalize,PIL.ImageOps.equalize,function,endpoint,python-cpu,Pillow,1.0,benchmark_workload,no_verified_comparison,python-cpu;python-gpu;python-simd,python-cpu,python-cpu;python-gpu;python-simd,10,9,pil-imageops.equalize.standard,27,0,0,0,,,,,27,0,0,0,0,0,0,0,,,pil-imageops.equalize.standard;pipeline-chain.matrix-012;pipeline-chain.reviewed.equalize-autocontrast-invert;pipeline-matrix.expanded.equalize.1024x768;pipeline-matrix.expanded.equalize.1x1;pipeline-matrix.expanded.equalize.256x256;pipeline-matrix.expanded.equalize.32x32;pipeline-op.equalize.benchmark-materialized;pipeline-op.equalize.matrix-32x24;pipeline-op.equalizemasked.benchmark-materialized
df5231519bb4810e6b0098560c5c791e56dc9952,true,2026-10-09T01:11:25.338187Z,48d69f9756559a7a8da696b16d93e10be849504250560e4830f3dc8ee97b4d9a,101fdb8cc2c9da7ea98da8602ac4e7879ab23c9d,false,2026-10-07T13:19:09.608307Z,8963ea465b99a6b2a2cca91ab2aa07ee321fb3a450edfd10a102f4681b3247e4,PIL.ImageOps.equalize,PIL.ImageOps.equalize,PIL.ImageOps.equalize,function,endpoint,python-simd,Pillow,2.0,benchmark_workload,no_verified_comparison,python-cpu;python-gpu;python-simd,python-cpu,python-cpu;python-gpu;python-simd,10,9,pil-imageops.equalize.standard,27,0,0,0,0,,,,27,0,0,0,0,0,0,0,,,pil-imageops.equalize.standard;pipeline-chain.matrix-012;pipeline-chain.reviewed.equalize-autocontrast-invert;pipeline-matrix.expanded.equalize.1024x768;pipeline-matrix.expanded.equalize.1x1;pipeline-matrix.expanded.equalize.256x256;pipeline-matrix.expanded.equalize.32x32;pipeline-op.equalize.benchmark-materialized;pipeline-op.equalize.matrix-32x24;pipeline-op.equalizemasked.benchmark-materialized
df5231519bb4810e6b0098560c5c791e56dc9952,true,2026-10-09T01:11:25.338187Z,48d69f9756559a7a8da696b16d93e10be849504250560e4830f3dc8ee97b4d9a,101fdb8cc2c9da7ea98da8602ac4e7879ab23c9d,false,2026-10-07T13:19:09.608307Z,8963ea465b99a6b2a2cca91ab2aa07ee321fb3a450edfd10a102f4681b3247e4,PIL.ImageOps.equalize,PIL.ImageOps.equalize,PIL.ImageOps.equalize,function,endpoint,python-gpu,SIMD,1.0,benchmark_workload,no_verified_comparison,python-cpu;python-gpu;python-simd,python-cpu,python-cpu;python-gpu;python-simd,10,9,pil-imageops.equalize.standard,9,0,0,0,,,,,9,0,0,0,0,0,0,0,,not_measured,pil-imageops.equalize.standard;pipeline-chain.matrix-012;pipeline-chain.reviewed.equalize-autocontrast-invert;pipeline-matrix.expanded.equalize.1024x768;pipeline-matrix.expanded.equalize.1x1;pipeline-matrix.expanded.equalize.256x256;pipeline-matrix.expanded.equalize.32x32;pipeline-op.equalize.benchmark-materialized;pipeline-op.equalize.matrix-32x24;pipeline-op.equalizemasked.benchmark-materialized
df5231519bb4810e6b0098560c5c791e56dc9952,true,2026-10-09T01:11:25.338187Z,48d69f9756559a7a8da696b16d93e10be849504250560e4830f3dc8ee97b4d9a,101fdb8cc2c9da7ea98da8602ac4e7879ab23c9d,false,2026-10-07T13:19:09.608307Z,8963ea465b99a6b2a2cca91ab2aa07ee321fb3a450edfd10a102f4681b3247e4,PIL.ImageOps.equalize,PIL.ImageOps.equalize,PIL.ImageOps.equalize,function,endpoint,python-parallel-cpu,Pillow,,published_rows_only,no_verified_comparison,python-cpu;python-gpu;python-simd,python-cpu,python-cpu;python-gpu;python-simd,10,9,pil-imageops.equalize.standard,27,0,0,0,,,,,27,0,0,0,0,0,0,0,,,pil-imageops.equalize.standard;pipeline-chain.matrix-012;pipeline-chain.reviewed.equalize-autocontrast-invert;pipeline-matrix.expanded.equalize.1024x768;pipeline-matrix.expanded.equalize.1x1;pipeline-matrix.expanded.equalize.256x256;pipeline-matrix.expanded.equalize.32x32;pipeline-op.equalize.benchmark-materialized;pipeline-op.equalize.matrix-32x24;pipeline-op.equalizemasked.benchmark-materialized
df5231519bb4810e6b0098560c5c791e56dc9952,true,2026-10-09T01:11:25.338187Z,48d69f9756559a7a8da696b16d93e10be849504250560e4830f3dc8ee97b4d9a,101fdb8cc2c9da7ea98da8602ac4e7879ab23c9d,false,2026-10-07T13:19:09.608307Z,8963ea465b99a6b2a2cca91ab2aa07ee321fb3a450edfd10a102f4681b3247e4,PIL.ImageOps.exif_transpose,PIL.ImageOps.exif_transpose,PIL.ImageOps.exif_transpose,function,endpoint,python-cpu,Pillow,1.0,benchmark_workload,not_in_published_snapshot,python-cpu;python-gpu;python-simd,python-cpu,python-cpu;python-gpu;python-simd,1,0,pil-imageops.exif-transpose.standard,0,0,0,0,,,,,0,0,0,0,0,0,0,0,,,pil-imageops.exif-transpose.standard
df5231519bb4810e6b0098560c5c791e56dc9952,true,2026-10-09T01:11:25.338187Z,48d69f9756559a7a8da696b16d93e10be849504250560e4830f3dc8ee97b4d9a,101fdb8cc2c9da7ea98da8602ac4e7879ab23c9d,false,2026-10-07T13:19:09.608307Z,8963ea465b99a6b2a2cca91ab2aa07ee321fb3a450edfd10a102f4681b3247e4,PIL.ImageOps.exif_transpose,PIL.ImageOps.exif_transpose,PIL.ImageOps.exif_transpose,function,endpoint,python-simd,Pillow,2.0,benchmark_workload,not_in_published_snapshot,python-cpu;python-gpu;python-simd,python-cpu,python-cpu;python-gpu;python-simd,1,0,pil-imageops.exif-transpose.standard,0,0,0,0,0,,,,0,0,0,0,0,0,0,0,,,pil-imageops.exif-transpose.standard
df5231519bb4810e6b0098560c5c791e56dc9952,true,2026-10-09T01:11:25.338187Z,48d69f9756559a7a8da696b16d93e10be849504250560e4830f3dc8ee97b4d9a,101fdb8cc2c9da7ea98da8602ac4e7879ab23c9d,false,2026-10-07T13:19:09.608307Z,8963ea465b99a6b2a2cca91ab2aa07ee321fb3a450edfd10a102f4681b3247e4,PIL.ImageOps.exif_transpose,PIL.ImageOps.exif_transpose,PIL.ImageOps.exif_transpose,function,endpoint,python-gpu,SIMD,1.0,benchmark_workload,not_in_published_snapshot,python-cpu;python-gpu;python-simd,python-cpu,python-cpu;python-gpu;python-simd,1,0,pil-imageops.exif-transpose.standard,0,0,0,0,,,,,0,0,0,0,0,0,0,0,,not_measured,pil-imageops.exif-transpose.standard
df5231519bb4810e6b0098560c5c791e56dc9952,true,2026-10-09T01:11:25.338187Z,48d69f9756559a7a8da696b16d93e10be849504250560e4830f3dc8ee97b4d9a,101fdb8cc2c9da7ea98da8602ac4e7879ab23c9d,false,2026-10-07T13:19:09.608307Z,8963ea465b99a6b2a2cca91ab2aa07ee321fb3a450edfd10a102f4681b3247e4,PIL.ImageOps.exif_transpose,PIL.ImageOps.exif_transpose,PIL.ImageOps.exif_transpose,function,endpoint,python-parallel-cpu,Pillow,,not_declared,not_declared_in_manifest_or_workload,python-cpu;python-gpu;python-simd,python-cpu,python-cpu;python-gpu;python-simd,1,0,pil-imageops.exif-transpose.standard,0,0,0,0,,,,,0,0,0,0,0,0,0,0,,,pil-imageops.exif-transpose.standard
df5231519bb4810e6b0098560c5c791e56dc9952,true,2026-10-09T01:11:25.338187Z,48d69f9756559a7a8da696b16d93e10be849504250560e4830f3dc8ee97b4d9a,101fdb8cc2c9da7ea98da8602ac4e7879ab23c9d,false,2026-10-07T13:19:09.608307Z,8963ea465b99a6b2a2cca91ab2aa07ee321fb3a450edfd10a102f4681b3247e4,PIL.ImageOps.expand,PIL.ImageOps.expand,PIL.ImageOps.expand,function,endpoint,python-cpu,Pillow,1.0,benchmark_workload,no_verified_comparison,python-cpu;python-gpu;python-simd,python-cpu,python-cpu;python-gpu;python-simd,12,4,pil-imageops.expand.materialized.cmyk-noise-1024x768;pil-imageops.expand.materialized.hsv-noise-1024x768;pil-imageops.expand.materialized.l-noise-1024x768;pil-imageops.expand.materialized.la-noise-1024x768;pil-imageops.expand.materialized.rgb-noise-1024x768;pil-imageops.expand.materialized.rgba-noise-1024x768;pil-imageops.expand.materialized.rgbx-noise-1024x768;pil-imageops.expand.standard,12,0,0,0,,,,,12,0,0,0,0,0,0,0,,,pil-imageops.expand.materialized.cmyk-noise-1024x768;pil-imageops.expand.materialized.hsv-noise-1024x768;pil-imageops.expand.materialized.l-noise-1024x768;pil-imageops.expand.materialized.la-noise-1024x768;pil-imageops.expand.materialized.rgb-noise-1024x768;pil-imageops.expand.materialized.rgba-noise-1024x768;pil-imageops.expand.materialized.rgbx-noise-1024x768;pil-imageops.expand.standard;pipeline-chain.matrix-011;pipeline-chain.reviewed.crop-expand-mirror;pipeline-op.expand.benchmark-materialized;pipeline-op.expand.matrix-32x24
df5231519bb4810e6b0098560c5c791e56dc9952,true,2026-10-09T01:11:25.338187Z,48d69f9756559a7a8da696b16d93e10be849504250560e4830f3dc8ee97b4d9a,101fdb8cc2c9da7ea98da8602ac4e7879ab23c9d,false,2026-10-07T13:19:09.608307Z,8963ea465b99a6b2a2cca91ab2aa07ee321fb3a450edfd10a102f4681b3247e4,PIL.ImageOps.expand,PIL.ImageOps.expand,PIL.ImageOps.expand,function,endpoint,python-simd,Pillow,2.0,benchmark_workload,no_verified_comparison,python-cpu;python-gpu;python-simd,python-cpu,python-cpu;python-gpu;python-simd,12,4,pil-imageops.expand.materialized.cmyk-noise-1024x768;pil-imageops.expand.materialized.hsv-noise-1024x768;pil-imageops.expand.materialized.l-noise-1024x768;pil-imageops.expand.materialized.la-noise-1024x768;pil-imageops.expand.materialized.rgb-noise-1024x768;pil-imageops.expand.materialized.rgba-noise-1024x768;pil-imageops.expand.materialized.rgbx-noise-1024x768;pil-imageops.expand.standard,12,0,0,0,0,,,,12,0,0,0,0,0,0,0,,,pil-imageops.expand.materialized.cmyk-noise-1024x768;pil-imageops.expand.materialized.hsv-noise-1024x768;pil-imageops.expand.materialized.l-noise-1024x768;pil-imageops.expand.materialized.la-noise-1024x768;pil-imageops.expand.materialized.rgb-noise-1024x768;pil-imageops.expand.materialized.rgba-noise-1024x768;pil-imageops.expand.materialized.rgbx-noise-1024x768;pil-imageops.expand.standard;pipeline-chain.matrix-011;pipeline-chain.reviewed.crop-expand-mirror;pipeline-op.expand.benchmark-materialized;pipeline-op.expand.matrix-32x24
df5231519bb4810e6b0098560c5c791e56dc9952,true,2026-10-09T01:11:25.338187Z,48d69f9756559a7a8da696b16d93e10be849504250560e4830f3dc8ee97b4d9a,101fdb8cc2c9da7ea98da8602ac4e7879ab23c9d,false,2026-10-07T13:19:09.608307Z,8963ea465b99a6b2a2cca91ab2aa07ee321fb3a450edfd10a102f4681b3247e4,PIL.ImageOps.expand,PIL.ImageOps.expand,PIL.ImageOps.expand,function,endpoint,python-gpu,SIMD,1.0,benchmark_workload,no_verified_comparison,python-cpu;python-gpu;python-simd,python-cpu,python-cpu;python-gpu;python-simd,12,4,pil-imageops.expand.materialized.cmyk-noise-1024x768;pil-imageops.expand.materialized.hsv-noise-1024x768;pil-imageops.expand.materialized.l-noise-1024x768;pil-imageops.expand.materialized.la-noise-1024x768;pil-imageops.expand.materialized.rgb-noise-1024x768;pil-imageops.expand.materialized.rgba-noise-1024x768;pil-imageops.expand.materialized.rgbx-noise-1024x768;pil-imageops.expand.standard,4,0,0,0,,,,,4,0,0,0,0,0,0,0,,not_measured,pil-imageops.expand.materialized.cmyk-noise-1024x768;pil-imageops.expand.materialized.hsv-noise-1024x768;pil-imageops.expand.materialized.l-noise-1024x768;pil-imageops.expand.materialized.la-noise-1024x768;pil-imageops.expand.materialized.rgb-noise-1024x768;pil-imageops.expand.materialized.rgba-noise-1024x768;pil-imageops.expand.materialized.rgbx-noise-1024x768;pil-imageops.expand.standard;pipeline-chain.matrix-011;pipeline-chain.reviewed.crop-expand-mirror;pipeline-op.expand.benchmark-materialized;pipeline-op.expand.matrix-32x24
df5231519bb4810e6b0098560c5c791e56dc9952,true,2026-10-09T01:11:25.338187Z,48d69f9756559a7a8da696b16d93e10be849504250560e4830f3dc8ee97b4d9a,101fdb8cc2c9da7ea98da8602ac4e7879ab23c9d,false,2026-10-07T13:19:09.608307Z,8963ea465b99a6b2a2cca91ab2aa07ee321fb3a450edfd10a102f4681b3247e4,PIL.ImageOps.expand,PIL.ImageOps.expand,PIL.ImageOps.expand,function,endpoint,python-parallel-cpu,Pillow,,published_rows_only,no_verified_comparison,python-cpu;python-gpu;python-simd,python-cpu,python-cpu;python-gpu;python-simd,12,4,pil-imageops.expand.materialized.cmyk-noise-1024x768;pil-imageops.expand.materialized.hsv-noise-1024x768;pil-imageops.expand.materialized.l-noise-1024x768;pil-imageops.expand.materialized.la-noise-1024x768;pil-imageops.expand.materialized.rgb-noise-1024x768;pil-imageops.expand.materialized.rgba-noise-1024x768;pil-imageops.expand.materialized.rgbx-noise-1024x768;pil-imageops.expand.standard,12,0,0,0,,,,,12,0,0,0,0,0,0,0,,,pil-imageops.expand.materialized.cmyk-noise-1024x768;pil-imageops.expand.materialized.hsv-noise-1024x768;pil-imageops.expand.materialized.l-noise-1024x768;pil-imageops.expand.materialized.la-noise-1024x768;pil-imageops.expand.materialized.rgb-noise-1024x768;pil-imageops.expand.materialized.rgba-noise-1024x768;pil-imageops.expand.materialized.rgbx-noise-1024x768;pil-imageops.expand.standard;pipeline-chain.matrix-011;pipeline-chain.reviewed.crop-expand-mirror;pipeline-op.expand.benchmark-materialized;pipeline-op.expand.matrix-32x24
df5231519bb4810e6b0098560c5c791e56dc9952,true,2026-10-09T01:11:25.338187Z,48d69f9756559a7a8da696b16d93e10be849504250560e4830f3dc8ee97b4d9a,101fdb8cc2c9da7ea98da8602ac4e7879ab23c9d,false,2026-10-07T13:19:09.608307Z,8963ea465b99a6b2a2cca91ab2aa07ee321fb3a450edfd10a102f4681b3247e4,PIL.ImageOps.fit,PIL.ImageOps.fit,PIL.ImageOps.fit,function,endpoint,python-cpu,Pillow,1.0,benchmark_workload,no_verified_comparison,python-cpu;python-gpu;python-simd,python-cpu,python-cpu;python-gpu;python-simd,3,2,pil-imageops.fit.standard,6,0,0,0,,,,,6,0,0,0,0,0,0,0,,,pil-imageops.fit.standard;pipeline-op.fit.benchmark-materialized;pipeline-op.fit.matrix-32x24
df5231519bb4810e6b0098560c5c791e56dc9952,true,2026-10-09T01:11:25.338187Z,48d69f9756559a7a8da696b16d93e10be849504250560e4830f3dc8ee97b4d9a,101fdb8cc2c9da7ea98da8602ac4e7879ab23c9d,false,2026-10-07T13:19:09.608307Z,8963ea465b99a6b2a2cca91ab2aa07ee321fb3a450edfd10a102f4681b3247e4,PIL.ImageOps.fit,PIL.ImageOps.fit,PIL.ImageOps.fit,function,endpoint,python-simd,Pillow,2.0,benchmark_workload,no_verified_comparison,python-cpu;python-gpu;python-simd,python-cpu,python-cpu;python-gpu;python-simd,3,2,pil-imageops.fit.standard,6,0,0,0,0,,,,6,0,0,0,0,0,0,0,,,pil-imageops.fit.standard;pipeline-op.fit.benchmark-materialized;pipeline-op.fit.matrix-32x24
df5231519bb4810e6b0098560c5c791e56dc9952,true,2026-10-09T01:11:25.338187Z,48d69f9756559a7a8da696b16d93e10be849504250560e4830f3dc8ee97b4d9a,101fdb8cc2c9da7ea98da8602ac4e7879ab23c9d,false,2026-10-07T13:19:09.608307Z,8963ea465b99a6b2a2cca91ab2aa07ee321fb3a450edfd10a102f4681b3247e4,PIL.ImageOps.fit,PIL.ImageOps.fit,PIL.ImageOps.fit,function,endpoint,python-gpu,SIMD,1.0,benchmark_workload,no_verified_comparison,python-cpu;python-gpu;python-simd,python-cpu,python-cpu;python-gpu;python-simd,3,2,pil-imageops.fit.standard,2,0,0,0,,,,,2,0,0,0,0,0,0,0,,not_measured,pil-imageops.fit.standard;pipeline-op.fit.benchmark-materialized;pipeline-op.fit.matrix-32x24
df5231519bb4810e6b0098560c5c791e56dc9952,true,2026-10-09T01:11:25.338187Z,48d69f9756559a7a8da696b16d93e10be849504250560e4830f3dc8ee97b4d9a,101fdb8cc2c9da7ea98da8602ac4e7879ab23c9d,false,2026-10-07T13:19:09.608307Z,8963ea465b99a6b2a2cca91ab2aa07ee321fb3a450edfd10a102f4681b3247e4,PIL.ImageOps.fit,PIL.ImageOps.fit,PIL.ImageOps.fit,function,endpoint,python-parallel-cpu,Pillow,,published_rows_only,no_verified_comparison,python-cpu;python-gpu;python-simd,python-cpu,python-cpu;python-gpu;python-simd,3,2,pil-imageops.fit.standard,6,0,0,0,,,,,6,0,0,0,0,0,0,0,,,pil-imageops.fit.standard;pipeline-op.fit.benchmark-materialized;pipeline-op.fit.matrix-32x24
df5231519bb4810e6b0098560c5c791e56dc9952,true,2026-10-09T01:11:25.338187Z,48d69f9756559a7a8da696b16d93e10be849504250560e4830f3dc8ee97b4d9a,101fdb8cc2c9da7ea98da8602ac4e7879ab23c9d,false,2026-10-07T13:19:09.608307Z,8963ea465b99a6b2a2cca91ab2aa07ee321fb3a450edfd10a102f4681b3247e4,PIL.ImageOps.flip,PIL.ImageOps.flip,PIL.ImageOps.flip,function,endpoint,python-cpu,Pillow,1.0,benchmark_workload,no_verified_comparison,python-cpu;python-gpu;python-simd,python-cpu,python-cpu;python-gpu;python-simd,8,2,pil-imageops.flip.materialized-rgb-noise-1024x768;pil-imageops.flip.native-l-1024x768;pil-imageops.flip.native-mode1-1024x768;pil-imageops.flip.native-pa-1024x768;pil-imageops.flip.native-rgba-1024x768;pil-imageops.flip.standard,6,0,0,0,,,,,6,0,0,0,0,0,0,0,,,pil-imageops.flip.materialized-rgb-noise-1024x768;pil-imageops.flip.native-l-1024x768;pil-imageops.flip.native-mode1-1024x768;pil-imageops.flip.native-pa-1024x768;pil-imageops.flip.native-rgba-1024x768;pil-imageops.flip.standard;pipeline-op.flip.benchmark-materialized;pipeline-op.flip.matrix-32x24
df5231519bb4810e6b0098560c5c791e56dc9952,true,2026-10-09T01:11:25.338187Z,48d69f9756559a7a8da696b16d93e10be849504250560e4830f3dc8ee97b4d9a,101fdb8cc2c9da7ea98da8602ac4e7879ab23c9d,false,2026-10-07T13:19:09.608307Z,8963ea465b99a6b2a2cca91ab2aa07ee321fb3a450edfd10a102f4681b3247e4,PIL.ImageOps.flip,PIL.ImageOps.flip,PIL.ImageOps.flip,function,endpoint,python-simd,Pillow,2.0,benchmark_workload,no_verified_comparison,python-cpu;python-gpu;python-simd,python-cpu,python-cpu;python-gpu;python-simd,8,2,pil-imageops.flip.materialized-rgb-noise-1024x768;pil-imageops.flip.native-l-1024x768;pil-imageops.flip.native-mode1-1024x768;pil-imageops.flip.native-pa-1024x768;pil-imageops.flip.native-rgba-1024x768;pil-imageops.flip.standard,6,0,0,0,0,,,,6,0,0,0,0,0,0,0,,,pil-imageops.flip.materialized-rgb-noise-1024x768;pil-imageops.flip.native-l-1024x768;pil-imageops.flip.native-mode1-1024x768;pil-imageops.flip.native-pa-1024x768;pil-imageops.flip.native-rgba-1024x768;pil-imageops.flip.standard;pipeline-op.flip.benchmark-materialized;pipeline-op.flip.matrix-32x24
df5231519bb4810e6b0098560c5c791e56dc9952,true,2026-10-09T01:11:25.338187Z,48d69f9756559a7a8da696b16d93e10be849504250560e4830f3dc8ee97b4d9a,101fdb8cc2c9da7ea98da8602ac4e7879ab23c9d,false,2026-10-07T13:19:09.608307Z,8963ea465b99a6b2a2cca91ab2aa07ee321fb3a450edfd10a102f4681b3247e4,PIL.ImageOps.flip,PIL.ImageOps.flip,PIL.ImageOps.flip,function,endpoint,python-gpu,SIMD,1.0,benchmark_workload,no_verified_comparison,python-cpu;python-gpu;python-simd,python-cpu,python-cpu;python-gpu;python-simd,8,2,pil-imageops.flip.materialized-rgb-noise-1024x768;pil-imageops.flip.native-l-1024x768;pil-imageops.flip.native-mode1-1024x768;pil-imageops.flip.native-pa-1024x768;pil-imageops.flip.native-rgba-1024x768;pil-imageops.flip.standard,2,0,0,0,,,,,2,0,0,0,0,0,0,0,,not_measured,pil-imageops.flip.materialized-rgb-noise-1024x768;pil-imageops.flip.native-l-1024x768;pil-imageops.flip.native-mode1-1024x768;pil-imageops.flip.native-pa-1024x768;pil-imageops.flip.native-rgba-1024x768;pil-imageops.flip.standard;pipeline-op.flip.benchmark-materialized;pipeline-op.flip.matrix-32x24
df5231519bb4810e6b0098560c5c791e56dc9952,true,2026-10-09T01:11:25.338187Z,48d69f9756559a7a8da696b16d93e10be849504250560e4830f3dc8ee97b4d9a,101fdb8cc2c9da7ea98da8602ac4e7879ab23c9d,false,2026-10-07T13:19:09.608307Z,8963ea465b99a6b2a2cca91ab2aa07ee321fb3a450edfd10a102f4681b3247e4,PIL.ImageOps.flip,PIL.ImageOps.flip,PIL.ImageOps.flip,function,endpoint,python-parallel-cpu,Pillow,,published_rows_only,no_verified_comparison,python-cpu;python-gpu;python-simd,python-cpu,python-cpu;python-gpu;python-simd,8,2,pil-imageops.flip.materialized-rgb-noise-1024x768;pil-imageops.flip.native-l-1024x768;pil-imageops.flip.native-mode1-1024x768;pil-imageops.flip.native-pa-1024x768;pil-imageops.flip.native-rgba-1024x768;pil-imageops.flip.standard,6,0,0,0,,,,,6,0,0,0,0,0,0,0,,,pil-imageops.flip.materialized-rgb-noise-1024x768;pil-imageops.flip.native-l-1024x768;pil-imageops.flip.native-mode1-1024x768;pil-imageops.flip.native-pa-1024x768;pil-imageops.flip.native-rgba-1024x768;pil-imageops.flip.standard;pipeline-op.flip.benchmark-materialized;pipeline-op.flip.matrix-32x24
df5231519bb4810e6b0098560c5c791e56dc9952,true,2026-10-09T01:11:25.338187Z,48d69f9756559a7a8da696b16d93e10be849504250560e4830f3dc8ee97b4d9a,101fdb8cc2c9da7ea98da8602ac4e7879ab23c9d,false,2026-10-07T13:19:09.608307Z,8963ea465b99a6b2a2cca91ab2aa07ee321fb3a450edfd10a102f4681b3247e4,PIL.ImageOps.grayscale,PIL.ImageOps.grayscale,PIL.ImageOps.grayscale,function,endpoint,python-cpu,Pillow,1.0,benchmark_workload,target_unmet_in_verified_rows,python-cpu;python-gpu;python-simd,python-cpu,python-cpu;python-gpu;python-simd,10,9,pil-imageops.grayscale.standard,27,9,2,7,,0.596497,pipeline-op.grayscale.material-rgb-noise-1024x768,ubuntu-24.04-x86_64,18,0,0,0,0,0,0,0,,,pil-imageops.grayscale.standard;pipeline-chain.grayscale.material-cmyk-1024x768;pipeline-matrix.expanded.grayscale.1024x768;pipeline-matrix.expanded.grayscale.1x1;pipeline-matrix.expanded.grayscale.256x256;pipeline-matrix.expanded.grayscale.32x32;pipeline-op.grayscale.benchmark-materialized;pipeline-op.grayscale.material-rgb-noise-1024x768;pipeline-op.grayscale.material-ycbcr-noise-1024x768;pipeline-op.grayscale.matrix-32x24
df5231519bb4810e6b0098560c5c791e56dc9952,true,2026-10-09T01:11:25.338187Z,48d69f9756559a7a8da696b16d93e10be849504250560e4830f3dc8ee97b4d9a,101fdb8cc2c9da7ea98da8602ac4e7879ab23c9d,false,2026-10-07T13:19:09.608307Z,8963ea465b99a6b2a2cca91ab2aa07ee321fb3a450edfd10a102f4681b3247e4,PIL.ImageOps.grayscale,PIL.ImageOps.grayscale,PIL.ImageOps.grayscale,function,endpoint,python-simd,Pillow,2.0,benchmark_workload,target_unmet_in_verified_rows,python-cpu;python-gpu;python-simd,python-cpu,python-cpu;python-gpu;python-simd,10,9,pil-imageops.grayscale.standard,27,9,1,8,9,0.226317,pipeline-op.grayscale.material-rgb-noise-1024x768,ubuntu-24.04-x86_64,18,0,0,0,0,0,0,0,,,pil-imageops.grayscale.standard;pipeline-chain.grayscale.material-cmyk-1024x768;pipeline-matrix.expanded.grayscale.1024x768;pipeline-matrix.expanded.grayscale.1x1;pipeline-matrix.expanded.grayscale.256x256;pipeline-matrix.expanded.grayscale.32x32;pipeline-op.grayscale.benchmark-materialized;pipeline-op.grayscale.material-rgb-noise-1024x768;pipeline-op.grayscale.material-ycbcr-noise-1024x768;pipeline-op.grayscale.matrix-32x24
df5231519bb4810e6b0098560c5c791e56dc9952,true,2026-10-09T01:11:25.338187Z,48d69f9756559a7a8da696b16d93e10be849504250560e4830f3dc8ee97b4d9a,101fdb8cc2c9da7ea98da8602ac4e7879ab23c9d,false,2026-10-07T13:19:09.608307Z,8963ea465b99a6b2a2cca91ab2aa07ee321fb3a450edfd10a102f4681b3247e4,PIL.ImageOps.grayscale,PIL.ImageOps.grayscale,PIL.ImageOps.grayscale,function,endpoint,python-gpu,SIMD,1.0,benchmark_workload,target_unmet_in_verified_rows,python-cpu;python-gpu;python-simd,python-cpu,python-cpu;python-gpu;python-simd,10,9,pil-imageops.grayscale.standard,9,3,3,3,,0.024724,pipeline-op.grayscale.material-ycbcr-noise-1024x768,macos-15-arm64,6,0,0,0,0,0,0,0,,not_measured,pil-imageops.grayscale.standard;pipeline-chain.grayscale.material-cmyk-1024x768;pipeline-matrix.expanded.grayscale.1024x768;pipeline-matrix.expanded.grayscale.1x1;pipeline-matrix.expanded.grayscale.256x256;pipeline-matrix.expanded.grayscale.32x32;pipeline-op.grayscale.benchmark-materialized;pipeline-op.grayscale.material-rgb-noise-1024x768;pipeline-op.grayscale.material-ycbcr-noise-1024x768;pipeline-op.grayscale.matrix-32x24
df5231519bb4810e6b0098560c5c791e56dc9952,true,2026-10-09T01:11:25.338187Z,48d69f9756559a7a8da696b16d93e10be849504250560e4830f3dc8ee97b4d9a,101fdb8cc2c9da7ea98da8602ac4e7879ab23c9d,false,2026-10-07T13:19:09.608307Z,8963ea465b99a6b2a2cca91ab2aa07ee321fb3a450edfd10a102f4681b3247e4,PIL.ImageOps.grayscale,PIL.ImageOps.grayscale,PIL.ImageOps.grayscale,function,endpoint,python-parallel-cpu,Pillow,,published_rows_only,tracked_as_separate_profile,python-cpu;python-gpu;python-simd,python-cpu,python-cpu;python-gpu;python-simd,10,9,pil-imageops.grayscale.standard,27,9,5,8,,0.203247,pipeline-op.grayscale.material-ycbcr-noise-1024x768,ubuntu-24.04-x86_64,18,0,0,0,0,0,0,0,,,pil-imageops.grayscale.standard;pipeline-chain.grayscale.material-cmyk-1024x768;pipeline-matrix.expanded.grayscale.1024x768;pipeline-matrix.expanded.grayscale.1x1;pipeline-matrix.expanded.grayscale.256x256;pipeline-matrix.expanded.grayscale.32x32;pipeline-op.grayscale.benchmark-materialized;pipeline-op.grayscale.material-rgb-noise-1024x768;pipeline-op.grayscale.material-ycbcr-noise-1024x768;pipeline-op.grayscale.matrix-32x24
df5231519bb4810e6b0098560c5c791e56dc9952,true,2026-10-09T01:11:25.338187Z,48d69f9756559a7a8da696b16d93e10be849504250560e4830f3dc8ee97b4d9a,101fdb8cc2c9da7ea98da8602ac4e7879ab23c9d,false,2026-10-07T13:19:09.608307Z,8963ea465b99a6b2a2cca91ab2aa07ee321fb3a450edfd10a102f4681b3247e4,PIL.ImageOps.invert,PIL.ImageOps.invert,PIL.ImageOps.invert,function,endpoint,python-cpu,Pillow,1.0,benchmark_workload,no_verified_comparison,python-cpu;python-gpu;python-simd,python-cpu,python-cpu;python-gpu;python-simd,46,45,pil-imageops.invert.standard,135,0,0,0,,,,,129,0,0,0,0,0,0,0,,,pil-imageops.invert.standard;pipeline-chain.loaded-10.rgb-jpeg-512x384;pipeline-chain.loaded-10.rgba-png-512x384;pipeline-chain.long-point.invert-1;pipeline-chain.long-point.invert-10000;pipeline-chain.long-point.invert-1024;pipeline-chain.long-point.invert-64;pipeline-chain.long-point.invert-8;pipeline-chain.metadata-cache.invert-1.rgb;pipeline-chain.metadata-cache.invert-64.rgb;pipeline-chain.metadata-cache.invert-8.l;pipeline-chain.point-fusion.l-001;pipeline-chain.point-fusion.l-002;pipeline-chain.point-fusion.l-003;pipeline-chain.point-fusion.l-004;pipeline-chain.point-fusion.l-005;pipeline-chain.point-fusion.rgb-001;pipeline-chain.point-fusion.rgb-002;pipeline-chain.point-fusion.rgb-003;pipeline-chain.point-fusion.rgb-004;pipeline-chain.point-fusion.rgb-005;pipeline-chain.simd-crossover.invert-mirror.1024x1024;pipeline-chain.simd-crossover.invert-mirror.1024x768;pipeline-chain.simd-crossover.invert-mirror.1x1;pipeline-chain.simd-crossover.invert-mirror.256x256;pipeline-chain.simd-crossover.invert-mirror.32x32;pipeline-chain.simd-lut.l.1024x1024;pipeline-chain.simd-lut.l.1024x768;pipeline-chain.simd-lut.l.256x256;pipeline-chain.simd-lut.l.32x32;pipeline-chain.simd-lut.rgb.1024x1024;pipeline-chain.simd-lut.rgb.1024x768;pipeline-chain.simd-lut.rgb.256x256;pipeline-chain.simd-lut.rgb.32x32;pipeline-lifecycle.cold.gaussianblur-invert.rgb-1024;pipeline-lifecycle.cold.invert-mirror.rgb-1024;pipeline-lifecycle.resident.gaussianblur-invert.rgb-1024;pipeline-lifecycle.resident.invert-mirror.rgb-1024;pipeline-matrix.expanded.invert.1024x768;pipeline-matrix.expanded.invert.1x1;pipeline-matrix.expanded.invert.256x256;pipeline-matrix.expanded.invert.32x32;pipeline-op.invert.benchmark-materialized;pipeline-op.invert.matrix-32x24;pipeline.quick.gaussianblur-invert.rgb-1024;pipeline.quick.invert-mirror.rgb-1024
df5231519bb4810e6b0098560c5c791e56dc9952,true,2026-10-09T01:11:25.338187Z,48d69f9756559a7a8da696b16d93e10be849504250560e4830f3dc8ee97b4d9a,101fdb8cc2c9da7ea98da8602ac4e7879ab23c9d,false,2026-10-07T13:19:09.608307Z,8963ea465b99a6b2a2cca91ab2aa07ee321fb3a450edfd10a102f4681b3247e4,PIL.ImageOps.invert,PIL.ImageOps.invert,PIL.ImageOps.invert,function,endpoint,python-simd,Pillow,2.0,benchmark_workload,no_verified_comparison,python-cpu;python-gpu;python-simd,python-cpu,python-cpu;python-gpu;python-simd,46,45,pil-imageops.invert.standard,135,0,0,0,0,,,,129,0,0,0,0,0,0,0,,,pil-imageops.invert.standard;pipeline-chain.loaded-10.rgb-jpeg-512x384;pipeline-chain.loaded-10.rgba-png-512x384;pipeline-chain.long-point.invert-1;pipeline-chain.long-point.invert-10000;pipeline-chain.long-point.invert-1024;pipeline-chain.long-point.invert-64;pipeline-chain.long-point.invert-8;pipeline-chain.metadata-cache.invert-1.rgb;pipeline-chain.metadata-cache.invert-64.rgb;pipeline-chain.metadata-cache.invert-8.l;pipeline-chain.point-fusion.l-001;pipeline-chain.point-fusion.l-002;pipeline-chain.point-fusion.l-003;pipeline-chain.point-fusion.l-004;pipeline-chain.point-fusion.l-005;pipeline-chain.point-fusion.rgb-001;pipeline-chain.point-fusion.rgb-002;pipeline-chain.point-fusion.rgb-003;pipeline-chain.point-fusion.rgb-004;pipeline-chain.point-fusion.rgb-005;pipeline-chain.simd-crossover.invert-mirror.1024x1024;pipeline-chain.simd-crossover.invert-mirror.1024x768;pipeline-chain.simd-crossover.invert-mirror.1x1;pipeline-chain.simd-crossover.invert-mirror.256x256;pipeline-chain.simd-crossover.invert-mirror.32x32;pipeline-chain.simd-lut.l.1024x1024;pipeline-chain.simd-lut.l.1024x768;pipeline-chain.simd-lut.l.256x256;pipeline-chain.simd-lut.l.32x32;pipeline-chain.simd-lut.rgb.1024x1024;pipeline-chain.simd-lut.rgb.1024x768;pipeline-chain.simd-lut.rgb.256x256;pipeline-chain.simd-lut.rgb.32x32;pipeline-lifecycle.cold.gaussianblur-invert.rgb-1024;pipeline-lifecycle.cold.invert-mirror.rgb-1024;pipeline-lifecycle.resident.gaussianblur-invert.rgb-1024;pipeline-lifecycle.resident.invert-mirror.rgb-1024;pipeline-matrix.expanded.invert.1024x768;pipeline-matrix.expanded.invert.1x1;pipeline-matrix.expanded.invert.256x256;pipeline-matrix.expanded.invert.32x32;pipeline-op.invert.benchmark-materialized;pipeline-op.invert.matrix-32x24;pipeline.quick.gaussianblur-invert.rgb-1024;pipeline.quick.invert-mirror.rgb-1024
df5231519bb4810e6b0098560c5c791e56dc9952,true,2026-10-09T01:11:25.338187Z,48d69f9756559a7a8da696b16d93e10be849504250560e4830f3dc8ee97b4d9a,101fdb8cc2c9da7ea98da8602ac4e7879ab23c9d,false,2026-10-07T13:19:09.608307Z,8963ea465b99a6b2a2cca91ab2aa07ee321fb3a450edfd10a102f4681b3247e4,PIL.ImageOps.invert,PIL.ImageOps.invert,PIL.ImageOps.invert,function,endpoint,python-gpu,SIMD,1.0,benchmark_workload,no_verified_comparison,python-cpu;python-gpu;python-simd,python-cpu,python-cpu;python-gpu;python-simd,46,45,pil-imageops.invert.standard,45,0,0,0,,,,,43,0,0,0,0,0,0,0,,not_measured,pil-imageops.invert.standard;pipeline-chain.loaded-10.rgb-jpeg-512x384;pipeline-chain.loaded-10.rgba-png-512x384;pipeline-chain.long-point.invert-1;pipeline-chain.long-point.invert-10000;pipeline-chain.long-point.invert-1024;pipeline-chain.long-point.invert-64;pipeline-chain.long-point.invert-8;pipeline-chain.metadata-cache.invert-1.rgb;pipeline-chain.metadata-cache.invert-64.rgb;pipeline-chain.metadata-cache.invert-8.l;pipeline-chain.point-fusion.l-001;pipeline-chain.point-fusion.l-002;pipeline-chain.point-fusion.l-003;pipeline-chain.point-fusion.l-004;pipeline-chain.point-fusion.l-005;pipeline-chain.point-fusion.rgb-001;pipeline-chain.point-fusion.rgb-002;pipeline-chain.point-fusion.rgb-003;pipeline-chain.point-fusion.rgb-004;pipeline-chain.point-fusion.rgb-005;pipeline-chain.simd-crossover.invert-mirror.1024x1024;pipeline-chain.simd-crossover.invert-mirror.1024x768;pipeline-chain.simd-crossover.invert-mirror.1x1;pipeline-chain.simd-crossover.invert-mirror.256x256;pipeline-chain.simd-crossover.invert-mirror.32x32;pipeline-chain.simd-lut.l.1024x1024;pipeline-chain.simd-lut.l.1024x768;pipeline-chain.simd-lut.l.256x256;pipeline-chain.simd-lut.l.32x32;pipeline-chain.simd-lut.rgb.1024x1024;pipeline-chain.simd-lut.rgb.1024x768;pipeline-chain.simd-lut.rgb.256x256;pipeline-chain.simd-lut.rgb.32x32;pipeline-lifecycle.cold.gaussianblur-invert.rgb-1024;pipeline-lifecycle.cold.invert-mirror.rgb-1024;pipeline-lifecycle.resident.gaussianblur-invert.rgb-1024;pipeline-lifecycle.resident.invert-mirror.rgb-1024;pipeline-matrix.expanded.invert.1024x768;pipeline-matrix.expanded.invert.1x1;pipeline-matrix.expanded.invert.256x256;pipeline-matrix.expanded.invert.32x32;pipeline-op.invert.benchmark-materialized;pipeline-op.invert.matrix-32x24;pipeline.quick.gaussianblur-invert.rgb-1024;pipeline.quick.invert-mirror.rgb-1024
df5231519bb4810e6b0098560c5c791e56dc9952,true,2026-10-09T01:11:25.338187Z,48d69f9756559a7a8da696b16d93e10be849504250560e4830f3dc8ee97b4d9a,101fdb8cc2c9da7ea98da8602ac4e7879ab23c9d,false,2026-10-07T13:19:09.608307Z,8963ea465b99a6b2a2cca91ab2aa07ee321fb3a450edfd10a102f4681b3247e4,PIL.ImageOps.invert,PIL.ImageOps.invert,PIL.ImageOps.invert,function,endpoint,python-parallel-cpu,Pillow,,published_rows_only,no_verified_comparison,python-cpu;python-gpu;python-simd,python-cpu,python-cpu;python-gpu;python-simd,46,45,pil-imageops.invert.standard,135,0,0,0,,,,,129,0,0,0,0,0,0,0,,,pil-imageops.invert.standard;pipeline-chain.loaded-10.rgb-jpeg-512x384;pipeline-chain.loaded-10.rgba-png-512x384;pipeline-chain.long-point.invert-1;pipeline-chain.long-point.invert-10000;pipeline-chain.long-point.invert-1024;pipeline-chain.long-point.invert-64;pipeline-chain.long-point.invert-8;pipeline-chain.metadata-cache.invert-1.rgb;pipeline-chain.metadata-cache.invert-64.rgb;pipeline-chain.metadata-cache.invert-8.l;pipeline-chain.point-fusion.l-001;pipeline-chain.point-fusion.l-002;pipeline-chain.point-fusion.l-003;pipeline-chain.point-fusion.l-004;pipeline-chain.point-fusion.l-005;pipeline-chain.point-fusion.rgb-001;pipeline-chain.point-fusion.rgb-002;pipeline-chain.point-fusion.rgb-003;pipeline-chain.point-fusion.rgb-004;pipeline-chain.point-fusion.rgb-005;pipeline-chain.simd-crossover.invert-mirror.1024x1024;pipeline-chain.simd-crossover.invert-mirror.1024x768;pipeline-chain.simd-crossover.invert-mirror.1x1;pipeline-chain.simd-crossover.invert-mirror.256x256;pipeline-chain.simd-crossover.invert-mirror.32x32;pipeline-chain.simd-lut.l.1024x1024;pipeline-chain.simd-lut.l.1024x768;pipeline-chain.simd-lut.l.256x256;pipeline-chain.simd-lut.l.32x32;pipeline-chain.simd-lut.rgb.1024x1024;pipeline-chain.simd-lut.rgb.1024x768;pipeline-chain.simd-lut.rgb.256x256;pipeline-chain.simd-lut.rgb.32x32;pipeline-lifecycle.cold.gaussianblur-invert.rgb-1024;pipeline-lifecycle.cold.invert-mirror.rgb-1024;pipeline-lifecycle.resident.gaussianblur-invert.rgb-1024;pipeline-lifecycle.resident.invert-mirror.rgb-1024;pipeline-matrix.expanded.invert.1024x768;pipeline-matrix.expanded.invert.1x1;pipeline-matrix.expanded.invert.256x256;pipeline-matrix.expanded.invert.32x32;pipeline-op.invert.benchmark-materialized;pipeline-op.invert.matrix-32x24;pipeline.quick.gaussianblur-invert.rgb-1024;pipeline.quick.invert-mirror.rgb-1024
df5231519bb4810e6b0098560c5c791e56dc9952,true,2026-10-09T01:11:25.338187Z,48d69f9756559a7a8da696b16d93e10be849504250560e4830f3dc8ee97b4d9a,101fdb8cc2c9da7ea98da8602ac4e7879ab23c9d,false,2026-10-07T13:19:09.608307Z,8963ea465b99a6b2a2cca91ab2aa07ee321fb3a450edfd10a102f4681b3247e4,PIL.ImageOps.mirror,PIL.ImageOps.mirror,PIL.ImageOps.mirror,function,endpoint,python-cpu,Pillow,1.0,benchmark_workload,no_verified_comparison,python-cpu;python-gpu;python-simd,python-cpu;python-gpu;python-simd,python-cpu;python-gpu;python-simd,20,18,pil-imageops.mirror.materialized-rgb-noise-1024x768;pil-imageops.mirror.standard,54,0,0,0,,,,,51,0,0,0,0,0,0,0,,,pil-imageops.mirror.materialized-rgb-noise-1024x768;pil-imageops.mirror.standard;pipeline-chain.loaded-10.rgb-jpeg-512x384;pipeline-chain.loaded-10.rgba-png-512x384;pipeline-chain.simd-crossover.invert-mirror.1024x1024;pipeline-chain.simd-crossover.invert-mirror.1024x768;pipeline-chain.simd-crossover.invert-mirror.1x1;pipeline-chain.simd-crossover.invert-mirror.256x256;pipeline-chain.simd-crossover.invert-mirror.32x32;pipeline-chain.simd-vector-mirror.l.1024x1024;pipeline-chain.simd-vector-mirror.l.32x32;pipeline-chain.simd-vector-mirror.la.1024x1024;pipeline-chain.simd-vector-mirror.la.32x32;pipeline-chain.simd-vector-mirror.rgba.1024x1024;pipeline-chain.simd-vector-mirror.rgba.32x32;pipeline-lifecycle.cold.invert-mirror.rgb-1024;pipeline-lifecycle.resident.invert-mirror.rgb-1024;pipeline-op.mirror.benchmark-materialized;pipeline-op.mirror.matrix-32x24;pipeline.quick.invert-mirror.rgb-1024
df5231519bb4810e6b0098560c5c791e56dc9952,true,2026-10-09T01:11:25.338187Z,48d69f9756559a7a8da696b16d93e10be849504250560e4830f3dc8ee97b4d9a,101fdb8cc2c9da7ea98da8602ac4e7879ab23c9d,false,2026-10-07T13:19:09.608307Z,8963ea465b99a6b2a2cca91ab2aa07ee321fb3a450edfd10a102f4681b3247e4,PIL.ImageOps.mirror,PIL.ImageOps.mirror,PIL.ImageOps.mirror,function,endpoint,python-simd,Pillow,2.0,benchmark_workload,no_verified_comparison,python-cpu;python-gpu;python-simd,python-cpu;python-gpu;python-simd,python-cpu;python-gpu;python-simd,20,18,pil-imageops.mirror.materialized-rgb-noise-1024x768;pil-imageops.mirror.standard,54,0,0,0,0,,,,51,0,0,0,0,0,0,0,,,pil-imageops.mirror.materialized-rgb-noise-1024x768;pil-imageops.mirror.standard;pipeline-chain.loaded-10.rgb-jpeg-512x384;pipeline-chain.loaded-10.rgba-png-512x384;pipeline-chain.simd-crossover.invert-mirror.1024x1024;pipeline-chain.simd-crossover.invert-mirror.1024x768;pipeline-chain.simd-crossover.invert-mirror.1x1;pipeline-chain.simd-crossover.invert-mirror.256x256;pipeline-chain.simd-crossover.invert-mirror.32x32;pipeline-chain.simd-vector-mirror.l.1024x1024;pipeline-chain.simd-vector-mirror.l.32x32;pipeline-chain.simd-vector-mirror.la.1024x1024;pipeline-chain.simd-vector-mirror.la.32x32;pipeline-chain.simd-vector-mirror.rgba.1024x1024;pipeline-chain.simd-vector-mirror.rgba.32x32;pipeline-lifecycle.cold.invert-mirror.rgb-1024;pipeline-lifecycle.resident.invert-mirror.rgb-1024;pipeline-op.mirror.benchmark-materialized;pipeline-op.mirror.matrix-32x24;pipeline.quick.invert-mirror.rgb-1024
df5231519bb4810e6b0098560c5c791e56dc9952,true,2026-10-09T01:11:25.338187Z,48d69f9756559a7a8da696b16d93e10be849504250560e4830f3dc8ee97b4d9a,101fdb8cc2c9da7ea98da8602ac4e7879ab23c9d,false,2026-10-07T13:19:09.608307Z,8963ea465b99a6b2a2cca91ab2aa07ee321fb3a450edfd10a102f4681b3247e4,PIL.ImageOps.mirror,PIL.ImageOps.mirror,PIL.ImageOps.mirror,function,endpoint,python-gpu,SIMD,1.0,benchmark_workload,no_verified_comparison,python-cpu;python-gpu;python-simd,python-cpu;python-gpu;python-simd,python-cpu;python-gpu;python-simd,20,18,pil-imageops.mirror.materialized-rgb-noise-1024x768;pil-imageops.mirror.standard,18,0,0,0,,,,,17,0,0,0,0,0,0,0,,not_measured,pil-imageops.mirror.materialized-rgb-noise-1024x768;pil-imageops.mirror.standard;pipeline-chain.loaded-10.rgb-jpeg-512x384;pipeline-chain.loaded-10.rgba-png-512x384;pipeline-chain.simd-crossover.invert-mirror.1024x1024;pipeline-chain.simd-crossover.invert-mirror.1024x768;pipeline-chain.simd-crossover.invert-mirror.1x1;pipeline-chain.simd-crossover.invert-mirror.256x256;pipeline-chain.simd-crossover.invert-mirror.32x32;pipeline-chain.simd-vector-mirror.l.1024x1024;pipeline-chain.simd-vector-mirror.l.32x32;pipeline-chain.simd-vector-mirror.la.1024x1024;pipeline-chain.simd-vector-mirror.la.32x32;pipeline-chain.simd-vector-mirror.rgba.1024x1024;pipeline-chain.simd-vector-mirror.rgba.32x32;pipeline-lifecycle.cold.invert-mirror.rgb-1024;pipeline-lifecycle.resident.invert-mirror.rgb-1024;pipeline-op.mirror.benchmark-materialized;pipeline-op.mirror.matrix-32x24;pipeline.quick.invert-mirror.rgb-1024
df5231519bb4810e6b0098560c5c791e56dc9952,true,2026-10-09T01:11:25.338187Z,48d69f9756559a7a8da696b16d93e10be849504250560e4830f3dc8ee97b4d9a,101fdb8cc2c9da7ea98da8602ac4e7879ab23c9d,false,2026-10-07T13:19:09.608307Z,8963ea465b99a6b2a2cca91ab2aa07ee321fb3a450edfd10a102f4681b3247e4,PIL.ImageOps.mirror,PIL.ImageOps.mirror,PIL.ImageOps.mirror,function,endpoint,python-parallel-cpu,Pillow,,published_rows_only,no_verified_comparison,python-cpu;python-gpu;python-simd,python-cpu;python-gpu;python-simd,python-cpu;python-gpu;python-simd,20,18,pil-imageops.mirror.materialized-rgb-noise-1024x768;pil-imageops.mirror.standard,54,0,0,0,,,,,51,0,0,0,0,0,0,0,,,pil-imageops.mirror.materialized-rgb-noise-1024x768;pil-imageops.mirror.standard;pipeline-chain.loaded-10.rgb-jpeg-512x384;pipeline-chain.loaded-10.rgba-png-512x384;pipeline-chain.simd-crossover.invert-mirror.1024x1024;pipeline-chain.simd-crossover.invert-mirror.1024x768;pipeline-chain.simd-crossover.invert-mirror.1x1;pipeline-chain.simd-crossover.invert-mirror.256x256;pipeline-chain.simd-crossover.invert-mirror.32x32;pipeline-chain.simd-vector-mirror.l.1024x1024;pipeline-chain.simd-vector-mirror.l.32x32;pipeline-chain.simd-vector-mirror.la.1024x1024;pipeline-chain.simd-vector-mirror.la.32x32;pipeline-chain.simd-vector-mirror.rgba.1024x1024;pipeline-chain.simd-vector-mirror.rgba.32x32;pipeline-lifecycle.cold.invert-mirror.rgb-1024;pipeline-lifecycle.resident.invert-mirror.rgb-1024;pipeline-op.mirror.benchmark-materialized;pipeline-op.mirror.matrix-32x24;pipeline.quick.invert-mirror.rgb-1024
df5231519bb4810e6b0098560c5c791e56dc9952,true,2026-10-09T01:11:25.338187Z,48d69f9756559a7a8da696b16d93e10be849504250560e4830f3dc8ee97b4d9a,101fdb8cc2c9da7ea98da8602ac4e7879ab23c9d,false,2026-10-07T13:19:09.608307Z,8963ea465b99a6b2a2cca91ab2aa07ee321fb3a450edfd10a102f4681b3247e4,PIL.ImageOps.pad,PIL.ImageOps.pad,PIL.ImageOps.pad,function,endpoint,python-cpu,Pillow,1.0,benchmark_workload,no_verified_comparison,python-cpu;python-gpu;python-simd,python-cpu,python-cpu;python-gpu;python-simd,16,6,pil-imageops.pad.materialized.native-cmyk-noise-1024x768-square;pil-imageops.pad.materialized.native-hsv-noise-1024x768-square;pil-imageops.pad.materialized.native-l-noise-1024x768-square;pil-imageops.pad.materialized.native-l-noise-1024x768-to-768-square;pil-imageops.pad.materialized.native-la-noise-1024x768-square;pil-imageops.pad.materialized.native-rgb-noise-1024x768-square;pil-imageops.pad.materialized.native-rgba-noise-1024x768-square;pil-imageops.pad.materialized.native-rgbx-noise-1024x768-square;pil-imageops.pad.materialized.native-rgbx-resize-1024x768-to-768-square;pil-imageops.pad.standard,18,0,0,0,,,,,18,0,0,0,0,0,0,0,,,pil-imageops.pad.materialized.native-cmyk-noise-1024x768-square;pil-imageops.pad.materialized.native-hsv-noise-1024x768-square;pil-imageops.pad.materialized.native-l-noise-1024x768-square;pil-imageops.pad.materialized.native-l-noise-1024x768-to-768-square;pil-imageops.pad.materialized.native-la-noise-1024x768-square;pil-imageops.pad.materialized.native-rgb-noise-1024x768-square;pil-imageops.pad.materialized.native-rgba-noise-1024x768-square;pil-imageops.pad.materialized.native-rgbx-noise-1024x768-square;pil-imageops.pad.materialized.native-rgbx-resize-1024x768-to-768-square;pil-imageops.pad.standard;pipeline-chain.matrix-076;pipeline-chain.matrix-077;pipeline-chain.matrix-078;pipeline-chain.matrix-079;pipeline-op.pad.benchmark-materialized;pipeline-op.pad.matrix-32x24
df5231519bb4810e6b0098560c5c791e56dc9952,true,2026-10-09T01:11:25.338187Z,48d69f9756559a7a8da696b16d93e10be849504250560e4830f3dc8ee97b4d9a,101fdb8cc2c9da7ea98da8602ac4e7879ab23c9d,false,2026-10-07T13:19:09.608307Z,8963ea465b99a6b2a2cca91ab2aa07ee321fb3a450edfd10a102f4681b3247e4,PIL.ImageOps.pad,PIL.ImageOps.pad,PIL.ImageOps.pad,function,endpoint,python-simd,Pillow,2.0,benchmark_workload,no_verified_comparison,python-cpu;python-gpu;python-simd,python-cpu,python-cpu;python-gpu;python-simd,16,6,pil-imageops.pad.materialized.native-cmyk-noise-1024x768-square;pil-imageops.pad.materialized.native-hsv-noise-1024x768-square;pil-imageops.pad.materialized.native-l-noise-1024x768-square;pil-imageops.pad.materialized.native-l-noise-1024x768-to-768-square;pil-imageops.pad.materialized.native-la-noise-1024x768-square;pil-imageops.pad.materialized.native-rgb-noise-1024x768-square;pil-imageops.pad.materialized.native-rgba-noise-1024x768-square;pil-imageops.pad.materialized.native-rgbx-noise-1024x768-square;pil-imageops.pad.materialized.native-rgbx-resize-1024x768-to-768-square;pil-imageops.pad.standard,18,0,0,0,0,,,,18,0,0,0,0,0,0,0,,,pil-imageops.pad.materialized.native-cmyk-noise-1024x768-square;pil-imageops.pad.materialized.native-hsv-noise-1024x768-square;pil-imageops.pad.materialized.native-l-noise-1024x768-square;pil-imageops.pad.materialized.native-l-noise-1024x768-to-768-square;pil-imageops.pad.materialized.native-la-noise-1024x768-square;pil-imageops.pad.materialized.native-rgb-noise-1024x768-square;pil-imageops.pad.materialized.native-rgba-noise-1024x768-square;pil-imageops.pad.materialized.native-rgbx-noise-1024x768-square;pil-imageops.pad.materialized.native-rgbx-resize-1024x768-to-768-square;pil-imageops.pad.standard;pipeline-chain.matrix-076;pipeline-chain.matrix-077;pipeline-chain.matrix-078;pipeline-chain.matrix-079;pipeline-op.pad.benchmark-materialized;pipeline-op.pad.matrix-32x24
df5231519bb4810e6b0098560c5c791e56dc9952,true,2026-10-09T01:11:25.338187Z,48d69f9756559a7a8da696b16d93e10be849504250560e4830f3dc8ee97b4d9a,101fdb8cc2c9da7ea98da8602ac4e7879ab23c9d,false,2026-10-07T13:19:09.608307Z,8963ea465b99a6b2a2cca91ab2aa07ee321fb3a450edfd10a102f4681b3247e4,PIL.ImageOps.pad,PIL.ImageOps.pad,PIL.ImageOps.pad,function,endpoint,python-gpu,SIMD,1.0,benchmark_workload,no_verified_comparison,python-cpu;python-gpu;python-simd,python-cpu,python-cpu;python-gpu;python-simd,16,6,pil-imageops.pad.materialized.native-cmyk-noise-1024x768-square;pil-imageops.pad.materialized.native-hsv-noise-1024x768-square;pil-imageops.pad.materialized.native-l-noise-1024x768-square;pil-imageops.pad.materialized.native-l-noise-1024x768-to-768-square;pil-imageops.pad.materialized.native-la-noise-1024x768-square;pil-imageops.pad.materialized.native-rgb-noise-1024x768-square;pil-imageops.pad.materialized.native-rgba-noise-1024x768-square;pil-imageops.pad.materialized.native-rgbx-noise-1024x768-square;pil-imageops.pad.materialized.native-rgbx-resize-1024x768-to-768-square;pil-imageops.pad.standard,6,0,0,0,,,,,6,0,0,0,0,0,0,0,,not_measured,pil-imageops.pad.materialized.native-cmyk-noise-1024x768-square;pil-imageops.pad.materialized.native-hsv-noise-1024x768-square;pil-imageops.pad.materialized.native-l-noise-1024x768-square;pil-imageops.pad.materialized.native-l-noise-1024x768-to-768-square;pil-imageops.pad.materialized.native-la-noise-1024x768-square;pil-imageops.pad.materialized.native-rgb-noise-1024x768-square;pil-imageops.pad.materialized.native-rgba-noise-1024x768-square;pil-imageops.pad.materialized.native-rgbx-noise-1024x768-square;pil-imageops.pad.materialized.native-rgbx-resize-1024x768-to-768-square;pil-imageops.pad.standard;pipeline-chain.matrix-076;pipeline-chain.matrix-077;pipeline-chain.matrix-078;pipeline-chain.matrix-079;pipeline-op.pad.benchmark-materialized;pipeline-op.pad.matrix-32x24
df5231519bb4810e6b0098560c5c791e56dc9952,true,2026-10-09T01:11:25.338187Z,48d69f9756559a7a8da696b16d93e10be849504250560e4830f3dc8ee97b4d9a,101fdb8cc2c9da7ea98da8602ac4e7879ab23c9d,false,2026-10-07T13:19:09.608307Z,8963ea465b99a6b2a2cca91ab2aa07ee321fb3a450edfd10a102f4681b3247e4,PIL.ImageOps.pad,PIL.ImageOps.pad,PIL.ImageOps.pad,function,endpoint,python-parallel-cpu,Pillow,,published_rows_only,no_verified_comparison,python-cpu;python-gpu;python-simd,python-cpu,python-cpu;python-gpu;python-simd,16,6,pil-imageops.pad.materialized.native-cmyk-noise-1024x768-square;pil-imageops.pad.materialized.native-hsv-noise-1024x768-square;pil-imageops.pad.materialized.native-l-noise-1024x768-square;pil-imageops.pad.materialized.native-l-noise-1024x768-to-768-square;pil-imageops.pad.materialized.native-la-noise-1024x768-square;pil-imageops.pad.materialized.native-rgb-noise-1024x768-square;pil-imageops.pad.materialized.native-rgba-noise-1024x768-square;pil-imageops.pad.materialized.native-rgbx-noise-1024x768-square;pil-imageops.pad.materialized.native-rgbx-resize-1024x768-to-768-square;pil-imageops.pad.standard,18,0,0,0,,,,,18,0,0,0,0,0,0,0,,,pil-imageops.pad.materialized.native-cmyk-noise-1024x768-square;pil-imageops.pad.materialized.native-hsv-noise-1024x768-square;pil-imageops.pad.materialized.native-l-noise-1024x768-square;pil-imageops.pad.materialized.native-l-noise-1024x768-to-768-square;pil-imageops.pad.materialized.native-la-noise-1024x768-square;pil-imageops.pad.materialized.native-rgb-noise-1024x768-square;pil-imageops.pad.materialized.native-rgba-noise-1024x768-square;pil-imageops.pad.materialized.native-rgbx-noise-1024x768-square;pil-imageops.pad.materialized.native-rgbx-resize-1024x768-to-768-square;pil-imageops.pad.standard;pipeline-chain.matrix-076;pipeline-chain.matrix-077;pipeline-chain.matrix-078;pipeline-chain.matrix-079;pipeline-op.pad.benchmark-materialized;pipeline-op.pad.matrix-32x24
df5231519bb4810e6b0098560c5c791e56dc9952,true,2026-10-09T01:11:25.338187Z,48d69f9756559a7a8da696b16d93e10be849504250560e4830f3dc8ee97b4d9a,101fdb8cc2c9da7ea98da8602ac4e7879ab23c9d,false,2026-10-07T13:19:09.608307Z,8963ea465b99a6b2a2cca91ab2aa07ee321fb3a450edfd10a102f4681b3247e4,PIL.ImageOps.posterize,PIL.ImageOps.posterize,PIL.ImageOps.posterize,function,endpoint,python-cpu,Pillow,1.0,benchmark_workload,target_met_in_verified_rows,python-cpu;python-gpu;python-simd,python-cpu,python-cpu;python-gpu;python-simd,25,24,pil-imageops.posterize.standard,72,6,0,1,,1.456896,pipeline-op.posterize.material-rgb-noise-1024x768,ubuntu-24.04-x86_64,66,0,0,0,0,0,0,0,,,pil-imageops.posterize.standard;pipeline-chain.matrix-002;pipeline-chain.point-fusion.l-001;pipeline-chain.point-fusion.l-002;pipeline-chain.point-fusion.l-003;pipeline-chain.point-fusion.l-004;pipeline-chain.point-fusion.l-005;pipeline-chain.point-fusion.rgb-001;pipeline-chain.point-fusion.rgb-002;pipeline-chain.point-fusion.rgb-003;pipeline-chain.point-fusion.rgb-004;pipeline-chain.point-fusion.rgb-005;pipeline-chain.reviewed.point-solarize-posterize;pipeline-chain.simd-lut.l.1024x1024;pipeline-chain.simd-lut.l.1024x768;pipeline-chain.simd-lut.l.256x256;pipeline-chain.simd-lut.l.32x32;pipeline-chain.simd-lut.rgb.1024x1024;pipeline-chain.simd-lut.rgb.1024x768;pipeline-chain.simd-lut.rgb.256x256;pipeline-chain.simd-lut.rgb.32x32;pipeline-op.posterize.benchmark-materialized;pipeline-op.posterize.material-l-noise-1024x768;pipeline-op.posterize.material-rgb-noise-1024x768;pipeline-op.posterize.matrix-32x24
df5231519bb4810e6b0098560c5c791e56dc9952,true,2026-10-09T01:11:25.338187Z,48d69f9756559a7a8da696b16d93e10be849504250560e4830f3dc8ee97b4d9a,101fdb8cc2c9da7ea98da8602ac4e7879ab23c9d,false,2026-10-07T13:19:09.608307Z,8963ea465b99a6b2a2cca91ab2aa07ee321fb3a450edfd10a102f4681b3247e4,PIL.ImageOps.posterize,PIL.ImageOps.posterize,PIL.ImageOps.posterize,function,endpoint,python-simd,Pillow,2.0,benchmark_workload,target_unmet_in_verified_rows,python-cpu;python-gpu;python-simd,python-cpu,python-cpu;python-gpu;python-simd,25,24,pil-imageops.posterize.standard,72,6,0,1,3,1.601452,pipeline-op.posterize.material-rgb-noise-1024x768,ubuntu-24.04-x86_64,66,0,0,0,0,0,0,0,,,pil-imageops.posterize.standard;pipeline-chain.matrix-002;pipeline-chain.point-fusion.l-001;pipeline-chain.point-fusion.l-002;pipeline-chain.point-fusion.l-003;pipeline-chain.point-fusion.l-004;pipeline-chain.point-fusion.l-005;pipeline-chain.point-fusion.rgb-001;pipeline-chain.point-fusion.rgb-002;pipeline-chain.point-fusion.rgb-003;pipeline-chain.point-fusion.rgb-004;pipeline-chain.point-fusion.rgb-005;pipeline-chain.reviewed.point-solarize-posterize;pipeline-chain.simd-lut.l.1024x1024;pipeline-chain.simd-lut.l.1024x768;pipeline-chain.simd-lut.l.256x256;pipeline-chain.simd-lut.l.32x32;pipeline-chain.simd-lut.rgb.1024x1024;pipeline-chain.simd-lut.rgb.1024x768;pipeline-chain.simd-lut.rgb.256x256;pipeline-chain.simd-lut.rgb.32x32;pipeline-op.posterize.benchmark-materialized;pipeline-op.posterize.material-l-noise-1024x768;pipeline-op.posterize.material-rgb-noise-1024x768;pipeline-op.posterize.matrix-32x24
df5231519bb4810e6b0098560c5c791e56dc9952,true,2026-10-09T01:11:25.338187Z,48d69f9756559a7a8da696b16d93e10be849504250560e4830f3dc8ee97b4d9a,101fdb8cc2c9da7ea98da8602ac4e7879ab23c9d,false,2026-10-07T13:19:09.608307Z,8963ea465b99a6b2a2cca91ab2aa07ee321fb3a450edfd10a102f4681b3247e4,PIL.ImageOps.posterize,PIL.ImageOps.posterize,PIL.ImageOps.posterize,function,endpoint,python-gpu,SIMD,1.0,benchmark_workload,target_unmet_in_verified_rows,python-cpu;python-gpu;python-simd,python-cpu,python-cpu;python-gpu;python-simd,25,24,pil-imageops.posterize.standard,24,2,2,2,,0.064895,pipeline-op.posterize.material-l-noise-1024x768,macos-15-arm64,22,0,0,0,0,0,0,0,,not_measured,pil-imageops.posterize.standard;pipeline-chain.matrix-002;pipeline-chain.point-fusion.l-001;pipeline-chain.point-fusion.l-002;pipeline-chain.point-fusion.l-003;pipeline-chain.point-fusion.l-004;pipeline-chain.point-fusion.l-005;pipeline-chain.point-fusion.rgb-001;pipeline-chain.point-fusion.rgb-002;pipeline-chain.point-fusion.rgb-003;pipeline-chain.point-fusion.rgb-004;pipeline-chain.point-fusion.rgb-005;pipeline-chain.reviewed.point-solarize-posterize;pipeline-chain.simd-lut.l.1024x1024;pipeline-chain.simd-lut.l.1024x768;pipeline-chain.simd-lut.l.256x256;pipeline-chain.simd-lut.l.32x32;pipeline-chain.simd-lut.rgb.1024x1024;pipeline-chain.simd-lut.rgb.1024x768;pipeline-chain.simd-lut.rgb.256x256;pipeline-chain.simd-lut.rgb.32x32;pipeline-op.posterize.benchmark-materialized;pipeline-op.posterize.material-l-noise-1024x768;pipeline-op.posterize.material-rgb-noise-1024x768;pipeline-op.posterize.matrix-32x24
df5231519bb4810e6b0098560c5c791e56dc9952,true,2026-10-09T01:11:25.338187Z,48d69f9756559a7a8da696b16d93e10be849504250560e4830f3dc8ee97b4d9a,101fdb8cc2c9da7ea98da8602ac4e7879ab23c9d,false,2026-10-07T13:19:09.608307Z,8963ea465b99a6b2a2cca91ab2aa07ee321fb3a450edfd10a102f4681b3247e4,PIL.ImageOps.posterize,PIL.ImageOps.posterize,PIL.ImageOps.posterize,function,endpoint,python-parallel-cpu,Pillow,,published_rows_only,tracked_as_separate_profile,python-cpu;python-gpu;python-simd,python-cpu,python-cpu;python-gpu;python-simd,25,24,pil-imageops.posterize.standard,72,6,0,1,,1.433445,pipeline-op.posterize.material-rgb-noise-1024x768,ubuntu-24.04-x86_64,66,0,0,0,0,0,0,0,,,pil-imageops.posterize.standard;pipeline-chain.matrix-002;pipeline-chain.point-fusion.l-001;pipeline-chain.point-fusion.l-002;pipeline-chain.point-fusion.l-003;pipeline-chain.point-fusion.l-004;pipeline-chain.point-fusion.l-005;pipeline-chain.point-fusion.rgb-001;pipeline-chain.point-fusion.rgb-002;pipeline-chain.point-fusion.rgb-003;pipeline-chain.point-fusion.rgb-004;pipeline-chain.point-fusion.rgb-005;pipeline-chain.reviewed.point-solarize-posterize;pipeline-chain.simd-lut.l.1024x1024;pipeline-chain.simd-lut.l.1024x768;pipeline-chain.simd-lut.l.256x256;pipeline-chain.simd-lut.l.32x32;pipeline-chain.simd-lut.rgb.1024x1024;pipeline-chain.simd-lut.rgb.1024x768;pipeline-chain.simd-lut.rgb.256x256;pipeline-chain.simd-lut.rgb.32x32;pipeline-op.posterize.benchmark-materialized;pipeline-op.posterize.material-l-noise-1024x768;pipeline-op.posterize.material-rgb-noise-1024x768;pipeline-op.posterize.matrix-32x24
df5231519bb4810e6b0098560c5c791e56dc9952,true,2026-10-09T01:11:25.338187Z,48d69f9756559a7a8da696b16d93e10be849504250560e4830f3dc8ee97b4d9a,101fdb8cc2c9da7ea98da8602ac4e7879ab23c9d,false,2026-10-07T13:19:09.608307Z,8963ea465b99a6b2a2cca91ab2aa07ee321fb3a450edfd10a102f4681b3247e4,PIL.ImageOps.scale,PIL.ImageOps.scale,PIL.ImageOps.scale,function,endpoint,python-cpu,Pillow,1.0,benchmark_workload,no_verified_comparison,python-cpu;python-gpu;python-simd,python-cpu,python-cpu;python-gpu;python-simd,3,2,pil-imageops.scale.standard,6,0,0,0,,,,,6,0,0,0,0,0,0,0,,,pil-imageops.scale.standard;pipeline-op.scale.benchmark-materialized;pipeline-op.scale.matrix-32x24
df5231519bb4810e6b0098560c5c791e56dc9952,true,2026-10-09T01:11:25.338187Z,48d69f9756559a7a8da696b16d93e10be849504250560e4830f3dc8ee97b4d9a,101fdb8cc2c9da7ea98da8602ac4e7879ab23c9d,false,2026-10-07T13:19:09.608307Z,8963ea465b99a6b2a2cca91ab2aa07ee321fb3a450edfd10a102f4681b3247e4,PIL.ImageOps.scale,PIL.ImageOps.scale,PIL.ImageOps.scale,function,endpoint,python-simd,Pillow,2.0,benchmark_workload,no_verified_comparison,python-cpu;python-gpu;python-simd,python-cpu,python-cpu;python-gpu;python-simd,3,2,pil-imageops.scale.standard,6,0,0,0,0,,,,6,0,0,0,0,0,0,0,,,pil-imageops.scale.standard;pipeline-op.scale.benchmark-materialized;pipeline-op.scale.matrix-32x24
df5231519bb4810e6b0098560c5c791e56dc9952,true,2026-10-09T01:11:25.338187Z,48d69f9756559a7a8da696b16d93e10be849504250560e4830f3dc8ee97b4d9a,101fdb8cc2c9da7ea98da8602ac4e7879ab23c9d,false,2026-10-07T13:19:09.608307Z,8963ea465b99a6b2a2cca91ab2aa07ee321fb3a450edfd10a102f4681b3247e4,PIL.ImageOps.scale,PIL.ImageOps.scale,PIL.ImageOps.scale,function,endpoint,python-gpu,SIMD,1.0,benchmark_workload,no_verified_comparison,python-cpu;python-gpu;python-simd,python-cpu,python-cpu;python-gpu;python-simd,3,2,pil-imageops.scale.standard,2,0,0,0,,,,,2,0,0,0,0,0,0,0,,not_measured,pil-imageops.scale.standard;pipeline-op.scale.benchmark-materialized;pipeline-op.scale.matrix-32x24
df5231519bb4810e6b0098560c5c791e56dc9952,true,2026-10-09T01:11:25.338187Z,48d69f9756559a7a8da696b16d93e10be849504250560e4830f3dc8ee97b4d9a,101fdb8cc2c9da7ea98da8602ac4e7879ab23c9d,false,2026-10-07T13:19:09.608307Z,8963ea465b99a6b2a2cca91ab2aa07ee321fb3a450edfd10a102f4681b3247e4,PIL.ImageOps.scale,PIL.ImageOps.scale,PIL.ImageOps.scale,function,endpoint,python-parallel-cpu,Pillow,,published_rows_only,no_verified_comparison,python-cpu;python-gpu;python-simd,python-cpu,python-cpu;python-gpu;python-simd,3,2,pil-imageops.scale.standard,6,0,0,0,,,,,6,0,0,0,0,0,0,0,,,pil-imageops.scale.standard;pipeline-op.scale.benchmark-materialized;pipeline-op.scale.matrix-32x24
df5231519bb4810e6b0098560c5c791e56dc9952,true,2026-10-09T01:11:25.338187Z,48d69f9756559a7a8da696b16d93e10be849504250560e4830f3dc8ee97b4d9a,101fdb8cc2c9da7ea98da8602ac4e7879ab23c9d,false,2026-10-07T13:19:09.608307Z,8963ea465b99a6b2a2cca91ab2aa07ee321fb3a450edfd10a102f4681b3247e4,PIL.ImageOps.solarize,PIL.ImageOps.solarize,PIL.ImageOps.solarize,function,endpoint,python-cpu,Pillow,1.0,benchmark_workload,no_verified_comparison,python-cpu;python-gpu;python-simd,python-cpu,python-cpu;python-gpu;python-simd,21,20,pil-imageops.solarize.standard,60,0,0,0,,,,,60,0,0,0,0,0,0,0,,,pil-imageops.solarize.standard;pipeline-chain.point-fusion.l-001;pipeline-chain.point-fusion.l-002;pipeline-chain.point-fusion.l-003;pipeline-chain.point-fusion.l-004;pipeline-chain.point-fusion.l-005;pipeline-chain.point-fusion.rgb-001;pipeline-chain.point-fusion.rgb-002;pipeline-chain.point-fusion.rgb-003;pipeline-chain.point-fusion.rgb-004;pipeline-chain.point-fusion.rgb-005;pipeline-chain.simd-lut.l.1024x1024;pipeline-chain.simd-lut.l.1024x768;pipeline-chain.simd-lut.l.256x256;pipeline-chain.simd-lut.l.32x32;pipeline-chain.simd-lut.rgb.1024x1024;pipeline-chain.simd-lut.rgb.1024x768;pipeline-chain.simd-lut.rgb.256x256;pipeline-chain.simd-lut.rgb.32x32;pipeline-op.solarize.benchmark-materialized;pipeline-op.solarize.matrix-32x24
df5231519bb4810e6b0098560c5c791e56dc9952,true,2026-10-09T01:11:25.338187Z,48d69f9756559a7a8da696b16d93e10be849504250560e4830f3dc8ee97b4d9a,101fdb8cc2c9da7ea98da8602ac4e7879ab23c9d,false,2026-10-07T13:19:09.608307Z,8963ea465b99a6b2a2cca91ab2aa07ee321fb3a450edfd10a102f4681b3247e4,PIL.ImageOps.solarize,PIL.ImageOps.solarize,PIL.ImageOps.solarize,function,endpoint,python-simd,Pillow,2.0,benchmark_workload,no_verified_comparison,python-cpu;python-gpu;python-simd,python-cpu,python-cpu;python-gpu;python-simd,21,20,pil-imageops.solarize.standard,60,0,0,0,0,,,,60,0,0,0,0,0,0,0,,,pil-imageops.solarize.standard;pipeline-chain.point-fusion.l-001;pipeline-chain.point-fusion.l-002;pipeline-chain.point-fusion.l-003;pipeline-chain.point-fusion.l-004;pipeline-chain.point-fusion.l-005;pipeline-chain.point-fusion.rgb-001;pipeline-chain.point-fusion.rgb-002;pipeline-chain.point-fusion.rgb-003;pipeline-chain.point-fusion.rgb-004;pipeline-chain.point-fusion.rgb-005;pipeline-chain.simd-lut.l.1024x1024;pipeline-chain.simd-lut.l.1024x768;pipeline-chain.simd-lut.l.256x256;pipeline-chain.simd-lut.l.32x32;pipeline-chain.simd-lut.rgb.1024x1024;pipeline-chain.simd-lut.rgb.1024x768;pipeline-chain.simd-lut.rgb.256x256;pipeline-chain.simd-lut.rgb.32x32;pipeline-op.solarize.benchmark-materialized;pipeline-op.solarize.matrix-32x24
df5231519bb4810e6b0098560c5c791e56dc9952,true,2026-10-09T01:11:25.338187Z,48d69f9756559a7a8da696b16d93e10be849504250560e4830f3dc8ee97b4d9a,101fdb8cc2c9da7ea98da8602ac4e7879ab23c9d,false,2026-10-07T13:19:09.608307Z,8963ea465b99a6b2a2cca91ab2aa07ee321fb3a450edfd10a102f4681b3247e4,PIL.ImageOps.solarize,PIL.ImageOps.solarize,PIL.ImageOps.solarize,function,endpoint,python-gpu,SIMD,1.0,benchmark_workload,no_verified_comparison,python-cpu;python-gpu;python-simd,python-cpu,python-cpu;python-gpu;python-simd,21,20,pil-imageops.solarize.standard,20,0,0,0,,,,,20,0,0,0,0,0,0,0,,not_measured,pil-imageops.solarize.standard;pipeline-chain.point-fusion.l-001;pipeline-chain.point-fusion.l-002;pipeline-chain.point-fusion.l-003;pipeline-chain.point-fusion.l-004;pipeline-chain.point-fusion.l-005;pipeline-chain.point-fusion.rgb-001;pipeline-chain.point-fusion.rgb-002;pipeline-chain.point-fusion.rgb-003;pipeline-chain.point-fusion.rgb-004;pipeline-chain.point-fusion.rgb-005;pipeline-chain.simd-lut.l.1024x1024;pipeline-chain.simd-lut.l.1024x768;pipeline-chain.simd-lut.l.256x256;pipeline-chain.simd-lut.l.32x32;pipeline-chain.simd-lut.rgb.1024x1024;pipeline-chain.simd-lut.rgb.1024x768;pipeline-chain.simd-lut.rgb.256x256;pipeline-chain.simd-lut.rgb.32x32;pipeline-op.solarize.benchmark-materialized;pipeline-op.solarize.matrix-32x24
df5231519bb4810e6b0098560c5c791e56dc9952,true,2026-10-09T01:11:25.338187Z,48d69f9756559a7a8da696b16d93e10be849504250560e4830f3dc8ee97b4d9a,101fdb8cc2c9da7ea98da8602ac4e7879ab23c9d,false,2026-10-07T13:19:09.608307Z,8963ea465b99a6b2a2cca91ab2aa07ee321fb3a450edfd10a102f4681b3247e4,PIL.ImageOps.solarize,PIL.ImageOps.solarize,PIL.ImageOps.solarize,function,endpoint,python-parallel-cpu,Pillow,,published_rows_only,no_verified_comparison,python-cpu;python-gpu;python-simd,python-cpu,python-cpu;python-gpu;python-simd,21,20,pil-imageops.solarize.standard,60,0,0,0,,,,,60,0,0,0,0,0,0,0,,,pil-imageops.solarize.standard;pipeline-chain.point-fusion.l-001;pipeline-chain.point-fusion.l-002;pipeline-chain.point-fusion.l-003;pipeline-chain.point-fusion.l-004;pipeline-chain.point-fusion.l-005;pipeline-chain.point-fusion.rgb-001;pipeline-chain.point-fusion.rgb-002;pipeline-chain.point-fusion.rgb-003;pipeline-chain.point-fusion.rgb-004;pipeline-chain.point-fusion.rgb-005;pipeline-chain.simd-lut.l.1024x1024;pipeline-chain.simd-lut.l.1024x768;pipeline-chain.simd-lut.l.256x256;pipeline-chain.simd-lut.l.32x32;pipeline-chain.simd-lut.rgb.1024x1024;pipeline-chain.simd-lut.rgb.1024x768;pipeline-chain.simd-lut.rgb.256x256;pipeline-chain.simd-lut.rgb.32x32;pipeline-op.solarize.benchmark-materialized;pipeline-op.solarize.matrix-32x24
df5231519bb4810e6b0098560c5c791e56dc9952,true,2026-10-09T01:11:25.338187Z,48d69f9756559a7a8da696b16d93e10be849504250560e4830f3dc8ee97b4d9a,101fdb8cc2c9da7ea98da8602ac4e7879ab23c9d,false,2026-10-07T13:19:09.608307Z,8963ea465b99a6b2a2cca91ab2aa07ee321fb3a450edfd10a102f4681b3247e4,PIL.ImagePalette.ImagePalette,PIL.ImagePalette.ImagePalette,PIL.ImagePalette.ImagePalette,type,endpoint,python-cpu,Pillow,1.0,benchmark_workload,not_in_published_snapshot,python-cpu;python-gpu;python-simd,python-cpu,python-cpu;python-gpu;python-simd,1,0,pil-imagepalette.imagepalette.standard,0,0,0,0,,,,,0,0,0,0,0,0,0,0,,,pil-imagepalette.imagepalette.standard
df5231519bb4810e6b0098560c5c791e56dc9952,true,2026-10-09T01:11:25.338187Z,48d69f9756559a7a8da696b16d93e10be849504250560e4830f3dc8ee97b4d9a,101fdb8cc2c9da7ea98da8602ac4e7879ab23c9d,false,2026-10-07T13:19:09.608307Z,8963ea465b99a6b2a2cca91ab2aa07ee321fb3a450edfd10a102f4681b3247e4,PIL.ImagePalette.ImagePalette,PIL.ImagePalette.ImagePalette,PIL.ImagePalette.ImagePalette,type,endpoint,python-simd,Pillow,2.0,benchmark_workload,not_in_published_snapshot,python-cpu;python-gpu;python-simd,python-cpu,python-cpu;python-gpu;python-simd,1,0,pil-imagepalette.imagepalette.standard,0,0,0,0,0,,,,0,0,0,0,0,0,0,0,,,pil-imagepalette.imagepalette.standard
df5231519bb4810e6b0098560c5c791e56dc9952,true,2026-10-09T01:11:25.338187Z,48d69f9756559a7a8da696b16d93e10be849504250560e4830f3dc8ee97b4d9a,101fdb8cc2c9da7ea98da8602ac4e7879ab23c9d,false,2026-10-07T13:19:09.608307Z,8963ea465b99a6b2a2cca91ab2aa07ee321fb3a450edfd10a102f4681b3247e4,PIL.ImagePalette.ImagePalette,PIL.ImagePalette.ImagePalette,PIL.ImagePalette.ImagePalette,type,endpoint,python-gpu,SIMD,1.0,benchmark_workload,not_in_published_snapshot,python-cpu;python-gpu;python-simd,python-cpu,python-cpu;python-gpu;python-simd,1,0,pil-imagepalette.imagepalette.standard,0,0,0,0,,,,,0,0,0,0,0,0,0,0,,not_measured,pil-imagepalette.imagepalette.standard
df5231519bb4810e6b0098560c5c791e56dc9952,true,2026-10-09T01:11:25.338187Z,48d69f9756559a7a8da696b16d93e10be849504250560e4830f3dc8ee97b4d9a,101fdb8cc2c9da7ea98da8602ac4e7879ab23c9d,false,2026-10-07T13:19:09.608307Z,8963ea465b99a6b2a2cca91ab2aa07ee321fb3a450edfd10a102f4681b3247e4,PIL.ImagePalette.ImagePalette,PIL.ImagePalette.ImagePalette,PIL.ImagePalette.ImagePalette,type,endpoint,python-parallel-cpu,Pillow,,not_declared,not_declared_in_manifest_or_workload,python-cpu;python-gpu;python-simd,python-cpu,python-cpu;python-gpu;python-simd,1,0,pil-imagepalette.imagepalette.standard,0,0,0,0,,,,,0,0,0,0,0,0,0,0,,,pil-imagepalette.imagepalette.standard
df5231519bb4810e6b0098560c5c791e56dc9952,true,2026-10-09T01:11:25.338187Z,48d69f9756559a7a8da696b16d93e10be849504250560e4830f3dc8ee97b4d9a,101fdb8cc2c9da7ea98da8602ac4e7879ab23c9d,false,2026-10-07T13:19:09.608307Z,8963ea465b99a6b2a2cca91ab2aa07ee321fb3a450edfd10a102f4681b3247e4,PIL.ImagePalette.ImagePalette.copy,PIL.ImagePalette.ImagePalette.copy,PIL.ImagePalette.ImagePalette.copy,method,endpoint,python-cpu,Pillow,1.0,benchmark_workload,not_in_published_snapshot,python-cpu;python-gpu;python-simd,python-cpu,python-cpu;python-gpu;python-simd,1,0,pil-imagepalette-imagepalette.copy.standard,0,0,0,0,,,,,0,0,0,0,0,0,0,0,,,pil-imagepalette-imagepalette.copy.standard
df5231519bb4810e6b0098560c5c791e56dc9952,true,2026-10-09T01:11:25.338187Z,48d69f9756559a7a8da696b16d93e10be849504250560e4830f3dc8ee97b4d9a,101fdb8cc2c9da7ea98da8602ac4e7879ab23c9d,false,2026-10-07T13:19:09.608307Z,8963ea465b99a6b2a2cca91ab2aa07ee321fb3a450edfd10a102f4681b3247e4,PIL.ImagePalette.ImagePalette.copy,PIL.ImagePalette.ImagePalette.copy,PIL.ImagePalette.ImagePalette.copy,method,endpoint,python-simd,Pillow,2.0,benchmark_workload,not_in_published_snapshot,python-cpu;python-gpu;python-simd,python-cpu,python-cpu;python-gpu;python-simd,1,0,pil-imagepalette-imagepalette.copy.standard,0,0,0,0,0,,,,0,0,0,0,0,0,0,0,,,pil-imagepalette-imagepalette.copy.standard
df5231519bb4810e6b0098560c5c791e56dc9952,true,2026-10-09T01:11:25.338187Z,48d69f9756559a7a8da696b16d93e10be849504250560e4830f3dc8ee97b4d9a,101fdb8cc2c9da7ea98da8602ac4e7879ab23c9d,false,2026-10-07T13:19:09.608307Z,8963ea465b99a6b2a2cca91ab2aa07ee321fb3a450edfd10a102f4681b3247e4,PIL.ImagePalette.ImagePalette.copy,PIL.ImagePalette.ImagePalette.copy,PIL.ImagePalette.ImagePalette.copy,method,endpoint,python-gpu,SIMD,1.0,benchmark_workload,not_in_published_snapshot,python-cpu;python-gpu;python-simd,python-cpu,python-cpu;python-gpu;python-simd,1,0,pil-imagepalette-imagepalette.copy.standard,0,0,0,0,,,,,0,0,0,0,0,0,0,0,,not_measured,pil-imagepalette-imagepalette.copy.standard
df5231519bb4810e6b0098560c5c791e56dc9952,true,2026-10-09T01:11:25.338187Z,48d69f9756559a7a8da696b16d93e10be849504250560e4830f3dc8ee97b4d9a,101fdb8cc2c9da7ea98da8602ac4e7879ab23c9d,false,2026-10-07T13:19:09.608307Z,8963ea465b99a6b2a2cca91ab2aa07ee321fb3a450edfd10a102f4681b3247e4,PIL.ImagePalette.ImagePalette.copy,PIL.ImagePalette.ImagePalette.copy,PIL.ImagePalette.ImagePalette.copy,method,endpoint,python-parallel-cpu,Pillow,,not_declared,not_declared_in_manifest_or_workload,python-cpu;python-gpu;python-simd,python-cpu,python-cpu;python-gpu;python-simd,1,0,pil-imagepalette-imagepalette.copy.standard,0,0,0,0,,,,,0,0,0,0,0,0,0,0,,,pil-imagepalette-imagepalette.copy.standard
df5231519bb4810e6b0098560c5c791e56dc9952,true,2026-10-09T01:11:25.338187Z,48d69f9756559a7a8da696b16d93e10be849504250560e4830f3dc8ee97b4d9a,101fdb8cc2c9da7ea98da8602ac4e7879ab23c9d,false,2026-10-07T13:19:09.608307Z,8963ea465b99a6b2a2cca91ab2aa07ee321fb3a450edfd10a102f4681b3247e4,PIL.ImagePalette.ImagePalette.getcolor,PIL.ImagePalette.ImagePalette.getcolor,PIL.ImagePalette.ImagePalette.getcolor,method,endpoint,python-cpu,Pillow,1.0,benchmark_workload,not_in_published_snapshot,python-cpu;python-gpu;python-simd,python-cpu,python-cpu;python-gpu;python-simd,1,0,pil-imagepalette-imagepalette.getcolor.standard,0,0,0,0,,,,,0,0,0,0,0,0,0,0,,,pil-imagepalette-imagepalette.getcolor.standard
df5231519bb4810e6b0098560c5c791e56dc9952,true,2026-10-09T01:11:25.338187Z,48d69f9756559a7a8da696b16d93e10be849504250560e4830f3dc8ee97b4d9a,101fdb8cc2c9da7ea98da8602ac4e7879ab23c9d,false,2026-10-07T13:19:09.608307Z,8963ea465b99a6b2a2cca91ab2aa07ee321fb3a450edfd10a102f4681b3247e4,PIL.ImagePalette.ImagePalette.getcolor,PIL.ImagePalette.ImagePalette.getcolor,PIL.ImagePalette.ImagePalette.getcolor,method,endpoint,python-simd,Pillow,2.0,benchmark_workload,not_in_published_snapshot,python-cpu;python-gpu;python-simd,python-cpu,python-cpu;python-gpu;python-simd,1,0,pil-imagepalette-imagepalette.getcolor.standard,0,0,0,0,0,,,,0,0,0,0,0,0,0,0,,,pil-imagepalette-imagepalette.getcolor.standard
df5231519bb4810e6b0098560c5c791e56dc9952,true,2026-10-09T01:11:25.338187Z,48d69f9756559a7a8da696b16d93e10be849504250560e4830f3dc8ee97b4d9a,101fdb8cc2c9da7ea98da8602ac4e7879ab23c9d,false,2026-10-07T13:19:09.608307Z,8963ea465b99a6b2a2cca91ab2aa07ee321fb3a450edfd10a102f4681b3247e4,PIL.ImagePalette.ImagePalette.getcolor,PIL.ImagePalette.ImagePalette.getcolor,PIL.ImagePalette.ImagePalette.getcolor,method,endpoint,python-gpu,SIMD,1.0,benchmark_workload,not_in_published_snapshot,python-cpu;python-gpu;python-simd,python-cpu,python-cpu;python-gpu;python-simd,1,0,pil-imagepalette-imagepalette.getcolor.standard,0,0,0,0,,,,,0,0,0,0,0,0,0,0,,not_measured,pil-imagepalette-imagepalette.getcolor.standard
df5231519bb4810e6b0098560c5c791e56dc9952,true,2026-10-09T01:11:25.338187Z,48d69f9756559a7a8da696b16d93e10be849504250560e4830f3dc8ee97b4d9a,101fdb8cc2c9da7ea98da8602ac4e7879ab23c9d,false,2026-10-07T13:19:09.608307Z,8963ea465b99a6b2a2cca91ab2aa07ee321fb3a450edfd10a102f4681b3247e4,PIL.ImagePalette.ImagePalette.getcolor,PIL.ImagePalette.ImagePalette.getcolor,PIL.ImagePalette.ImagePalette.getcolor,method,endpoint,python-parallel-cpu,Pillow,,not_declared,not_declared_in_manifest_or_workload,python-cpu;python-gpu;python-simd,python-cpu,python-cpu;python-gpu;python-simd,1,0,pil-imagepalette-imagepalette.getcolor.standard,0,0,0,0,,,,,0,0,0,0,0,0,0,0,,,pil-imagepalette-imagepalette.getcolor.standard
df5231519bb4810e6b0098560c5c791e56dc9952,true,2026-10-09T01:11:25.338187Z,48d69f9756559a7a8da696b16d93e10be849504250560e4830f3dc8ee97b4d9a,101fdb8cc2c9da7ea98da8602ac4e7879ab23c9d,false,2026-10-07T13:19:09.608307Z,8963ea465b99a6b2a2cca91ab2aa07ee321fb3a450edfd10a102f4681b3247e4,PIL.ImagePalette.ImagePalette.getdata,PIL.ImagePalette.ImagePalette.getdata,PIL.ImagePalette.ImagePalette.getdata,method,endpoint,python-cpu,Pillow,1.0,benchmark_workload,not_in_published_snapshot,python-cpu;python-gpu;python-simd,python-cpu,python-cpu;python-gpu;python-simd,1,0,pil-imagepalette-imagepalette.getdata.standard,0,0,0,0,,,,,0,0,0,0,0,0,0,0,,,pil-imagepalette-imagepalette.getdata.standard
df5231519bb4810e6b0098560c5c791e56dc9952,true,2026-10-09T01:11:25.338187Z,48d69f9756559a7a8da696b16d93e10be849504250560e4830f3dc8ee97b4d9a,101fdb8cc2c9da7ea98da8602ac4e7879ab23c9d,false,2026-10-07T13:19:09.608307Z,8963ea465b99a6b2a2cca91ab2aa07ee321fb3a450edfd10a102f4681b3247e4,PIL.ImagePalette.ImagePalette.getdata,PIL.ImagePalette.ImagePalette.getdata,PIL.ImagePalette.ImagePalette.getdata,method,endpoint,python-simd,Pillow,2.0,benchmark_workload,not_in_published_snapshot,python-cpu;python-gpu;python-simd,python-cpu,python-cpu;python-gpu;python-simd,1,0,pil-imagepalette-imagepalette.getdata.standard,0,0,0,0,0,,,,0,0,0,0,0,0,0,0,,,pil-imagepalette-imagepalette.getdata.standard
df5231519bb4810e6b0098560c5c791e56dc9952,true,2026-10-09T01:11:25.338187Z,48d69f9756559a7a8da696b16d93e10be849504250560e4830f3dc8ee97b4d9a,101fdb8cc2c9da7ea98da8602ac4e7879ab23c9d,false,2026-10-07T13:19:09.608307Z,8963ea465b99a6b2a2cca91ab2aa07ee321fb3a450edfd10a102f4681b3247e4,PIL.ImagePalette.ImagePalette.getdata,PIL.ImagePalette.ImagePalette.getdata,PIL.ImagePalette.ImagePalette.getdata,method,endpoint,python-gpu,SIMD,1.0,benchmark_workload,not_in_published_snapshot,python-cpu;python-gpu;python-simd,python-cpu,python-cpu;python-gpu;python-simd,1,0,pil-imagepalette-imagepalette.getdata.standard,0,0,0,0,,,,,0,0,0,0,0,0,0,0,,not_measured,pil-imagepalette-imagepalette.getdata.standard
df5231519bb4810e6b0098560c5c791e56dc9952,true,2026-10-09T01:11:25.338187Z,48d69f9756559a7a8da696b16d93e10be849504250560e4830f3dc8ee97b4d9a,101fdb8cc2c9da7ea98da8602ac4e7879ab23c9d,false,2026-10-07T13:19:09.608307Z,8963ea465b99a6b2a2cca91ab2aa07ee321fb3a450edfd10a102f4681b3247e4,PIL.ImagePalette.ImagePalette.getdata,PIL.ImagePalette.ImagePalette.getdata,PIL.ImagePalette.ImagePalette.getdata,method,endpoint,python-parallel-cpu,Pillow,,not_declared,not_declared_in_manifest_or_workload,python-cpu;python-gpu;python-simd,python-cpu,python-cpu;python-gpu;python-simd,1,0,pil-imagepalette-imagepalette.getdata.standard,0,0,0,0,,,,,0,0,0,0,0,0,0,0,,,pil-imagepalette-imagepalette.getdata.standard
df5231519bb4810e6b0098560c5c791e56dc9952,true,2026-10-09T01:11:25.338187Z,48d69f9756559a7a8da696b16d93e10be849504250560e4830f3dc8ee97b4d9a,101fdb8cc2c9da7ea98da8602ac4e7879ab23c9d,false,2026-10-07T13:19:09.608307Z,8963ea465b99a6b2a2cca91ab2aa07ee321fb3a450edfd10a102f4681b3247e4,PIL.ImagePalette.ImagePalette.save,PIL.ImagePalette.ImagePalette.save,PIL.ImagePalette.ImagePalette.save,method,endpoint,python-cpu,Pillow,1.0,benchmark_workload,not_in_published_snapshot,python-cpu;python-gpu;python-simd,python-cpu,python-cpu;python-gpu;python-simd,1,0,pil-imagepalette-imagepalette.save.standard,0,0,0,0,,,,,0,0,0,0,0,0,0,0,,,pil-imagepalette-imagepalette.save.standard
df5231519bb4810e6b0098560c5c791e56dc9952,true,2026-10-09T01:11:25.338187Z,48d69f9756559a7a8da696b16d93e10be849504250560e4830f3dc8ee97b4d9a,101fdb8cc2c9da7ea98da8602ac4e7879ab23c9d,false,2026-10-07T13:19:09.608307Z,8963ea465b99a6b2a2cca91ab2aa07ee321fb3a450edfd10a102f4681b3247e4,PIL.ImagePalette.ImagePalette.save,PIL.ImagePalette.ImagePalette.save,PIL.ImagePalette.ImagePalette.save,method,endpoint,python-simd,Pillow,2.0,benchmark_workload,not_in_published_snapshot,python-cpu;python-gpu;python-simd,python-cpu,python-cpu;python-gpu;python-simd,1,0,pil-imagepalette-imagepalette.save.standard,0,0,0,0,0,,,,0,0,0,0,0,0,0,0,,,pil-imagepalette-imagepalette.save.standard
df5231519bb4810e6b0098560c5c791e56dc9952,true,2026-10-09T01:11:25.338187Z,48d69f9756559a7a8da696b16d93e10be849504250560e4830f3dc8ee97b4d9a,101fdb8cc2c9da7ea98da8602ac4e7879ab23c9d,false,2026-10-07T13:19:09.608307Z,8963ea465b99a6b2a2cca91ab2aa07ee321fb3a450edfd10a102f4681b3247e4,PIL.ImagePalette.ImagePalette.save,PIL.ImagePalette.ImagePalette.save,PIL.ImagePalette.ImagePalette.save,method,endpoint,python-gpu,SIMD,1.0,benchmark_workload,not_in_published_snapshot,python-cpu;python-gpu;python-simd,python-cpu,python-cpu;python-gpu;python-simd,1,0,pil-imagepalette-imagepalette.save.standard,0,0,0,0,,,,,0,0,0,0,0,0,0,0,,not_measured,pil-imagepalette-imagepalette.save.standard
df5231519bb4810e6b0098560c5c791e56dc9952,true,2026-10-09T01:11:25.338187Z,48d69f9756559a7a8da696b16d93e10be849504250560e4830f3dc8ee97b4d9a,101fdb8cc2c9da7ea98da8602ac4e7879ab23c9d,false,2026-10-07T13:19:09.608307Z,8963ea465b99a6b2a2cca91ab2aa07ee321fb3a450edfd10a102f4681b3247e4,PIL.ImagePalette.ImagePalette.save,PIL.ImagePalette.ImagePalette.save,PIL.ImagePalette.ImagePalette.save,method,endpoint,python-parallel-cpu,Pillow,,not_declared,not_declared_in_manifest_or_workload,python-cpu;python-gpu;python-simd,python-cpu,python-cpu;python-gpu;python-simd,1,0,pil-imagepalette-imagepalette.save.standard,0,0,0,0,,,,,0,0,0,0,0,0,0,0,,,pil-imagepalette-imagepalette.save.standard
df5231519bb4810e6b0098560c5c791e56dc9952,true,2026-10-09T01:11:25.338187Z,48d69f9756559a7a8da696b16d93e10be849504250560e4830f3dc8ee97b4d9a,101fdb8cc2c9da7ea98da8602ac4e7879ab23c9d,false,2026-10-07T13:19:09.608307Z,8963ea465b99a6b2a2cca91ab2aa07ee321fb3a450edfd10a102f4681b3247e4,PIL.ImagePalette.ImagePalette.tobytes,PIL.ImagePalette.ImagePalette.tobytes,PIL.ImagePalette.ImagePalette.tobytes,method,endpoint,python-cpu,Pillow,1.0,benchmark_workload,not_in_published_snapshot,python-cpu;python-gpu;python-simd,python-cpu,python-cpu;python-gpu;python-simd,1,0,pil-imagepalette-imagepalette.tobytes.standard,0,0,0,0,,,,,0,0,0,0,0,0,0,0,,,pil-imagepalette-imagepalette.tobytes.standard
df5231519bb4810e6b0098560c5c791e56dc9952,true,2026-10-09T01:11:25.338187Z,48d69f9756559a7a8da696b16d93e10be849504250560e4830f3dc8ee97b4d9a,101fdb8cc2c9da7ea98da8602ac4e7879ab23c9d,false,2026-10-07T13:19:09.608307Z,8963ea465b99a6b2a2cca91ab2aa07ee321fb3a450edfd10a102f4681b3247e4,PIL.ImagePalette.ImagePalette.tobytes,PIL.ImagePalette.ImagePalette.tobytes,PIL.ImagePalette.ImagePalette.tobytes,method,endpoint,python-simd,Pillow,2.0,benchmark_workload,not_in_published_snapshot,python-cpu;python-gpu;python-simd,python-cpu,python-cpu;python-gpu;python-simd,1,0,pil-imagepalette-imagepalette.tobytes.standard,0,0,0,0,0,,,,0,0,0,0,0,0,0,0,,,pil-imagepalette-imagepalette.tobytes.standard
df5231519bb4810e6b0098560c5c791e56dc9952,true,2026-10-09T01:11:25.338187Z,48d69f9756559a7a8da696b16d93e10be849504250560e4830f3dc8ee97b4d9a,101fdb8cc2c9da7ea98da8602ac4e7879ab23c9d,false,2026-10-07T13:19:09.608307Z,8963ea465b99a6b2a2cca91ab2aa07ee321fb3a450edfd10a102f4681b3247e4,PIL.ImagePalette.ImagePalette.tobytes,PIL.ImagePalette.ImagePalette.tobytes,PIL.ImagePalette.ImagePalette.tobytes,method,endpoint,python-gpu,SIMD,1.0,benchmark_workload,not_in_published_snapshot,python-cpu;python-gpu;python-simd,python-cpu,python-cpu;python-gpu;python-simd,1,0,pil-imagepalette-imagepalette.tobytes.standard,0,0,0,0,,,,,0,0,0,0,0,0,0,0,,not_measured,pil-imagepalette-imagepalette.tobytes.standard
df5231519bb4810e6b0098560c5c791e56dc9952,true,2026-10-09T01:11:25.338187Z,48d69f9756559a7a8da696b16d93e10be849504250560e4830f3dc8ee97b4d9a,101fdb8cc2c9da7ea98da8602ac4e7879ab23c9d,false,2026-10-07T13:19:09.608307Z,8963ea465b99a6b2a2cca91ab2aa07ee321fb3a450edfd10a102f4681b3247e4,PIL.ImagePalette.ImagePalette.tobytes,PIL.ImagePalette.ImagePalette.tobytes,PIL.ImagePalette.ImagePalette.tobytes,method,endpoint,python-parallel-cpu,Pillow,,not_declared,not_declared_in_manifest_or_workload,python-cpu;python-gpu;python-simd,python-cpu,python-cpu;python-gpu;python-simd,1,0,pil-imagepalette-imagepalette.tobytes.standard,0,0,0,0,,,,,0,0,0,0,0,0,0,0,,,pil-imagepalette-imagepalette.tobytes.standard
df5231519bb4810e6b0098560c5c791e56dc9952,true,2026-10-09T01:11:25.338187Z,48d69f9756559a7a8da696b16d93e10be849504250560e4830f3dc8ee97b4d9a,101fdb8cc2c9da7ea98da8602ac4e7879ab23c9d,false,2026-10-07T13:19:09.608307Z,8963ea465b99a6b2a2cca91ab2aa07ee321fb3a450edfd10a102f4681b3247e4,PIL.ImageSequence.Iterator,PIL.ImageSequence.Iterator,PIL.ImageSequence.Iterator,type,endpoint,python-cpu,Pillow,1.0,benchmark_workload,not_in_published_snapshot,python-cpu;python-gpu;python-simd,python-cpu,python-cpu;python-gpu;python-simd,1,0,pil-imagesequence.iterator.standard,0,0,0,0,,,,,0,0,0,0,0,0,0,0,,,pil-imagesequence.iterator.standard
df5231519bb4810e6b0098560c5c791e56dc9952,true,2026-10-09T01:11:25.338187Z,48d69f9756559a7a8da696b16d93e10be849504250560e4830f3dc8ee97b4d9a,101fdb8cc2c9da7ea98da8602ac4e7879ab23c9d,false,2026-10-07T13:19:09.608307Z,8963ea465b99a6b2a2cca91ab2aa07ee321fb3a450edfd10a102f4681b3247e4,PIL.ImageSequence.Iterator,PIL.ImageSequence.Iterator,PIL.ImageSequence.Iterator,type,endpoint,python-simd,Pillow,2.0,benchmark_workload,not_in_published_snapshot,python-cpu;python-gpu;python-simd,python-cpu,python-cpu;python-gpu;python-simd,1,0,pil-imagesequence.iterator.standard,0,0,0,0,0,,,,0,0,0,0,0,0,0,0,,,pil-imagesequence.iterator.standard
df5231519bb4810e6b0098560c5c791e56dc9952,true,2026-10-09T01:11:25.338187Z,48d69f9756559a7a8da696b16d93e10be849504250560e4830f3dc8ee97b4d9a,101fdb8cc2c9da7ea98da8602ac4e7879ab23c9d,false,2026-10-07T13:19:09.608307Z,8963ea465b99a6b2a2cca91ab2aa07ee321fb3a450edfd10a102f4681b3247e4,PIL.ImageSequence.Iterator,PIL.ImageSequence.Iterator,PIL.ImageSequence.Iterator,type,endpoint,python-gpu,SIMD,1.0,benchmark_workload,not_in_published_snapshot,python-cpu;python-gpu;python-simd,python-cpu,python-cpu;python-gpu;python-simd,1,0,pil-imagesequence.iterator.standard,0,0,0,0,,,,,0,0,0,0,0,0,0,0,,not_measured,pil-imagesequence.iterator.standard
df5231519bb4810e6b0098560c5c791e56dc9952,true,2026-10-09T01:11:25.338187Z,48d69f9756559a7a8da696b16d93e10be849504250560e4830f3dc8ee97b4d9a,101fdb8cc2c9da7ea98da8602ac4e7879ab23c9d,false,2026-10-07T13:19:09.608307Z,8963ea465b99a6b2a2cca91ab2aa07ee321fb3a450edfd10a102f4681b3247e4,PIL.ImageSequence.Iterator,PIL.ImageSequence.Iterator,PIL.ImageSequence.Iterator,type,endpoint,python-parallel-cpu,Pillow,,not_declared,not_declared_in_manifest_or_workload,python-cpu;python-gpu;python-simd,python-cpu,python-cpu;python-gpu;python-simd,1,0,pil-imagesequence.iterator.standard,0,0,0,0,,,,,0,0,0,0,0,0,0,0,,,pil-imagesequence.iterator.standard
df5231519bb4810e6b0098560c5c791e56dc9952,true,2026-10-09T01:11:25.338187Z,48d69f9756559a7a8da696b16d93e10be849504250560e4830f3dc8ee97b4d9a,101fdb8cc2c9da7ea98da8602ac4e7879ab23c9d,false,2026-10-07T13:19:09.608307Z,8963ea465b99a6b2a2cca91ab2aa07ee321fb3a450edfd10a102f4681b3247e4,PIL.ImageSequence.Iterator.__iter__,PIL.ImageSequence.Iterator.__iter__,PIL.ImageSequence.Iterator.__iter__,method,endpoint,python-cpu,Pillow,1.0,benchmark_workload,not_in_published_snapshot,python-cpu;python-gpu;python-simd,python-cpu,python-cpu;python-gpu;python-simd,1,0,pil-imagesequence-iterator.iter.standard,0,0,0,0,,,,,0,0,0,0,0,0,0,0,,,pil-imagesequence-iterator.iter.standard
df5231519bb4810e6b0098560c5c791e56dc9952,true,2026-10-09T01:11:25.338187Z,48d69f9756559a7a8da696b16d93e10be849504250560e4830f3dc8ee97b4d9a,101fdb8cc2c9da7ea98da8602ac4e7879ab23c9d,false,2026-10-07T13:19:09.608307Z,8963ea465b99a6b2a2cca91ab2aa07ee321fb3a450edfd10a102f4681b3247e4,PIL.ImageSequence.Iterator.__iter__,PIL.ImageSequence.Iterator.__iter__,PIL.ImageSequence.Iterator.__iter__,method,endpoint,python-simd,Pillow,2.0,benchmark_workload,not_in_published_snapshot,python-cpu;python-gpu;python-simd,python-cpu,python-cpu;python-gpu;python-simd,1,0,pil-imagesequence-iterator.iter.standard,0,0,0,0,0,,,,0,0,0,0,0,0,0,0,,,pil-imagesequence-iterator.iter.standard
df5231519bb4810e6b0098560c5c791e56dc9952,true,2026-10-09T01:11:25.338187Z,48d69f9756559a7a8da696b16d93e10be849504250560e4830f3dc8ee97b4d9a,101fdb8cc2c9da7ea98da8602ac4e7879ab23c9d,false,2026-10-07T13:19:09.608307Z,8963ea465b99a6b2a2cca91ab2aa07ee321fb3a450edfd10a102f4681b3247e4,PIL.ImageSequence.Iterator.__iter__,PIL.ImageSequence.Iterator.__iter__,PIL.ImageSequence.Iterator.__iter__,method,endpoint,python-gpu,SIMD,1.0,benchmark_workload,not_in_published_snapshot,python-cpu;python-gpu;python-simd,python-cpu,python-cpu;python-gpu;python-simd,1,0,pil-imagesequence-iterator.iter.standard,0,0,0,0,,,,,0,0,0,0,0,0,0,0,,not_measured,pil-imagesequence-iterator.iter.standard
df5231519bb4810e6b0098560c5c791e56dc9952,true,2026-10-09T01:11:25.338187Z,48d69f9756559a7a8da696b16d93e10be849504250560e4830f3dc8ee97b4d9a,101fdb8cc2c9da7ea98da8602ac4e7879ab23c9d,false,2026-10-07T13:19:09.608307Z,8963ea465b99a6b2a2cca91ab2aa07ee321fb3a450edfd10a102f4681b3247e4,PIL.ImageSequence.Iterator.__iter__,PIL.ImageSequence.Iterator.__iter__,PIL.ImageSequence.Iterator.__iter__,method,endpoint,python-parallel-cpu,Pillow,,not_declared,not_declared_in_manifest_or_workload,python-cpu;python-gpu;python-simd,python-cpu,python-cpu;python-gpu;python-simd,1,0,pil-imagesequence-iterator.iter.standard,0,0,0,0,,,,,0,0,0,0,0,0,0,0,,,pil-imagesequence-iterator.iter.standard
df5231519bb4810e6b0098560c5c791e56dc9952,true,2026-10-09T01:11:25.338187Z,48d69f9756559a7a8da696b16d93e10be849504250560e4830f3dc8ee97b4d9a,101fdb8cc2c9da7ea98da8602ac4e7879ab23c9d,false,2026-10-07T13:19:09.608307Z,8963ea465b99a6b2a2cca91ab2aa07ee321fb3a450edfd10a102f4681b3247e4,PIL.ImageSequence.Iterator.__next__,PIL.ImageSequence.Iterator.__next__,PIL.ImageSequence.Iterator.__next__,method,endpoint,python-cpu,Pillow,1.0,benchmark_workload,not_in_published_snapshot,python-cpu;python-gpu;python-simd,python-cpu,python-cpu;python-gpu;python-simd,1,0,pil-imagesequence-iterator.next.standard,0,0,0,0,,,,,0,0,0,0,0,0,0,0,,,pil-imagesequence-iterator.next.standard
df5231519bb4810e6b0098560c5c791e56dc9952,true,2026-10-09T01:11:25.338187Z,48d69f9756559a7a8da696b16d93e10be849504250560e4830f3dc8ee97b4d9a,101fdb8cc2c9da7ea98da8602ac4e7879ab23c9d,false,2026-10-07T13:19:09.608307Z,8963ea465b99a6b2a2cca91ab2aa07ee321fb3a450edfd10a102f4681b3247e4,PIL.ImageSequence.Iterator.__next__,PIL.ImageSequence.Iterator.__next__,PIL.ImageSequence.Iterator.__next__,method,endpoint,python-simd,Pillow,2.0,benchmark_workload,not_in_published_snapshot,python-cpu;python-gpu;python-simd,python-cpu,python-cpu;python-gpu;python-simd,1,0,pil-imagesequence-iterator.next.standard,0,0,0,0,0,,,,0,0,0,0,0,0,0,0,,,pil-imagesequence-iterator.next.standard
df5231519bb4810e6b0098560c5c791e56dc9952,true,2026-10-09T01:11:25.338187Z,48d69f9756559a7a8da696b16d93e10be849504250560e4830f3dc8ee97b4d9a,101fdb8cc2c9da7ea98da8602ac4e7879ab23c9d,false,2026-10-07T13:19:09.608307Z,8963ea465b99a6b2a2cca91ab2aa07ee321fb3a450edfd10a102f4681b3247e4,PIL.ImageSequence.Iterator.__next__,PIL.ImageSequence.Iterator.__next__,PIL.ImageSequence.Iterator.__next__,method,endpoint,python-gpu,SIMD,1.0,benchmark_workload,not_in_published_snapshot,python-cpu;python-gpu;python-simd,python-cpu,python-cpu;python-gpu;python-simd,1,0,pil-imagesequence-iterator.next.standard,0,0,0,0,,,,,0,0,0,0,0,0,0,0,,not_measured,pil-imagesequence-iterator.next.standard
df5231519bb4810e6b0098560c5c791e56dc9952,true,2026-10-09T01:11:25.338187Z,48d69f9756559a7a8da696b16d93e10be849504250560e4830f3dc8ee97b4d9a,101fdb8cc2c9da7ea98da8602ac4e7879ab23c9d,false,2026-10-07T13:19:09.608307Z,8963ea465b99a6b2a2cca91ab2aa07ee321fb3a450edfd10a102f4681b3247e4,PIL.ImageSequence.Iterator.__next__,PIL.ImageSequence.Iterator.__next__,PIL.ImageSequence.Iterator.__next__,method,endpoint,python-parallel-cpu,Pillow,,not_declared,not_declared_in_manifest_or_workload,python-cpu;python-gpu;python-simd,python-cpu,python-cpu;python-gpu;python-simd,1,0,pil-imagesequence-iterator.next.standard,0,0,0,0,,,,,0,0,0,0,0,0,0,0,,,pil-imagesequence-iterator.next.standard
df5231519bb4810e6b0098560c5c791e56dc9952,true,2026-10-09T01:11:25.338187Z,48d69f9756559a7a8da696b16d93e10be849504250560e4830f3dc8ee97b4d9a,101fdb8cc2c9da7ea98da8602ac4e7879ab23c9d,false,2026-10-07T13:19:09.608307Z,8963ea465b99a6b2a2cca91ab2aa07ee321fb3a450edfd10a102f4681b3247e4,PIL.ImageStat.Stat,PIL.ImageStat.Stat,PIL.ImageStat.Stat,type,endpoint,python-cpu,Pillow,1.0,benchmark_workload,no_verified_comparison,python-cpu;python-gpu;python-simd,python-cpu,python-cpu;python-gpu;python-simd,3,2,pil-imagestat.stat.standard,6,0,0,0,,,,,6,0,0,0,0,0,0,0,,,pil-imagestat.stat.standard;pipeline-chain.terminal-read.imagestat.cmyk-1024x768;pipeline-chain.terminal-read.imagestat.i-1024x768
df5231519bb4810e6b0098560c5c791e56dc9952,true,2026-10-09T01:11:25.338187Z,48d69f9756559a7a8da696b16d93e10be849504250560e4830f3dc8ee97b4d9a,101fdb8cc2c9da7ea98da8602ac4e7879ab23c9d,false,2026-10-07T13:19:09.608307Z,8963ea465b99a6b2a2cca91ab2aa07ee321fb3a450edfd10a102f4681b3247e4,PIL.ImageStat.Stat,PIL.ImageStat.Stat,PIL.ImageStat.Stat,type,endpoint,python-simd,Pillow,2.0,benchmark_workload,no_verified_comparison,python-cpu;python-gpu;python-simd,python-cpu,python-cpu;python-gpu;python-simd,3,2,pil-imagestat.stat.standard,6,0,0,0,0,,,,6,0,0,0,0,0,0,0,,,pil-imagestat.stat.standard;pipeline-chain.terminal-read.imagestat.cmyk-1024x768;pipeline-chain.terminal-read.imagestat.i-1024x768
df5231519bb4810e6b0098560c5c791e56dc9952,true,2026-10-09T01:11:25.338187Z,48d69f9756559a7a8da696b16d93e10be849504250560e4830f3dc8ee97b4d9a,101fdb8cc2c9da7ea98da8602ac4e7879ab23c9d,false,2026-10-07T13:19:09.608307Z,8963ea465b99a6b2a2cca91ab2aa07ee321fb3a450edfd10a102f4681b3247e4,PIL.ImageStat.Stat,PIL.ImageStat.Stat,PIL.ImageStat.Stat,type,endpoint,python-gpu,SIMD,1.0,benchmark_workload,no_verified_comparison,python-cpu;python-gpu;python-simd,python-cpu,python-cpu;python-gpu;python-simd,3,2,pil-imagestat.stat.standard,2,0,0,0,,,,,2,0,0,0,0,0,0,0,,not_measured,pil-imagestat.stat.standard;pipeline-chain.terminal-read.imagestat.cmyk-1024x768;pipeline-chain.terminal-read.imagestat.i-1024x768
df5231519bb4810e6b0098560c5c791e56dc9952,true,2026-10-09T01:11:25.338187Z,48d69f9756559a7a8da696b16d93e10be849504250560e4830f3dc8ee97b4d9a,101fdb8cc2c9da7ea98da8602ac4e7879ab23c9d,false,2026-10-07T13:19:09.608307Z,8963ea465b99a6b2a2cca91ab2aa07ee321fb3a450edfd10a102f4681b3247e4,PIL.ImageStat.Stat,PIL.ImageStat.Stat,PIL.ImageStat.Stat,type,endpoint,python-parallel-cpu,Pillow,,published_rows_only,no_verified_comparison,python-cpu;python-gpu;python-simd,python-cpu,python-cpu;python-gpu;python-simd,3,2,pil-imagestat.stat.standard,6,0,0,0,,,,,6,0,0,0,0,0,0,0,,,pil-imagestat.stat.standard;pipeline-chain.terminal-read.imagestat.cmyk-1024x768;pipeline-chain.terminal-read.imagestat.i-1024x768
df5231519bb4810e6b0098560c5c791e56dc9952,true,2026-10-09T01:11:25.338187Z,48d69f9756559a7a8da696b16d93e10be849504250560e4830f3dc8ee97b4d9a,101fdb8cc2c9da7ea98da8602ac4e7879ab23c9d,false,2026-10-07T13:19:09.608307Z,8963ea465b99a6b2a2cca91ab2aa07ee321fb3a450edfd10a102f4681b3247e4,PIL.ImageStat.Stat.count,PIL.ImageStat.Stat.count,PIL.ImageStat.Stat.count,property_get,endpoint,python-cpu,Pillow,1.0,benchmark_workload,no_verified_comparison,python-cpu;python-gpu;python-simd,python-cpu,python-cpu;python-gpu;python-simd,3,2,pil-imagestat-stat.count.standard,6,0,0,0,,,,,6,0,0,0,0,0,0,0,,,pil-imagestat-stat.count.standard;pipeline-chain.terminal-read.imagestat.cmyk-1024x768;pipeline-chain.terminal-read.imagestat.i-1024x768
df5231519bb4810e6b0098560c5c791e56dc9952,true,2026-10-09T01:11:25.338187Z,48d69f9756559a7a8da696b16d93e10be849504250560e4830f3dc8ee97b4d9a,101fdb8cc2c9da7ea98da8602ac4e7879ab23c9d,false,2026-10-07T13:19:09.608307Z,8963ea465b99a6b2a2cca91ab2aa07ee321fb3a450edfd10a102f4681b3247e4,PIL.ImageStat.Stat.count,PIL.ImageStat.Stat.count,PIL.ImageStat.Stat.count,property_get,endpoint,python-simd,Pillow,2.0,benchmark_workload,no_verified_comparison,python-cpu;python-gpu;python-simd,python-cpu,python-cpu;python-gpu;python-simd,3,2,pil-imagestat-stat.count.standard,6,0,0,0,0,,,,6,0,0,0,0,0,0,0,,,pil-imagestat-stat.count.standard;pipeline-chain.terminal-read.imagestat.cmyk-1024x768;pipeline-chain.terminal-read.imagestat.i-1024x768
df5231519bb4810e6b0098560c5c791e56dc9952,true,2026-10-09T01:11:25.338187Z,48d69f9756559a7a8da696b16d93e10be849504250560e4830f3dc8ee97b4d9a,101fdb8cc2c9da7ea98da8602ac4e7879ab23c9d,false,2026-10-07T13:19:09.608307Z,8963ea465b99a6b2a2cca91ab2aa07ee321fb3a450edfd10a102f4681b3247e4,PIL.ImageStat.Stat.count,PIL.ImageStat.Stat.count,PIL.ImageStat.Stat.count,property_get,endpoint,python-gpu,SIMD,1.0,benchmark_workload,no_verified_comparison,python-cpu;python-gpu;python-simd,python-cpu,python-cpu;python-gpu;python-simd,3,2,pil-imagestat-stat.count.standard,2,0,0,0,,,,,2,0,0,0,0,0,0,0,,not_measured,pil-imagestat-stat.count.standard;pipeline-chain.terminal-read.imagestat.cmyk-1024x768;pipeline-chain.terminal-read.imagestat.i-1024x768
df5231519bb4810e6b0098560c5c791e56dc9952,true,2026-10-09T01:11:25.338187Z,48d69f9756559a7a8da696b16d93e10be849504250560e4830f3dc8ee97b4d9a,101fdb8cc2c9da7ea98da8602ac4e7879ab23c9d,false,2026-10-07T13:19:09.608307Z,8963ea465b99a6b2a2cca91ab2aa07ee321fb3a450edfd10a102f4681b3247e4,PIL.ImageStat.Stat.count,PIL.ImageStat.Stat.count,PIL.ImageStat.Stat.count,property_get,endpoint,python-parallel-cpu,Pillow,,published_rows_only,no_verified_comparison,python-cpu;python-gpu;python-simd,python-cpu,python-cpu;python-gpu;python-simd,3,2,pil-imagestat-stat.count.standard,6,0,0,0,,,,,6,0,0,0,0,0,0,0,,,pil-imagestat-stat.count.standard;pipeline-chain.terminal-read.imagestat.cmyk-1024x768;pipeline-chain.terminal-read.imagestat.i-1024x768
df5231519bb4810e6b0098560c5c791e56dc9952,true,2026-10-09T01:11:25.338187Z,48d69f9756559a7a8da696b16d93e10be849504250560e4830f3dc8ee97b4d9a,101fdb8cc2c9da7ea98da8602ac4e7879ab23c9d,false,2026-10-07T13:19:09.608307Z,8963ea465b99a6b2a2cca91ab2aa07ee321fb3a450edfd10a102f4681b3247e4,PIL.ImageStat.Stat.extrema,PIL.ImageStat.Stat.extrema,PIL.ImageStat.Stat.extrema,property_get,endpoint,python-cpu,Pillow,1.0,benchmark_workload,no_verified_comparison,python-cpu;python-gpu;python-simd,python-cpu,python-cpu;python-gpu;python-simd,3,2,pil-imagestat-stat.extrema.standard,6,0,0,0,,,,,6,0,0,0,0,0,0,0,,,pil-imagestat-stat.extrema.standard;pipeline-chain.terminal-read.imagestat.cmyk-1024x768;pipeline-chain.terminal-read.imagestat.i-1024x768
df5231519bb4810e6b0098560c5c791e56dc9952,true,2026-10-09T01:11:25.338187Z,48d69f9756559a7a8da696b16d93e10be849504250560e4830f3dc8ee97b4d9a,101fdb8cc2c9da7ea98da8602ac4e7879ab23c9d,false,2026-10-07T13:19:09.608307Z,8963ea465b99a6b2a2cca91ab2aa07ee321fb3a450edfd10a102f4681b3247e4,PIL.ImageStat.Stat.extrema,PIL.ImageStat.Stat.extrema,PIL.ImageStat.Stat.extrema,property_get,endpoint,python-simd,Pillow,2.0,benchmark_workload,no_verified_comparison,python-cpu;python-gpu;python-simd,python-cpu,python-cpu;python-gpu;python-simd,3,2,pil-imagestat-stat.extrema.standard,6,0,0,0,0,,,,6,0,0,0,0,0,0,0,,,pil-imagestat-stat.extrema.standard;pipeline-chain.terminal-read.imagestat.cmyk-1024x768;pipeline-chain.terminal-read.imagestat.i-1024x768
df5231519bb4810e6b0098560c5c791e56dc9952,true,2026-10-09T01:11:25.338187Z,48d69f9756559a7a8da696b16d93e10be849504250560e4830f3dc8ee97b4d9a,101fdb8cc2c9da7ea98da8602ac4e7879ab23c9d,false,2026-10-07T13:19:09.608307Z,8963ea465b99a6b2a2cca91ab2aa07ee321fb3a450edfd10a102f4681b3247e4,PIL.ImageStat.Stat.extrema,PIL.ImageStat.Stat.extrema,PIL.ImageStat.Stat.extrema,property_get,endpoint,python-gpu,SIMD,1.0,benchmark_workload,no_verified_comparison,python-cpu;python-gpu;python-simd,python-cpu,python-cpu;python-gpu;python-simd,3,2,pil-imagestat-stat.extrema.standard,2,0,0,0,,,,,2,0,0,0,0,0,0,0,,not_measured,pil-imagestat-stat.extrema.standard;pipeline-chain.terminal-read.imagestat.cmyk-1024x768;pipeline-chain.terminal-read.imagestat.i-1024x768
df5231519bb4810e6b0098560c5c791e56dc9952,true,2026-10-09T01:11:25.338187Z,48d69f9756559a7a8da696b16d93e10be849504250560e4830f3dc8ee97b4d9a,101fdb8cc2c9da7ea98da8602ac4e7879ab23c9d,false,2026-10-07T13:19:09.608307Z,8963ea465b99a6b2a2cca91ab2aa07ee321fb3a450edfd10a102f4681b3247e4,PIL.ImageStat.Stat.extrema,PIL.ImageStat.Stat.extrema,PIL.ImageStat.Stat.extrema,property_get,endpoint,python-parallel-cpu,Pillow,,published_rows_only,no_verified_comparison,python-cpu;python-gpu;python-simd,python-cpu,python-cpu;python-gpu;python-simd,3,2,pil-imagestat-stat.extrema.standard,6,0,0,0,,,,,6,0,0,0,0,0,0,0,,,pil-imagestat-stat.extrema.standard;pipeline-chain.terminal-read.imagestat.cmyk-1024x768;pipeline-chain.terminal-read.imagestat.i-1024x768
df5231519bb4810e6b0098560c5c791e56dc9952,true,2026-10-09T01:11:25.338187Z,48d69f9756559a7a8da696b16d93e10be849504250560e4830f3dc8ee97b4d9a,101fdb8cc2c9da7ea98da8602ac4e7879ab23c9d,false,2026-10-07T13:19:09.608307Z,8963ea465b99a6b2a2cca91ab2aa07ee321fb3a450edfd10a102f4681b3247e4,PIL.ImageStat.Stat.mean,PIL.ImageStat.Stat.mean,PIL.ImageStat.Stat.mean,property_get,endpoint,python-cpu,Pillow,1.0,benchmark_workload,no_verified_comparison,python-cpu;python-gpu;python-simd,python-cpu,python-cpu;python-gpu;python-simd,3,2,pil-imagestat-stat.mean.standard,6,0,0,0,,,,,6,0,0,0,0,0,0,0,,,pil-imagestat-stat.mean.standard;pipeline-chain.terminal-read.imagestat.cmyk-1024x768;pipeline-chain.terminal-read.imagestat.i-1024x768
df5231519bb4810e6b0098560c5c791e56dc9952,true,2026-10-09T01:11:25.338187Z,48d69f9756559a7a8da696b16d93e10be849504250560e4830f3dc8ee97b4d9a,101fdb8cc2c9da7ea98da8602ac4e7879ab23c9d,false,2026-10-07T13:19:09.608307Z,8963ea465b99a6b2a2cca91ab2aa07ee321fb3a450edfd10a102f4681b3247e4,PIL.ImageStat.Stat.mean,PIL.ImageStat.Stat.mean,PIL.ImageStat.Stat.mean,property_get,endpoint,python-simd,Pillow,2.0,benchmark_workload,no_verified_comparison,python-cpu;python-gpu;python-simd,python-cpu,python-cpu;python-gpu;python-simd,3,2,pil-imagestat-stat.mean.standard,6,0,0,0,0,,,,6,0,0,0,0,0,0,0,,,pil-imagestat-stat.mean.standard;pipeline-chain.terminal-read.imagestat.cmyk-1024x768;pipeline-chain.terminal-read.imagestat.i-1024x768
df5231519bb4810e6b0098560c5c791e56dc9952,true,2026-10-09T01:11:25.338187Z,48d69f9756559a7a8da696b16d93e10be849504250560e4830f3dc8ee97b4d9a,101fdb8cc2c9da7ea98da8602ac4e7879ab23c9d,false,2026-10-07T13:19:09.608307Z,8963ea465b99a6b2a2cca91ab2aa07ee321fb3a450edfd10a102f4681b3247e4,PIL.ImageStat.Stat.mean,PIL.ImageStat.Stat.mean,PIL.ImageStat.Stat.mean,property_get,endpoint,python-gpu,SIMD,1.0,benchmark_workload,no_verified_comparison,python-cpu;python-gpu;python-simd,python-cpu,python-cpu;python-gpu;python-simd,3,2,pil-imagestat-stat.mean.standard,2,0,0,0,,,,,2,0,0,0,0,0,0,0,,not_measured,pil-imagestat-stat.mean.standard;pipeline-chain.terminal-read.imagestat.cmyk-1024x768;pipeline-chain.terminal-read.imagestat.i-1024x768
df5231519bb4810e6b0098560c5c791e56dc9952,true,2026-10-09T01:11:25.338187Z,48d69f9756559a7a8da696b16d93e10be849504250560e4830f3dc8ee97b4d9a,101fdb8cc2c9da7ea98da8602ac4e7879ab23c9d,false,2026-10-07T13:19:09.608307Z,8963ea465b99a6b2a2cca91ab2aa07ee321fb3a450edfd10a102f4681b3247e4,PIL.ImageStat.Stat.mean,PIL.ImageStat.Stat.mean,PIL.ImageStat.Stat.mean,property_get,endpoint,python-parallel-cpu,Pillow,,published_rows_only,no_verified_comparison,python-cpu;python-gpu;python-simd,python-cpu,python-cpu;python-gpu;python-simd,3,2,pil-imagestat-stat.mean.standard,6,0,0,0,,,,,6,0,0,0,0,0,0,0,,,pil-imagestat-stat.mean.standard;pipeline-chain.terminal-read.imagestat.cmyk-1024x768;pipeline-chain.terminal-read.imagestat.i-1024x768
df5231519bb4810e6b0098560c5c791e56dc9952,true,2026-10-09T01:11:25.338187Z,48d69f9756559a7a8da696b16d93e10be849504250560e4830f3dc8ee97b4d9a,101fdb8cc2c9da7ea98da8602ac4e7879ab23c9d,false,2026-10-07T13:19:09.608307Z,8963ea465b99a6b2a2cca91ab2aa07ee321fb3a450edfd10a102f4681b3247e4,PIL.ImageStat.Stat.median,PIL.ImageStat.Stat.median,PIL.ImageStat.Stat.median,property_get,endpoint,python-cpu,Pillow,1.0,benchmark_workload,no_verified_comparison,python-cpu;python-gpu;python-simd,python-cpu,python-cpu;python-gpu;python-simd,3,2,pil-imagestat-stat.median.standard,6,0,0,0,,,,,6,0,0,0,0,0,0,0,,,pil-imagestat-stat.median.standard;pipeline-chain.terminal-read.imagestat.cmyk-1024x768;pipeline-chain.terminal-read.imagestat.i-1024x768
df5231519bb4810e6b0098560c5c791e56dc9952,true,2026-10-09T01:11:25.338187Z,48d69f9756559a7a8da696b16d93e10be849504250560e4830f3dc8ee97b4d9a,101fdb8cc2c9da7ea98da8602ac4e7879ab23c9d,false,2026-10-07T13:19:09.608307Z,8963ea465b99a6b2a2cca91ab2aa07ee321fb3a450edfd10a102f4681b3247e4,PIL.ImageStat.Stat.median,PIL.ImageStat.Stat.median,PIL.ImageStat.Stat.median,property_get,endpoint,python-simd,Pillow,2.0,benchmark_workload,no_verified_comparison,python-cpu;python-gpu;python-simd,python-cpu,python-cpu;python-gpu;python-simd,3,2,pil-imagestat-stat.median.standard,6,0,0,0,0,,,,6,0,0,0,0,0,0,0,,,pil-imagestat-stat.median.standard;pipeline-chain.terminal-read.imagestat.cmyk-1024x768;pipeline-chain.terminal-read.imagestat.i-1024x768
df5231519bb4810e6b0098560c5c791e56dc9952,true,2026-10-09T01:11:25.338187Z,48d69f9756559a7a8da696b16d93e10be849504250560e4830f3dc8ee97b4d9a,101fdb8cc2c9da7ea98da8602ac4e7879ab23c9d,false,2026-10-07T13:19:09.608307Z,8963ea465b99a6b2a2cca91ab2aa07ee321fb3a450edfd10a102f4681b3247e4,PIL.ImageStat.Stat.median,PIL.ImageStat.Stat.median,PIL.ImageStat.Stat.median,property_get,endpoint,python-gpu,SIMD,1.0,benchmark_workload,no_verified_comparison,python-cpu;python-gpu;python-simd,python-cpu,python-cpu;python-gpu;python-simd,3,2,pil-imagestat-stat.median.standard,2,0,0,0,,,,,2,0,0,0,0,0,0,0,,not_measured,pil-imagestat-stat.median.standard;pipeline-chain.terminal-read.imagestat.cmyk-1024x768;pipeline-chain.terminal-read.imagestat.i-1024x768
df5231519bb4810e6b0098560c5c791e56dc9952,true,2026-10-09T01:11:25.338187Z,48d69f9756559a7a8da696b16d93e10be849504250560e4830f3dc8ee97b4d9a,101fdb8cc2c9da7ea98da8602ac4e7879ab23c9d,false,2026-10-07T13:19:09.608307Z,8963ea465b99a6b2a2cca91ab2aa07ee321fb3a450edfd10a102f4681b3247e4,PIL.ImageStat.Stat.median,PIL.ImageStat.Stat.median,PIL.ImageStat.Stat.median,property_get,endpoint,python-parallel-cpu,Pillow,,published_rows_only,no_verified_comparison,python-cpu;python-gpu;python-simd,python-cpu,python-cpu;python-gpu;python-simd,3,2,pil-imagestat-stat.median.standard,6,0,0,0,,,,,6,0,0,0,0,0,0,0,,,pil-imagestat-stat.median.standard;pipeline-chain.terminal-read.imagestat.cmyk-1024x768;pipeline-chain.terminal-read.imagestat.i-1024x768
df5231519bb4810e6b0098560c5c791e56dc9952,true,2026-10-09T01:11:25.338187Z,48d69f9756559a7a8da696b16d93e10be849504250560e4830f3dc8ee97b4d9a,101fdb8cc2c9da7ea98da8602ac4e7879ab23c9d,false,2026-10-07T13:19:09.608307Z,8963ea465b99a6b2a2cca91ab2aa07ee321fb3a450edfd10a102f4681b3247e4,PIL.ImageStat.Stat.rms,PIL.ImageStat.Stat.rms,PIL.ImageStat.Stat.rms,property_get,endpoint,python-cpu,Pillow,1.0,benchmark_workload,no_verified_comparison,python-cpu;python-gpu;python-simd,python-cpu,python-cpu;python-gpu;python-simd,3,2,pil-imagestat-stat.rms.standard,6,0,0,0,,,,,6,0,0,0,0,0,0,0,,,pil-imagestat-stat.rms.standard;pipeline-chain.terminal-read.imagestat.cmyk-1024x768;pipeline-chain.terminal-read.imagestat.i-1024x768
df5231519bb4810e6b0098560c5c791e56dc9952,true,2026-10-09T01:11:25.338187Z,48d69f9756559a7a8da696b16d93e10be849504250560e4830f3dc8ee97b4d9a,101fdb8cc2c9da7ea98da8602ac4e7879ab23c9d,false,2026-10-07T13:19:09.608307Z,8963ea465b99a6b2a2cca91ab2aa07ee321fb3a450edfd10a102f4681b3247e4,PIL.ImageStat.Stat.rms,PIL.ImageStat.Stat.rms,PIL.ImageStat.Stat.rms,property_get,endpoint,python-simd,Pillow,2.0,benchmark_workload,no_verified_comparison,python-cpu;python-gpu;python-simd,python-cpu,python-cpu;python-gpu;python-simd,3,2,pil-imagestat-stat.rms.standard,6,0,0,0,0,,,,6,0,0,0,0,0,0,0,,,pil-imagestat-stat.rms.standard;pipeline-chain.terminal-read.imagestat.cmyk-1024x768;pipeline-chain.terminal-read.imagestat.i-1024x768
df5231519bb4810e6b0098560c5c791e56dc9952,true,2026-10-09T01:11:25.338187Z,48d69f9756559a7a8da696b16d93e10be849504250560e4830f3dc8ee97b4d9a,101fdb8cc2c9da7ea98da8602ac4e7879ab23c9d,false,2026-10-07T13:19:09.608307Z,8963ea465b99a6b2a2cca91ab2aa07ee321fb3a450edfd10a102f4681b3247e4,PIL.ImageStat.Stat.rms,PIL.ImageStat.Stat.rms,PIL.ImageStat.Stat.rms,property_get,endpoint,python-gpu,SIMD,1.0,benchmark_workload,no_verified_comparison,python-cpu;python-gpu;python-simd,python-cpu,python-cpu;python-gpu;python-simd,3,2,pil-imagestat-stat.rms.standard,2,0,0,0,,,,,2,0,0,0,0,0,0,0,,not_measured,pil-imagestat-stat.rms.standard;pipeline-chain.terminal-read.imagestat.cmyk-1024x768;pipeline-chain.terminal-read.imagestat.i-1024x768
df5231519bb4810e6b0098560c5c791e56dc9952,true,2026-10-09T01:11:25.338187Z,48d69f9756559a7a8da696b16d93e10be849504250560e4830f3dc8ee97b4d9a,101fdb8cc2c9da7ea98da8602ac4e7879ab23c9d,false,2026-10-07T13:19:09.608307Z,8963ea465b99a6b2a2cca91ab2aa07ee321fb3a450edfd10a102f4681b3247e4,PIL.ImageStat.Stat.rms,PIL.ImageStat.Stat.rms,PIL.ImageStat.Stat.rms,property_get,endpoint,python-parallel-cpu,Pillow,,published_rows_only,no_verified_comparison,python-cpu;python-gpu;python-simd,python-cpu,python-cpu;python-gpu;python-simd,3,2,pil-imagestat-stat.rms.standard,6,0,0,0,,,,,6,0,0,0,0,0,0,0,,,pil-imagestat-stat.rms.standard;pipeline-chain.terminal-read.imagestat.cmyk-1024x768;pipeline-chain.terminal-read.imagestat.i-1024x768
df5231519bb4810e6b0098560c5c791e56dc9952,true,2026-10-09T01:11:25.338187Z,48d69f9756559a7a8da696b16d93e10be849504250560e4830f3dc8ee97b4d9a,101fdb8cc2c9da7ea98da8602ac4e7879ab23c9d,false,2026-10-07T13:19:09.608307Z,8963ea465b99a6b2a2cca91ab2aa07ee321fb3a450edfd10a102f4681b3247e4,PIL.ImageStat.Stat.stddev,PIL.ImageStat.Stat.stddev,PIL.ImageStat.Stat.stddev,property_get,endpoint,python-cpu,Pillow,1.0,benchmark_workload,no_verified_comparison,python-cpu;python-gpu;python-simd,python-cpu,python-cpu;python-gpu;python-simd,3,2,pil-imagestat-stat.stddev.standard,6,0,0,0,,,,,6,0,0,0,0,0,0,0,,,pil-imagestat-stat.stddev.standard;pipeline-chain.terminal-read.imagestat.cmyk-1024x768;pipeline-chain.terminal-read.imagestat.i-1024x768
df5231519bb4810e6b0098560c5c791e56dc9952,true,2026-10-09T01:11:25.338187Z,48d69f9756559a7a8da696b16d93e10be849504250560e4830f3dc8ee97b4d9a,101fdb8cc2c9da7ea98da8602ac4e7879ab23c9d,false,2026-10-07T13:19:09.608307Z,8963ea465b99a6b2a2cca91ab2aa07ee321fb3a450edfd10a102f4681b3247e4,PIL.ImageStat.Stat.stddev,PIL.ImageStat.Stat.stddev,PIL.ImageStat.Stat.stddev,property_get,endpoint,python-simd,Pillow,2.0,benchmark_workload,no_verified_comparison,python-cpu;python-gpu;python-simd,python-cpu,python-cpu;python-gpu;python-simd,3,2,pil-imagestat-stat.stddev.standard,6,0,0,0,0,,,,6,0,0,0,0,0,0,0,,,pil-imagestat-stat.stddev.standard;pipeline-chain.terminal-read.imagestat.cmyk-1024x768;pipeline-chain.terminal-read.imagestat.i-1024x768
df5231519bb4810e6b0098560c5c791e56dc9952,true,2026-10-09T01:11:25.338187Z,48d69f9756559a7a8da696b16d93e10be849504250560e4830f3dc8ee97b4d9a,101fdb8cc2c9da7ea98da8602ac4e7879ab23c9d,false,2026-10-07T13:19:09.608307Z,8963ea465b99a6b2a2cca91ab2aa07ee321fb3a450edfd10a102f4681b3247e4,PIL.ImageStat.Stat.stddev,PIL.ImageStat.Stat.stddev,PIL.ImageStat.Stat.stddev,property_get,endpoint,python-gpu,SIMD,1.0,benchmark_workload,no_verified_comparison,python-cpu;python-gpu;python-simd,python-cpu,python-cpu;python-gpu;python-simd,3,2,pil-imagestat-stat.stddev.standard,2,0,0,0,,,,,2,0,0,0,0,0,0,0,,not_measured,pil-imagestat-stat.stddev.standard;pipeline-chain.terminal-read.imagestat.cmyk-1024x768;pipeline-chain.terminal-read.imagestat.i-1024x768
df5231519bb4810e6b0098560c5c791e56dc9952,true,2026-10-09T01:11:25.338187Z,48d69f9756559a7a8da696b16d93e10be849504250560e4830f3dc8ee97b4d9a,101fdb8cc2c9da7ea98da8602ac4e7879ab23c9d,false,2026-10-07T13:19:09.608307Z,8963ea465b99a6b2a2cca91ab2aa07ee321fb3a450edfd10a102f4681b3247e4,PIL.ImageStat.Stat.stddev,PIL.ImageStat.Stat.stddev,PIL.ImageStat.Stat.stddev,property_get,endpoint,python-parallel-cpu,Pillow,,published_rows_only,no_verified_comparison,python-cpu;python-gpu;python-simd,python-cpu,python-cpu;python-gpu;python-simd,3,2,pil-imagestat-stat.stddev.standard,6,0,0,0,,,,,6,0,0,0,0,0,0,0,,,pil-imagestat-stat.stddev.standard;pipeline-chain.terminal-read.imagestat.cmyk-1024x768;pipeline-chain.terminal-read.imagestat.i-1024x768
df5231519bb4810e6b0098560c5c791e56dc9952,true,2026-10-09T01:11:25.338187Z,48d69f9756559a7a8da696b16d93e10be849504250560e4830f3dc8ee97b4d9a,101fdb8cc2c9da7ea98da8602ac4e7879ab23c9d,false,2026-10-07T13:19:09.608307Z,8963ea465b99a6b2a2cca91ab2aa07ee321fb3a450edfd10a102f4681b3247e4,PIL.ImageStat.Stat.sum,PIL.ImageStat.Stat.sum,PIL.ImageStat.Stat.sum,property_get,endpoint,python-cpu,Pillow,1.0,benchmark_workload,no_verified_comparison,python-cpu;python-gpu;python-simd,python-cpu,python-cpu;python-gpu;python-simd,3,2,pil-imagestat-stat.sum.standard,6,0,0,0,,,,,6,0,0,0,0,0,0,0,,,pil-imagestat-stat.sum.standard;pipeline-chain.terminal-read.imagestat.cmyk-1024x768;pipeline-chain.terminal-read.imagestat.i-1024x768
df5231519bb4810e6b0098560c5c791e56dc9952,true,2026-10-09T01:11:25.338187Z,48d69f9756559a7a8da696b16d93e10be849504250560e4830f3dc8ee97b4d9a,101fdb8cc2c9da7ea98da8602ac4e7879ab23c9d,false,2026-10-07T13:19:09.608307Z,8963ea465b99a6b2a2cca91ab2aa07ee321fb3a450edfd10a102f4681b3247e4,PIL.ImageStat.Stat.sum,PIL.ImageStat.Stat.sum,PIL.ImageStat.Stat.sum,property_get,endpoint,python-simd,Pillow,2.0,benchmark_workload,no_verified_comparison,python-cpu;python-gpu;python-simd,python-cpu,python-cpu;python-gpu;python-simd,3,2,pil-imagestat-stat.sum.standard,6,0,0,0,0,,,,6,0,0,0,0,0,0,0,,,pil-imagestat-stat.sum.standard;pipeline-chain.terminal-read.imagestat.cmyk-1024x768;pipeline-chain.terminal-read.imagestat.i-1024x768
df5231519bb4810e6b0098560c5c791e56dc9952,true,2026-10-09T01:11:25.338187Z,48d69f9756559a7a8da696b16d93e10be849504250560e4830f3dc8ee97b4d9a,101fdb8cc2c9da7ea98da8602ac4e7879ab23c9d,false,2026-10-07T13:19:09.608307Z,8963ea465b99a6b2a2cca91ab2aa07ee321fb3a450edfd10a102f4681b3247e4,PIL.ImageStat.Stat.sum,PIL.ImageStat.Stat.sum,PIL.ImageStat.Stat.sum,property_get,endpoint,python-gpu,SIMD,1.0,benchmark_workload,no_verified_comparison,python-cpu;python-gpu;python-simd,python-cpu,python-cpu;python-gpu;python-simd,3,2,pil-imagestat-stat.sum.standard,2,0,0,0,,,,,2,0,0,0,0,0,0,0,,not_measured,pil-imagestat-stat.sum.standard;pipeline-chain.terminal-read.imagestat.cmyk-1024x768;pipeline-chain.terminal-read.imagestat.i-1024x768
df5231519bb4810e6b0098560c5c791e56dc9952,true,2026-10-09T01:11:25.338187Z,48d69f9756559a7a8da696b16d93e10be849504250560e4830f3dc8ee97b4d9a,101fdb8cc2c9da7ea98da8602ac4e7879ab23c9d,false,2026-10-07T13:19:09.608307Z,8963ea465b99a6b2a2cca91ab2aa07ee321fb3a450edfd10a102f4681b3247e4,PIL.ImageStat.Stat.sum,PIL.ImageStat.Stat.sum,PIL.ImageStat.Stat.sum,property_get,endpoint,python-parallel-cpu,Pillow,,published_rows_only,no_verified_comparison,python-cpu;python-gpu;python-simd,python-cpu,python-cpu;python-gpu;python-simd,3,2,pil-imagestat-stat.sum.standard,6,0,0,0,,,,,6,0,0,0,0,0,0,0,,,pil-imagestat-stat.sum.standard;pipeline-chain.terminal-read.imagestat.cmyk-1024x768;pipeline-chain.terminal-read.imagestat.i-1024x768
df5231519bb4810e6b0098560c5c791e56dc9952,true,2026-10-09T01:11:25.338187Z,48d69f9756559a7a8da696b16d93e10be849504250560e4830f3dc8ee97b4d9a,101fdb8cc2c9da7ea98da8602ac4e7879ab23c9d,false,2026-10-07T13:19:09.608307Z,8963ea465b99a6b2a2cca91ab2aa07ee321fb3a450edfd10a102f4681b3247e4,PIL.ImageStat.Stat.sum2,PIL.ImageStat.Stat.sum2,PIL.ImageStat.Stat.sum2,property_get,endpoint,python-cpu,Pillow,1.0,benchmark_workload,no_verified_comparison,python-cpu;python-gpu;python-simd,python-cpu,python-cpu;python-gpu;python-simd,3,2,pil-imagestat-stat.sum2.standard,6,0,0,0,,,,,6,0,0,0,0,0,0,0,,,pil-imagestat-stat.sum2.standard;pipeline-chain.terminal-read.imagestat.cmyk-1024x768;pipeline-chain.terminal-read.imagestat.i-1024x768
df5231519bb4810e6b0098560c5c791e56dc9952,true,2026-10-09T01:11:25.338187Z,48d69f9756559a7a8da696b16d93e10be849504250560e4830f3dc8ee97b4d9a,101fdb8cc2c9da7ea98da8602ac4e7879ab23c9d,false,2026-10-07T13:19:09.608307Z,8963ea465b99a6b2a2cca91ab2aa07ee321fb3a450edfd10a102f4681b3247e4,PIL.ImageStat.Stat.sum2,PIL.ImageStat.Stat.sum2,PIL.ImageStat.Stat.sum2,property_get,endpoint,python-simd,Pillow,2.0,benchmark_workload,no_verified_comparison,python-cpu;python-gpu;python-simd,python-cpu,python-cpu;python-gpu;python-simd,3,2,pil-imagestat-stat.sum2.standard,6,0,0,0,0,,,,6,0,0,0,0,0,0,0,,,pil-imagestat-stat.sum2.standard;pipeline-chain.terminal-read.imagestat.cmyk-1024x768;pipeline-chain.terminal-read.imagestat.i-1024x768
df5231519bb4810e6b0098560c5c791e56dc9952,true,2026-10-09T01:11:25.338187Z,48d69f9756559a7a8da696b16d93e10be849504250560e4830f3dc8ee97b4d9a,101fdb8cc2c9da7ea98da8602ac4e7879ab23c9d,false,2026-10-07T13:19:09.608307Z,8963ea465b99a6b2a2cca91ab2aa07ee321fb3a450edfd10a102f4681b3247e4,PIL.ImageStat.Stat.sum2,PIL.ImageStat.Stat.sum2,PIL.ImageStat.Stat.sum2,property_get,endpoint,python-gpu,SIMD,1.0,benchmark_workload,no_verified_comparison,python-cpu;python-gpu;python-simd,python-cpu,python-cpu;python-gpu;python-simd,3,2,pil-imagestat-stat.sum2.standard,2,0,0,0,,,,,2,0,0,0,0,0,0,0,,not_measured,pil-imagestat-stat.sum2.standard;pipeline-chain.terminal-read.imagestat.cmyk-1024x768;pipeline-chain.terminal-read.imagestat.i-1024x768
df5231519bb4810e6b0098560c5c791e56dc9952,true,2026-10-09T01:11:25.338187Z,48d69f9756559a7a8da696b16d93e10be849504250560e4830f3dc8ee97b4d9a,101fdb8cc2c9da7ea98da8602ac4e7879ab23c9d,false,2026-10-07T13:19:09.608307Z,8963ea465b99a6b2a2cca91ab2aa07ee321fb3a450edfd10a102f4681b3247e4,PIL.ImageStat.Stat.sum2,PIL.ImageStat.Stat.sum2,PIL.ImageStat.Stat.sum2,property_get,endpoint,python-parallel-cpu,Pillow,,published_rows_only,no_verified_comparison,python-cpu;python-gpu;python-simd,python-cpu,python-cpu;python-gpu;python-simd,3,2,pil-imagestat-stat.sum2.standard,6,0,0,0,,,,,6,0,0,0,0,0,0,0,,,pil-imagestat-stat.sum2.standard;pipeline-chain.terminal-read.imagestat.cmyk-1024x768;pipeline-chain.terminal-read.imagestat.i-1024x768
df5231519bb4810e6b0098560c5c791e56dc9952,true,2026-10-09T01:11:25.338187Z,48d69f9756559a7a8da696b16d93e10be849504250560e4830f3dc8ee97b4d9a,101fdb8cc2c9da7ea98da8602ac4e7879ab23c9d,false,2026-10-07T13:19:09.608307Z,8963ea465b99a6b2a2cca91ab2aa07ee321fb3a450edfd10a102f4681b3247e4,PIL.ImageStat.Stat.var,PIL.ImageStat.Stat.var,PIL.ImageStat.Stat.var,property_get,endpoint,python-cpu,Pillow,1.0,benchmark_workload,no_verified_comparison,python-cpu;python-gpu;python-simd,python-cpu,python-cpu;python-gpu;python-simd,3,2,pil-imagestat-stat.var.standard,6,0,0,0,,,,,6,0,0,0,0,0,0,0,,,pil-imagestat-stat.var.standard;pipeline-chain.terminal-read.imagestat.cmyk-1024x768;pipeline-chain.terminal-read.imagestat.i-1024x768
df5231519bb4810e6b0098560c5c791e56dc9952,true,2026-10-09T01:11:25.338187Z,48d69f9756559a7a8da696b16d93e10be849504250560e4830f3dc8ee97b4d9a,101fdb8cc2c9da7ea98da8602ac4e7879ab23c9d,false,2026-10-07T13:19:09.608307Z,8963ea465b99a6b2a2cca91ab2aa07ee321fb3a450edfd10a102f4681b3247e4,PIL.ImageStat.Stat.var,PIL.ImageStat.Stat.var,PIL.ImageStat.Stat.var,property_get,endpoint,python-simd,Pillow,2.0,benchmark_workload,no_verified_comparison,python-cpu;python-gpu;python-simd,python-cpu,python-cpu;python-gpu;python-simd,3,2,pil-imagestat-stat.var.standard,6,0,0,0,0,,,,6,0,0,0,0,0,0,0,,,pil-imagestat-stat.var.standard;pipeline-chain.terminal-read.imagestat.cmyk-1024x768;pipeline-chain.terminal-read.imagestat.i-1024x768
df5231519bb4810e6b0098560c5c791e56dc9952,true,2026-10-09T01:11:25.338187Z,48d69f9756559a7a8da696b16d93e10be849504250560e4830f3dc8ee97b4d9a,101fdb8cc2c9da7ea98da8602ac4e7879ab23c9d,false,2026-10-07T13:19:09.608307Z,8963ea465b99a6b2a2cca91ab2aa07ee321fb3a450edfd10a102f4681b3247e4,PIL.ImageStat.Stat.var,PIL.ImageStat.Stat.var,PIL.ImageStat.Stat.var,property_get,endpoint,python-gpu,SIMD,1.0,benchmark_workload,no_verified_comparison,python-cpu;python-gpu;python-simd,python-cpu,python-cpu;python-gpu;python-simd,3,2,pil-imagestat-stat.var.standard,2,0,0,0,,,,,2,0,0,0,0,0,0,0,,not_measured,pil-imagestat-stat.var.standard;pipeline-chain.terminal-read.imagestat.cmyk-1024x768;pipeline-chain.terminal-read.imagestat.i-1024x768
df5231519bb4810e6b0098560c5c791e56dc9952,true,2026-10-09T01:11:25.338187Z,48d69f9756559a7a8da696b16d93e10be849504250560e4830f3dc8ee97b4d9a,101fdb8cc2c9da7ea98da8602ac4e7879ab23c9d,false,2026-10-07T13:19:09.608307Z,8963ea465b99a6b2a2cca91ab2aa07ee321fb3a450edfd10a102f4681b3247e4,PIL.ImageStat.Stat.var,PIL.ImageStat.Stat.var,PIL.ImageStat.Stat.var,property_get,endpoint,python-parallel-cpu,Pillow,,published_rows_only,no_verified_comparison,python-cpu;python-gpu;python-simd,python-cpu,python-cpu;python-gpu;python-simd,3,2,pil-imagestat-stat.var.standard,6,0,0,0,,,,,6,0,0,0,0,0,0,0,,,pil-imagestat-stat.var.standard;pipeline-chain.terminal-read.imagestat.cmyk-1024x768;pipeline-chain.terminal-read.imagestat.i-1024x768
df5231519bb4810e6b0098560c5c791e56dc9952,true,2026-10-09T01:11:25.338187Z,48d69f9756559a7a8da696b16d93e10be849504250560e4830f3dc8ee97b4d9a,101fdb8cc2c9da7ea98da8602ac4e7879ab23c9d,false,2026-10-07T13:19:09.608307Z,8963ea465b99a6b2a2cca91ab2aa07ee321fb3a450edfd10a102f4681b3247e4,public-api.PIL.BatchError,PIL.BatchError,PIL.BatchError,class,outside_selected_manifest,python-cpu,Pillow,1.0,public_api_inventory_gap,not_mapped_to_benchmark,,,,0,0,,0,0,0,0,,,,,0,0,0,0,0,0,0,0,,,
df5231519bb4810e6b0098560c5c791e56dc9952,true,2026-10-09T01:11:25.338187Z,48d69f9756559a7a8da696b16d93e10be849504250560e4830f3dc8ee97b4d9a,101fdb8cc2c9da7ea98da8602ac4e7879ab23c9d,false,2026-10-07T13:19:09.608307Z,8963ea465b99a6b2a2cca91ab2aa07ee321fb3a450edfd10a102f4681b3247e4,public-api.PIL.BatchError,PIL.BatchError,PIL.BatchError,class,outside_selected_manifest,python-simd,Pillow,2.0,public_api_inventory_gap,not_mapped_to_benchmark,,,,0,0,,0,0,0,0,0,,,,0,0,0,0,0,0,0,0,,,
df5231519bb4810e6b0098560c5c791e56dc9952,true,2026-10-09T01:11:25.338187Z,48d69f9756559a7a8da696b16d93e10be849504250560e4830f3dc8ee97b4d9a,101fdb8cc2c9da7ea98da8602ac4e7879ab23c9d,false,2026-10-07T13:19:09.608307Z,8963ea465b99a6b2a2cca91ab2aa07ee321fb3a450edfd10a102f4681b3247e4,public-api.PIL.BatchError,PIL.BatchError,PIL.BatchError,class,outside_selected_manifest,python-gpu,SIMD,1.0,public_api_inventory_gap,not_mapped_to_benchmark,,,,0,0,,0,0,0,0,,,,,0,0,0,0,0,0,0,0,,not_measured,
df5231519bb4810e6b0098560c5c791e56dc9952,true,2026-10-09T01:11:25.338187Z,48d69f9756559a7a8da696b16d93e10be849504250560e4830f3dc8ee97b4d9a,101fdb8cc2c9da7ea98da8602ac4e7879ab23c9d,false,2026-10-07T13:19:09.608307Z,8963ea465b99a6b2a2cca91ab2aa07ee321fb3a450edfd10a102f4681b3247e4,public-api.PIL.BatchError,PIL.BatchError,PIL.BatchError,class,outside_selected_manifest,python-parallel-cpu,Pillow,,public_api_inventory_gap,not_mapped_to_benchmark,,,,0,0,,0,0,0,0,,,,,0,0,0,0,0,0,0,0,,,
df5231519bb4810e6b0098560c5c791e56dc9952,true,2026-10-09T01:11:25.338187Z,48d69f9756559a7a8da696b16d93e10be849504250560e4830f3dc8ee97b4d9a,101fdb8cc2c9da7ea98da8602ac4e7879ab23c9d,false,2026-10-07T13:19:09.608307Z,8963ea465b99a6b2a2cca91ab2aa07ee321fb3a450edfd10a102f4681b3247e4,public-api.PIL.BatchResult,PIL.BatchResult,PIL.BatchResult,class,outside_selected_manifest,python-cpu,Pillow,1.0,public_api_inventory_gap,not_mapped_to_benchmark,,,,0,0,,0,0,0,0,,,,,0,0,0,0,0,0,0,0,,,
df5231519bb4810e6b0098560c5c791e56dc9952,true,2026-10-09T01:11:25.338187Z,48d69f9756559a7a8da696b16d93e10be849504250560e4830f3dc8ee97b4d9a,101fdb8cc2c9da7ea98da8602ac4e7879ab23c9d,false,2026-10-07T13:19:09.608307Z,8963ea465b99a6b2a2cca91ab2aa07ee321fb3a450edfd10a102f4681b3247e4,public-api.PIL.BatchResult,PIL.BatchResult,PIL.BatchResult,class,outside_selected_manifest,python-simd,Pillow,2.0,public_api_inventory_gap,not_mapped_to_benchmark,,,,0,0,,0,0,0,0,0,,,,0,0,0,0,0,0,0,0,,,
df5231519bb4810e6b0098560c5c791e56dc9952,true,2026-10-09T01:11:25.338187Z,48d69f9756559a7a8da696b16d93e10be849504250560e4830f3dc8ee97b4d9a,101fdb8cc2c9da7ea98da8602ac4e7879ab23c9d,false,2026-10-07T13:19:09.608307Z,8963ea465b99a6b2a2cca91ab2aa07ee321fb3a450edfd10a102f4681b3247e4,public-api.PIL.BatchResult,PIL.BatchResult,PIL.BatchResult,class,outside_selected_manifest,python-gpu,SIMD,1.0,public_api_inventory_gap,not_mapped_to_benchmark,,,,0,0,,0,0,0,0,,,,,0,0,0,0,0,0,0,0,,not_measured,
df5231519bb4810e6b0098560c5c791e56dc9952,true,2026-10-09T01:11:25.338187Z,48d69f9756559a7a8da696b16d93e10be849504250560e4830f3dc8ee97b4d9a,101fdb8cc2c9da7ea98da8602ac4e7879ab23c9d,false,2026-10-07T13:19:09.608307Z,8963ea465b99a6b2a2cca91ab2aa07ee321fb3a450edfd10a102f4681b3247e4,public-api.PIL.BatchResult,PIL.BatchResult,PIL.BatchResult,class,outside_selected_manifest,python-parallel-cpu,Pillow,,public_api_inventory_gap,not_mapped_to_benchmark,,,,0,0,,0,0,0,0,,,,,0,0,0,0,0,0,0,0,,,
df5231519bb4810e6b0098560c5c791e56dc9952,true,2026-10-09T01:11:25.338187Z,48d69f9756559a7a8da696b16d93e10be849504250560e4830f3dc8ee97b4d9a,101fdb8cc2c9da7ea98da8602ac4e7879ab23c9d,false,2026-10-07T13:19:09.608307Z,8963ea465b99a6b2a2cca91ab2aa07ee321fb3a450edfd10a102f4681b3247e4,public-api.PIL.BatchResult.__repr__,PIL.BatchResult.__repr__,PIL.BatchResult.__repr__,method,outside_selected_manifest,python-cpu,Pillow,1.0,public_api_inventory_gap,not_mapped_to_benchmark,,,,0,0,,0,0,0,0,,,,,0,0,0,0,0,0,0,0,,,
df5231519bb4810e6b0098560c5c791e56dc9952,true,2026-10-09T01:11:25.338187Z,48d69f9756559a7a8da696b16d93e10be849504250560e4830f3dc8ee97b4d9a,101fdb8cc2c9da7ea98da8602ac4e7879ab23c9d,false,2026-10-07T13:19:09.608307Z,8963ea465b99a6b2a2cca91ab2aa07ee321fb3a450edfd10a102f4681b3247e4,public-api.PIL.BatchResult.__repr__,PIL.BatchResult.__repr__,PIL.BatchResult.__repr__,method,outside_selected_manifest,python-simd,Pillow,2.0,public_api_inventory_gap,not_mapped_to_benchmark,,,,0,0,,0,0,0,0,0,,,,0,0,0,0,0,0,0,0,,,
df5231519bb4810e6b0098560c5c791e56dc9952,true,2026-10-09T01:11:25.338187Z,48d69f9756559a7a8da696b16d93e10be849504250560e4830f3dc8ee97b4d9a,101fdb8cc2c9da7ea98da8602ac4e7879ab23c9d,false,2026-10-07T13:19:09.608307Z,8963ea465b99a6b2a2cca91ab2aa07ee321fb3a450edfd10a102f4681b3247e4,public-api.PIL.BatchResult.__repr__,PIL.BatchResult.__repr__,PIL.BatchResult.__repr__,method,outside_selected_manifest,python-gpu,SIMD,1.0,public_api_inventory_gap,not_mapped_to_benchmark,,,,0,0,,0,0,0,0,,,,,0,0,0,0,0,0,0,0,,not_measured,
df5231519bb4810e6b0098560c5c791e56dc9952,true,2026-10-09T01:11:25.338187Z,48d69f9756559a7a8da696b16d93e10be849504250560e4830f3dc8ee97b4d9a,101fdb8cc2c9da7ea98da8602ac4e7879ab23c9d,false,2026-10-07T13:19:09.608307Z,8963ea465b99a6b2a2cca91ab2aa07ee321fb3a450edfd10a102f4681b3247e4,public-api.PIL.BatchResult.__repr__,PIL.BatchResult.__repr__,PIL.BatchResult.__repr__,method,outside_selected_manifest,python-parallel-cpu,Pillow,,public_api_inventory_gap,not_mapped_to_benchmark,,,,0,0,,0,0,0,0,,,,,0,0,0,0,0,0,0,0,,,
df5231519bb4810e6b0098560c5c791e56dc9952,true,2026-10-09T01:11:25.338187Z,48d69f9756559a7a8da696b16d93e10be849504250560e4830f3dc8ee97b4d9a,101fdb8cc2c9da7ea98da8602ac4e7879ab23c9d,false,2026-10-07T13:19:09.608307Z,8963ea465b99a6b2a2cca91ab2aa07ee321fb3a450edfd10a102f4681b3247e4,public-api.PIL.BatchResult.image,PIL.BatchResult.image,PIL.BatchResult.image,property,outside_selected_manifest,python-cpu,Pillow,1.0,public_api_inventory_gap,not_mapped_to_benchmark,,,,0,0,,0,0,0,0,,,,,0,0,0,0,0,0,0,0,,,
df5231519bb4810e6b0098560c5c791e56dc9952,true,2026-10-09T01:11:25.338187Z,48d69f9756559a7a8da696b16d93e10be849504250560e4830f3dc8ee97b4d9a,101fdb8cc2c9da7ea98da8602ac4e7879ab23c9d,false,2026-10-07T13:19:09.608307Z,8963ea465b99a6b2a2cca91ab2aa07ee321fb3a450edfd10a102f4681b3247e4,public-api.PIL.BatchResult.image,PIL.BatchResult.image,PIL.BatchResult.image,property,outside_selected_manifest,python-simd,Pillow,2.0,public_api_inventory_gap,not_mapped_to_benchmark,,,,0,0,,0,0,0,0,0,,,,0,0,0,0,0,0,0,0,,,
df5231519bb4810e6b0098560c5c791e56dc9952,true,2026-10-09T01:11:25.338187Z,48d69f9756559a7a8da696b16d93e10be849504250560e4830f3dc8ee97b4d9a,101fdb8cc2c9da7ea98da8602ac4e7879ab23c9d,false,2026-10-07T13:19:09.608307Z,8963ea465b99a6b2a2cca91ab2aa07ee321fb3a450edfd10a102f4681b3247e4,public-api.PIL.BatchResult.image,PIL.BatchResult.image,PIL.BatchResult.image,property,outside_selected_manifest,python-gpu,SIMD,1.0,public_api_inventory_gap,not_mapped_to_benchmark,,,,0,0,,0,0,0,0,,,,,0,0,0,0,0,0,0,0,,not_measured,
df5231519bb4810e6b0098560c5c791e56dc9952,true,2026-10-09T01:11:25.338187Z,48d69f9756559a7a8da696b16d93e10be849504250560e4830f3dc8ee97b4d9a,101fdb8cc2c9da7ea98da8602ac4e7879ab23c9d,false,2026-10-07T13:19:09.608307Z,8963ea465b99a6b2a2cca91ab2aa07ee321fb3a450edfd10a102f4681b3247e4,public-api.PIL.BatchResult.image,PIL.BatchResult.image,PIL.BatchResult.image,property,outside_selected_manifest,python-parallel-cpu,Pillow,,public_api_inventory_gap,not_mapped_to_benchmark,,,,0,0,,0,0,0,0,,,,,0,0,0,0,0,0,0,0,,,
df5231519bb4810e6b0098560c5c791e56dc9952,true,2026-10-09T01:11:25.338187Z,48d69f9756559a7a8da696b16d93e10be849504250560e4830f3dc8ee97b4d9a,101fdb8cc2c9da7ea98da8602ac4e7879ab23c9d,false,2026-10-07T13:19:09.608307Z,8963ea465b99a6b2a2cca91ab2aa07ee321fb3a450edfd10a102f4681b3247e4,public-api.PIL.BatchResult.input_key,PIL.BatchResult.input_key,PIL.BatchResult.input_key,property,outside_selected_manifest,python-cpu,Pillow,1.0,public_api_inventory_gap,not_mapped_to_benchmark,,,,0,0,,0,0,0,0,,,,,0,0,0,0,0,0,0,0,,,
df5231519bb4810e6b0098560c5c791e56dc9952,true,2026-10-09T01:11:25.338187Z,48d69f9756559a7a8da696b16d93e10be849504250560e4830f3dc8ee97b4d9a,101fdb8cc2c9da7ea98da8602ac4e7879ab23c9d,false,2026-10-07T13:19:09.608307Z,8963ea465b99a6b2a2cca91ab2aa07ee321fb3a450edfd10a102f4681b3247e4,public-api.PIL.BatchResult.input_key,PIL.BatchResult.input_key,PIL.BatchResult.input_key,property,outside_selected_manifest,python-simd,Pillow,2.0,public_api_inventory_gap,not_mapped_to_benchmark,,,,0,0,,0,0,0,0,0,,,,0,0,0,0,0,0,0,0,,,
df5231519bb4810e6b0098560c5c791e56dc9952,true,2026-10-09T01:11:25.338187Z,48d69f9756559a7a8da696b16d93e10be849504250560e4830f3dc8ee97b4d9a,101fdb8cc2c9da7ea98da8602ac4e7879ab23c9d,false,2026-10-07T13:19:09.608307Z,8963ea465b99a6b2a2cca91ab2aa07ee321fb3a450edfd10a102f4681b3247e4,public-api.PIL.BatchResult.input_key,PIL.BatchResult.input_key,PIL.BatchResult.input_key,property,outside_selected_manifest,python-gpu,SIMD,1.0,public_api_inventory_gap,not_mapped_to_benchmark,,,,0,0,,0,0,0,0,,,,,0,0,0,0,0,0,0,0,,not_measured,
df5231519bb4810e6b0098560c5c791e56dc9952,true,2026-10-09T01:11:25.338187Z,48d69f9756559a7a8da696b16d93e10be849504250560e4830f3dc8ee97b4d9a,101fdb8cc2c9da7ea98da8602ac4e7879ab23c9d,false,2026-10-07T13:19:09.608307Z,8963ea465b99a6b2a2cca91ab2aa07ee321fb3a450edfd10a102f4681b3247e4,public-api.PIL.BatchResult.input_key,PIL.BatchResult.input_key,PIL.BatchResult.input_key,property,outside_selected_manifest,python-parallel-cpu,Pillow,,public_api_inventory_gap,not_mapped_to_benchmark,,,,0,0,,0,0,0,0,,,,,0,0,0,0,0,0,0,0,,,
df5231519bb4810e6b0098560c5c791e56dc9952,true,2026-10-09T01:11:25.338187Z,48d69f9756559a7a8da696b16d93e10be849504250560e4830f3dc8ee97b4d9a,101fdb8cc2c9da7ea98da8602ac4e7879ab23c9d,false,2026-10-07T13:19:09.608307Z,8963ea465b99a6b2a2cca91ab2aa07ee321fb3a450edfd10a102f4681b3247e4,public-api.PIL.BatchResult.job_id,PIL.BatchResult.job_id,PIL.BatchResult.job_id,property,outside_selected_manifest,python-cpu,Pillow,1.0,public_api_inventory_gap,not_mapped_to_benchmark,,,,0,0,,0,0,0,0,,,,,0,0,0,0,0,0,0,0,,,
df5231519bb4810e6b0098560c5c791e56dc9952,true,2026-10-09T01:11:25.338187Z,48d69f9756559a7a8da696b16d93e10be849504250560e4830f3dc8ee97b4d9a,101fdb8cc2c9da7ea98da8602ac4e7879ab23c9d,false,2026-10-07T13:19:09.608307Z,8963ea465b99a6b2a2cca91ab2aa07ee321fb3a450edfd10a102f4681b3247e4,public-api.PIL.BatchResult.job_id,PIL.BatchResult.job_id,PIL.BatchResult.job_id,property,outside_selected_manifest,python-simd,Pillow,2.0,public_api_inventory_gap,not_mapped_to_benchmark,,,,0,0,,0,0,0,0,0,,,,0,0,0,0,0,0,0,0,,,
df5231519bb4810e6b0098560c5c791e56dc9952,true,2026-10-09T01:11:25.338187Z,48d69f9756559a7a8da696b16d93e10be849504250560e4830f3dc8ee97b4d9a,101fdb8cc2c9da7ea98da8602ac4e7879ab23c9d,false,2026-10-07T13:19:09.608307Z,8963ea465b99a6b2a2cca91ab2aa07ee321fb3a450edfd10a102f4681b3247e4,public-api.PIL.BatchResult.job_id,PIL.BatchResult.job_id,PIL.BatchResult.job_id,property,outside_selected_manifest,python-gpu,SIMD,1.0,public_api_inventory_gap,not_mapped_to_benchmark,,,,0,0,,0,0,0,0,,,,,0,0,0,0,0,0,0,0,,not_measured,
df5231519bb4810e6b0098560c5c791e56dc9952,true,2026-10-09T01:11:25.338187Z,48d69f9756559a7a8da696b16d93e10be849504250560e4830f3dc8ee97b4d9a,101fdb8cc2c9da7ea98da8602ac4e7879ab23c9d,false,2026-10-07T13:19:09.608307Z,8963ea465b99a6b2a2cca91ab2aa07ee321fb3a450edfd10a102f4681b3247e4,public-api.PIL.BatchResult.job_id,PIL.BatchResult.job_id,PIL.BatchResult.job_id,property,outside_selected_manifest,python-parallel-cpu,Pillow,,public_api_inventory_gap,not_mapped_to_benchmark,,,,0,0,,0,0,0,0,,,,,0,0,0,0,0,0,0,0,,,
df5231519bb4810e6b0098560c5c791e56dc9952,true,2026-10-09T01:11:25.338187Z,48d69f9756559a7a8da696b16d93e10be849504250560e4830f3dc8ee97b4d9a,101fdb8cc2c9da7ea98da8602ac4e7879ab23c9d,false,2026-10-07T13:19:09.608307Z,8963ea465b99a6b2a2cca91ab2aa07ee321fb3a450edfd10a102f4681b3247e4,public-api.PIL.Dither,PIL.Dither,PIL.Dither,class,outside_selected_manifest,python-cpu,Pillow,1.0,public_api_inventory_gap,not_mapped_to_benchmark,,,,0,0,,0,0,0,0,,,,,0,0,0,0,0,0,0,0,,,
df5231519bb4810e6b0098560c5c791e56dc9952,true,2026-10-09T01:11:25.338187Z,48d69f9756559a7a8da696b16d93e10be849504250560e4830f3dc8ee97b4d9a,101fdb8cc2c9da7ea98da8602ac4e7879ab23c9d,false,2026-10-07T13:19:09.608307Z,8963ea465b99a6b2a2cca91ab2aa07ee321fb3a450edfd10a102f4681b3247e4,public-api.PIL.Dither,PIL.Dither,PIL.Dither,class,outside_selected_manifest,python-simd,Pillow,2.0,public_api_inventory_gap,not_mapped_to_benchmark,,,,0,0,,0,0,0,0,0,,,,0,0,0,0,0,0,0,0,,,
df5231519bb4810e6b0098560c5c791e56dc9952,true,2026-10-09T01:11:25.338187Z,48d69f9756559a7a8da696b16d93e10be849504250560e4830f3dc8ee97b4d9a,101fdb8cc2c9da7ea98da8602ac4e7879ab23c9d,false,2026-10-07T13:19:09.608307Z,8963ea465b99a6b2a2cca91ab2aa07ee321fb3a450edfd10a102f4681b3247e4,public-api.PIL.Dither,PIL.Dither,PIL.Dither,class,outside_selected_manifest,python-gpu,SIMD,1.0,public_api_inventory_gap,not_mapped_to_benchmark,,,,0,0,,0,0,0,0,,,,,0,0,0,0,0,0,0,0,,not_measured,
df5231519bb4810e6b0098560c5c791e56dc9952,true,2026-10-09T01:11:25.338187Z,48d69f9756559a7a8da696b16d93e10be849504250560e4830f3dc8ee97b4d9a,101fdb8cc2c9da7ea98da8602ac4e7879ab23c9d,false,2026-10-07T13:19:09.608307Z,8963ea465b99a6b2a2cca91ab2aa07ee321fb3a450edfd10a102f4681b3247e4,public-api.PIL.Dither,PIL.Dither,PIL.Dither,class,outside_selected_manifest,python-parallel-cpu,Pillow,,public_api_inventory_gap,not_mapped_to_benchmark,,,,0,0,,0,0,0,0,,,,,0,0,0,0,0,0,0,0,,,
df5231519bb4810e6b0098560c5c791e56dc9952,true,2026-10-09T01:11:25.338187Z,48d69f9756559a7a8da696b16d93e10be849504250560e4830f3dc8ee97b4d9a,101fdb8cc2c9da7ea98da8602ac4e7879ab23c9d,false,2026-10-07T13:19:09.608307Z,8963ea465b99a6b2a2cca91ab2aa07ee321fb3a450edfd10a102f4681b3247e4,public-api.PIL.GpuBatchExecutor,PIL.GpuBatchExecutor,PIL.GpuBatchExecutor,class,outside_selected_manifest,python-cpu,Pillow,1.0,public_api_inventory_gap,not_mapped_to_benchmark,,,,0,0,,0,0,0,0,,,,,0,0,0,0,0,0,0,0,,,
df5231519bb4810e6b0098560c5c791e56dc9952,true,2026-10-09T01:11:25.338187Z,48d69f9756559a7a8da696b16d93e10be849504250560e4830f3dc8ee97b4d9a,101fdb8cc2c9da7ea98da8602ac4e7879ab23c9d,false,2026-10-07T13:19:09.608307Z,8963ea465b99a6b2a2cca91ab2aa07ee321fb3a450edfd10a102f4681b3247e4,public-api.PIL.GpuBatchExecutor,PIL.GpuBatchExecutor,PIL.GpuBatchExecutor,class,outside_selected_manifest,python-simd,Pillow,2.0,public_api_inventory_gap,not_mapped_to_benchmark,,,,0,0,,0,0,0,0,0,,,,0,0,0,0,0,0,0,0,,,
df5231519bb4810e6b0098560c5c791e56dc9952,true,2026-10-09T01:11:25.338187Z,48d69f9756559a7a8da696b16d93e10be849504250560e4830f3dc8ee97b4d9a,101fdb8cc2c9da7ea98da8602ac4e7879ab23c9d,false,2026-10-07T13:19:09.608307Z,8963ea465b99a6b2a2cca91ab2aa07ee321fb3a450edfd10a102f4681b3247e4,public-api.PIL.GpuBatchExecutor,PIL.GpuBatchExecutor,PIL.GpuBatchExecutor,class,outside_selected_manifest,python-gpu,SIMD,1.0,public_api_inventory_gap,not_mapped_to_benchmark,,,,0,0,,0,0,0,0,,,,,0,0,0,0,0,0,0,0,,not_measured,
df5231519bb4810e6b0098560c5c791e56dc9952,true,2026-10-09T01:11:25.338187Z,48d69f9756559a7a8da696b16d93e10be849504250560e4830f3dc8ee97b4d9a,101fdb8cc2c9da7ea98da8602ac4e7879ab23c9d,false,2026-10-07T13:19:09.608307Z,8963ea465b99a6b2a2cca91ab2aa07ee321fb3a450edfd10a102f4681b3247e4,public-api.PIL.GpuBatchExecutor,PIL.GpuBatchExecutor,PIL.GpuBatchExecutor,class,outside_selected_manifest,python-parallel-cpu,Pillow,,public_api_inventory_gap,not_mapped_to_benchmark,,,,0,0,,0,0,0,0,,,,,0,0,0,0,0,0,0,0,,,
df5231519bb4810e6b0098560c5c791e56dc9952,true,2026-10-09T01:11:25.338187Z,48d69f9756559a7a8da696b16d93e10be849504250560e4830f3dc8ee97b4d9a,101fdb8cc2c9da7ea98da8602ac4e7879ab23c9d,false,2026-10-07T13:19:09.608307Z,8963ea465b99a6b2a2cca91ab2aa07ee321fb3a450edfd10a102f4681b3247e4,public-api.PIL.GpuBatchExecutor.close,PIL.GpuBatchExecutor.close,PIL.GpuBatchExecutor.close,method,outside_selected_manifest,python-cpu,Pillow,1.0,public_api_inventory_gap,not_mapped_to_benchmark,,,,0,0,,0,0,0,0,,,,,0,0,0,0,0,0,0,0,,,
df5231519bb4810e6b0098560c5c791e56dc9952,true,2026-10-09T01:11:25.338187Z,48d69f9756559a7a8da696b16d93e10be849504250560e4830f3dc8ee97b4d9a,101fdb8cc2c9da7ea98da8602ac4e7879ab23c9d,false,2026-10-07T13:19:09.608307Z,8963ea465b99a6b2a2cca91ab2aa07ee321fb3a450edfd10a102f4681b3247e4,public-api.PIL.GpuBatchExecutor.close,PIL.GpuBatchExecutor.close,PIL.GpuBatchExecutor.close,method,outside_selected_manifest,python-simd,Pillow,2.0,public_api_inventory_gap,not_mapped_to_benchmark,,,,0,0,,0,0,0,0,0,,,,0,0,0,0,0,0,0,0,,,
df5231519bb4810e6b0098560c5c791e56dc9952,true,2026-10-09T01:11:25.338187Z,48d69f9756559a7a8da696b16d93e10be849504250560e4830f3dc8ee97b4d9a,101fdb8cc2c9da7ea98da8602ac4e7879ab23c9d,false,2026-10-07T13:19:09.608307Z,8963ea465b99a6b2a2cca91ab2aa07ee321fb3a450edfd10a102f4681b3247e4,public-api.PIL.GpuBatchExecutor.close,PIL.GpuBatchExecutor.close,PIL.GpuBatchExecutor.close,method,outside_selected_manifest,python-gpu,SIMD,1.0,public_api_inventory_gap,not_mapped_to_benchmark,,,,0,0,,0,0,0,0,,,,,0,0,0,0,0,0,0,0,,not_measured,
df5231519bb4810e6b0098560c5c791e56dc9952,true,2026-10-09T01:11:25.338187Z,48d69f9756559a7a8da696b16d93e10be849504250560e4830f3dc8ee97b4d9a,101fdb8cc2c9da7ea98da8602ac4e7879ab23c9d,false,2026-10-07T13:19:09.608307Z,8963ea465b99a6b2a2cca91ab2aa07ee321fb3a450edfd10a102f4681b3247e4,public-api.PIL.GpuBatchExecutor.close,PIL.GpuBatchExecutor.close,PIL.GpuBatchExecutor.close,method,outside_selected_manifest,python-parallel-cpu,Pillow,,public_api_inventory_gap,not_mapped_to_benchmark,,,,0,0,,0,0,0,0,,,,,0,0,0,0,0,0,0,0,,,
df5231519bb4810e6b0098560c5c791e56dc9952,true,2026-10-09T01:11:25.338187Z,48d69f9756559a7a8da696b16d93e10be849504250560e4830f3dc8ee97b4d9a,101fdb8cc2c9da7ea98da8602ac4e7879ab23c9d,false,2026-10-07T13:19:09.608307Z,8963ea465b99a6b2a2cca91ab2aa07ee321fb3a450edfd10a102f4681b3247e4,public-api.PIL.GpuBatchExecutor.join,PIL.GpuBatchExecutor.join,PIL.GpuBatchExecutor.join,method,outside_selected_manifest,python-cpu,Pillow,1.0,public_api_inventory_gap,not_mapped_to_benchmark,,,,0,0,,0,0,0,0,,,,,0,0,0,0,0,0,0,0,,,
df5231519bb4810e6b0098560c5c791e56dc9952,true,2026-10-09T01:11:25.338187Z,48d69f9756559a7a8da696b16d93e10be849504250560e4830f3dc8ee97b4d9a,101fdb8cc2c9da7ea98da8602ac4e7879ab23c9d,false,2026-10-07T13:19:09.608307Z,8963ea465b99a6b2a2cca91ab2aa07ee321fb3a450edfd10a102f4681b3247e4,public-api.PIL.GpuBatchExecutor.join,PIL.GpuBatchExecutor.join,PIL.GpuBatchExecutor.join,method,outside_selected_manifest,python-simd,Pillow,2.0,public_api_inventory_gap,not_mapped_to_benchmark,,,,0,0,,0,0,0,0,0,,,,0,0,0,0,0,0,0,0,,,
df5231519bb4810e6b0098560c5c791e56dc9952,true,2026-10-09T01:11:25.338187Z,48d69f9756559a7a8da696b16d93e10be849504250560e4830f3dc8ee97b4d9a,101fdb8cc2c9da7ea98da8602ac4e7879ab23c9d,false,2026-10-07T13:19:09.608307Z,8963ea465b99a6b2a2cca91ab2aa07ee321fb3a450edfd10a102f4681b3247e4,public-api.PIL.GpuBatchExecutor.join,PIL.GpuBatchExecutor.join,PIL.GpuBatchExecutor.join,method,outside_selected_manifest,python-gpu,SIMD,1.0,public_api_inventory_gap,not_mapped_to_benchmark,,,,0,0,,0,0,0,0,,,,,0,0,0,0,0,0,0,0,,not_measured,
df5231519bb4810e6b0098560c5c791e56dc9952,true,2026-10-09T01:11:25.338187Z,48d69f9756559a7a8da696b16d93e10be849504250560e4830f3dc8ee97b4d9a,101fdb8cc2c9da7ea98da8602ac4e7879ab23c9d,false,2026-10-07T13:19:09.608307Z,8963ea465b99a6b2a2cca91ab2aa07ee321fb3a450edfd10a102f4681b3247e4,public-api.PIL.GpuBatchExecutor.join,PIL.GpuBatchExecutor.join,PIL.GpuBatchExecutor.join,method,outside_selected_manifest,python-parallel-cpu,Pillow,,public_api_inventory_gap,not_mapped_to_benchmark,,,,0,0,,0,0,0,0,,,,,0,0,0,0,0,0,0,0,,,
df5231519bb4810e6b0098560c5c791e56dc9952,true,2026-10-09T01:11:25.338187Z,48d69f9756559a7a8da696b16d93e10be849504250560e4830f3dc8ee97b4d9a,101fdb8cc2c9da7ea98da8602ac4e7879ab23c9d,false,2026-10-07T13:19:09.608307Z,8963ea465b99a6b2a2cca91ab2aa07ee321fb3a450edfd10a102f4681b3247e4,public-api.PIL.GpuBatchExecutor.run,PIL.GpuBatchExecutor.run,PIL.GpuBatchExecutor.run,method,outside_selected_manifest,python-cpu,Pillow,1.0,public_api_inventory_gap,not_mapped_to_benchmark,,,,0,0,,0,0,0,0,,,,,0,0,0,0,0,0,0,0,,,
df5231519bb4810e6b0098560c5c791e56dc9952,true,2026-10-09T01:11:25.338187Z,48d69f9756559a7a8da696b16d93e10be849504250560e4830f3dc8ee97b4d9a,101fdb8cc2c9da7ea98da8602ac4e7879ab23c9d,false,2026-10-07T13:19:09.608307Z,8963ea465b99a6b2a2cca91ab2aa07ee321fb3a450edfd10a102f4681b3247e4,public-api.PIL.GpuBatchExecutor.run,PIL.GpuBatchExecutor.run,PIL.GpuBatchExecutor.run,method,outside_selected_manifest,python-simd,Pillow,2.0,public_api_inventory_gap,not_mapped_to_benchmark,,,,0,0,,0,0,0,0,0,,,,0,0,0,0,0,0,0,0,,,
df5231519bb4810e6b0098560c5c791e56dc9952,true,2026-10-09T01:11:25.338187Z,48d69f9756559a7a8da696b16d93e10be849504250560e4830f3dc8ee97b4d9a,101fdb8cc2c9da7ea98da8602ac4e7879ab23c9d,false,2026-10-07T13:19:09.608307Z,8963ea465b99a6b2a2cca91ab2aa07ee321fb3a450edfd10a102f4681b3247e4,public-api.PIL.GpuBatchExecutor.run,PIL.GpuBatchExecutor.run,PIL.GpuBatchExecutor.run,method,outside_selected_manifest,python-gpu,SIMD,1.0,public_api_inventory_gap,not_mapped_to_benchmark,,,,0,0,,0,0,0,0,,,,,0,0,0,0,0,0,0,0,,not_measured,
df5231519bb4810e6b0098560c5c791e56dc9952,true,2026-10-09T01:11:25.338187Z,48d69f9756559a7a8da696b16d93e10be849504250560e4830f3dc8ee97b4d9a,101fdb8cc2c9da7ea98da8602ac4e7879ab23c9d,false,2026-10-07T13:19:09.608307Z,8963ea465b99a6b2a2cca91ab2aa07ee321fb3a450edfd10a102f4681b3247e4,public-api.PIL.GpuBatchExecutor.run,PIL.GpuBatchExecutor.run,PIL.GpuBatchExecutor.run,method,outside_selected_manifest,python-parallel-cpu,Pillow,,public_api_inventory_gap,not_mapped_to_benchmark,,,,0,0,,0,0,0,0,,,,,0,0,0,0,0,0,0,0,,,
df5231519bb4810e6b0098560c5c791e56dc9952,true,2026-10-09T01:11:25.338187Z,48d69f9756559a7a8da696b16d93e10be849504250560e4830f3dc8ee97b4d9a,101fdb8cc2c9da7ea98da8602ac4e7879ab23c9d,false,2026-10-07T13:19:09.608307Z,8963ea465b99a6b2a2cca91ab2aa07ee321fb3a450edfd10a102f4681b3247e4,public-api.PIL.GpuBatchExecutor.stats,PIL.GpuBatchExecutor.stats,PIL.GpuBatchExecutor.stats,property,outside_selected_manifest,python-cpu,Pillow,1.0,public_api_inventory_gap,not_mapped_to_benchmark,,,,0,0,,0,0,0,0,,,,,0,0,0,0,0,0,0,0,,,
df5231519bb4810e6b0098560c5c791e56dc9952,true,2026-10-09T01:11:25.338187Z,48d69f9756559a7a8da696b16d93e10be849504250560e4830f3dc8ee97b4d9a,101fdb8cc2c9da7ea98da8602ac4e7879ab23c9d,false,2026-10-07T13:19:09.608307Z,8963ea465b99a6b2a2cca91ab2aa07ee321fb3a450edfd10a102f4681b3247e4,public-api.PIL.GpuBatchExecutor.stats,PIL.GpuBatchExecutor.stats,PIL.GpuBatchExecutor.stats,property,outside_selected_manifest,python-simd,Pillow,2.0,public_api_inventory_gap,not_mapped_to_benchmark,,,,0,0,,0,0,0,0,0,,,,0,0,0,0,0,0,0,0,,,
df5231519bb4810e6b0098560c5c791e56dc9952,true,2026-10-09T01:11:25.338187Z,48d69f9756559a7a8da696b16d93e10be849504250560e4830f3dc8ee97b4d9a,101fdb8cc2c9da7ea98da8602ac4e7879ab23c9d,false,2026-10-07T13:19:09.608307Z,8963ea465b99a6b2a2cca91ab2aa07ee321fb3a450edfd10a102f4681b3247e4,public-api.PIL.GpuBatchExecutor.stats,PIL.GpuBatchExecutor.stats,PIL.GpuBatchExecutor.stats,property,outside_selected_manifest,python-gpu,SIMD,1.0,public_api_inventory_gap,not_mapped_to_benchmark,,,,0,0,,0,0,0,0,,,,,0,0,0,0,0,0,0,0,,not_measured,
df5231519bb4810e6b0098560c5c791e56dc9952,true,2026-10-09T01:11:25.338187Z,48d69f9756559a7a8da696b16d93e10be849504250560e4830f3dc8ee97b4d9a,101fdb8cc2c9da7ea98da8602ac4e7879ab23c9d,false,2026-10-07T13:19:09.608307Z,8963ea465b99a6b2a2cca91ab2aa07ee321fb3a450edfd10a102f4681b3247e4,public-api.PIL.GpuBatchExecutor.stats,PIL.GpuBatchExecutor.stats,PIL.GpuBatchExecutor.stats,property,outside_selected_manifest,python-parallel-cpu,Pillow,,public_api_inventory_gap,not_mapped_to_benchmark,,,,0,0,,0,0,0,0,,,,,0,0,0,0,0,0,0,0,,,
df5231519bb4810e6b0098560c5c791e56dc9952,true,2026-10-09T01:11:25.338187Z,48d69f9756559a7a8da696b16d93e10be849504250560e4830f3dc8ee97b4d9a,101fdb8cc2c9da7ea98da8602ac4e7879ab23c9d,false,2026-10-07T13:19:09.608307Z,8963ea465b99a6b2a2cca91ab2aa07ee321fb3a450edfd10a102f4681b3247e4,public-api.PIL.GpuBatchExecutor.submit,PIL.GpuBatchExecutor.submit,PIL.GpuBatchExecutor.submit,method,outside_selected_manifest,python-cpu,Pillow,1.0,public_api_inventory_gap,not_mapped_to_benchmark,,,,0,0,,0,0,0,0,,,,,0,0,0,0,0,0,0,0,,,
df5231519bb4810e6b0098560c5c791e56dc9952,true,2026-10-09T01:11:25.338187Z,48d69f9756559a7a8da696b16d93e10be849504250560e4830f3dc8ee97b4d9a,101fdb8cc2c9da7ea98da8602ac4e7879ab23c9d,false,2026-10-07T13:19:09.608307Z,8963ea465b99a6b2a2cca91ab2aa07ee321fb3a450edfd10a102f4681b3247e4,public-api.PIL.GpuBatchExecutor.submit,PIL.GpuBatchExecutor.submit,PIL.GpuBatchExecutor.submit,method,outside_selected_manifest,python-simd,Pillow,2.0,public_api_inventory_gap,not_mapped_to_benchmark,,,,0,0,,0,0,0,0,0,,,,0,0,0,0,0,0,0,0,,,
df5231519bb4810e6b0098560c5c791e56dc9952,true,2026-10-09T01:11:25.338187Z,48d69f9756559a7a8da696b16d93e10be849504250560e4830f3dc8ee97b4d9a,101fdb8cc2c9da7ea98da8602ac4e7879ab23c9d,false,2026-10-07T13:19:09.608307Z,8963ea465b99a6b2a2cca91ab2aa07ee321fb3a450edfd10a102f4681b3247e4,public-api.PIL.GpuBatchExecutor.submit,PIL.GpuBatchExecutor.submit,PIL.GpuBatchExecutor.submit,method,outside_selected_manifest,python-gpu,SIMD,1.0,public_api_inventory_gap,not_mapped_to_benchmark,,,,0,0,,0,0,0,0,,,,,0,0,0,0,0,0,0,0,,not_measured,
df5231519bb4810e6b0098560c5c791e56dc9952,true,2026-10-09T01:11:25.338187Z,48d69f9756559a7a8da696b16d93e10be849504250560e4830f3dc8ee97b4d9a,101fdb8cc2c9da7ea98da8602ac4e7879ab23c9d,false,2026-10-07T13:19:09.608307Z,8963ea465b99a6b2a2cca91ab2aa07ee321fb3a450edfd10a102f4681b3247e4,public-api.PIL.GpuBatchExecutor.submit,PIL.GpuBatchExecutor.submit,PIL.GpuBatchExecutor.submit,method,outside_selected_manifest,python-parallel-cpu,Pillow,,public_api_inventory_gap,not_mapped_to_benchmark,,,,0,0,,0,0,0,0,,,,,0,0,0,0,0,0,0,0,,,
df5231519bb4810e6b0098560c5c791e56dc9952,true,2026-10-09T01:11:25.338187Z,48d69f9756559a7a8da696b16d93e10be849504250560e4830f3dc8ee97b4d9a,101fdb8cc2c9da7ea98da8602ac4e7879ab23c9d,false,2026-10-07T13:19:09.608307Z,8963ea465b99a6b2a2cca91ab2aa07ee321fb3a450edfd10a102f4681b3247e4,public-api.PIL.GpuImage,PIL.GpuImage,PIL.GpuImage,class,outside_selected_manifest,python-cpu,Pillow,1.0,public_api_inventory_gap,not_mapped_to_benchmark,,,,0,0,,0,0,0,0,,,,,0,0,0,0,0,0,0,0,,,
df5231519bb4810e6b0098560c5c791e56dc9952,true,2026-10-09T01:11:25.338187Z,48d69f9756559a7a8da696b16d93e10be849504250560e4830f3dc8ee97b4d9a,101fdb8cc2c9da7ea98da8602ac4e7879ab23c9d,false,2026-10-07T13:19:09.608307Z,8963ea465b99a6b2a2cca91ab2aa07ee321fb3a450edfd10a102f4681b3247e4,public-api.PIL.GpuImage,PIL.GpuImage,PIL.GpuImage,class,outside_selected_manifest,python-simd,Pillow,2.0,public_api_inventory_gap,not_mapped_to_benchmark,,,,0,0,,0,0,0,0,0,,,,0,0,0,0,0,0,0,0,,,
df5231519bb4810e6b0098560c5c791e56dc9952,true,2026-10-09T01:11:25.338187Z,48d69f9756559a7a8da696b16d93e10be849504250560e4830f3dc8ee97b4d9a,101fdb8cc2c9da7ea98da8602ac4e7879ab23c9d,false,2026-10-07T13:19:09.608307Z,8963ea465b99a6b2a2cca91ab2aa07ee321fb3a450edfd10a102f4681b3247e4,public-api.PIL.GpuImage,PIL.GpuImage,PIL.GpuImage,class,outside_selected_manifest,python-gpu,SIMD,1.0,public_api_inventory_gap,not_mapped_to_benchmark,,,,0,0,,0,0,0,0,,,,,0,0,0,0,0,0,0,0,,not_measured,
df5231519bb4810e6b0098560c5c791e56dc9952,true,2026-10-09T01:11:25.338187Z,48d69f9756559a7a8da696b16d93e10be849504250560e4830f3dc8ee97b4d9a,101fdb8cc2c9da7ea98da8602ac4e7879ab23c9d,false,2026-10-07T13:19:09.608307Z,8963ea465b99a6b2a2cca91ab2aa07ee321fb3a450edfd10a102f4681b3247e4,public-api.PIL.GpuImage,PIL.GpuImage,PIL.GpuImage,class,outside_selected_manifest,python-parallel-cpu,Pillow,,public_api_inventory_gap,not_mapped_to_benchmark,,,,0,0,,0,0,0,0,,,,,0,0,0,0,0,0,0,0,,,
df5231519bb4810e6b0098560c5c791e56dc9952,true,2026-10-09T01:11:25.338187Z,48d69f9756559a7a8da696b16d93e10be849504250560e4830f3dc8ee97b4d9a,101fdb8cc2c9da7ea98da8602ac4e7879ab23c9d,false,2026-10-07T13:19:09.608307Z,8963ea465b99a6b2a2cca91ab2aa07ee321fb3a450edfd10a102f4681b3247e4,public-api.PIL.GpuImage.download,PIL.GpuImage.download,PIL.GpuImage.download,method,outside_selected_manifest,python-cpu,Pillow,1.0,public_api_inventory_gap,not_mapped_to_benchmark,,,,0,0,,0,0,0,0,,,,,0,0,0,0,0,0,0,0,,,
df5231519bb4810e6b0098560c5c791e56dc9952,true,2026-10-09T01:11:25.338187Z,48d69f9756559a7a8da696b16d93e10be849504250560e4830f3dc8ee97b4d9a,101fdb8cc2c9da7ea98da8602ac4e7879ab23c9d,false,2026-10-07T13:19:09.608307Z,8963ea465b99a6b2a2cca91ab2aa07ee321fb3a450edfd10a102f4681b3247e4,public-api.PIL.GpuImage.download,PIL.GpuImage.download,PIL.GpuImage.download,method,outside_selected_manifest,python-simd,Pillow,2.0,public_api_inventory_gap,not_mapped_to_benchmark,,,,0,0,,0,0,0,0,0,,,,0,0,0,0,0,0,0,0,,,
df5231519bb4810e6b0098560c5c791e56dc9952,true,2026-10-09T01:11:25.338187Z,48d69f9756559a7a8da696b16d93e10be849504250560e4830f3dc8ee97b4d9a,101fdb8cc2c9da7ea98da8602ac4e7879ab23c9d,false,2026-10-07T13:19:09.608307Z,8963ea465b99a6b2a2cca91ab2aa07ee321fb3a450edfd10a102f4681b3247e4,public-api.PIL.GpuImage.download,PIL.GpuImage.download,PIL.GpuImage.download,method,outside_selected_manifest,python-gpu,SIMD,1.0,public_api_inventory_gap,not_mapped_to_benchmark,,,,0,0,,0,0,0,0,,,,,0,0,0,0,0,0,0,0,,not_measured,
df5231519bb4810e6b0098560c5c791e56dc9952,true,2026-10-09T01:11:25.338187Z,48d69f9756559a7a8da696b16d93e10be849504250560e4830f3dc8ee97b4d9a,101fdb8cc2c9da7ea98da8602ac4e7879ab23c9d,false,2026-10-07T13:19:09.608307Z,8963ea465b99a6b2a2cca91ab2aa07ee321fb3a450edfd10a102f4681b3247e4,public-api.PIL.GpuImage.download,PIL.GpuImage.download,PIL.GpuImage.download,method,outside_selected_manifest,python-parallel-cpu,Pillow,,public_api_inventory_gap,not_mapped_to_benchmark,,,,0,0,,0,0,0,0,,,,,0,0,0,0,0,0,0,0,,,
df5231519bb4810e6b0098560c5c791e56dc9952,true,2026-10-09T01:11:25.338187Z,48d69f9756559a7a8da696b16d93e10be849504250560e4830f3dc8ee97b4d9a,101fdb8cc2c9da7ea98da8602ac4e7879ab23c9d,false,2026-10-07T13:19:09.608307Z,8963ea465b99a6b2a2cca91ab2aa07ee321fb3a450edfd10a102f4681b3247e4,public-api.PIL.GpuImage.mode,PIL.GpuImage.mode,PIL.GpuImage.mode,property,outside_selected_manifest,python-cpu,Pillow,1.0,public_api_inventory_gap,not_mapped_to_benchmark,,,,0,0,,0,0,0,0,,,,,0,0,0,0,0,0,0,0,,,
df5231519bb4810e6b0098560c5c791e56dc9952,true,2026-10-09T01:11:25.338187Z,48d69f9756559a7a8da696b16d93e10be849504250560e4830f3dc8ee97b4d9a,101fdb8cc2c9da7ea98da8602ac4e7879ab23c9d,false,2026-10-07T13:19:09.608307Z,8963ea465b99a6b2a2cca91ab2aa07ee321fb3a450edfd10a102f4681b3247e4,public-api.PIL.GpuImage.mode,PIL.GpuImage.mode,PIL.GpuImage.mode,property,outside_selected_manifest,python-simd,Pillow,2.0,public_api_inventory_gap,not_mapped_to_benchmark,,,,0,0,,0,0,0,0,0,,,,0,0,0,0,0,0,0,0,,,
df5231519bb4810e6b0098560c5c791e56dc9952,true,2026-10-09T01:11:25.338187Z,48d69f9756559a7a8da696b16d93e10be849504250560e4830f3dc8ee97b4d9a,101fdb8cc2c9da7ea98da8602ac4e7879ab23c9d,false,2026-10-07T13:19:09.608307Z,8963ea465b99a6b2a2cca91ab2aa07ee321fb3a450edfd10a102f4681b3247e4,public-api.PIL.GpuImage.mode,PIL.GpuImage.mode,PIL.GpuImage.mode,property,outside_selected_manifest,python-gpu,SIMD,1.0,public_api_inventory_gap,not_mapped_to_benchmark,,,,0,0,,0,0,0,0,,,,,0,0,0,0,0,0,0,0,,not_measured,
df5231519bb4810e6b0098560c5c791e56dc9952,true,2026-10-09T01:11:25.338187Z,48d69f9756559a7a8da696b16d93e10be849504250560e4830f3dc8ee97b4d9a,101fdb8cc2c9da7ea98da8602ac4e7879ab23c9d,false,2026-10-07T13:19:09.608307Z,8963ea465b99a6b2a2cca91ab2aa07ee321fb3a450edfd10a102f4681b3247e4,public-api.PIL.GpuImage.mode,PIL.GpuImage.mode,PIL.GpuImage.mode,property,outside_selected_manifest,python-parallel-cpu,Pillow,,public_api_inventory_gap,not_mapped_to_benchmark,,,,0,0,,0,0,0,0,,,,,0,0,0,0,0,0,0,0,,,
df5231519bb4810e6b0098560c5c791e56dc9952,true,2026-10-09T01:11:25.338187Z,48d69f9756559a7a8da696b16d93e10be849504250560e4830f3dc8ee97b4d9a,101fdb8cc2c9da7ea98da8602ac4e7879ab23c9d,false,2026-10-07T13:19:09.608307Z,8963ea465b99a6b2a2cca91ab2aa07ee321fb3a450edfd10a102f4681b3247e4,public-api.PIL.GpuImage.size,PIL.GpuImage.size,PIL.GpuImage.size,property,outside_selected_manifest,python-cpu,Pillow,1.0,public_api_inventory_gap,not_mapped_to_benchmark,,,,0,0,,0,0,0,0,,,,,0,0,0,0,0,0,0,0,,,
df5231519bb4810e6b0098560c5c791e56dc9952,true,2026-10-09T01:11:25.338187Z,48d69f9756559a7a8da696b16d93e10be849504250560e4830f3dc8ee97b4d9a,101fdb8cc2c9da7ea98da8602ac4e7879ab23c9d,false,2026-10-07T13:19:09.608307Z,8963ea465b99a6b2a2cca91ab2aa07ee321fb3a450edfd10a102f4681b3247e4,public-api.PIL.GpuImage.size,PIL.GpuImage.size,PIL.GpuImage.size,property,outside_selected_manifest,python-simd,Pillow,2.0,public_api_inventory_gap,not_mapped_to_benchmark,,,,0,0,,0,0,0,0,0,,,,0,0,0,0,0,0,0,0,,,
df5231519bb4810e6b0098560c5c791e56dc9952,true,2026-10-09T01:11:25.338187Z,48d69f9756559a7a8da696b16d93e10be849504250560e4830f3dc8ee97b4d9a,101fdb8cc2c9da7ea98da8602ac4e7879ab23c9d,false,2026-10-07T13:19:09.608307Z,8963ea465b99a6b2a2cca91ab2aa07ee321fb3a450edfd10a102f4681b3247e4,public-api.PIL.GpuImage.size,PIL.GpuImage.size,PIL.GpuImage.size,property,outside_selected_manifest,python-gpu,SIMD,1.0,public_api_inventory_gap,not_mapped_to_benchmark,,,,0,0,,0,0,0,0,,,,,0,0,0,0,0,0,0,0,,not_measured,
df5231519bb4810e6b0098560c5c791e56dc9952,true,2026-10-09T01:11:25.338187Z,48d69f9756559a7a8da696b16d93e10be849504250560e4830f3dc8ee97b4d9a,101fdb8cc2c9da7ea98da8602ac4e7879ab23c9d,false,2026-10-07T13:19:09.608307Z,8963ea465b99a6b2a2cca91ab2aa07ee321fb3a450edfd10a102f4681b3247e4,public-api.PIL.GpuImage.size,PIL.GpuImage.size,PIL.GpuImage.size,property,outside_selected_manifest,python-parallel-cpu,Pillow,,public_api_inventory_gap,not_mapped_to_benchmark,,,,0,0,,0,0,0,0,,,,,0,0,0,0,0,0,0,0,,,
df5231519bb4810e6b0098560c5c791e56dc9952,true,2026-10-09T01:11:25.338187Z,48d69f9756559a7a8da696b16d93e10be849504250560e4830f3dc8ee97b4d9a,101fdb8cc2c9da7ea98da8602ac4e7879ab23c9d,false,2026-10-07T13:19:09.608307Z,8963ea465b99a6b2a2cca91ab2aa07ee321fb3a450edfd10a102f4681b3247e4,public-api.PIL.Image.Dither,PIL.Image.Dither,PIL.Image.Dither,class,outside_selected_manifest,python-cpu,Pillow,1.0,public_api_inventory_gap,not_mapped_to_benchmark,,,,0,0,,0,0,0,0,,,,,0,0,0,0,0,0,0,0,,,
df5231519bb4810e6b0098560c5c791e56dc9952,true,2026-10-09T01:11:25.338187Z,48d69f9756559a7a8da696b16d93e10be849504250560e4830f3dc8ee97b4d9a,101fdb8cc2c9da7ea98da8602ac4e7879ab23c9d,false,2026-10-07T13:19:09.608307Z,8963ea465b99a6b2a2cca91ab2aa07ee321fb3a450edfd10a102f4681b3247e4,public-api.PIL.Image.Dither,PIL.Image.Dither,PIL.Image.Dither,class,outside_selected_manifest,python-simd,Pillow,2.0,public_api_inventory_gap,not_mapped_to_benchmark,,,,0,0,,0,0,0,0,0,,,,0,0,0,0,0,0,0,0,,,
df5231519bb4810e6b0098560c5c791e56dc9952,true,2026-10-09T01:11:25.338187Z,48d69f9756559a7a8da696b16d93e10be849504250560e4830f3dc8ee97b4d9a,101fdb8cc2c9da7ea98da8602ac4e7879ab23c9d,false,2026-10-07T13:19:09.608307Z,8963ea465b99a6b2a2cca91ab2aa07ee321fb3a450edfd10a102f4681b3247e4,public-api.PIL.Image.Dither,PIL.Image.Dither,PIL.Image.Dither,class,outside_selected_manifest,python-gpu,SIMD,1.0,public_api_inventory_gap,not_mapped_to_benchmark,,,,0,0,,0,0,0,0,,,,,0,0,0,0,0,0,0,0,,not_measured,
df5231519bb4810e6b0098560c5c791e56dc9952,true,2026-10-09T01:11:25.338187Z,48d69f9756559a7a8da696b16d93e10be849504250560e4830f3dc8ee97b4d9a,101fdb8cc2c9da7ea98da8602ac4e7879ab23c9d,false,2026-10-07T13:19:09.608307Z,8963ea465b99a6b2a2cca91ab2aa07ee321fb3a450edfd10a102f4681b3247e4,public-api.PIL.Image.Dither,PIL.Image.Dither,PIL.Image.Dither,class,outside_selected_manifest,python-parallel-cpu,Pillow,,public_api_inventory_gap,not_mapped_to_benchmark,,,,0,0,,0,0,0,0,,,,,0,0,0,0,0,0,0,0,,,
df5231519bb4810e6b0098560c5c791e56dc9952,true,2026-10-09T01:11:25.338187Z,48d69f9756559a7a8da696b16d93e10be849504250560e4830f3dc8ee97b4d9a,101fdb8cc2c9da7ea98da8602ac4e7879ab23c9d,false,2026-10-07T13:19:09.608307Z,8963ea465b99a6b2a2cca91ab2aa07ee321fb3a450edfd10a102f4681b3247e4,public-api.PIL.Image.Image,PIL.Image.Image,PIL.Image.Image,class,outside_selected_manifest,python-cpu,Pillow,1.0,public_api_inventory_gap,not_mapped_to_benchmark,,,,0,0,,0,0,0,0,,,,,0,0,0,0,0,0,0,0,,,
df5231519bb4810e6b0098560c5c791e56dc9952,true,2026-10-09T01:11:25.338187Z,48d69f9756559a7a8da696b16d93e10be849504250560e4830f3dc8ee97b4d9a,101fdb8cc2c9da7ea98da8602ac4e7879ab23c9d,false,2026-10-07T13:19:09.608307Z,8963ea465b99a6b2a2cca91ab2aa07ee321fb3a450edfd10a102f4681b3247e4,public-api.PIL.Image.Image,PIL.Image.Image,PIL.Image.Image,class,outside_selected_manifest,python-simd,Pillow,2.0,public_api_inventory_gap,not_mapped_to_benchmark,,,,0,0,,0,0,0,0,0,,,,0,0,0,0,0,0,0,0,,,
df5231519bb4810e6b0098560c5c791e56dc9952,true,2026-10-09T01:11:25.338187Z,48d69f9756559a7a8da696b16d93e10be849504250560e4830f3dc8ee97b4d9a,101fdb8cc2c9da7ea98da8602ac4e7879ab23c9d,false,2026-10-07T13:19:09.608307Z,8963ea465b99a6b2a2cca91ab2aa07ee321fb3a450edfd10a102f4681b3247e4,public-api.PIL.Image.Image,PIL.Image.Image,PIL.Image.Image,class,outside_selected_manifest,python-gpu,SIMD,1.0,public_api_inventory_gap,not_mapped_to_benchmark,,,,0,0,,0,0,0,0,,,,,0,0,0,0,0,0,0,0,,not_measured,
df5231519bb4810e6b0098560c5c791e56dc9952,true,2026-10-09T01:11:25.338187Z,48d69f9756559a7a8da696b16d93e10be849504250560e4830f3dc8ee97b4d9a,101fdb8cc2c9da7ea98da8602ac4e7879ab23c9d,false,2026-10-07T13:19:09.608307Z,8963ea465b99a6b2a2cca91ab2aa07ee321fb3a450edfd10a102f4681b3247e4,public-api.PIL.Image.Image,PIL.Image.Image,PIL.Image.Image,class,outside_selected_manifest,python-parallel-cpu,Pillow,,public_api_inventory_gap,not_mapped_to_benchmark,,,,0,0,,0,0,0,0,,,,,0,0,0,0,0,0,0,0,,,
df5231519bb4810e6b0098560c5c791e56dc9952,true,2026-10-09T01:11:25.338187Z,48d69f9756559a7a8da696b16d93e10be849504250560e4830f3dc8ee97b4d9a,101fdb8cc2c9da7ea98da8602ac4e7879ab23c9d,false,2026-10-07T13:19:09.608307Z,8963ea465b99a6b2a2cca91ab2aa07ee321fb3a450edfd10a102f4681b3247e4,public-api.PIL.Image.Image.__eq__,PIL.Image.Image.__eq__,PIL.Image.Image.__eq__,method,outside_selected_manifest,python-cpu,Pillow,1.0,public_api_inventory_gap,not_mapped_to_benchmark,,,,0,0,,0,0,0,0,,,,,0,0,0,0,0,0,0,0,,,
df5231519bb4810e6b0098560c5c791e56dc9952,true,2026-10-09T01:11:25.338187Z,48d69f9756559a7a8da696b16d93e10be849504250560e4830f3dc8ee97b4d9a,101fdb8cc2c9da7ea98da8602ac4e7879ab23c9d,false,2026-10-07T13:19:09.608307Z,8963ea465b99a6b2a2cca91ab2aa07ee321fb3a450edfd10a102f4681b3247e4,public-api.PIL.Image.Image.__eq__,PIL.Image.Image.__eq__,PIL.Image.Image.__eq__,method,outside_selected_manifest,python-simd,Pillow,2.0,public_api_inventory_gap,not_mapped_to_benchmark,,,,0,0,,0,0,0,0,0,,,,0,0,0,0,0,0,0,0,,,
df5231519bb4810e6b0098560c5c791e56dc9952,true,2026-10-09T01:11:25.338187Z,48d69f9756559a7a8da696b16d93e10be849504250560e4830f3dc8ee97b4d9a,101fdb8cc2c9da7ea98da8602ac4e7879ab23c9d,false,2026-10-07T13:19:09.608307Z,8963ea465b99a6b2a2cca91ab2aa07ee321fb3a450edfd10a102f4681b3247e4,public-api.PIL.Image.Image.__eq__,PIL.Image.Image.__eq__,PIL.Image.Image.__eq__,method,outside_selected_manifest,python-gpu,SIMD,1.0,public_api_inventory_gap,not_mapped_to_benchmark,,,,0,0,,0,0,0,0,,,,,0,0,0,0,0,0,0,0,,not_measured,
df5231519bb4810e6b0098560c5c791e56dc9952,true,2026-10-09T01:11:25.338187Z,48d69f9756559a7a8da696b16d93e10be849504250560e4830f3dc8ee97b4d9a,101fdb8cc2c9da7ea98da8602ac4e7879ab23c9d,false,2026-10-07T13:19:09.608307Z,8963ea465b99a6b2a2cca91ab2aa07ee321fb3a450edfd10a102f4681b3247e4,public-api.PIL.Image.Image.__eq__,PIL.Image.Image.__eq__,PIL.Image.Image.__eq__,method,outside_selected_manifest,python-parallel-cpu,Pillow,,public_api_inventory_gap,not_mapped_to_benchmark,,,,0,0,,0,0,0,0,,,,,0,0,0,0,0,0,0,0,,,
df5231519bb4810e6b0098560c5c791e56dc9952,true,2026-10-09T01:11:25.338187Z,48d69f9756559a7a8da696b16d93e10be849504250560e4830f3dc8ee97b4d9a,101fdb8cc2c9da7ea98da8602ac4e7879ab23c9d,false,2026-10-07T13:19:09.608307Z,8963ea465b99a6b2a2cca91ab2aa07ee321fb3a450edfd10a102f4681b3247e4,public-api.PIL.Image.Image.__repr__,PIL.Image.Image.__repr__,PIL.Image.Image.__repr__,method,outside_selected_manifest,python-cpu,Pillow,1.0,public_api_inventory_gap,not_mapped_to_benchmark,,,,0,0,,0,0,0,0,,,,,0,0,0,0,0,0,0,0,,,
df5231519bb4810e6b0098560c5c791e56dc9952,true,2026-10-09T01:11:25.338187Z,48d69f9756559a7a8da696b16d93e10be849504250560e4830f3dc8ee97b4d9a,101fdb8cc2c9da7ea98da8602ac4e7879ab23c9d,false,2026-10-07T13:19:09.608307Z,8963ea465b99a6b2a2cca91ab2aa07ee321fb3a450edfd10a102f4681b3247e4,public-api.PIL.Image.Image.__repr__,PIL.Image.Image.__repr__,PIL.Image.Image.__repr__,method,outside_selected_manifest,python-simd,Pillow,2.0,public_api_inventory_gap,not_mapped_to_benchmark,,,,0,0,,0,0,0,0,0,,,,0,0,0,0,0,0,0,0,,,
df5231519bb4810e6b0098560c5c791e56dc9952,true,2026-10-09T01:11:25.338187Z,48d69f9756559a7a8da696b16d93e10be849504250560e4830f3dc8ee97b4d9a,101fdb8cc2c9da7ea98da8602ac4e7879ab23c9d,false,2026-10-07T13:19:09.608307Z,8963ea465b99a6b2a2cca91ab2aa07ee321fb3a450edfd10a102f4681b3247e4,public-api.PIL.Image.Image.__repr__,PIL.Image.Image.__repr__,PIL.Image.Image.__repr__,method,outside_selected_manifest,python-gpu,SIMD,1.0,public_api_inventory_gap,not_mapped_to_benchmark,,,,0,0,,0,0,0,0,,,,,0,0,0,0,0,0,0,0,,not_measured,
df5231519bb4810e6b0098560c5c791e56dc9952,true,2026-10-09T01:11:25.338187Z,48d69f9756559a7a8da696b16d93e10be849504250560e4830f3dc8ee97b4d9a,101fdb8cc2c9da7ea98da8602ac4e7879ab23c9d,false,2026-10-07T13:19:09.608307Z,8963ea465b99a6b2a2cca91ab2aa07ee321fb3a450edfd10a102f4681b3247e4,public-api.PIL.Image.Image.__repr__,PIL.Image.Image.__repr__,PIL.Image.Image.__repr__,method,outside_selected_manifest,python-parallel-cpu,Pillow,,public_api_inventory_gap,not_mapped_to_benchmark,,,,0,0,,0,0,0,0,,,,,0,0,0,0,0,0,0,0,,,
df5231519bb4810e6b0098560c5c791e56dc9952,true,2026-10-09T01:11:25.338187Z,48d69f9756559a7a8da696b16d93e10be849504250560e4830f3dc8ee97b4d9a,101fdb8cc2c9da7ea98da8602ac4e7879ab23c9d,false,2026-10-07T13:19:09.608307Z,8963ea465b99a6b2a2cca91ab2aa07ee321fb3a450edfd10a102f4681b3247e4,public-api.PIL.Image.Image.effect_mandelbrot,PIL.Image.Image.effect_mandelbrot,PIL.Image.Image.effect_mandelbrot,method,outside_selected_manifest,python-cpu,Pillow,1.0,public_api_inventory_gap,not_mapped_to_benchmark,,,,0,0,,0,0,0,0,,,,,0,0,0,0,0,0,0,0,,,
df5231519bb4810e6b0098560c5c791e56dc9952,true,2026-10-09T01:11:25.338187Z,48d69f9756559a7a8da696b16d93e10be849504250560e4830f3dc8ee97b4d9a,101fdb8cc2c9da7ea98da8602ac4e7879ab23c9d,false,2026-10-07T13:19:09.608307Z,8963ea465b99a6b2a2cca91ab2aa07ee321fb3a450edfd10a102f4681b3247e4,public-api.PIL.Image.Image.effect_mandelbrot,PIL.Image.Image.effect_mandelbrot,PIL.Image.Image.effect_mandelbrot,method,outside_selected_manifest,python-simd,Pillow,2.0,public_api_inventory_gap,not_mapped_to_benchmark,,,,0,0,,0,0,0,0,0,,,,0,0,0,0,0,0,0,0,,,
df5231519bb4810e6b0098560c5c791e56dc9952,true,2026-10-09T01:11:25.338187Z,48d69f9756559a7a8da696b16d93e10be849504250560e4830f3dc8ee97b4d9a,101fdb8cc2c9da7ea98da8602ac4e7879ab23c9d,false,2026-10-07T13:19:09.608307Z,8963ea465b99a6b2a2cca91ab2aa07ee321fb3a450edfd10a102f4681b3247e4,public-api.PIL.Image.Image.effect_mandelbrot,PIL.Image.Image.effect_mandelbrot,PIL.Image.Image.effect_mandelbrot,method,outside_selected_manifest,python-gpu,SIMD,1.0,public_api_inventory_gap,not_mapped_to_benchmark,,,,0,0,,0,0,0,0,,,,,0,0,0,0,0,0,0,0,,not_measured,
df5231519bb4810e6b0098560c5c791e56dc9952,true,2026-10-09T01:11:25.338187Z,48d69f9756559a7a8da696b16d93e10be849504250560e4830f3dc8ee97b4d9a,101fdb8cc2c9da7ea98da8602ac4e7879ab23c9d,false,2026-10-07T13:19:09.608307Z,8963ea465b99a6b2a2cca91ab2aa07ee321fb3a450edfd10a102f4681b3247e4,public-api.PIL.Image.Image.effect_mandelbrot,PIL.Image.Image.effect_mandelbrot,PIL.Image.Image.effect_mandelbrot,method,outside_selected_manifest,python-parallel-cpu,Pillow,,public_api_inventory_gap,not_mapped_to_benchmark,,,,0,0,,0,0,0,0,,,,,0,0,0,0,0,0,0,0,,,
df5231519bb4810e6b0098560c5c791e56dc9952,true,2026-10-09T01:11:25.338187Z,48d69f9756559a7a8da696b16d93e10be849504250560e4830f3dc8ee97b4d9a,101fdb8cc2c9da7ea98da8602ac4e7879ab23c9d,false,2026-10-07T13:19:09.608307Z,8963ea465b99a6b2a2cca91ab2aa07ee321fb3a450edfd10a102f4681b3247e4,public-api.PIL.Image.Image.effect_noise,PIL.Image.Image.effect_noise,PIL.Image.Image.effect_noise,method,outside_selected_manifest,python-cpu,Pillow,1.0,public_api_inventory_gap,not_mapped_to_benchmark,,,,0,0,,0,0,0,0,,,,,0,0,0,0,0,0,0,0,,,
df5231519bb4810e6b0098560c5c791e56dc9952,true,2026-10-09T01:11:25.338187Z,48d69f9756559a7a8da696b16d93e10be849504250560e4830f3dc8ee97b4d9a,101fdb8cc2c9da7ea98da8602ac4e7879ab23c9d,false,2026-10-07T13:19:09.608307Z,8963ea465b99a6b2a2cca91ab2aa07ee321fb3a450edfd10a102f4681b3247e4,public-api.PIL.Image.Image.effect_noise,PIL.Image.Image.effect_noise,PIL.Image.Image.effect_noise,method,outside_selected_manifest,python-simd,Pillow,2.0,public_api_inventory_gap,not_mapped_to_benchmark,,,,0,0,,0,0,0,0,0,,,,0,0,0,0,0,0,0,0,,,
df5231519bb4810e6b0098560c5c791e56dc9952,true,2026-10-09T01:11:25.338187Z,48d69f9756559a7a8da696b16d93e10be849504250560e4830f3dc8ee97b4d9a,101fdb8cc2c9da7ea98da8602ac4e7879ab23c9d,false,2026-10-07T13:19:09.608307Z,8963ea465b99a6b2a2cca91ab2aa07ee321fb3a450edfd10a102f4681b3247e4,public-api.PIL.Image.Image.effect_noise,PIL.Image.Image.effect_noise,PIL.Image.Image.effect_noise,method,outside_selected_manifest,python-gpu,SIMD,1.0,public_api_inventory_gap,not_mapped_to_benchmark,,,,0,0,,0,0,0,0,,,,,0,0,0,0,0,0,0,0,,not_measured,
df5231519bb4810e6b0098560c5c791e56dc9952,true,2026-10-09T01:11:25.338187Z,48d69f9756559a7a8da696b16d93e10be849504250560e4830f3dc8ee97b4d9a,101fdb8cc2c9da7ea98da8602ac4e7879ab23c9d,false,2026-10-07T13:19:09.608307Z,8963ea465b99a6b2a2cca91ab2aa07ee321fb3a450edfd10a102f4681b3247e4,public-api.PIL.Image.Image.effect_noise,PIL.Image.Image.effect_noise,PIL.Image.Image.effect_noise,method,outside_selected_manifest,python-parallel-cpu,Pillow,,public_api_inventory_gap,not_mapped_to_benchmark,,,,0,0,,0,0,0,0,,,,,0,0,0,0,0,0,0,0,,,
df5231519bb4810e6b0098560c5c791e56dc9952,true,2026-10-09T01:11:25.338187Z,48d69f9756559a7a8da696b16d93e10be849504250560e4830f3dc8ee97b4d9a,101fdb8cc2c9da7ea98da8602ac4e7879ab23c9d,false,2026-10-07T13:19:09.608307Z,8963ea465b99a6b2a2cca91ab2aa07ee321fb3a450edfd10a102f4681b3247e4,public-api.PIL.Image.Image.eval,PIL.Image.Image.eval,PIL.Image.Image.eval,method,outside_selected_manifest,python-cpu,Pillow,1.0,public_api_inventory_gap,not_mapped_to_benchmark,,,,0,0,,0,0,0,0,,,,,0,0,0,0,0,0,0,0,,,
df5231519bb4810e6b0098560c5c791e56dc9952,true,2026-10-09T01:11:25.338187Z,48d69f9756559a7a8da696b16d93e10be849504250560e4830f3dc8ee97b4d9a,101fdb8cc2c9da7ea98da8602ac4e7879ab23c9d,false,2026-10-07T13:19:09.608307Z,8963ea465b99a6b2a2cca91ab2aa07ee321fb3a450edfd10a102f4681b3247e4,public-api.PIL.Image.Image.eval,PIL.Image.Image.eval,PIL.Image.Image.eval,method,outside_selected_manifest,python-simd,Pillow,2.0,public_api_inventory_gap,not_mapped_to_benchmark,,,,0,0,,0,0,0,0,0,,,,0,0,0,0,0,0,0,0,,,
df5231519bb4810e6b0098560c5c791e56dc9952,true,2026-10-09T01:11:25.338187Z,48d69f9756559a7a8da696b16d93e10be849504250560e4830f3dc8ee97b4d9a,101fdb8cc2c9da7ea98da8602ac4e7879ab23c9d,false,2026-10-07T13:19:09.608307Z,8963ea465b99a6b2a2cca91ab2aa07ee321fb3a450edfd10a102f4681b3247e4,public-api.PIL.Image.Image.eval,PIL.Image.Image.eval,PIL.Image.Image.eval,method,outside_selected_manifest,python-gpu,SIMD,1.0,public_api_inventory_gap,not_mapped_to_benchmark,,,,0,0,,0,0,0,0,,,,,0,0,0,0,0,0,0,0,,not_measured,
df5231519bb4810e6b0098560c5c791e56dc9952,true,2026-10-09T01:11:25.338187Z,48d69f9756559a7a8da696b16d93e10be849504250560e4830f3dc8ee97b4d9a,101fdb8cc2c9da7ea98da8602ac4e7879ab23c9d,false,2026-10-07T13:19:09.608307Z,8963ea465b99a6b2a2cca91ab2aa07ee321fb3a450edfd10a102f4681b3247e4,public-api.PIL.Image.Image.eval,PIL.Image.Image.eval,PIL.Image.Image.eval,method,outside_selected_manifest,python-parallel-cpu,Pillow,,public_api_inventory_gap,not_mapped_to_benchmark,,,,0,0,,0,0,0,0,,,,,0,0,0,0,0,0,0,0,,,
df5231519bb4810e6b0098560c5c791e56dc9952,true,2026-10-09T01:11:25.338187Z,48d69f9756559a7a8da696b16d93e10be849504250560e4830f3dc8ee97b4d9a,101fdb8cc2c9da7ea98da8602ac4e7879ab23c9d,false,2026-10-07T13:19:09.608307Z,8963ea465b99a6b2a2cca91ab2aa07ee321fb3a450edfd10a102f4681b3247e4,public-api.PIL.Image.Image.fromarray,PIL.Image.Image.fromarray,PIL.Image.Image.fromarray,method,outside_selected_manifest,python-cpu,Pillow,1.0,public_api_inventory_gap,not_mapped_to_benchmark,,,,0,0,,0,0,0,0,,,,,0,0,0,0,0,0,0,0,,,
df5231519bb4810e6b0098560c5c791e56dc9952,true,2026-10-09T01:11:25.338187Z,48d69f9756559a7a8da696b16d93e10be849504250560e4830f3dc8ee97b4d9a,101fdb8cc2c9da7ea98da8602ac4e7879ab23c9d,false,2026-10-07T13:19:09.608307Z,8963ea465b99a6b2a2cca91ab2aa07ee321fb3a450edfd10a102f4681b3247e4,public-api.PIL.Image.Image.fromarray,PIL.Image.Image.fromarray,PIL.Image.Image.fromarray,method,outside_selected_manifest,python-simd,Pillow,2.0,public_api_inventory_gap,not_mapped_to_benchmark,,,,0,0,,0,0,0,0,0,,,,0,0,0,0,0,0,0,0,,,
df5231519bb4810e6b0098560c5c791e56dc9952,true,2026-10-09T01:11:25.338187Z,48d69f9756559a7a8da696b16d93e10be849504250560e4830f3dc8ee97b4d9a,101fdb8cc2c9da7ea98da8602ac4e7879ab23c9d,false,2026-10-07T13:19:09.608307Z,8963ea465b99a6b2a2cca91ab2aa07ee321fb3a450edfd10a102f4681b3247e4,public-api.PIL.Image.Image.fromarray,PIL.Image.Image.fromarray,PIL.Image.Image.fromarray,method,outside_selected_manifest,python-gpu,SIMD,1.0,public_api_inventory_gap,not_mapped_to_benchmark,,,,0,0,,0,0,0,0,,,,,0,0,0,0,0,0,0,0,,not_measured,
df5231519bb4810e6b0098560c5c791e56dc9952,true,2026-10-09T01:11:25.338187Z,48d69f9756559a7a8da696b16d93e10be849504250560e4830f3dc8ee97b4d9a,101fdb8cc2c9da7ea98da8602ac4e7879ab23c9d,false,2026-10-07T13:19:09.608307Z,8963ea465b99a6b2a2cca91ab2aa07ee321fb3a450edfd10a102f4681b3247e4,public-api.PIL.Image.Image.fromarray,PIL.Image.Image.fromarray,PIL.Image.Image.fromarray,method,outside_selected_manifest,python-parallel-cpu,Pillow,,public_api_inventory_gap,not_mapped_to_benchmark,,,,0,0,,0,0,0,0,,,,,0,0,0,0,0,0,0,0,,,
df5231519bb4810e6b0098560c5c791e56dc9952,true,2026-10-09T01:11:25.338187Z,48d69f9756559a7a8da696b16d93e10be849504250560e4830f3dc8ee97b4d9a,101fdb8cc2c9da7ea98da8602ac4e7879ab23c9d,false,2026-10-07T13:19:09.608307Z,8963ea465b99a6b2a2cca91ab2aa07ee321fb3a450edfd10a102f4681b3247e4,public-api.PIL.Image.Image.frombuffer,PIL.Image.Image.frombuffer,PIL.Image.Image.frombuffer,method,outside_selected_manifest,python-cpu,Pillow,1.0,public_api_inventory_gap,not_mapped_to_benchmark,,,,0,0,,0,0,0,0,,,,,0,0,0,0,0,0,0,0,,,
df5231519bb4810e6b0098560c5c791e56dc9952,true,2026-10-09T01:11:25.338187Z,48d69f9756559a7a8da696b16d93e10be849504250560e4830f3dc8ee97b4d9a,101fdb8cc2c9da7ea98da8602ac4e7879ab23c9d,false,2026-10-07T13:19:09.608307Z,8963ea465b99a6b2a2cca91ab2aa07ee321fb3a450edfd10a102f4681b3247e4,public-api.PIL.Image.Image.frombuffer,PIL.Image.Image.frombuffer,PIL.Image.Image.frombuffer,method,outside_selected_manifest,python-simd,Pillow,2.0,public_api_inventory_gap,not_mapped_to_benchmark,,,,0,0,,0,0,0,0,0,,,,0,0,0,0,0,0,0,0,,,
df5231519bb4810e6b0098560c5c791e56dc9952,true,2026-10-09T01:11:25.338187Z,48d69f9756559a7a8da696b16d93e10be849504250560e4830f3dc8ee97b4d9a,101fdb8cc2c9da7ea98da8602ac4e7879ab23c9d,false,2026-10-07T13:19:09.608307Z,8963ea465b99a6b2a2cca91ab2aa07ee321fb3a450edfd10a102f4681b3247e4,public-api.PIL.Image.Image.frombuffer,PIL.Image.Image.frombuffer,PIL.Image.Image.frombuffer,method,outside_selected_manifest,python-gpu,SIMD,1.0,public_api_inventory_gap,not_mapped_to_benchmark,,,,0,0,,0,0,0,0,,,,,0,0,0,0,0,0,0,0,,not_measured,
df5231519bb4810e6b0098560c5c791e56dc9952,true,2026-10-09T01:11:25.338187Z,48d69f9756559a7a8da696b16d93e10be849504250560e4830f3dc8ee97b4d9a,101fdb8cc2c9da7ea98da8602ac4e7879ab23c9d,false,2026-10-07T13:19:09.608307Z,8963ea465b99a6b2a2cca91ab2aa07ee321fb3a450edfd10a102f4681b3247e4,public-api.PIL.Image.Image.frombuffer,PIL.Image.Image.frombuffer,PIL.Image.Image.frombuffer,method,outside_selected_manifest,python-parallel-cpu,Pillow,,public_api_inventory_gap,not_mapped_to_benchmark,,,,0,0,,0,0,0,0,,,,,0,0,0,0,0,0,0,0,,,
df5231519bb4810e6b0098560c5c791e56dc9952,true,2026-10-09T01:11:25.338187Z,48d69f9756559a7a8da696b16d93e10be849504250560e4830f3dc8ee97b4d9a,101fdb8cc2c9da7ea98da8602ac4e7879ab23c9d,false,2026-10-07T13:19:09.608307Z,8963ea465b99a6b2a2cca91ab2aa07ee321fb3a450edfd10a102f4681b3247e4,public-api.PIL.Image.Image.linear_gradient,PIL.Image.Image.linear_gradient,PIL.Image.Image.linear_gradient,method,outside_selected_manifest,python-cpu,Pillow,1.0,public_api_inventory_gap,not_mapped_to_benchmark,,,,0,0,,0,0,0,0,,,,,0,0,0,0,0,0,0,0,,,
df5231519bb4810e6b0098560c5c791e56dc9952,true,2026-10-09T01:11:25.338187Z,48d69f9756559a7a8da696b16d93e10be849504250560e4830f3dc8ee97b4d9a,101fdb8cc2c9da7ea98da8602ac4e7879ab23c9d,false,2026-10-07T13:19:09.608307Z,8963ea465b99a6b2a2cca91ab2aa07ee321fb3a450edfd10a102f4681b3247e4,public-api.PIL.Image.Image.linear_gradient,PIL.Image.Image.linear_gradient,PIL.Image.Image.linear_gradient,method,outside_selected_manifest,python-simd,Pillow,2.0,public_api_inventory_gap,not_mapped_to_benchmark,,,,0,0,,0,0,0,0,0,,,,0,0,0,0,0,0,0,0,,,
df5231519bb4810e6b0098560c5c791e56dc9952,true,2026-10-09T01:11:25.338187Z,48d69f9756559a7a8da696b16d93e10be849504250560e4830f3dc8ee97b4d9a,101fdb8cc2c9da7ea98da8602ac4e7879ab23c9d,false,2026-10-07T13:19:09.608307Z,8963ea465b99a6b2a2cca91ab2aa07ee321fb3a450edfd10a102f4681b3247e4,public-api.PIL.Image.Image.linear_gradient,PIL.Image.Image.linear_gradient,PIL.Image.Image.linear_gradient,method,outside_selected_manifest,python-gpu,SIMD,1.0,public_api_inventory_gap,not_mapped_to_benchmark,,,,0,0,,0,0,0,0,,,,,0,0,0,0,0,0,0,0,,not_measured,
df5231519bb4810e6b0098560c5c791e56dc9952,true,2026-10-09T01:11:25.338187Z,48d69f9756559a7a8da696b16d93e10be849504250560e4830f3dc8ee97b4d9a,101fdb8cc2c9da7ea98da8602ac4e7879ab23c9d,false,2026-10-07T13:19:09.608307Z,8963ea465b99a6b2a2cca91ab2aa07ee321fb3a450edfd10a102f4681b3247e4,public-api.PIL.Image.Image.linear_gradient,PIL.Image.Image.linear_gradient,PIL.Image.Image.linear_gradient,method,outside_selected_manifest,python-parallel-cpu,Pillow,,public_api_inventory_gap,not_mapped_to_benchmark,,,,0,0,,0,0,0,0,,,,,0,0,0,0,0,0,0,0,,,
df5231519bb4810e6b0098560c5c791e56dc9952,true,2026-10-09T01:11:25.338187Z,48d69f9756559a7a8da696b16d93e10be849504250560e4830f3dc8ee97b4d9a,101fdb8cc2c9da7ea98da8602ac4e7879ab23c9d,false,2026-10-07T13:19:09.608307Z,8963ea465b99a6b2a2cca91ab2aa07ee321fb3a450edfd10a102f4681b3247e4,public-api.PIL.Image.Image.new,PIL.Image.Image.new,PIL.Image.Image.new,method,outside_selected_manifest,python-cpu,Pillow,1.0,public_api_inventory_gap,not_mapped_to_benchmark,,,,0,0,,0,0,0,0,,,,,0,0,0,0,0,0,0,0,,,
df5231519bb4810e6b0098560c5c791e56dc9952,true,2026-10-09T01:11:25.338187Z,48d69f9756559a7a8da696b16d93e10be849504250560e4830f3dc8ee97b4d9a,101fdb8cc2c9da7ea98da8602ac4e7879ab23c9d,false,2026-10-07T13:19:09.608307Z,8963ea465b99a6b2a2cca91ab2aa07ee321fb3a450edfd10a102f4681b3247e4,public-api.PIL.Image.Image.new,PIL.Image.Image.new,PIL.Image.Image.new,method,outside_selected_manifest,python-simd,Pillow,2.0,public_api_inventory_gap,not_mapped_to_benchmark,,,,0,0,,0,0,0,0,0,,,,0,0,0,0,0,0,0,0,,,
df5231519bb4810e6b0098560c5c791e56dc9952,true,2026-10-09T01:11:25.338187Z,48d69f9756559a7a8da696b16d93e10be849504250560e4830f3dc8ee97b4d9a,101fdb8cc2c9da7ea98da8602ac4e7879ab23c9d,false,2026-10-07T13:19:09.608307Z,8963ea465b99a6b2a2cca91ab2aa07ee321fb3a450edfd10a102f4681b3247e4,public-api.PIL.Image.Image.new,PIL.Image.Image.new,PIL.Image.Image.new,method,outside_selected_manifest,python-gpu,SIMD,1.0,public_api_inventory_gap,not_mapped_to_benchmark,,,,0,0,,0,0,0,0,,,,,0,0,0,0,0,0,0,0,,not_measured,
df5231519bb4810e6b0098560c5c791e56dc9952,true,2026-10-09T01:11:25.338187Z,48d69f9756559a7a8da696b16d93e10be849504250560e4830f3dc8ee97b4d9a,101fdb8cc2c9da7ea98da8602ac4e7879ab23c9d,false,2026-10-07T13:19:09.608307Z,8963ea465b99a6b2a2cca91ab2aa07ee321fb3a450edfd10a102f4681b3247e4,public-api.PIL.Image.Image.new,PIL.Image.Image.new,PIL.Image.Image.new,method,outside_selected_manifest,python-parallel-cpu,Pillow,,public_api_inventory_gap,not_mapped_to_benchmark,,,,0,0,,0,0,0,0,,,,,0,0,0,0,0,0,0,0,,,
df5231519bb4810e6b0098560c5c791e56dc9952,true,2026-10-09T01:11:25.338187Z,48d69f9756559a7a8da696b16d93e10be849504250560e4830f3dc8ee97b4d9a,101fdb8cc2c9da7ea98da8602ac4e7879ab23c9d,false,2026-10-07T13:19:09.608307Z,8963ea465b99a6b2a2cca91ab2aa07ee321fb3a450edfd10a102f4681b3247e4,public-api.PIL.Image.Image.open,PIL.Image.Image.open,PIL.Image.Image.open,method,outside_selected_manifest,python-cpu,Pillow,1.0,public_api_inventory_gap,not_mapped_to_benchmark,,,,0,0,,0,0,0,0,,,,,0,0,0,0,0,0,0,0,,,
df5231519bb4810e6b0098560c5c791e56dc9952,true,2026-10-09T01:11:25.338187Z,48d69f9756559a7a8da696b16d93e10be849504250560e4830f3dc8ee97b4d9a,101fdb8cc2c9da7ea98da8602ac4e7879ab23c9d,false,2026-10-07T13:19:09.608307Z,8963ea465b99a6b2a2cca91ab2aa07ee321fb3a450edfd10a102f4681b3247e4,public-api.PIL.Image.Image.open,PIL.Image.Image.open,PIL.Image.Image.open,method,outside_selected_manifest,python-simd,Pillow,2.0,public_api_inventory_gap,not_mapped_to_benchmark,,,,0,0,,0,0,0,0,0,,,,0,0,0,0,0,0,0,0,,,
df5231519bb4810e6b0098560c5c791e56dc9952,true,2026-10-09T01:11:25.338187Z,48d69f9756559a7a8da696b16d93e10be849504250560e4830f3dc8ee97b4d9a,101fdb8cc2c9da7ea98da8602ac4e7879ab23c9d,false,2026-10-07T13:19:09.608307Z,8963ea465b99a6b2a2cca91ab2aa07ee321fb3a450edfd10a102f4681b3247e4,public-api.PIL.Image.Image.open,PIL.Image.Image.open,PIL.Image.Image.open,method,outside_selected_manifest,python-gpu,SIMD,1.0,public_api_inventory_gap,not_mapped_to_benchmark,,,,0,0,,0,0,0,0,,,,,0,0,0,0,0,0,0,0,,not_measured,
df5231519bb4810e6b0098560c5c791e56dc9952,true,2026-10-09T01:11:25.338187Z,48d69f9756559a7a8da696b16d93e10be849504250560e4830f3dc8ee97b4d9a,101fdb8cc2c9da7ea98da8602ac4e7879ab23c9d,false,2026-10-07T13:19:09.608307Z,8963ea465b99a6b2a2cca91ab2aa07ee321fb3a450edfd10a102f4681b3247e4,public-api.PIL.Image.Image.open,PIL.Image.Image.open,PIL.Image.Image.open,method,outside_selected_manifest,python-parallel-cpu,Pillow,,public_api_inventory_gap,not_mapped_to_benchmark,,,,0,0,,0,0,0,0,,,,,0,0,0,0,0,0,0,0,,,
df5231519bb4810e6b0098560c5c791e56dc9952,true,2026-10-09T01:11:25.338187Z,48d69f9756559a7a8da696b16d93e10be849504250560e4830f3dc8ee97b4d9a,101fdb8cc2c9da7ea98da8602ac4e7879ab23c9d,false,2026-10-07T13:19:09.608307Z,8963ea465b99a6b2a2cca91ab2aa07ee321fb3a450edfd10a102f4681b3247e4,public-api.PIL.Image.Image.palette,PIL.Image.Image.palette,PIL.Image.Image.palette,property,outside_selected_manifest,python-cpu,Pillow,1.0,public_api_inventory_gap,not_mapped_to_benchmark,,,,0,0,,0,0,0,0,,,,,0,0,0,0,0,0,0,0,,,
df5231519bb4810e6b0098560c5c791e56dc9952,true,2026-10-09T01:11:25.338187Z,48d69f9756559a7a8da696b16d93e10be849504250560e4830f3dc8ee97b4d9a,101fdb8cc2c9da7ea98da8602ac4e7879ab23c9d,false,2026-10-07T13:19:09.608307Z,8963ea465b99a6b2a2cca91ab2aa07ee321fb3a450edfd10a102f4681b3247e4,public-api.PIL.Image.Image.palette,PIL.Image.Image.palette,PIL.Image.Image.palette,property,outside_selected_manifest,python-simd,Pillow,2.0,public_api_inventory_gap,not_mapped_to_benchmark,,,,0,0,,0,0,0,0,0,,,,0,0,0,0,0,0,0,0,,,
df5231519bb4810e6b0098560c5c791e56dc9952,true,2026-10-09T01:11:25.338187Z,48d69f9756559a7a8da696b16d93e10be849504250560e4830f3dc8ee97b4d9a,101fdb8cc2c9da7ea98da8602ac4e7879ab23c9d,false,2026-10-07T13:19:09.608307Z,8963ea465b99a6b2a2cca91ab2aa07ee321fb3a450edfd10a102f4681b3247e4,public-api.PIL.Image.Image.palette,PIL.Image.Image.palette,PIL.Image.Image.palette,property,outside_selected_manifest,python-gpu,SIMD,1.0,public_api_inventory_gap,not_mapped_to_benchmark,,,,0,0,,0,0,0,0,,,,,0,0,0,0,0,0,0,0,,not_measured,
df5231519bb4810e6b0098560c5c791e56dc9952,true,2026-10-09T01:11:25.338187Z,48d69f9756559a7a8da696b16d93e10be849504250560e4830f3dc8ee97b4d9a,101fdb8cc2c9da7ea98da8602ac4e7879ab23c9d,false,2026-10-07T13:19:09.608307Z,8963ea465b99a6b2a2cca91ab2aa07ee321fb3a450edfd10a102f4681b3247e4,public-api.PIL.Image.Image.palette,PIL.Image.Image.palette,PIL.Image.Image.palette,property,outside_selected_manifest,python-parallel-cpu,Pillow,,public_api_inventory_gap,not_mapped_to_benchmark,,,,0,0,,0,0,0,0,,,,,0,0,0,0,0,0,0,0,,,
df5231519bb4810e6b0098560c5c791e56dc9952,true,2026-10-09T01:11:25.338187Z,48d69f9756559a7a8da696b16d93e10be849504250560e4830f3dc8ee97b4d9a,101fdb8cc2c9da7ea98da8602ac4e7879ab23c9d,false,2026-10-07T13:19:09.608307Z,8963ea465b99a6b2a2cca91ab2aa07ee321fb3a450edfd10a102f4681b3247e4,public-api.PIL.Image.Image.radial_gradient,PIL.Image.Image.radial_gradient,PIL.Image.Image.radial_gradient,method,outside_selected_manifest,python-cpu,Pillow,1.0,public_api_inventory_gap,not_mapped_to_benchmark,,,,0,0,,0,0,0,0,,,,,0,0,0,0,0,0,0,0,,,
df5231519bb4810e6b0098560c5c791e56dc9952,true,2026-10-09T01:11:25.338187Z,48d69f9756559a7a8da696b16d93e10be849504250560e4830f3dc8ee97b4d9a,101fdb8cc2c9da7ea98da8602ac4e7879ab23c9d,false,2026-10-07T13:19:09.608307Z,8963ea465b99a6b2a2cca91ab2aa07ee321fb3a450edfd10a102f4681b3247e4,public-api.PIL.Image.Image.radial_gradient,PIL.Image.Image.radial_gradient,PIL.Image.Image.radial_gradient,method,outside_selected_manifest,python-simd,Pillow,2.0,public_api_inventory_gap,not_mapped_to_benchmark,,,,0,0,,0,0,0,0,0,,,,0,0,0,0,0,0,0,0,,,
df5231519bb4810e6b0098560c5c791e56dc9952,true,2026-10-09T01:11:25.338187Z,48d69f9756559a7a8da696b16d93e10be849504250560e4830f3dc8ee97b4d9a,101fdb8cc2c9da7ea98da8602ac4e7879ab23c9d,false,2026-10-07T13:19:09.608307Z,8963ea465b99a6b2a2cca91ab2aa07ee321fb3a450edfd10a102f4681b3247e4,public-api.PIL.Image.Image.radial_gradient,PIL.Image.Image.radial_gradient,PIL.Image.Image.radial_gradient,method,outside_selected_manifest,python-gpu,SIMD,1.0,public_api_inventory_gap,not_mapped_to_benchmark,,,,0,0,,0,0,0,0,,,,,0,0,0,0,0,0,0,0,,not_measured,
df5231519bb4810e6b0098560c5c791e56dc9952,true,2026-10-09T01:11:25.338187Z,48d69f9756559a7a8da696b16d93e10be849504250560e4830f3dc8ee97b4d9a,101fdb8cc2c9da7ea98da8602ac4e7879ab23c9d,false,2026-10-07T13:19:09.608307Z,8963ea465b99a6b2a2cca91ab2aa07ee321fb3a450edfd10a102f4681b3247e4,public-api.PIL.Image.Image.radial_gradient,PIL.Image.Image.radial_gradient,PIL.Image.Image.radial_gradient,method,outside_selected_manifest,python-parallel-cpu,Pillow,,public_api_inventory_gap,not_mapped_to_benchmark,,,,0,0,,0,0,0,0,,,,,0,0,0,0,0,0,0,0,,,
df5231519bb4810e6b0098560c5c791e56dc9952,true,2026-10-09T01:11:25.338187Z,48d69f9756559a7a8da696b16d93e10be849504250560e4830f3dc8ee97b4d9a,101fdb8cc2c9da7ea98da8602ac4e7879ab23c9d,false,2026-10-07T13:19:09.608307Z,8963ea465b99a6b2a2cca91ab2aa07ee321fb3a450edfd10a102f4681b3247e4,public-api.PIL.Image.Image.show,PIL.Image.Image.show,PIL.Image.Image.show,method,outside_selected_manifest,python-cpu,Pillow,1.0,public_api_inventory_gap,not_mapped_to_benchmark,,,,0,0,,0,0,0,0,,,,,0,0,0,0,0,0,0,0,,,
df5231519bb4810e6b0098560c5c791e56dc9952,true,2026-10-09T01:11:25.338187Z,48d69f9756559a7a8da696b16d93e10be849504250560e4830f3dc8ee97b4d9a,101fdb8cc2c9da7ea98da8602ac4e7879ab23c9d,false,2026-10-07T13:19:09.608307Z,8963ea465b99a6b2a2cca91ab2aa07ee321fb3a450edfd10a102f4681b3247e4,public-api.PIL.Image.Image.show,PIL.Image.Image.show,PIL.Image.Image.show,method,outside_selected_manifest,python-simd,Pillow,2.0,public_api_inventory_gap,not_mapped_to_benchmark,,,,0,0,,0,0,0,0,0,,,,0,0,0,0,0,0,0,0,,,
df5231519bb4810e6b0098560c5c791e56dc9952,true,2026-10-09T01:11:25.338187Z,48d69f9756559a7a8da696b16d93e10be849504250560e4830f3dc8ee97b4d9a,101fdb8cc2c9da7ea98da8602ac4e7879ab23c9d,false,2026-10-07T13:19:09.608307Z,8963ea465b99a6b2a2cca91ab2aa07ee321fb3a450edfd10a102f4681b3247e4,public-api.PIL.Image.Image.show,PIL.Image.Image.show,PIL.Image.Image.show,method,outside_selected_manifest,python-gpu,SIMD,1.0,public_api_inventory_gap,not_mapped_to_benchmark,,,,0,0,,0,0,0,0,,,,,0,0,0,0,0,0,0,0,,not_measured,
df5231519bb4810e6b0098560c5c791e56dc9952,true,2026-10-09T01:11:25.338187Z,48d69f9756559a7a8da696b16d93e10be849504250560e4830f3dc8ee97b4d9a,101fdb8cc2c9da7ea98da8602ac4e7879ab23c9d,false,2026-10-07T13:19:09.608307Z,8963ea465b99a6b2a2cca91ab2aa07ee321fb3a450edfd10a102f4681b3247e4,public-api.PIL.Image.Image.show,PIL.Image.Image.show,PIL.Image.Image.show,method,outside_selected_manifest,python-parallel-cpu,Pillow,,public_api_inventory_gap,not_mapped_to_benchmark,,,,0,0,,0,0,0,0,,,,,0,0,0,0,0,0,0,0,,,
df5231519bb4810e6b0098560c5c791e56dc9952,true,2026-10-09T01:11:25.338187Z,48d69f9756559a7a8da696b16d93e10be849504250560e4830f3dc8ee97b4d9a,101fdb8cc2c9da7ea98da8602ac4e7879ab23c9d,false,2026-10-07T13:19:09.608307Z,8963ea465b99a6b2a2cca91ab2aa07ee321fb3a450edfd10a102f4681b3247e4,public-api.PIL.Image.ImageFormat,PIL.Image.ImageFormat,PIL.Image.ImageFormat,class,outside_selected_manifest,python-cpu,Pillow,1.0,public_api_inventory_gap,not_mapped_to_benchmark,,,,0,0,,0,0,0,0,,,,,0,0,0,0,0,0,0,0,,,
df5231519bb4810e6b0098560c5c791e56dc9952,true,2026-10-09T01:11:25.338187Z,48d69f9756559a7a8da696b16d93e10be849504250560e4830f3dc8ee97b4d9a,101fdb8cc2c9da7ea98da8602ac4e7879ab23c9d,false,2026-10-07T13:19:09.608307Z,8963ea465b99a6b2a2cca91ab2aa07ee321fb3a450edfd10a102f4681b3247e4,public-api.PIL.Image.ImageFormat,PIL.Image.ImageFormat,PIL.Image.ImageFormat,class,outside_selected_manifest,python-simd,Pillow,2.0,public_api_inventory_gap,not_mapped_to_benchmark,,,,0,0,,0,0,0,0,0,,,,0,0,0,0,0,0,0,0,,,
df5231519bb4810e6b0098560c5c791e56dc9952,true,2026-10-09T01:11:25.338187Z,48d69f9756559a7a8da696b16d93e10be849504250560e4830f3dc8ee97b4d9a,101fdb8cc2c9da7ea98da8602ac4e7879ab23c9d,false,2026-10-07T13:19:09.608307Z,8963ea465b99a6b2a2cca91ab2aa07ee321fb3a450edfd10a102f4681b3247e4,public-api.PIL.Image.ImageFormat,PIL.Image.ImageFormat,PIL.Image.ImageFormat,class,outside_selected_manifest,python-gpu,SIMD,1.0,public_api_inventory_gap,not_mapped_to_benchmark,,,,0,0,,0,0,0,0,,,,,0,0,0,0,0,0,0,0,,not_measured,
df5231519bb4810e6b0098560c5c791e56dc9952,true,2026-10-09T01:11:25.338187Z,48d69f9756559a7a8da696b16d93e10be849504250560e4830f3dc8ee97b4d9a,101fdb8cc2c9da7ea98da8602ac4e7879ab23c9d,false,2026-10-07T13:19:09.608307Z,8963ea465b99a6b2a2cca91ab2aa07ee321fb3a450edfd10a102f4681b3247e4,public-api.PIL.Image.ImageFormat,PIL.Image.ImageFormat,PIL.Image.ImageFormat,class,outside_selected_manifest,python-parallel-cpu,Pillow,,public_api_inventory_gap,not_mapped_to_benchmark,,,,0,0,,0,0,0,0,,,,,0,0,0,0,0,0,0,0,,,
df5231519bb4810e6b0098560c5c791e56dc9952,true,2026-10-09T01:11:25.338187Z,48d69f9756559a7a8da696b16d93e10be849504250560e4830f3dc8ee97b4d9a,101fdb8cc2c9da7ea98da8602ac4e7879ab23c9d,false,2026-10-07T13:19:09.608307Z,8963ea465b99a6b2a2cca91ab2aa07ee321fb3a450edfd10a102f4681b3247e4,public-api.PIL.Image.ImageMode,PIL.Image.ImageMode,PIL.Image.ImageMode,class,outside_selected_manifest,python-cpu,Pillow,1.0,public_api_inventory_gap,not_mapped_to_benchmark,,,,0,0,,0,0,0,0,,,,,0,0,0,0,0,0,0,0,,,
df5231519bb4810e6b0098560c5c791e56dc9952,true,2026-10-09T01:11:25.338187Z,48d69f9756559a7a8da696b16d93e10be849504250560e4830f3dc8ee97b4d9a,101fdb8cc2c9da7ea98da8602ac4e7879ab23c9d,false,2026-10-07T13:19:09.608307Z,8963ea465b99a6b2a2cca91ab2aa07ee321fb3a450edfd10a102f4681b3247e4,public-api.PIL.Image.ImageMode,PIL.Image.ImageMode,PIL.Image.ImageMode,class,outside_selected_manifest,python-simd,Pillow,2.0,public_api_inventory_gap,not_mapped_to_benchmark,,,,0,0,,0,0,0,0,0,,,,0,0,0,0,0,0,0,0,,,
df5231519bb4810e6b0098560c5c791e56dc9952,true,2026-10-09T01:11:25.338187Z,48d69f9756559a7a8da696b16d93e10be849504250560e4830f3dc8ee97b4d9a,101fdb8cc2c9da7ea98da8602ac4e7879ab23c9d,false,2026-10-07T13:19:09.608307Z,8963ea465b99a6b2a2cca91ab2aa07ee321fb3a450edfd10a102f4681b3247e4,public-api.PIL.Image.ImageMode,PIL.Image.ImageMode,PIL.Image.ImageMode,class,outside_selected_manifest,python-gpu,SIMD,1.0,public_api_inventory_gap,not_mapped_to_benchmark,,,,0,0,,0,0,0,0,,,,,0,0,0,0,0,0,0,0,,not_measured,
df5231519bb4810e6b0098560c5c791e56dc9952,true,2026-10-09T01:11:25.338187Z,48d69f9756559a7a8da696b16d93e10be849504250560e4830f3dc8ee97b4d9a,101fdb8cc2c9da7ea98da8602ac4e7879ab23c9d,false,2026-10-07T13:19:09.608307Z,8963ea465b99a6b2a2cca91ab2aa07ee321fb3a450edfd10a102f4681b3247e4,public-api.PIL.Image.ImageMode,PIL.Image.ImageMode,PIL.Image.ImageMode,class,outside_selected_manifest,python-parallel-cpu,Pillow,,public_api_inventory_gap,not_mapped_to_benchmark,,,,0,0,,0,0,0,0,,,,,0,0,0,0,0,0,0,0,,,
df5231519bb4810e6b0098560c5c791e56dc9952,true,2026-10-09T01:11:25.338187Z,48d69f9756559a7a8da696b16d93e10be849504250560e4830f3dc8ee97b4d9a,101fdb8cc2c9da7ea98da8602ac4e7879ab23c9d,false,2026-10-07T13:19:09.608307Z,8963ea465b99a6b2a2cca91ab2aa07ee321fb3a450edfd10a102f4681b3247e4,public-api.PIL.Image.ImagingCore,PIL.Image.ImagingCore,PIL.Image.ImagingCore,class,outside_selected_manifest,python-cpu,Pillow,1.0,public_api_inventory_gap,not_mapped_to_benchmark,,,,0,0,,0,0,0,0,,,,,0,0,0,0,0,0,0,0,,,
df5231519bb4810e6b0098560c5c791e56dc9952,true,2026-10-09T01:11:25.338187Z,48d69f9756559a7a8da696b16d93e10be849504250560e4830f3dc8ee97b4d9a,101fdb8cc2c9da7ea98da8602ac4e7879ab23c9d,false,2026-10-07T13:19:09.608307Z,8963ea465b99a6b2a2cca91ab2aa07ee321fb3a450edfd10a102f4681b3247e4,public-api.PIL.Image.ImagingCore,PIL.Image.ImagingCore,PIL.Image.ImagingCore,class,outside_selected_manifest,python-simd,Pillow,2.0,public_api_inventory_gap,not_mapped_to_benchmark,,,,0,0,,0,0,0,0,0,,,,0,0,0,0,0,0,0,0,,,
df5231519bb4810e6b0098560c5c791e56dc9952,true,2026-10-09T01:11:25.338187Z,48d69f9756559a7a8da696b16d93e10be849504250560e4830f3dc8ee97b4d9a,101fdb8cc2c9da7ea98da8602ac4e7879ab23c9d,false,2026-10-07T13:19:09.608307Z,8963ea465b99a6b2a2cca91ab2aa07ee321fb3a450edfd10a102f4681b3247e4,public-api.PIL.Image.ImagingCore,PIL.Image.ImagingCore,PIL.Image.ImagingCore,class,outside_selected_manifest,python-gpu,SIMD,1.0,public_api_inventory_gap,not_mapped_to_benchmark,,,,0,0,,0,0,0,0,,,,,0,0,0,0,0,0,0,0,,not_measured,
df5231519bb4810e6b0098560c5c791e56dc9952,true,2026-10-09T01:11:25.338187Z,48d69f9756559a7a8da696b16d93e10be849504250560e4830f3dc8ee97b4d9a,101fdb8cc2c9da7ea98da8602ac4e7879ab23c9d,false,2026-10-07T13:19:09.608307Z,8963ea465b99a6b2a2cca91ab2aa07ee321fb3a450edfd10a102f4681b3247e4,public-api.PIL.Image.ImagingCore,PIL.Image.ImagingCore,PIL.Image.ImagingCore,class,outside_selected_manifest,python-parallel-cpu,Pillow,,public_api_inventory_gap,not_mapped_to_benchmark,,,,0,0,,0,0,0,0,,,,,0,0,0,0,0,0,0,0,,,
df5231519bb4810e6b0098560c5c791e56dc9952,true,2026-10-09T01:11:25.338187Z,48d69f9756559a7a8da696b16d93e10be849504250560e4830f3dc8ee97b4d9a,101fdb8cc2c9da7ea98da8602ac4e7879ab23c9d,false,2026-10-07T13:19:09.608307Z,8963ea465b99a6b2a2cca91ab2aa07ee321fb3a450edfd10a102f4681b3247e4,public-api.PIL.Image.ImagingCore.__bytes__,PIL.Image.ImagingCore.__bytes__,PIL.Image.ImagingCore.__bytes__,method,outside_selected_manifest,python-cpu,Pillow,1.0,public_api_inventory_gap,not_mapped_to_benchmark,,,,0,0,,0,0,0,0,,,,,0,0,0,0,0,0,0,0,,,
df5231519bb4810e6b0098560c5c791e56dc9952,true,2026-10-09T01:11:25.338187Z,48d69f9756559a7a8da696b16d93e10be849504250560e4830f3dc8ee97b4d9a,101fdb8cc2c9da7ea98da8602ac4e7879ab23c9d,false,2026-10-07T13:19:09.608307Z,8963ea465b99a6b2a2cca91ab2aa07ee321fb3a450edfd10a102f4681b3247e4,public-api.PIL.Image.ImagingCore.__bytes__,PIL.Image.ImagingCore.__bytes__,PIL.Image.ImagingCore.__bytes__,method,outside_selected_manifest,python-simd,Pillow,2.0,public_api_inventory_gap,not_mapped_to_benchmark,,,,0,0,,0,0,0,0,0,,,,0,0,0,0,0,0,0,0,,,
df5231519bb4810e6b0098560c5c791e56dc9952,true,2026-10-09T01:11:25.338187Z,48d69f9756559a7a8da696b16d93e10be849504250560e4830f3dc8ee97b4d9a,101fdb8cc2c9da7ea98da8602ac4e7879ab23c9d,false,2026-10-07T13:19:09.608307Z,8963ea465b99a6b2a2cca91ab2aa07ee321fb3a450edfd10a102f4681b3247e4,public-api.PIL.Image.ImagingCore.__bytes__,PIL.Image.ImagingCore.__bytes__,PIL.Image.ImagingCore.__bytes__,method,outside_selected_manifest,python-gpu,SIMD,1.0,public_api_inventory_gap,not_mapped_to_benchmark,,,,0,0,,0,0,0,0,,,,,0,0,0,0,0,0,0,0,,not_measured,
df5231519bb4810e6b0098560c5c791e56dc9952,true,2026-10-09T01:11:25.338187Z,48d69f9756559a7a8da696b16d93e10be849504250560e4830f3dc8ee97b4d9a,101fdb8cc2c9da7ea98da8602ac4e7879ab23c9d,false,2026-10-07T13:19:09.608307Z,8963ea465b99a6b2a2cca91ab2aa07ee321fb3a450edfd10a102f4681b3247e4,public-api.PIL.Image.ImagingCore.__bytes__,PIL.Image.ImagingCore.__bytes__,PIL.Image.ImagingCore.__bytes__,method,outside_selected_manifest,python-parallel-cpu,Pillow,,public_api_inventory_gap,not_mapped_to_benchmark,,,,0,0,,0,0,0,0,,,,,0,0,0,0,0,0,0,0,,,
df5231519bb4810e6b0098560c5c791e56dc9952,true,2026-10-09T01:11:25.338187Z,48d69f9756559a7a8da696b16d93e10be849504250560e4830f3dc8ee97b4d9a,101fdb8cc2c9da7ea98da8602ac4e7879ab23c9d,false,2026-10-07T13:19:09.608307Z,8963ea465b99a6b2a2cca91ab2aa07ee321fb3a450edfd10a102f4681b3247e4,public-api.PIL.Image.ImagingCore.__getitem__,PIL.Image.ImagingCore.__getitem__,PIL.Image.ImagingCore.__getitem__,method,outside_selected_manifest,python-cpu,Pillow,1.0,public_api_inventory_gap,not_mapped_to_benchmark,,,,0,0,,0,0,0,0,,,,,0,0,0,0,0,0,0,0,,,
df5231519bb4810e6b0098560c5c791e56dc9952,true,2026-10-09T01:11:25.338187Z,48d69f9756559a7a8da696b16d93e10be849504250560e4830f3dc8ee97b4d9a,101fdb8cc2c9da7ea98da8602ac4e7879ab23c9d,false,2026-10-07T13:19:09.608307Z,8963ea465b99a6b2a2cca91ab2aa07ee321fb3a450edfd10a102f4681b3247e4,public-api.PIL.Image.ImagingCore.__getitem__,PIL.Image.ImagingCore.__getitem__,PIL.Image.ImagingCore.__getitem__,method,outside_selected_manifest,python-simd,Pillow,2.0,public_api_inventory_gap,not_mapped_to_benchmark,,,,0,0,,0,0,0,0,0,,,,0,0,0,0,0,0,0,0,,,
df5231519bb4810e6b0098560c5c791e56dc9952,true,2026-10-09T01:11:25.338187Z,48d69f9756559a7a8da696b16d93e10be849504250560e4830f3dc8ee97b4d9a,101fdb8cc2c9da7ea98da8602ac4e7879ab23c9d,false,2026-10-07T13:19:09.608307Z,8963ea465b99a6b2a2cca91ab2aa07ee321fb3a450edfd10a102f4681b3247e4,public-api.PIL.Image.ImagingCore.__getitem__,PIL.Image.ImagingCore.__getitem__,PIL.Image.ImagingCore.__getitem__,method,outside_selected_manifest,python-gpu,SIMD,1.0,public_api_inventory_gap,not_mapped_to_benchmark,,,,0,0,,0,0,0,0,,,,,0,0,0,0,0,0,0,0,,not_measured,
df5231519bb4810e6b0098560c5c791e56dc9952,true,2026-10-09T01:11:25.338187Z,48d69f9756559a7a8da696b16d93e10be849504250560e4830f3dc8ee97b4d9a,101fdb8cc2c9da7ea98da8602ac4e7879ab23c9d,false,2026-10-07T13:19:09.608307Z,8963ea465b99a6b2a2cca91ab2aa07ee321fb3a450edfd10a102f4681b3247e4,public-api.PIL.Image.ImagingCore.__getitem__,PIL.Image.ImagingCore.__getitem__,PIL.Image.ImagingCore.__getitem__,method,outside_selected_manifest,python-parallel-cpu,Pillow,,public_api_inventory_gap,not_mapped_to_benchmark,,,,0,0,,0,0,0,0,,,,,0,0,0,0,0,0,0,0,,,
df5231519bb4810e6b0098560c5c791e56dc9952,true,2026-10-09T01:11:25.338187Z,48d69f9756559a7a8da696b16d93e10be849504250560e4830f3dc8ee97b4d9a,101fdb8cc2c9da7ea98da8602ac4e7879ab23c9d,false,2026-10-07T13:19:09.608307Z,8963ea465b99a6b2a2cca91ab2aa07ee321fb3a450edfd10a102f4681b3247e4,public-api.PIL.Image.ImagingCore.__iter__,PIL.Image.ImagingCore.__iter__,PIL.Image.ImagingCore.__iter__,method,outside_selected_manifest,python-cpu,Pillow,1.0,public_api_inventory_gap,not_mapped_to_benchmark,,,,0,0,,0,0,0,0,,,,,0,0,0,0,0,0,0,0,,,
df5231519bb4810e6b0098560c5c791e56dc9952,true,2026-10-09T01:11:25.338187Z,48d69f9756559a7a8da696b16d93e10be849504250560e4830f3dc8ee97b4d9a,101fdb8cc2c9da7ea98da8602ac4e7879ab23c9d,false,2026-10-07T13:19:09.608307Z,8963ea465b99a6b2a2cca91ab2aa07ee321fb3a450edfd10a102f4681b3247e4,public-api.PIL.Image.ImagingCore.__iter__,PIL.Image.ImagingCore.__iter__,PIL.Image.ImagingCore.__iter__,method,outside_selected_manifest,python-simd,Pillow,2.0,public_api_inventory_gap,not_mapped_to_benchmark,,,,0,0,,0,0,0,0,0,,,,0,0,0,0,0,0,0,0,,,
df5231519bb4810e6b0098560c5c791e56dc9952,true,2026-10-09T01:11:25.338187Z,48d69f9756559a7a8da696b16d93e10be849504250560e4830f3dc8ee97b4d9a,101fdb8cc2c9da7ea98da8602ac4e7879ab23c9d,false,2026-10-07T13:19:09.608307Z,8963ea465b99a6b2a2cca91ab2aa07ee321fb3a450edfd10a102f4681b3247e4,public-api.PIL.Image.ImagingCore.__iter__,PIL.Image.ImagingCore.__iter__,PIL.Image.ImagingCore.__iter__,method,outside_selected_manifest,python-gpu,SIMD,1.0,public_api_inventory_gap,not_mapped_to_benchmark,,,,0,0,,0,0,0,0,,,,,0,0,0,0,0,0,0,0,,not_measured,
df5231519bb4810e6b0098560c5c791e56dc9952,true,2026-10-09T01:11:25.338187Z,48d69f9756559a7a8da696b16d93e10be849504250560e4830f3dc8ee97b4d9a,101fdb8cc2c9da7ea98da8602ac4e7879ab23c9d,false,2026-10-07T13:19:09.608307Z,8963ea465b99a6b2a2cca91ab2aa07ee321fb3a450edfd10a102f4681b3247e4,public-api.PIL.Image.ImagingCore.__iter__,PIL.Image.ImagingCore.__iter__,PIL.Image.ImagingCore.__iter__,method,outside_selected_manifest,python-parallel-cpu,Pillow,,public_api_inventory_gap,not_mapped_to_benchmark,,,,0,0,,0,0,0,0,,,,,0,0,0,0,0,0,0,0,,,
df5231519bb4810e6b0098560c5c791e56dc9952,true,2026-10-09T01:11:25.338187Z,48d69f9756559a7a8da696b16d93e10be849504250560e4830f3dc8ee97b4d9a,101fdb8cc2c9da7ea98da8602ac4e7879ab23c9d,false,2026-10-07T13:19:09.608307Z,8963ea465b99a6b2a2cca91ab2aa07ee321fb3a450edfd10a102f4681b3247e4,public-api.PIL.Image.ImagingCore.__len__,PIL.Image.ImagingCore.__len__,PIL.Image.ImagingCore.__len__,method,outside_selected_manifest,python-cpu,Pillow,1.0,public_api_inventory_gap,not_mapped_to_benchmark,,,,0,0,,0,0,0,0,,,,,0,0,0,0,0,0,0,0,,,
df5231519bb4810e6b0098560c5c791e56dc9952,true,2026-10-09T01:11:25.338187Z,48d69f9756559a7a8da696b16d93e10be849504250560e4830f3dc8ee97b4d9a,101fdb8cc2c9da7ea98da8602ac4e7879ab23c9d,false,2026-10-07T13:19:09.608307Z,8963ea465b99a6b2a2cca91ab2aa07ee321fb3a450edfd10a102f4681b3247e4,public-api.PIL.Image.ImagingCore.__len__,PIL.Image.ImagingCore.__len__,PIL.Image.ImagingCore.__len__,method,outside_selected_manifest,python-simd,Pillow,2.0,public_api_inventory_gap,not_mapped_to_benchmark,,,,0,0,,0,0,0,0,0,,,,0,0,0,0,0,0,0,0,,,
df5231519bb4810e6b0098560c5c791e56dc9952,true,2026-10-09T01:11:25.338187Z,48d69f9756559a7a8da696b16d93e10be849504250560e4830f3dc8ee97b4d9a,101fdb8cc2c9da7ea98da8602ac4e7879ab23c9d,false,2026-10-07T13:19:09.608307Z,8963ea465b99a6b2a2cca91ab2aa07ee321fb3a450edfd10a102f4681b3247e4,public-api.PIL.Image.ImagingCore.__len__,PIL.Image.ImagingCore.__len__,PIL.Image.ImagingCore.__len__,method,outside_selected_manifest,python-gpu,SIMD,1.0,public_api_inventory_gap,not_mapped_to_benchmark,,,,0,0,,0,0,0,0,,,,,0,0,0,0,0,0,0,0,,not_measured,
df5231519bb4810e6b0098560c5c791e56dc9952,true,2026-10-09T01:11:25.338187Z,48d69f9756559a7a8da696b16d93e10be849504250560e4830f3dc8ee97b4d9a,101fdb8cc2c9da7ea98da8602ac4e7879ab23c9d,false,2026-10-07T13:19:09.608307Z,8963ea465b99a6b2a2cca91ab2aa07ee321fb3a450edfd10a102f4681b3247e4,public-api.PIL.Image.ImagingCore.__len__,PIL.Image.ImagingCore.__len__,PIL.Image.ImagingCore.__len__,method,outside_selected_manifest,python-parallel-cpu,Pillow,,public_api_inventory_gap,not_mapped_to_benchmark,,,,0,0,,0,0,0,0,,,,,0,0,0,0,0,0,0,0,,,
df5231519bb4810e6b0098560c5c791e56dc9952,true,2026-10-09T01:11:25.338187Z,48d69f9756559a7a8da696b16d93e10be849504250560e4830f3dc8ee97b4d9a,101fdb8cc2c9da7ea98da8602ac4e7879ab23c9d,false,2026-10-07T13:19:09.608307Z,8963ea465b99a6b2a2cca91ab2aa07ee321fb3a450edfd10a102f4681b3247e4,public-api.PIL.Image.ImagingCore.mode,PIL.Image.ImagingCore.mode,PIL.Image.ImagingCore.mode,property,outside_selected_manifest,python-cpu,Pillow,1.0,public_api_inventory_gap,not_mapped_to_benchmark,,,,0,0,,0,0,0,0,,,,,0,0,0,0,0,0,0,0,,,
df5231519bb4810e6b0098560c5c791e56dc9952,true,2026-10-09T01:11:25.338187Z,48d69f9756559a7a8da696b16d93e10be849504250560e4830f3dc8ee97b4d9a,101fdb8cc2c9da7ea98da8602ac4e7879ab23c9d,false,2026-10-07T13:19:09.608307Z,8963ea465b99a6b2a2cca91ab2aa07ee321fb3a450edfd10a102f4681b3247e4,public-api.PIL.Image.ImagingCore.mode,PIL.Image.ImagingCore.mode,PIL.Image.ImagingCore.mode,property,outside_selected_manifest,python-simd,Pillow,2.0,public_api_inventory_gap,not_mapped_to_benchmark,,,,0,0,,0,0,0,0,0,,,,0,0,0,0,0,0,0,0,,,
df5231519bb4810e6b0098560c5c791e56dc9952,true,2026-10-09T01:11:25.338187Z,48d69f9756559a7a8da696b16d93e10be849504250560e4830f3dc8ee97b4d9a,101fdb8cc2c9da7ea98da8602ac4e7879ab23c9d,false,2026-10-07T13:19:09.608307Z,8963ea465b99a6b2a2cca91ab2aa07ee321fb3a450edfd10a102f4681b3247e4,public-api.PIL.Image.ImagingCore.mode,PIL.Image.ImagingCore.mode,PIL.Image.ImagingCore.mode,property,outside_selected_manifest,python-gpu,SIMD,1.0,public_api_inventory_gap,not_mapped_to_benchmark,,,,0,0,,0,0,0,0,,,,,0,0,0,0,0,0,0,0,,not_measured,
df5231519bb4810e6b0098560c5c791e56dc9952,true,2026-10-09T01:11:25.338187Z,48d69f9756559a7a8da696b16d93e10be849504250560e4830f3dc8ee97b4d9a,101fdb8cc2c9da7ea98da8602ac4e7879ab23c9d,false,2026-10-07T13:19:09.608307Z,8963ea465b99a6b2a2cca91ab2aa07ee321fb3a450edfd10a102f4681b3247e4,public-api.PIL.Image.ImagingCore.mode,PIL.Image.ImagingCore.mode,PIL.Image.ImagingCore.mode,property,outside_selected_manifest,python-parallel-cpu,Pillow,,public_api_inventory_gap,not_mapped_to_benchmark,,,,0,0,,0,0,0,0,,,,,0,0,0,0,0,0,0,0,,,
df5231519bb4810e6b0098560c5c791e56dc9952,true,2026-10-09T01:11:25.338187Z,48d69f9756559a7a8da696b16d93e10be849504250560e4830f3dc8ee97b4d9a,101fdb8cc2c9da7ea98da8602ac4e7879ab23c9d,false,2026-10-07T13:19:09.608307Z,8963ea465b99a6b2a2cca91ab2aa07ee321fb3a450edfd10a102f4681b3247e4,public-api.PIL.Image.ImagingCore.size,PIL.Image.ImagingCore.size,PIL.Image.ImagingCore.size,property,outside_selected_manifest,python-cpu,Pillow,1.0,public_api_inventory_gap,not_mapped_to_benchmark,,,,0,0,,0,0,0,0,,,,,0,0,0,0,0,0,0,0,,,
df5231519bb4810e6b0098560c5c791e56dc9952,true,2026-10-09T01:11:25.338187Z,48d69f9756559a7a8da696b16d93e10be849504250560e4830f3dc8ee97b4d9a,101fdb8cc2c9da7ea98da8602ac4e7879ab23c9d,false,2026-10-07T13:19:09.608307Z,8963ea465b99a6b2a2cca91ab2aa07ee321fb3a450edfd10a102f4681b3247e4,public-api.PIL.Image.ImagingCore.size,PIL.Image.ImagingCore.size,PIL.Image.ImagingCore.size,property,outside_selected_manifest,python-simd,Pillow,2.0,public_api_inventory_gap,not_mapped_to_benchmark,,,,0,0,,0,0,0,0,0,,,,0,0,0,0,0,0,0,0,,,
df5231519bb4810e6b0098560c5c791e56dc9952,true,2026-10-09T01:11:25.338187Z,48d69f9756559a7a8da696b16d93e10be849504250560e4830f3dc8ee97b4d9a,101fdb8cc2c9da7ea98da8602ac4e7879ab23c9d,false,2026-10-07T13:19:09.608307Z,8963ea465b99a6b2a2cca91ab2aa07ee321fb3a450edfd10a102f4681b3247e4,public-api.PIL.Image.ImagingCore.size,PIL.Image.ImagingCore.size,PIL.Image.ImagingCore.size,property,outside_selected_manifest,python-gpu,SIMD,1.0,public_api_inventory_gap,not_mapped_to_benchmark,,,,0,0,,0,0,0,0,,,,,0,0,0,0,0,0,0,0,,not_measured,
df5231519bb4810e6b0098560c5c791e56dc9952,true,2026-10-09T01:11:25.338187Z,48d69f9756559a7a8da696b16d93e10be849504250560e4830f3dc8ee97b4d9a,101fdb8cc2c9da7ea98da8602ac4e7879ab23c9d,false,2026-10-07T13:19:09.608307Z,8963ea465b99a6b2a2cca91ab2aa07ee321fb3a450edfd10a102f4681b3247e4,public-api.PIL.Image.ImagingCore.size,PIL.Image.ImagingCore.size,PIL.Image.ImagingCore.size,property,outside_selected_manifest,python-parallel-cpu,Pillow,,public_api_inventory_gap,not_mapped_to_benchmark,,,,0,0,,0,0,0,0,,,,,0,0,0,0,0,0,0,0,,,
df5231519bb4810e6b0098560c5c791e56dc9952,true,2026-10-09T01:11:25.338187Z,48d69f9756559a7a8da696b16d93e10be849504250560e4830f3dc8ee97b4d9a,101fdb8cc2c9da7ea98da8602ac4e7879ab23c9d,false,2026-10-07T13:19:09.608307Z,8963ea465b99a6b2a2cca91ab2aa07ee321fb3a450edfd10a102f4681b3247e4,public-api.PIL.Image.ImagingCore.tobytes,PIL.Image.ImagingCore.tobytes,PIL.Image.ImagingCore.tobytes,method,outside_selected_manifest,python-cpu,Pillow,1.0,public_api_inventory_gap,not_mapped_to_benchmark,,,,0,0,,0,0,0,0,,,,,0,0,0,0,0,0,0,0,,,
df5231519bb4810e6b0098560c5c791e56dc9952,true,2026-10-09T01:11:25.338187Z,48d69f9756559a7a8da696b16d93e10be849504250560e4830f3dc8ee97b4d9a,101fdb8cc2c9da7ea98da8602ac4e7879ab23c9d,false,2026-10-07T13:19:09.608307Z,8963ea465b99a6b2a2cca91ab2aa07ee321fb3a450edfd10a102f4681b3247e4,public-api.PIL.Image.ImagingCore.tobytes,PIL.Image.ImagingCore.tobytes,PIL.Image.ImagingCore.tobytes,method,outside_selected_manifest,python-simd,Pillow,2.0,public_api_inventory_gap,not_mapped_to_benchmark,,,,0,0,,0,0,0,0,0,,,,0,0,0,0,0,0,0,0,,,
df5231519bb4810e6b0098560c5c791e56dc9952,true,2026-10-09T01:11:25.338187Z,48d69f9756559a7a8da696b16d93e10be849504250560e4830f3dc8ee97b4d9a,101fdb8cc2c9da7ea98da8602ac4e7879ab23c9d,false,2026-10-07T13:19:09.608307Z,8963ea465b99a6b2a2cca91ab2aa07ee321fb3a450edfd10a102f4681b3247e4,public-api.PIL.Image.ImagingCore.tobytes,PIL.Image.ImagingCore.tobytes,PIL.Image.ImagingCore.tobytes,method,outside_selected_manifest,python-gpu,SIMD,1.0,public_api_inventory_gap,not_mapped_to_benchmark,,,,0,0,,0,0,0,0,,,,,0,0,0,0,0,0,0,0,,not_measured,
df5231519bb4810e6b0098560c5c791e56dc9952,true,2026-10-09T01:11:25.338187Z,48d69f9756559a7a8da696b16d93e10be849504250560e4830f3dc8ee97b4d9a,101fdb8cc2c9da7ea98da8602ac4e7879ab23c9d,false,2026-10-07T13:19:09.608307Z,8963ea465b99a6b2a2cca91ab2aa07ee321fb3a450edfd10a102f4681b3247e4,public-api.PIL.Image.ImagingCore.tobytes,PIL.Image.ImagingCore.tobytes,PIL.Image.ImagingCore.tobytes,method,outside_selected_manifest,python-parallel-cpu,Pillow,,public_api_inventory_gap,not_mapped_to_benchmark,,,,0,0,,0,0,0,0,,,,,0,0,0,0,0,0,0,0,,,
df5231519bb4810e6b0098560c5c791e56dc9952,true,2026-10-09T01:11:25.338187Z,48d69f9756559a7a8da696b16d93e10be849504250560e4830f3dc8ee97b4d9a,101fdb8cc2c9da7ea98da8602ac4e7879ab23c9d,false,2026-10-07T13:19:09.608307Z,8963ea465b99a6b2a2cca91ab2aa07ee321fb3a450edfd10a102f4681b3247e4,public-api.PIL.Image.Palette,PIL.Image.Palette,PIL.Image.Palette,class,outside_selected_manifest,python-cpu,Pillow,1.0,public_api_inventory_gap,not_mapped_to_benchmark,,,,0,0,,0,0,0,0,,,,,0,0,0,0,0,0,0,0,,,
df5231519bb4810e6b0098560c5c791e56dc9952,true,2026-10-09T01:11:25.338187Z,48d69f9756559a7a8da696b16d93e10be849504250560e4830f3dc8ee97b4d9a,101fdb8cc2c9da7ea98da8602ac4e7879ab23c9d,false,2026-10-07T13:19:09.608307Z,8963ea465b99a6b2a2cca91ab2aa07ee321fb3a450edfd10a102f4681b3247e4,public-api.PIL.Image.Palette,PIL.Image.Palette,PIL.Image.Palette,class,outside_selected_manifest,python-simd,Pillow,2.0,public_api_inventory_gap,not_mapped_to_benchmark,,,,0,0,,0,0,0,0,0,,,,0,0,0,0,0,0,0,0,,,
df5231519bb4810e6b0098560c5c791e56dc9952,true,2026-10-09T01:11:25.338187Z,48d69f9756559a7a8da696b16d93e10be849504250560e4830f3dc8ee97b4d9a,101fdb8cc2c9da7ea98da8602ac4e7879ab23c9d,false,2026-10-07T13:19:09.608307Z,8963ea465b99a6b2a2cca91ab2aa07ee321fb3a450edfd10a102f4681b3247e4,public-api.PIL.Image.Palette,PIL.Image.Palette,PIL.Image.Palette,class,outside_selected_manifest,python-gpu,SIMD,1.0,public_api_inventory_gap,not_mapped_to_benchmark,,,,0,0,,0,0,0,0,,,,,0,0,0,0,0,0,0,0,,not_measured,
df5231519bb4810e6b0098560c5c791e56dc9952,true,2026-10-09T01:11:25.338187Z,48d69f9756559a7a8da696b16d93e10be849504250560e4830f3dc8ee97b4d9a,101fdb8cc2c9da7ea98da8602ac4e7879ab23c9d,false,2026-10-07T13:19:09.608307Z,8963ea465b99a6b2a2cca91ab2aa07ee321fb3a450edfd10a102f4681b3247e4,public-api.PIL.Image.Palette,PIL.Image.Palette,PIL.Image.Palette,class,outside_selected_manifest,python-parallel-cpu,Pillow,,public_api_inventory_gap,not_mapped_to_benchmark,,,,0,0,,0,0,0,0,,,,,0,0,0,0,0,0,0,0,,,
df5231519bb4810e6b0098560c5c791e56dc9952,true,2026-10-09T01:11:25.338187Z,48d69f9756559a7a8da696b16d93e10be849504250560e4830f3dc8ee97b4d9a,101fdb8cc2c9da7ea98da8602ac4e7879ab23c9d,false,2026-10-07T13:19:09.608307Z,8963ea465b99a6b2a2cca91ab2aa07ee321fb3a450edfd10a102f4681b3247e4,public-api.PIL.Image.PixelAccess,PIL.Image.PixelAccess,PIL.Image.PixelAccess,class,outside_selected_manifest,python-cpu,Pillow,1.0,public_api_inventory_gap,not_mapped_to_benchmark,,,,0,0,,0,0,0,0,,,,,0,0,0,0,0,0,0,0,,,
df5231519bb4810e6b0098560c5c791e56dc9952,true,2026-10-09T01:11:25.338187Z,48d69f9756559a7a8da696b16d93e10be849504250560e4830f3dc8ee97b4d9a,101fdb8cc2c9da7ea98da8602ac4e7879ab23c9d,false,2026-10-07T13:19:09.608307Z,8963ea465b99a6b2a2cca91ab2aa07ee321fb3a450edfd10a102f4681b3247e4,public-api.PIL.Image.PixelAccess,PIL.Image.PixelAccess,PIL.Image.PixelAccess,class,outside_selected_manifest,python-simd,Pillow,2.0,public_api_inventory_gap,not_mapped_to_benchmark,,,,0,0,,0,0,0,0,0,,,,0,0,0,0,0,0,0,0,,,
df5231519bb4810e6b0098560c5c791e56dc9952,true,2026-10-09T01:11:25.338187Z,48d69f9756559a7a8da696b16d93e10be849504250560e4830f3dc8ee97b4d9a,101fdb8cc2c9da7ea98da8602ac4e7879ab23c9d,false,2026-10-07T13:19:09.608307Z,8963ea465b99a6b2a2cca91ab2aa07ee321fb3a450edfd10a102f4681b3247e4,public-api.PIL.Image.PixelAccess,PIL.Image.PixelAccess,PIL.Image.PixelAccess,class,outside_selected_manifest,python-gpu,SIMD,1.0,public_api_inventory_gap,not_mapped_to_benchmark,,,,0,0,,0,0,0,0,,,,,0,0,0,0,0,0,0,0,,not_measured,
df5231519bb4810e6b0098560c5c791e56dc9952,true,2026-10-09T01:11:25.338187Z,48d69f9756559a7a8da696b16d93e10be849504250560e4830f3dc8ee97b4d9a,101fdb8cc2c9da7ea98da8602ac4e7879ab23c9d,false,2026-10-07T13:19:09.608307Z,8963ea465b99a6b2a2cca91ab2aa07ee321fb3a450edfd10a102f4681b3247e4,public-api.PIL.Image.PixelAccess,PIL.Image.PixelAccess,PIL.Image.PixelAccess,class,outside_selected_manifest,python-parallel-cpu,Pillow,,public_api_inventory_gap,not_mapped_to_benchmark,,,,0,0,,0,0,0,0,,,,,0,0,0,0,0,0,0,0,,,
df5231519bb4810e6b0098560c5c791e56dc9952,true,2026-10-09T01:11:25.338187Z,48d69f9756559a7a8da696b16d93e10be849504250560e4830f3dc8ee97b4d9a,101fdb8cc2c9da7ea98da8602ac4e7879ab23c9d,false,2026-10-07T13:19:09.608307Z,8963ea465b99a6b2a2cca91ab2aa07ee321fb3a450edfd10a102f4681b3247e4,public-api.PIL.Image.PixelAccess.__getitem__,PIL.Image.PixelAccess.__getitem__,PIL.Image.PixelAccess.__getitem__,method,outside_selected_manifest,python-cpu,Pillow,1.0,public_api_inventory_gap,not_mapped_to_benchmark,,,,0,0,,0,0,0,0,,,,,0,0,0,0,0,0,0,0,,,
df5231519bb4810e6b0098560c5c791e56dc9952,true,2026-10-09T01:11:25.338187Z,48d69f9756559a7a8da696b16d93e10be849504250560e4830f3dc8ee97b4d9a,101fdb8cc2c9da7ea98da8602ac4e7879ab23c9d,false,2026-10-07T13:19:09.608307Z,8963ea465b99a6b2a2cca91ab2aa07ee321fb3a450edfd10a102f4681b3247e4,public-api.PIL.Image.PixelAccess.__getitem__,PIL.Image.PixelAccess.__getitem__,PIL.Image.PixelAccess.__getitem__,method,outside_selected_manifest,python-simd,Pillow,2.0,public_api_inventory_gap,not_mapped_to_benchmark,,,,0,0,,0,0,0,0,0,,,,0,0,0,0,0,0,0,0,,,
df5231519bb4810e6b0098560c5c791e56dc9952,true,2026-10-09T01:11:25.338187Z,48d69f9756559a7a8da696b16d93e10be849504250560e4830f3dc8ee97b4d9a,101fdb8cc2c9da7ea98da8602ac4e7879ab23c9d,false,2026-10-07T13:19:09.608307Z,8963ea465b99a6b2a2cca91ab2aa07ee321fb3a450edfd10a102f4681b3247e4,public-api.PIL.Image.PixelAccess.__getitem__,PIL.Image.PixelAccess.__getitem__,PIL.Image.PixelAccess.__getitem__,method,outside_selected_manifest,python-gpu,SIMD,1.0,public_api_inventory_gap,not_mapped_to_benchmark,,,,0,0,,0,0,0,0,,,,,0,0,0,0,0,0,0,0,,not_measured,
df5231519bb4810e6b0098560c5c791e56dc9952,true,2026-10-09T01:11:25.338187Z,48d69f9756559a7a8da696b16d93e10be849504250560e4830f3dc8ee97b4d9a,101fdb8cc2c9da7ea98da8602ac4e7879ab23c9d,false,2026-10-07T13:19:09.608307Z,8963ea465b99a6b2a2cca91ab2aa07ee321fb3a450edfd10a102f4681b3247e4,public-api.PIL.Image.PixelAccess.__getitem__,PIL.Image.PixelAccess.__getitem__,PIL.Image.PixelAccess.__getitem__,method,outside_selected_manifest,python-parallel-cpu,Pillow,,public_api_inventory_gap,not_mapped_to_benchmark,,,,0,0,,0,0,0,0,,,,,0,0,0,0,0,0,0,0,,,
df5231519bb4810e6b0098560c5c791e56dc9952,true,2026-10-09T01:11:25.338187Z,48d69f9756559a7a8da696b16d93e10be849504250560e4830f3dc8ee97b4d9a,101fdb8cc2c9da7ea98da8602ac4e7879ab23c9d,false,2026-10-07T13:19:09.608307Z,8963ea465b99a6b2a2cca91ab2aa07ee321fb3a450edfd10a102f4681b3247e4,public-api.PIL.Image.PixelAccess.__repr__,PIL.Image.PixelAccess.__repr__,PIL.Image.PixelAccess.__repr__,method,outside_selected_manifest,python-cpu,Pillow,1.0,public_api_inventory_gap,not_mapped_to_benchmark,,,,0,0,,0,0,0,0,,,,,0,0,0,0,0,0,0,0,,,
df5231519bb4810e6b0098560c5c791e56dc9952,true,2026-10-09T01:11:25.338187Z,48d69f9756559a7a8da696b16d93e10be849504250560e4830f3dc8ee97b4d9a,101fdb8cc2c9da7ea98da8602ac4e7879ab23c9d,false,2026-10-07T13:19:09.608307Z,8963ea465b99a6b2a2cca91ab2aa07ee321fb3a450edfd10a102f4681b3247e4,public-api.PIL.Image.PixelAccess.__repr__,PIL.Image.PixelAccess.__repr__,PIL.Image.PixelAccess.__repr__,method,outside_selected_manifest,python-simd,Pillow,2.0,public_api_inventory_gap,not_mapped_to_benchmark,,,,0,0,,0,0,0,0,0,,,,0,0,0,0,0,0,0,0,,,
df5231519bb4810e6b0098560c5c791e56dc9952,true,2026-10-09T01:11:25.338187Z,48d69f9756559a7a8da696b16d93e10be849504250560e4830f3dc8ee97b4d9a,101fdb8cc2c9da7ea98da8602ac4e7879ab23c9d,false,2026-10-07T13:19:09.608307Z,8963ea465b99a6b2a2cca91ab2aa07ee321fb3a450edfd10a102f4681b3247e4,public-api.PIL.Image.PixelAccess.__repr__,PIL.Image.PixelAccess.__repr__,PIL.Image.PixelAccess.__repr__,method,outside_selected_manifest,python-gpu,SIMD,1.0,public_api_inventory_gap,not_mapped_to_benchmark,,,,0,0,,0,0,0,0,,,,,0,0,0,0,0,0,0,0,,not_measured,
df5231519bb4810e6b0098560c5c791e56dc9952,true,2026-10-09T01:11:25.338187Z,48d69f9756559a7a8da696b16d93e10be849504250560e4830f3dc8ee97b4d9a,101fdb8cc2c9da7ea98da8602ac4e7879ab23c9d,false,2026-10-07T13:19:09.608307Z,8963ea465b99a6b2a2cca91ab2aa07ee321fb3a450edfd10a102f4681b3247e4,public-api.PIL.Image.PixelAccess.__repr__,PIL.Image.PixelAccess.__repr__,PIL.Image.PixelAccess.__repr__,method,outside_selected_manifest,python-parallel-cpu,Pillow,,public_api_inventory_gap,not_mapped_to_benchmark,,,,0,0,,0,0,0,0,,,,,0,0,0,0,0,0,0,0,,,
df5231519bb4810e6b0098560c5c791e56dc9952,true,2026-10-09T01:11:25.338187Z,48d69f9756559a7a8da696b16d93e10be849504250560e4830f3dc8ee97b4d9a,101fdb8cc2c9da7ea98da8602ac4e7879ab23c9d,false,2026-10-07T13:19:09.608307Z,8963ea465b99a6b2a2cca91ab2aa07ee321fb3a450edfd10a102f4681b3247e4,public-api.PIL.Image.PixelAccess.__setitem__,PIL.Image.PixelAccess.__setitem__,PIL.Image.PixelAccess.__setitem__,method,outside_selected_manifest,python-cpu,Pillow,1.0,public_api_inventory_gap,not_mapped_to_benchmark,,,,0,0,,0,0,0,0,,,,,0,0,0,0,0,0,0,0,,,
df5231519bb4810e6b0098560c5c791e56dc9952,true,2026-10-09T01:11:25.338187Z,48d69f9756559a7a8da696b16d93e10be849504250560e4830f3dc8ee97b4d9a,101fdb8cc2c9da7ea98da8602ac4e7879ab23c9d,false,2026-10-07T13:19:09.608307Z,8963ea465b99a6b2a2cca91ab2aa07ee321fb3a450edfd10a102f4681b3247e4,public-api.PIL.Image.PixelAccess.__setitem__,PIL.Image.PixelAccess.__setitem__,PIL.Image.PixelAccess.__setitem__,method,outside_selected_manifest,python-simd,Pillow,2.0,public_api_inventory_gap,not_mapped_to_benchmark,,,,0,0,,0,0,0,0,0,,,,0,0,0,0,0,0,0,0,,,
df5231519bb4810e6b0098560c5c791e56dc9952,true,2026-10-09T01:11:25.338187Z,48d69f9756559a7a8da696b16d93e10be849504250560e4830f3dc8ee97b4d9a,101fdb8cc2c9da7ea98da8602ac4e7879ab23c9d,false,2026-10-07T13:19:09.608307Z,8963ea465b99a6b2a2cca91ab2aa07ee321fb3a450edfd10a102f4681b3247e4,public-api.PIL.Image.PixelAccess.__setitem__,PIL.Image.PixelAccess.__setitem__,PIL.Image.PixelAccess.__setitem__,method,outside_selected_manifest,python-gpu,SIMD,1.0,public_api_inventory_gap,not_mapped_to_benchmark,,,,0,0,,0,0,0,0,,,,,0,0,0,0,0,0,0,0,,not_measured,
df5231519bb4810e6b0098560c5c791e56dc9952,true,2026-10-09T01:11:25.338187Z,48d69f9756559a7a8da696b16d93e10be849504250560e4830f3dc8ee97b4d9a,101fdb8cc2c9da7ea98da8602ac4e7879ab23c9d,false,2026-10-07T13:19:09.608307Z,8963ea465b99a6b2a2cca91ab2aa07ee321fb3a450edfd10a102f4681b3247e4,public-api.PIL.Image.PixelAccess.__setitem__,PIL.Image.PixelAccess.__setitem__,PIL.Image.PixelAccess.__setitem__,method,outside_selected_manifest,python-parallel-cpu,Pillow,,public_api_inventory_gap,not_mapped_to_benchmark,,,,0,0,,0,0,0,0,,,,,0,0,0,0,0,0,0,0,,,
df5231519bb4810e6b0098560c5c791e56dc9952,true,2026-10-09T01:11:25.338187Z,48d69f9756559a7a8da696b16d93e10be849504250560e4830f3dc8ee97b4d9a,101fdb8cc2c9da7ea98da8602ac4e7879ab23c9d,false,2026-10-07T13:19:09.608307Z,8963ea465b99a6b2a2cca91ab2aa07ee321fb3a450edfd10a102f4681b3247e4,public-api.PIL.Image.PixelAccess.__str__,PIL.Image.PixelAccess.__str__,PIL.Image.PixelAccess.__str__,method,outside_selected_manifest,python-cpu,Pillow,1.0,public_api_inventory_gap,not_mapped_to_benchmark,,,,0,0,,0,0,0,0,,,,,0,0,0,0,0,0,0,0,,,
df5231519bb4810e6b0098560c5c791e56dc9952,true,2026-10-09T01:11:25.338187Z,48d69f9756559a7a8da696b16d93e10be849504250560e4830f3dc8ee97b4d9a,101fdb8cc2c9da7ea98da8602ac4e7879ab23c9d,false,2026-10-07T13:19:09.608307Z,8963ea465b99a6b2a2cca91ab2aa07ee321fb3a450edfd10a102f4681b3247e4,public-api.PIL.Image.PixelAccess.__str__,PIL.Image.PixelAccess.__str__,PIL.Image.PixelAccess.__str__,method,outside_selected_manifest,python-simd,Pillow,2.0,public_api_inventory_gap,not_mapped_to_benchmark,,,,0,0,,0,0,0,0,0,,,,0,0,0,0,0,0,0,0,,,
df5231519bb4810e6b0098560c5c791e56dc9952,true,2026-10-09T01:11:25.338187Z,48d69f9756559a7a8da696b16d93e10be849504250560e4830f3dc8ee97b4d9a,101fdb8cc2c9da7ea98da8602ac4e7879ab23c9d,false,2026-10-07T13:19:09.608307Z,8963ea465b99a6b2a2cca91ab2aa07ee321fb3a450edfd10a102f4681b3247e4,public-api.PIL.Image.PixelAccess.__str__,PIL.Image.PixelAccess.__str__,PIL.Image.PixelAccess.__str__,method,outside_selected_manifest,python-gpu,SIMD,1.0,public_api_inventory_gap,not_mapped_to_benchmark,,,,0,0,,0,0,0,0,,,,,0,0,0,0,0,0,0,0,,not_measured,
df5231519bb4810e6b0098560c5c791e56dc9952,true,2026-10-09T01:11:25.338187Z,48d69f9756559a7a8da696b16d93e10be849504250560e4830f3dc8ee97b4d9a,101fdb8cc2c9da7ea98da8602ac4e7879ab23c9d,false,2026-10-07T13:19:09.608307Z,8963ea465b99a6b2a2cca91ab2aa07ee321fb3a450edfd10a102f4681b3247e4,public-api.PIL.Image.PixelAccess.__str__,PIL.Image.PixelAccess.__str__,PIL.Image.PixelAccess.__str__,method,outside_selected_manifest,python-parallel-cpu,Pillow,,public_api_inventory_gap,not_mapped_to_benchmark,,,,0,0,,0,0,0,0,,,,,0,0,0,0,0,0,0,0,,,
df5231519bb4810e6b0098560c5c791e56dc9952,true,2026-10-09T01:11:25.338187Z,48d69f9756559a7a8da696b16d93e10be849504250560e4830f3dc8ee97b4d9a,101fdb8cc2c9da7ea98da8602ac4e7879ab23c9d,false,2026-10-07T13:19:09.608307Z,8963ea465b99a6b2a2cca91ab2aa07ee321fb3a450edfd10a102f4681b3247e4,public-api.PIL.Image.Resampling,PIL.Image.Resampling,PIL.Image.Resampling,class,outside_selected_manifest,python-cpu,Pillow,1.0,public_api_inventory_gap,not_mapped_to_benchmark,,,,0,0,,0,0,0,0,,,,,0,0,0,0,0,0,0,0,,,
df5231519bb4810e6b0098560c5c791e56dc9952,true,2026-10-09T01:11:25.338187Z,48d69f9756559a7a8da696b16d93e10be849504250560e4830f3dc8ee97b4d9a,101fdb8cc2c9da7ea98da8602ac4e7879ab23c9d,false,2026-10-07T13:19:09.608307Z,8963ea465b99a6b2a2cca91ab2aa07ee321fb3a450edfd10a102f4681b3247e4,public-api.PIL.Image.Resampling,PIL.Image.Resampling,PIL.Image.Resampling,class,outside_selected_manifest,python-simd,Pillow,2.0,public_api_inventory_gap,not_mapped_to_benchmark,,,,0,0,,0,0,0,0,0,,,,0,0,0,0,0,0,0,0,,,
df5231519bb4810e6b0098560c5c791e56dc9952,true,2026-10-09T01:11:25.338187Z,48d69f9756559a7a8da696b16d93e10be849504250560e4830f3dc8ee97b4d9a,101fdb8cc2c9da7ea98da8602ac4e7879ab23c9d,false,2026-10-07T13:19:09.608307Z,8963ea465b99a6b2a2cca91ab2aa07ee321fb3a450edfd10a102f4681b3247e4,public-api.PIL.Image.Resampling,PIL.Image.Resampling,PIL.Image.Resampling,class,outside_selected_manifest,python-gpu,SIMD,1.0,public_api_inventory_gap,not_mapped_to_benchmark,,,,0,0,,0,0,0,0,,,,,0,0,0,0,0,0,0,0,,not_measured,
df5231519bb4810e6b0098560c5c791e56dc9952,true,2026-10-09T01:11:25.338187Z,48d69f9756559a7a8da696b16d93e10be849504250560e4830f3dc8ee97b4d9a,101fdb8cc2c9da7ea98da8602ac4e7879ab23c9d,false,2026-10-07T13:19:09.608307Z,8963ea465b99a6b2a2cca91ab2aa07ee321fb3a450edfd10a102f4681b3247e4,public-api.PIL.Image.Resampling,PIL.Image.Resampling,PIL.Image.Resampling,class,outside_selected_manifest,python-parallel-cpu,Pillow,,public_api_inventory_gap,not_mapped_to_benchmark,,,,0,0,,0,0,0,0,,,,,0,0,0,0,0,0,0,0,,,
df5231519bb4810e6b0098560c5c791e56dc9952,true,2026-10-09T01:11:25.338187Z,48d69f9756559a7a8da696b16d93e10be849504250560e4830f3dc8ee97b4d9a,101fdb8cc2c9da7ea98da8602ac4e7879ab23c9d,false,2026-10-07T13:19:09.608307Z,8963ea465b99a6b2a2cca91ab2aa07ee321fb3a450edfd10a102f4681b3247e4,public-api.PIL.Image.Transpose,PIL.Image.Transpose,PIL.Image.Transpose,class,outside_selected_manifest,python-cpu,Pillow,1.0,public_api_inventory_gap,not_mapped_to_benchmark,,,,0,0,,0,0,0,0,,,,,0,0,0,0,0,0,0,0,,,
df5231519bb4810e6b0098560c5c791e56dc9952,true,2026-10-09T01:11:25.338187Z,48d69f9756559a7a8da696b16d93e10be849504250560e4830f3dc8ee97b4d9a,101fdb8cc2c9da7ea98da8602ac4e7879ab23c9d,false,2026-10-07T13:19:09.608307Z,8963ea465b99a6b2a2cca91ab2aa07ee321fb3a450edfd10a102f4681b3247e4,public-api.PIL.Image.Transpose,PIL.Image.Transpose,PIL.Image.Transpose,class,outside_selected_manifest,python-simd,Pillow,2.0,public_api_inventory_gap,not_mapped_to_benchmark,,,,0,0,,0,0,0,0,0,,,,0,0,0,0,0,0,0,0,,,
df5231519bb4810e6b0098560c5c791e56dc9952,true,2026-10-09T01:11:25.338187Z,48d69f9756559a7a8da696b16d93e10be849504250560e4830f3dc8ee97b4d9a,101fdb8cc2c9da7ea98da8602ac4e7879ab23c9d,false,2026-10-07T13:19:09.608307Z,8963ea465b99a6b2a2cca91ab2aa07ee321fb3a450edfd10a102f4681b3247e4,public-api.PIL.Image.Transpose,PIL.Image.Transpose,PIL.Image.Transpose,class,outside_selected_manifest,python-gpu,SIMD,1.0,public_api_inventory_gap,not_mapped_to_benchmark,,,,0,0,,0,0,0,0,,,,,0,0,0,0,0,0,0,0,,not_measured,
df5231519bb4810e6b0098560c5c791e56dc9952,true,2026-10-09T01:11:25.338187Z,48d69f9756559a7a8da696b16d93e10be849504250560e4830f3dc8ee97b4d9a,101fdb8cc2c9da7ea98da8602ac4e7879ab23c9d,false,2026-10-07T13:19:09.608307Z,8963ea465b99a6b2a2cca91ab2aa07ee321fb3a450edfd10a102f4681b3247e4,public-api.PIL.Image.Transpose,PIL.Image.Transpose,PIL.Image.Transpose,class,outside_selected_manifest,python-parallel-cpu,Pillow,,public_api_inventory_gap,not_mapped_to_benchmark,,,,0,0,,0,0,0,0,,,,,0,0,0,0,0,0,0,0,,,
df5231519bb4810e6b0098560c5c791e56dc9952,true,2026-10-09T01:11:25.338187Z,48d69f9756559a7a8da696b16d93e10be849504250560e4830f3dc8ee97b4d9a,101fdb8cc2c9da7ea98da8602ac4e7879ab23c9d,false,2026-10-07T13:19:09.608307Z,8963ea465b99a6b2a2cca91ab2aa07ee321fb3a450edfd10a102f4681b3247e4,public-api.PIL.Image.Transpose.from_int,PIL.Image.Transpose.from_int,PIL.Image.Transpose.from_int,method,outside_selected_manifest,python-cpu,Pillow,1.0,public_api_inventory_gap,not_mapped_to_benchmark,,,,0,0,,0,0,0,0,,,,,0,0,0,0,0,0,0,0,,,
df5231519bb4810e6b0098560c5c791e56dc9952,true,2026-10-09T01:11:25.338187Z,48d69f9756559a7a8da696b16d93e10be849504250560e4830f3dc8ee97b4d9a,101fdb8cc2c9da7ea98da8602ac4e7879ab23c9d,false,2026-10-07T13:19:09.608307Z,8963ea465b99a6b2a2cca91ab2aa07ee321fb3a450edfd10a102f4681b3247e4,public-api.PIL.Image.Transpose.from_int,PIL.Image.Transpose.from_int,PIL.Image.Transpose.from_int,method,outside_selected_manifest,python-simd,Pillow,2.0,public_api_inventory_gap,not_mapped_to_benchmark,,,,0,0,,0,0,0,0,0,,,,0,0,0,0,0,0,0,0,,,
df5231519bb4810e6b0098560c5c791e56dc9952,true,2026-10-09T01:11:25.338187Z,48d69f9756559a7a8da696b16d93e10be849504250560e4830f3dc8ee97b4d9a,101fdb8cc2c9da7ea98da8602ac4e7879ab23c9d,false,2026-10-07T13:19:09.608307Z,8963ea465b99a6b2a2cca91ab2aa07ee321fb3a450edfd10a102f4681b3247e4,public-api.PIL.Image.Transpose.from_int,PIL.Image.Transpose.from_int,PIL.Image.Transpose.from_int,method,outside_selected_manifest,python-gpu,SIMD,1.0,public_api_inventory_gap,not_mapped_to_benchmark,,,,0,0,,0,0,0,0,,,,,0,0,0,0,0,0,0,0,,not_measured,
df5231519bb4810e6b0098560c5c791e56dc9952,true,2026-10-09T01:11:25.338187Z,48d69f9756559a7a8da696b16d93e10be849504250560e4830f3dc8ee97b4d9a,101fdb8cc2c9da7ea98da8602ac4e7879ab23c9d,false,2026-10-07T13:19:09.608307Z,8963ea465b99a6b2a2cca91ab2aa07ee321fb3a450edfd10a102f4681b3247e4,public-api.PIL.Image.Transpose.from_int,PIL.Image.Transpose.from_int,PIL.Image.Transpose.from_int,method,outside_selected_manifest,python-parallel-cpu,Pillow,,public_api_inventory_gap,not_mapped_to_benchmark,,,,0,0,,0,0,0,0,,,,,0,0,0,0,0,0,0,0,,,
df5231519bb4810e6b0098560c5c791e56dc9952,true,2026-10-09T01:11:25.338187Z,48d69f9756559a7a8da696b16d93e10be849504250560e4830f3dc8ee97b4d9a,101fdb8cc2c9da7ea98da8602ac4e7879ab23c9d,false,2026-10-07T13:19:09.608307Z,8963ea465b99a6b2a2cca91ab2aa07ee321fb3a450edfd10a102f4681b3247e4,public-api.PIL.Image.UnidentifiedImageError,PIL.Image.UnidentifiedImageError,PIL.Image.UnidentifiedImageError,class,outside_selected_manifest,python-cpu,Pillow,1.0,public_api_inventory_gap,not_mapped_to_benchmark,,,,0,0,,0,0,0,0,,,,,0,0,0,0,0,0,0,0,,,
df5231519bb4810e6b0098560c5c791e56dc9952,true,2026-10-09T01:11:25.338187Z,48d69f9756559a7a8da696b16d93e10be849504250560e4830f3dc8ee97b4d9a,101fdb8cc2c9da7ea98da8602ac4e7879ab23c9d,false,2026-10-07T13:19:09.608307Z,8963ea465b99a6b2a2cca91ab2aa07ee321fb3a450edfd10a102f4681b3247e4,public-api.PIL.Image.UnidentifiedImageError,PIL.Image.UnidentifiedImageError,PIL.Image.UnidentifiedImageError,class,outside_selected_manifest,python-simd,Pillow,2.0,public_api_inventory_gap,not_mapped_to_benchmark,,,,0,0,,0,0,0,0,0,,,,0,0,0,0,0,0,0,0,,,
df5231519bb4810e6b0098560c5c791e56dc9952,true,2026-10-09T01:11:25.338187Z,48d69f9756559a7a8da696b16d93e10be849504250560e4830f3dc8ee97b4d9a,101fdb8cc2c9da7ea98da8602ac4e7879ab23c9d,false,2026-10-07T13:19:09.608307Z,8963ea465b99a6b2a2cca91ab2aa07ee321fb3a450edfd10a102f4681b3247e4,public-api.PIL.Image.UnidentifiedImageError,PIL.Image.UnidentifiedImageError,PIL.Image.UnidentifiedImageError,class,outside_selected_manifest,python-gpu,SIMD,1.0,public_api_inventory_gap,not_mapped_to_benchmark,,,,0,0,,0,0,0,0,,,,,0,0,0,0,0,0,0,0,,not_measured,
df5231519bb4810e6b0098560c5c791e56dc9952,true,2026-10-09T01:11:25.338187Z,48d69f9756559a7a8da696b16d93e10be849504250560e4830f3dc8ee97b4d9a,101fdb8cc2c9da7ea98da8602ac4e7879ab23c9d,false,2026-10-07T13:19:09.608307Z,8963ea465b99a6b2a2cca91ab2aa07ee321fb3a450edfd10a102f4681b3247e4,public-api.PIL.Image.UnidentifiedImageError,PIL.Image.UnidentifiedImageError,PIL.Image.UnidentifiedImageError,class,outside_selected_manifest,python-parallel-cpu,Pillow,,public_api_inventory_gap,not_mapped_to_benchmark,,,,0,0,,0,0,0,0,,,,,0,0,0,0,0,0,0,0,,,
df5231519bb4810e6b0098560c5c791e56dc9952,true,2026-10-09T01:11:25.338187Z,48d69f9756559a7a8da696b16d93e10be849504250560e4830f3dc8ee97b4d9a,101fdb8cc2c9da7ea98da8602ac4e7879ab23c9d,false,2026-10-07T13:19:09.608307Z,8963ea465b99a6b2a2cca91ab2aa07ee321fb3a450edfd10a102f4681b3247e4,public-api.PIL.Image.convert,PIL.Image.convert,PIL.Image.convert,function,outside_selected_manifest,python-cpu,Pillow,1.0,public_api_inventory_gap,not_mapped_to_benchmark,,,,0,0,,0,0,0,0,,,,,0,0,0,0,0,0,0,0,,,
df5231519bb4810e6b0098560c5c791e56dc9952,true,2026-10-09T01:11:25.338187Z,48d69f9756559a7a8da696b16d93e10be849504250560e4830f3dc8ee97b4d9a,101fdb8cc2c9da7ea98da8602ac4e7879ab23c9d,false,2026-10-07T13:19:09.608307Z,8963ea465b99a6b2a2cca91ab2aa07ee321fb3a450edfd10a102f4681b3247e4,public-api.PIL.Image.convert,PIL.Image.convert,PIL.Image.convert,function,outside_selected_manifest,python-simd,Pillow,2.0,public_api_inventory_gap,not_mapped_to_benchmark,,,,0,0,,0,0,0,0,0,,,,0,0,0,0,0,0,0,0,,,
df5231519bb4810e6b0098560c5c791e56dc9952,true,2026-10-09T01:11:25.338187Z,48d69f9756559a7a8da696b16d93e10be849504250560e4830f3dc8ee97b4d9a,101fdb8cc2c9da7ea98da8602ac4e7879ab23c9d,false,2026-10-07T13:19:09.608307Z,8963ea465b99a6b2a2cca91ab2aa07ee321fb3a450edfd10a102f4681b3247e4,public-api.PIL.Image.convert,PIL.Image.convert,PIL.Image.convert,function,outside_selected_manifest,python-gpu,SIMD,1.0,public_api_inventory_gap,not_mapped_to_benchmark,,,,0,0,,0,0,0,0,,,,,0,0,0,0,0,0,0,0,,not_measured,
df5231519bb4810e6b0098560c5c791e56dc9952,true,2026-10-09T01:11:25.338187Z,48d69f9756559a7a8da696b16d93e10be849504250560e4830f3dc8ee97b4d9a,101fdb8cc2c9da7ea98da8602ac4e7879ab23c9d,false,2026-10-07T13:19:09.608307Z,8963ea465b99a6b2a2cca91ab2aa07ee321fb3a450edfd10a102f4681b3247e4,public-api.PIL.Image.convert,PIL.Image.convert,PIL.Image.convert,function,outside_selected_manifest,python-parallel-cpu,Pillow,,public_api_inventory_gap,not_mapped_to_benchmark,,,,0,0,,0,0,0,0,,,,,0,0,0,0,0,0,0,0,,,
df5231519bb4810e6b0098560c5c791e56dc9952,true,2026-10-09T01:11:25.338187Z,48d69f9756559a7a8da696b16d93e10be849504250560e4830f3dc8ee97b4d9a,101fdb8cc2c9da7ea98da8602ac4e7879ab23c9d,false,2026-10-07T13:19:09.608307Z,8963ea465b99a6b2a2cca91ab2aa07ee321fb3a450edfd10a102f4681b3247e4,public-api.PIL.Image.crop,PIL.Image.crop,PIL.Image.crop,function,outside_selected_manifest,python-cpu,Pillow,1.0,public_api_inventory_gap,not_mapped_to_benchmark,,,,0,0,,0,0,0,0,,,,,0,0,0,0,0,0,0,0,,,
df5231519bb4810e6b0098560c5c791e56dc9952,true,2026-10-09T01:11:25.338187Z,48d69f9756559a7a8da696b16d93e10be849504250560e4830f3dc8ee97b4d9a,101fdb8cc2c9da7ea98da8602ac4e7879ab23c9d,false,2026-10-07T13:19:09.608307Z,8963ea465b99a6b2a2cca91ab2aa07ee321fb3a450edfd10a102f4681b3247e4,public-api.PIL.Image.crop,PIL.Image.crop,PIL.Image.crop,function,outside_selected_manifest,python-simd,Pillow,2.0,public_api_inventory_gap,not_mapped_to_benchmark,,,,0,0,,0,0,0,0,0,,,,0,0,0,0,0,0,0,0,,,
df5231519bb4810e6b0098560c5c791e56dc9952,true,2026-10-09T01:11:25.338187Z,48d69f9756559a7a8da696b16d93e10be849504250560e4830f3dc8ee97b4d9a,101fdb8cc2c9da7ea98da8602ac4e7879ab23c9d,false,2026-10-07T13:19:09.608307Z,8963ea465b99a6b2a2cca91ab2aa07ee321fb3a450edfd10a102f4681b3247e4,public-api.PIL.Image.crop,PIL.Image.crop,PIL.Image.crop,function,outside_selected_manifest,python-gpu,SIMD,1.0,public_api_inventory_gap,not_mapped_to_benchmark,,,,0,0,,0,0,0,0,,,,,0,0,0,0,0,0,0,0,,not_measured,
df5231519bb4810e6b0098560c5c791e56dc9952,true,2026-10-09T01:11:25.338187Z,48d69f9756559a7a8da696b16d93e10be849504250560e4830f3dc8ee97b4d9a,101fdb8cc2c9da7ea98da8602ac4e7879ab23c9d,false,2026-10-07T13:19:09.608307Z,8963ea465b99a6b2a2cca91ab2aa07ee321fb3a450edfd10a102f4681b3247e4,public-api.PIL.Image.crop,PIL.Image.crop,PIL.Image.crop,function,outside_selected_manifest,python-parallel-cpu,Pillow,,public_api_inventory_gap,not_mapped_to_benchmark,,,,0,0,,0,0,0,0,,,,,0,0,0,0,0,0,0,0,,,
df5231519bb4810e6b0098560c5c791e56dc9952,true,2026-10-09T01:11:25.338187Z,48d69f9756559a7a8da696b16d93e10be849504250560e4830f3dc8ee97b4d9a,101fdb8cc2c9da7ea98da8602ac4e7879ab23c9d,false,2026-10-07T13:19:09.608307Z,8963ea465b99a6b2a2cca91ab2aa07ee321fb3a450edfd10a102f4681b3247e4,public-api.PIL.Image.resize,PIL.Image.resize,PIL.Image.resize,function,outside_selected_manifest,python-cpu,Pillow,1.0,public_api_inventory_gap,not_mapped_to_benchmark,,,,0,0,,0,0,0,0,,,,,0,0,0,0,0,0,0,0,,,
df5231519bb4810e6b0098560c5c791e56dc9952,true,2026-10-09T01:11:25.338187Z,48d69f9756559a7a8da696b16d93e10be849504250560e4830f3dc8ee97b4d9a,101fdb8cc2c9da7ea98da8602ac4e7879ab23c9d,false,2026-10-07T13:19:09.608307Z,8963ea465b99a6b2a2cca91ab2aa07ee321fb3a450edfd10a102f4681b3247e4,public-api.PIL.Image.resize,PIL.Image.resize,PIL.Image.resize,function,outside_selected_manifest,python-simd,Pillow,2.0,public_api_inventory_gap,not_mapped_to_benchmark,,,,0,0,,0,0,0,0,0,,,,0,0,0,0,0,0,0,0,,,
df5231519bb4810e6b0098560c5c791e56dc9952,true,2026-10-09T01:11:25.338187Z,48d69f9756559a7a8da696b16d93e10be849504250560e4830f3dc8ee97b4d9a,101fdb8cc2c9da7ea98da8602ac4e7879ab23c9d,false,2026-10-07T13:19:09.608307Z,8963ea465b99a6b2a2cca91ab2aa07ee321fb3a450edfd10a102f4681b3247e4,public-api.PIL.Image.resize,PIL.Image.resize,PIL.Image.resize,function,outside_selected_manifest,python-gpu,SIMD,1.0,public_api_inventory_gap,not_mapped_to_benchmark,,,,0,0,,0,0,0,0,,,,,0,0,0,0,0,0,0,0,,not_measured,
df5231519bb4810e6b0098560c5c791e56dc9952,true,2026-10-09T01:11:25.338187Z,48d69f9756559a7a8da696b16d93e10be849504250560e4830f3dc8ee97b4d9a,101fdb8cc2c9da7ea98da8602ac4e7879ab23c9d,false,2026-10-07T13:19:09.608307Z,8963ea465b99a6b2a2cca91ab2aa07ee321fb3a450edfd10a102f4681b3247e4,public-api.PIL.Image.resize,PIL.Image.resize,PIL.Image.resize,function,outside_selected_manifest,python-parallel-cpu,Pillow,,public_api_inventory_gap,not_mapped_to_benchmark,,,,0,0,,0,0,0,0,,,,,0,0,0,0,0,0,0,0,,,
df5231519bb4810e6b0098560c5c791e56dc9952,true,2026-10-09T01:11:25.338187Z,48d69f9756559a7a8da696b16d93e10be849504250560e4830f3dc8ee97b4d9a,101fdb8cc2c9da7ea98da8602ac4e7879ab23c9d,false,2026-10-07T13:19:09.608307Z,8963ea465b99a6b2a2cca91ab2aa07ee321fb3a450edfd10a102f4681b3247e4,public-api.PIL.Image.rotate,PIL.Image.rotate,PIL.Image.rotate,function,outside_selected_manifest,python-cpu,Pillow,1.0,public_api_inventory_gap,not_mapped_to_benchmark,,,,0,0,,0,0,0,0,,,,,0,0,0,0,0,0,0,0,,,
df5231519bb4810e6b0098560c5c791e56dc9952,true,2026-10-09T01:11:25.338187Z,48d69f9756559a7a8da696b16d93e10be849504250560e4830f3dc8ee97b4d9a,101fdb8cc2c9da7ea98da8602ac4e7879ab23c9d,false,2026-10-07T13:19:09.608307Z,8963ea465b99a6b2a2cca91ab2aa07ee321fb3a450edfd10a102f4681b3247e4,public-api.PIL.Image.rotate,PIL.Image.rotate,PIL.Image.rotate,function,outside_selected_manifest,python-simd,Pillow,2.0,public_api_inventory_gap,not_mapped_to_benchmark,,,,0,0,,0,0,0,0,0,,,,0,0,0,0,0,0,0,0,,,
df5231519bb4810e6b0098560c5c791e56dc9952,true,2026-10-09T01:11:25.338187Z,48d69f9756559a7a8da696b16d93e10be849504250560e4830f3dc8ee97b4d9a,101fdb8cc2c9da7ea98da8602ac4e7879ab23c9d,false,2026-10-07T13:19:09.608307Z,8963ea465b99a6b2a2cca91ab2aa07ee321fb3a450edfd10a102f4681b3247e4,public-api.PIL.Image.rotate,PIL.Image.rotate,PIL.Image.rotate,function,outside_selected_manifest,python-gpu,SIMD,1.0,public_api_inventory_gap,not_mapped_to_benchmark,,,,0,0,,0,0,0,0,,,,,0,0,0,0,0,0,0,0,,not_measured,
df5231519bb4810e6b0098560c5c791e56dc9952,true,2026-10-09T01:11:25.338187Z,48d69f9756559a7a8da696b16d93e10be849504250560e4830f3dc8ee97b4d9a,101fdb8cc2c9da7ea98da8602ac4e7879ab23c9d,false,2026-10-07T13:19:09.608307Z,8963ea465b99a6b2a2cca91ab2aa07ee321fb3a450edfd10a102f4681b3247e4,public-api.PIL.Image.rotate,PIL.Image.rotate,PIL.Image.rotate,function,outside_selected_manifest,python-parallel-cpu,Pillow,,public_api_inventory_gap,not_mapped_to_benchmark,,,,0,0,,0,0,0,0,,,,,0,0,0,0,0,0,0,0,,,
df5231519bb4810e6b0098560c5c791e56dc9952,true,2026-10-09T01:11:25.338187Z,48d69f9756559a7a8da696b16d93e10be849504250560e4830f3dc8ee97b4d9a,101fdb8cc2c9da7ea98da8602ac4e7879ab23c9d,false,2026-10-07T13:19:09.608307Z,8963ea465b99a6b2a2cca91ab2aa07ee321fb3a450edfd10a102f4681b3247e4,public-api.PIL.Image.save,PIL.Image.save,PIL.Image.save,function,outside_selected_manifest,python-cpu,Pillow,1.0,public_api_inventory_gap,not_mapped_to_benchmark,,,,0,0,,0,0,0,0,,,,,0,0,0,0,0,0,0,0,,,
df5231519bb4810e6b0098560c5c791e56dc9952,true,2026-10-09T01:11:25.338187Z,48d69f9756559a7a8da696b16d93e10be849504250560e4830f3dc8ee97b4d9a,101fdb8cc2c9da7ea98da8602ac4e7879ab23c9d,false,2026-10-07T13:19:09.608307Z,8963ea465b99a6b2a2cca91ab2aa07ee321fb3a450edfd10a102f4681b3247e4,public-api.PIL.Image.save,PIL.Image.save,PIL.Image.save,function,outside_selected_manifest,python-simd,Pillow,2.0,public_api_inventory_gap,not_mapped_to_benchmark,,,,0,0,,0,0,0,0,0,,,,0,0,0,0,0,0,0,0,,,
df5231519bb4810e6b0098560c5c791e56dc9952,true,2026-10-09T01:11:25.338187Z,48d69f9756559a7a8da696b16d93e10be849504250560e4830f3dc8ee97b4d9a,101fdb8cc2c9da7ea98da8602ac4e7879ab23c9d,false,2026-10-07T13:19:09.608307Z,8963ea465b99a6b2a2cca91ab2aa07ee321fb3a450edfd10a102f4681b3247e4,public-api.PIL.Image.save,PIL.Image.save,PIL.Image.save,function,outside_selected_manifest,python-gpu,SIMD,1.0,public_api_inventory_gap,not_mapped_to_benchmark,,,,0,0,,0,0,0,0,,,,,0,0,0,0,0,0,0,0,,not_measured,
df5231519bb4810e6b0098560c5c791e56dc9952,true,2026-10-09T01:11:25.338187Z,48d69f9756559a7a8da696b16d93e10be849504250560e4830f3dc8ee97b4d9a,101fdb8cc2c9da7ea98da8602ac4e7879ab23c9d,false,2026-10-07T13:19:09.608307Z,8963ea465b99a6b2a2cca91ab2aa07ee321fb3a450edfd10a102f4681b3247e4,public-api.PIL.Image.save,PIL.Image.save,PIL.Image.save,function,outside_selected_manifest,python-parallel-cpu,Pillow,,public_api_inventory_gap,not_mapped_to_benchmark,,,,0,0,,0,0,0,0,,,,,0,0,0,0,0,0,0,0,,,
df5231519bb4810e6b0098560c5c791e56dc9952,true,2026-10-09T01:11:25.338187Z,48d69f9756559a7a8da696b16d93e10be849504250560e4830f3dc8ee97b4d9a,101fdb8cc2c9da7ea98da8602ac4e7879ab23c9d,false,2026-10-07T13:19:09.608307Z,8963ea465b99a6b2a2cca91ab2aa07ee321fb3a450edfd10a102f4681b3247e4,public-api.PIL.Image.thumbnail,PIL.Image.thumbnail,PIL.Image.thumbnail,function,outside_selected_manifest,python-cpu,Pillow,1.0,public_api_inventory_gap,not_mapped_to_benchmark,,,,0,0,,0,0,0,0,,,,,0,0,0,0,0,0,0,0,,,
df5231519bb4810e6b0098560c5c791e56dc9952,true,2026-10-09T01:11:25.338187Z,48d69f9756559a7a8da696b16d93e10be849504250560e4830f3dc8ee97b4d9a,101fdb8cc2c9da7ea98da8602ac4e7879ab23c9d,false,2026-10-07T13:19:09.608307Z,8963ea465b99a6b2a2cca91ab2aa07ee321fb3a450edfd10a102f4681b3247e4,public-api.PIL.Image.thumbnail,PIL.Image.thumbnail,PIL.Image.thumbnail,function,outside_selected_manifest,python-simd,Pillow,2.0,public_api_inventory_gap,not_mapped_to_benchmark,,,,0,0,,0,0,0,0,0,,,,0,0,0,0,0,0,0,0,,,
df5231519bb4810e6b0098560c5c791e56dc9952,true,2026-10-09T01:11:25.338187Z,48d69f9756559a7a8da696b16d93e10be849504250560e4830f3dc8ee97b4d9a,101fdb8cc2c9da7ea98da8602ac4e7879ab23c9d,false,2026-10-07T13:19:09.608307Z,8963ea465b99a6b2a2cca91ab2aa07ee321fb3a450edfd10a102f4681b3247e4,public-api.PIL.Image.thumbnail,PIL.Image.thumbnail,PIL.Image.thumbnail,function,outside_selected_manifest,python-gpu,SIMD,1.0,public_api_inventory_gap,not_mapped_to_benchmark,,,,0,0,,0,0,0,0,,,,,0,0,0,0,0,0,0,0,,not_measured,
df5231519bb4810e6b0098560c5c791e56dc9952,true,2026-10-09T01:11:25.338187Z,48d69f9756559a7a8da696b16d93e10be849504250560e4830f3dc8ee97b4d9a,101fdb8cc2c9da7ea98da8602ac4e7879ab23c9d,false,2026-10-07T13:19:09.608307Z,8963ea465b99a6b2a2cca91ab2aa07ee321fb3a450edfd10a102f4681b3247e4,public-api.PIL.Image.thumbnail,PIL.Image.thumbnail,PIL.Image.thumbnail,function,outside_selected_manifest,python-parallel-cpu,Pillow,,public_api_inventory_gap,not_mapped_to_benchmark,,,,0,0,,0,0,0,0,,,,,0,0,0,0,0,0,0,0,,,
df5231519bb4810e6b0098560c5c791e56dc9952,true,2026-10-09T01:11:25.338187Z,48d69f9756559a7a8da696b16d93e10be849504250560e4830f3dc8ee97b4d9a,101fdb8cc2c9da7ea98da8602ac4e7879ab23c9d,false,2026-10-07T13:19:09.608307Z,8963ea465b99a6b2a2cca91ab2aa07ee321fb3a450edfd10a102f4681b3247e4,public-api.PIL.ImageEnhance.Color.degenerate,PIL.ImageEnhance.Color.degenerate,PIL.ImageEnhance.Color.degenerate,property,outside_selected_manifest,python-cpu,Pillow,1.0,public_api_inventory_gap,not_mapped_to_benchmark,,,,0,0,,0,0,0,0,,,,,0,0,0,0,0,0,0,0,,,
df5231519bb4810e6b0098560c5c791e56dc9952,true,2026-10-09T01:11:25.338187Z,48d69f9756559a7a8da696b16d93e10be849504250560e4830f3dc8ee97b4d9a,101fdb8cc2c9da7ea98da8602ac4e7879ab23c9d,false,2026-10-07T13:19:09.608307Z,8963ea465b99a6b2a2cca91ab2aa07ee321fb3a450edfd10a102f4681b3247e4,public-api.PIL.ImageEnhance.Color.degenerate,PIL.ImageEnhance.Color.degenerate,PIL.ImageEnhance.Color.degenerate,property,outside_selected_manifest,python-simd,Pillow,2.0,public_api_inventory_gap,not_mapped_to_benchmark,,,,0,0,,0,0,0,0,0,,,,0,0,0,0,0,0,0,0,,,
df5231519bb4810e6b0098560c5c791e56dc9952,true,2026-10-09T01:11:25.338187Z,48d69f9756559a7a8da696b16d93e10be849504250560e4830f3dc8ee97b4d9a,101fdb8cc2c9da7ea98da8602ac4e7879ab23c9d,false,2026-10-07T13:19:09.608307Z,8963ea465b99a6b2a2cca91ab2aa07ee321fb3a450edfd10a102f4681b3247e4,public-api.PIL.ImageEnhance.Color.degenerate,PIL.ImageEnhance.Color.degenerate,PIL.ImageEnhance.Color.degenerate,property,outside_selected_manifest,python-gpu,SIMD,1.0,public_api_inventory_gap,not_mapped_to_benchmark,,,,0,0,,0,0,0,0,,,,,0,0,0,0,0,0,0,0,,not_measured,
df5231519bb4810e6b0098560c5c791e56dc9952,true,2026-10-09T01:11:25.338187Z,48d69f9756559a7a8da696b16d93e10be849504250560e4830f3dc8ee97b4d9a,101fdb8cc2c9da7ea98da8602ac4e7879ab23c9d,false,2026-10-07T13:19:09.608307Z,8963ea465b99a6b2a2cca91ab2aa07ee321fb3a450edfd10a102f4681b3247e4,public-api.PIL.ImageEnhance.Color.degenerate,PIL.ImageEnhance.Color.degenerate,PIL.ImageEnhance.Color.degenerate,property,outside_selected_manifest,python-parallel-cpu,Pillow,,public_api_inventory_gap,not_mapped_to_benchmark,,,,0,0,,0,0,0,0,,,,,0,0,0,0,0,0,0,0,,,
df5231519bb4810e6b0098560c5c791e56dc9952,true,2026-10-09T01:11:25.338187Z,48d69f9756559a7a8da696b16d93e10be849504250560e4830f3dc8ee97b4d9a,101fdb8cc2c9da7ea98da8602ac4e7879ab23c9d,false,2026-10-07T13:19:09.608307Z,8963ea465b99a6b2a2cca91ab2aa07ee321fb3a450edfd10a102f4681b3247e4,public-api.PIL.ImageEnhance.Color.intermediate_mode,PIL.ImageEnhance.Color.intermediate_mode,PIL.ImageEnhance.Color.intermediate_mode,property,outside_selected_manifest,python-cpu,Pillow,1.0,public_api_inventory_gap,not_mapped_to_benchmark,,,,0,0,,0,0,0,0,,,,,0,0,0,0,0,0,0,0,,,
df5231519bb4810e6b0098560c5c791e56dc9952,true,2026-10-09T01:11:25.338187Z,48d69f9756559a7a8da696b16d93e10be849504250560e4830f3dc8ee97b4d9a,101fdb8cc2c9da7ea98da8602ac4e7879ab23c9d,false,2026-10-07T13:19:09.608307Z,8963ea465b99a6b2a2cca91ab2aa07ee321fb3a450edfd10a102f4681b3247e4,public-api.PIL.ImageEnhance.Color.intermediate_mode,PIL.ImageEnhance.Color.intermediate_mode,PIL.ImageEnhance.Color.intermediate_mode,property,outside_selected_manifest,python-simd,Pillow,2.0,public_api_inventory_gap,not_mapped_to_benchmark,,,,0,0,,0,0,0,0,0,,,,0,0,0,0,0,0,0,0,,,
df5231519bb4810e6b0098560c5c791e56dc9952,true,2026-10-09T01:11:25.338187Z,48d69f9756559a7a8da696b16d93e10be849504250560e4830f3dc8ee97b4d9a,101fdb8cc2c9da7ea98da8602ac4e7879ab23c9d,false,2026-10-07T13:19:09.608307Z,8963ea465b99a6b2a2cca91ab2aa07ee321fb3a450edfd10a102f4681b3247e4,public-api.PIL.ImageEnhance.Color.intermediate_mode,PIL.ImageEnhance.Color.intermediate_mode,PIL.ImageEnhance.Color.intermediate_mode,property,outside_selected_manifest,python-gpu,SIMD,1.0,public_api_inventory_gap,not_mapped_to_benchmark,,,,0,0,,0,0,0,0,,,,,0,0,0,0,0,0,0,0,,not_measured,
df5231519bb4810e6b0098560c5c791e56dc9952,true,2026-10-09T01:11:25.338187Z,48d69f9756559a7a8da696b16d93e10be849504250560e4830f3dc8ee97b4d9a,101fdb8cc2c9da7ea98da8602ac4e7879ab23c9d,false,2026-10-07T13:19:09.608307Z,8963ea465b99a6b2a2cca91ab2aa07ee321fb3a450edfd10a102f4681b3247e4,public-api.PIL.ImageEnhance.Color.intermediate_mode,PIL.ImageEnhance.Color.intermediate_mode,PIL.ImageEnhance.Color.intermediate_mode,property,outside_selected_manifest,python-parallel-cpu,Pillow,,public_api_inventory_gap,not_mapped_to_benchmark,,,,0,0,,0,0,0,0,,,,,0,0,0,0,0,0,0,0,,,
df5231519bb4810e6b0098560c5c791e56dc9952,true,2026-10-09T01:11:25.338187Z,48d69f9756559a7a8da696b16d93e10be849504250560e4830f3dc8ee97b4d9a,101fdb8cc2c9da7ea98da8602ac4e7879ab23c9d,false,2026-10-07T13:19:09.608307Z,8963ea465b99a6b2a2cca91ab2aa07ee321fb3a450edfd10a102f4681b3247e4,public-api.PIL.ImageEnhance.Contrast.degenerate,PIL.ImageEnhance.Contrast.degenerate,PIL.ImageEnhance.Contrast.degenerate,property,outside_selected_manifest,python-cpu,Pillow,1.0,public_api_inventory_gap,not_mapped_to_benchmark,,,,0,0,,0,0,0,0,,,,,0,0,0,0,0,0,0,0,,,
df5231519bb4810e6b0098560c5c791e56dc9952,true,2026-10-09T01:11:25.338187Z,48d69f9756559a7a8da696b16d93e10be849504250560e4830f3dc8ee97b4d9a,101fdb8cc2c9da7ea98da8602ac4e7879ab23c9d,false,2026-10-07T13:19:09.608307Z,8963ea465b99a6b2a2cca91ab2aa07ee321fb3a450edfd10a102f4681b3247e4,public-api.PIL.ImageEnhance.Contrast.degenerate,PIL.ImageEnhance.Contrast.degenerate,PIL.ImageEnhance.Contrast.degenerate,property,outside_selected_manifest,python-simd,Pillow,2.0,public_api_inventory_gap,not_mapped_to_benchmark,,,,0,0,,0,0,0,0,0,,,,0,0,0,0,0,0,0,0,,,
df5231519bb4810e6b0098560c5c791e56dc9952,true,2026-10-09T01:11:25.338187Z,48d69f9756559a7a8da696b16d93e10be849504250560e4830f3dc8ee97b4d9a,101fdb8cc2c9da7ea98da8602ac4e7879ab23c9d,false,2026-10-07T13:19:09.608307Z,8963ea465b99a6b2a2cca91ab2aa07ee321fb3a450edfd10a102f4681b3247e4,public-api.PIL.ImageEnhance.Contrast.degenerate,PIL.ImageEnhance.Contrast.degenerate,PIL.ImageEnhance.Contrast.degenerate,property,outside_selected_manifest,python-gpu,SIMD,1.0,public_api_inventory_gap,not_mapped_to_benchmark,,,,0,0,,0,0,0,0,,,,,0,0,0,0,0,0,0,0,,not_measured,
df5231519bb4810e6b0098560c5c791e56dc9952,true,2026-10-09T01:11:25.338187Z,48d69f9756559a7a8da696b16d93e10be849504250560e4830f3dc8ee97b4d9a,101fdb8cc2c9da7ea98da8602ac4e7879ab23c9d,false,2026-10-07T13:19:09.608307Z,8963ea465b99a6b2a2cca91ab2aa07ee321fb3a450edfd10a102f4681b3247e4,public-api.PIL.ImageEnhance.Contrast.degenerate,PIL.ImageEnhance.Contrast.degenerate,PIL.ImageEnhance.Contrast.degenerate,property,outside_selected_manifest,python-parallel-cpu,Pillow,,public_api_inventory_gap,not_mapped_to_benchmark,,,,0,0,,0,0,0,0,,,,,0,0,0,0,0,0,0,0,,,
df5231519bb4810e6b0098560c5c791e56dc9952,true,2026-10-09T01:11:25.338187Z,48d69f9756559a7a8da696b16d93e10be849504250560e4830f3dc8ee97b4d9a,101fdb8cc2c9da7ea98da8602ac4e7879ab23c9d,false,2026-10-07T13:19:09.608307Z,8963ea465b99a6b2a2cca91ab2aa07ee321fb3a450edfd10a102f4681b3247e4,public-api.PIL.ImageFilter.BoxBlur.radius,PIL.ImageFilter.BoxBlur.radius,PIL.ImageFilter.BoxBlur.radius,property,outside_selected_manifest,python-cpu,Pillow,1.0,public_api_inventory_gap,not_mapped_to_benchmark,,,,0,0,,0,0,0,0,,,,,0,0,0,0,0,0,0,0,,,
df5231519bb4810e6b0098560c5c791e56dc9952,true,2026-10-09T01:11:25.338187Z,48d69f9756559a7a8da696b16d93e10be849504250560e4830f3dc8ee97b4d9a,101fdb8cc2c9da7ea98da8602ac4e7879ab23c9d,false,2026-10-07T13:19:09.608307Z,8963ea465b99a6b2a2cca91ab2aa07ee321fb3a450edfd10a102f4681b3247e4,public-api.PIL.ImageFilter.BoxBlur.radius,PIL.ImageFilter.BoxBlur.radius,PIL.ImageFilter.BoxBlur.radius,property,outside_selected_manifest,python-simd,Pillow,2.0,public_api_inventory_gap,not_mapped_to_benchmark,,,,0,0,,0,0,0,0,0,,,,0,0,0,0,0,0,0,0,,,
df5231519bb4810e6b0098560c5c791e56dc9952,true,2026-10-09T01:11:25.338187Z,48d69f9756559a7a8da696b16d93e10be849504250560e4830f3dc8ee97b4d9a,101fdb8cc2c9da7ea98da8602ac4e7879ab23c9d,false,2026-10-07T13:19:09.608307Z,8963ea465b99a6b2a2cca91ab2aa07ee321fb3a450edfd10a102f4681b3247e4,public-api.PIL.ImageFilter.BoxBlur.radius,PIL.ImageFilter.BoxBlur.radius,PIL.ImageFilter.BoxBlur.radius,property,outside_selected_manifest,python-gpu,SIMD,1.0,public_api_inventory_gap,not_mapped_to_benchmark,,,,0,0,,0,0,0,0,,,,,0,0,0,0,0,0,0,0,,not_measured,
df5231519bb4810e6b0098560c5c791e56dc9952,true,2026-10-09T01:11:25.338187Z,48d69f9756559a7a8da696b16d93e10be849504250560e4830f3dc8ee97b4d9a,101fdb8cc2c9da7ea98da8602ac4e7879ab23c9d,false,2026-10-07T13:19:09.608307Z,8963ea465b99a6b2a2cca91ab2aa07ee321fb3a450edfd10a102f4681b3247e4,public-api.PIL.ImageFilter.BoxBlur.radius,PIL.ImageFilter.BoxBlur.radius,PIL.ImageFilter.BoxBlur.radius,property,outside_selected_manifest,python-parallel-cpu,Pillow,,public_api_inventory_gap,not_mapped_to_benchmark,,,,0,0,,0,0,0,0,,,,,0,0,0,0,0,0,0,0,,,
df5231519bb4810e6b0098560c5c791e56dc9952,true,2026-10-09T01:11:25.338187Z,48d69f9756559a7a8da696b16d93e10be849504250560e4830f3dc8ee97b4d9a,101fdb8cc2c9da7ea98da8602ac4e7879ab23c9d,false,2026-10-07T13:19:09.608307Z,8963ea465b99a6b2a2cca91ab2aa07ee321fb3a450edfd10a102f4681b3247e4,public-api.PIL.ImageFilter.Color3DLUT.channels,PIL.ImageFilter.Color3DLUT.channels,PIL.ImageFilter.Color3DLUT.channels,property,outside_selected_manifest,python-cpu,Pillow,1.0,public_api_inventory_gap,not_mapped_to_benchmark,,,,0,0,,0,0,0,0,,,,,0,0,0,0,0,0,0,0,,,
df5231519bb4810e6b0098560c5c791e56dc9952,true,2026-10-09T01:11:25.338187Z,48d69f9756559a7a8da696b16d93e10be849504250560e4830f3dc8ee97b4d9a,101fdb8cc2c9da7ea98da8602ac4e7879ab23c9d,false,2026-10-07T13:19:09.608307Z,8963ea465b99a6b2a2cca91ab2aa07ee321fb3a450edfd10a102f4681b3247e4,public-api.PIL.ImageFilter.Color3DLUT.channels,PIL.ImageFilter.Color3DLUT.channels,PIL.ImageFilter.Color3DLUT.channels,property,outside_selected_manifest,python-simd,Pillow,2.0,public_api_inventory_gap,not_mapped_to_benchmark,,,,0,0,,0,0,0,0,0,,,,0,0,0,0,0,0,0,0,,,
df5231519bb4810e6b0098560c5c791e56dc9952,true,2026-10-09T01:11:25.338187Z,48d69f9756559a7a8da696b16d93e10be849504250560e4830f3dc8ee97b4d9a,101fdb8cc2c9da7ea98da8602ac4e7879ab23c9d,false,2026-10-07T13:19:09.608307Z,8963ea465b99a6b2a2cca91ab2aa07ee321fb3a450edfd10a102f4681b3247e4,public-api.PIL.ImageFilter.Color3DLUT.channels,PIL.ImageFilter.Color3DLUT.channels,PIL.ImageFilter.Color3DLUT.channels,property,outside_selected_manifest,python-gpu,SIMD,1.0,public_api_inventory_gap,not_mapped_to_benchmark,,,,0,0,,0,0,0,0,,,,,0,0,0,0,0,0,0,0,,not_measured,
df5231519bb4810e6b0098560c5c791e56dc9952,true,2026-10-09T01:11:25.338187Z,48d69f9756559a7a8da696b16d93e10be849504250560e4830f3dc8ee97b4d9a,101fdb8cc2c9da7ea98da8602ac4e7879ab23c9d,false,2026-10-07T13:19:09.608307Z,8963ea465b99a6b2a2cca91ab2aa07ee321fb3a450edfd10a102f4681b3247e4,public-api.PIL.ImageFilter.Color3DLUT.channels,PIL.ImageFilter.Color3DLUT.channels,PIL.ImageFilter.Color3DLUT.channels,property,outside_selected_manifest,python-parallel-cpu,Pillow,,public_api_inventory_gap,not_mapped_to_benchmark,,,,0,0,,0,0,0,0,,,,,0,0,0,0,0,0,0,0,,,
df5231519bb4810e6b0098560c5c791e56dc9952,true,2026-10-09T01:11:25.338187Z,48d69f9756559a7a8da696b16d93e10be849504250560e4830f3dc8ee97b4d9a,101fdb8cc2c9da7ea98da8602ac4e7879ab23c9d,false,2026-10-07T13:19:09.608307Z,8963ea465b99a6b2a2cca91ab2aa07ee321fb3a450edfd10a102f4681b3247e4,public-api.PIL.ImageFilter.Color3DLUT.mode,PIL.ImageFilter.Color3DLUT.mode,PIL.ImageFilter.Color3DLUT.mode,property,outside_selected_manifest,python-cpu,Pillow,1.0,public_api_inventory_gap,not_mapped_to_benchmark,,,,0,0,,0,0,0,0,,,,,0,0,0,0,0,0,0,0,,,
df5231519bb4810e6b0098560c5c791e56dc9952,true,2026-10-09T01:11:25.338187Z,48d69f9756559a7a8da696b16d93e10be849504250560e4830f3dc8ee97b4d9a,101fdb8cc2c9da7ea98da8602ac4e7879ab23c9d,false,2026-10-07T13:19:09.608307Z,8963ea465b99a6b2a2cca91ab2aa07ee321fb3a450edfd10a102f4681b3247e4,public-api.PIL.ImageFilter.Color3DLUT.mode,PIL.ImageFilter.Color3DLUT.mode,PIL.ImageFilter.Color3DLUT.mode,property,outside_selected_manifest,python-simd,Pillow,2.0,public_api_inventory_gap,not_mapped_to_benchmark,,,,0,0,,0,0,0,0,0,,,,0,0,0,0,0,0,0,0,,,
df5231519bb4810e6b0098560c5c791e56dc9952,true,2026-10-09T01:11:25.338187Z,48d69f9756559a7a8da696b16d93e10be849504250560e4830f3dc8ee97b4d9a,101fdb8cc2c9da7ea98da8602ac4e7879ab23c9d,false,2026-10-07T13:19:09.608307Z,8963ea465b99a6b2a2cca91ab2aa07ee321fb3a450edfd10a102f4681b3247e4,public-api.PIL.ImageFilter.Color3DLUT.mode,PIL.ImageFilter.Color3DLUT.mode,PIL.ImageFilter.Color3DLUT.mode,property,outside_selected_manifest,python-gpu,SIMD,1.0,public_api_inventory_gap,not_mapped_to_benchmark,,,,0,0,,0,0,0,0,,,,,0,0,0,0,0,0,0,0,,not_measured,
df5231519bb4810e6b0098560c5c791e56dc9952,true,2026-10-09T01:11:25.338187Z,48d69f9756559a7a8da696b16d93e10be849504250560e4830f3dc8ee97b4d9a,101fdb8cc2c9da7ea98da8602ac4e7879ab23c9d,false,2026-10-07T13:19:09.608307Z,8963ea465b99a6b2a2cca91ab2aa07ee321fb3a450edfd10a102f4681b3247e4,public-api.PIL.ImageFilter.Color3DLUT.mode,PIL.ImageFilter.Color3DLUT.mode,PIL.ImageFilter.Color3DLUT.mode,property,outside_selected_manifest,python-parallel-cpu,Pillow,,public_api_inventory_gap,not_mapped_to_benchmark,,,,0,0,,0,0,0,0,,,,,0,0,0,0,0,0,0,0,,,
df5231519bb4810e6b0098560c5c791e56dc9952,true,2026-10-09T01:11:25.338187Z,48d69f9756559a7a8da696b16d93e10be849504250560e4830f3dc8ee97b4d9a,101fdb8cc2c9da7ea98da8602ac4e7879ab23c9d,false,2026-10-07T13:19:09.608307Z,8963ea465b99a6b2a2cca91ab2aa07ee321fb3a450edfd10a102f4681b3247e4,public-api.PIL.ImageFilter.Color3DLUT.size,PIL.ImageFilter.Color3DLUT.size,PIL.ImageFilter.Color3DLUT.size,property,outside_selected_manifest,python-cpu,Pillow,1.0,public_api_inventory_gap,not_mapped_to_benchmark,,,,0,0,,0,0,0,0,,,,,0,0,0,0,0,0,0,0,,,
df5231519bb4810e6b0098560c5c791e56dc9952,true,2026-10-09T01:11:25.338187Z,48d69f9756559a7a8da696b16d93e10be849504250560e4830f3dc8ee97b4d9a,101fdb8cc2c9da7ea98da8602ac4e7879ab23c9d,false,2026-10-07T13:19:09.608307Z,8963ea465b99a6b2a2cca91ab2aa07ee321fb3a450edfd10a102f4681b3247e4,public-api.PIL.ImageFilter.Color3DLUT.size,PIL.ImageFilter.Color3DLUT.size,PIL.ImageFilter.Color3DLUT.size,property,outside_selected_manifest,python-simd,Pillow,2.0,public_api_inventory_gap,not_mapped_to_benchmark,,,,0,0,,0,0,0,0,0,,,,0,0,0,0,0,0,0,0,,,
df5231519bb4810e6b0098560c5c791e56dc9952,true,2026-10-09T01:11:25.338187Z,48d69f9756559a7a8da696b16d93e10be849504250560e4830f3dc8ee97b4d9a,101fdb8cc2c9da7ea98da8602ac4e7879ab23c9d,false,2026-10-07T13:19:09.608307Z,8963ea465b99a6b2a2cca91ab2aa07ee321fb3a450edfd10a102f4681b3247e4,public-api.PIL.ImageFilter.Color3DLUT.size,PIL.ImageFilter.Color3DLUT.size,PIL.ImageFilter.Color3DLUT.size,property,outside_selected_manifest,python-gpu,SIMD,1.0,public_api_inventory_gap,not_mapped_to_benchmark,,,,0,0,,0,0,0,0,,,,,0,0,0,0,0,0,0,0,,not_measured,
df5231519bb4810e6b0098560c5c791e56dc9952,true,2026-10-09T01:11:25.338187Z,48d69f9756559a7a8da696b16d93e10be849504250560e4830f3dc8ee97b4d9a,101fdb8cc2c9da7ea98da8602ac4e7879ab23c9d,false,2026-10-07T13:19:09.608307Z,8963ea465b99a6b2a2cca91ab2aa07ee321fb3a450edfd10a102f4681b3247e4,public-api.PIL.ImageFilter.Color3DLUT.size,PIL.ImageFilter.Color3DLUT.size,PIL.ImageFilter.Color3DLUT.size,property,outside_selected_manifest,python-parallel-cpu,Pillow,,public_api_inventory_gap,not_mapped_to_benchmark,,,,0,0,,0,0,0,0,,,,,0,0,0,0,0,0,0,0,,,
df5231519bb4810e6b0098560c5c791e56dc9952,true,2026-10-09T01:11:25.338187Z,48d69f9756559a7a8da696b16d93e10be849504250560e4830f3dc8ee97b4d9a,101fdb8cc2c9da7ea98da8602ac4e7879ab23c9d,false,2026-10-07T13:19:09.608307Z,8963ea465b99a6b2a2cca91ab2aa07ee321fb3a450edfd10a102f4681b3247e4,public-api.PIL.ImageFilter.Color3DLUT.table,PIL.ImageFilter.Color3DLUT.table,PIL.ImageFilter.Color3DLUT.table,property,outside_selected_manifest,python-cpu,Pillow,1.0,public_api_inventory_gap,not_mapped_to_benchmark,,,,0,0,,0,0,0,0,,,,,0,0,0,0,0,0,0,0,,,
df5231519bb4810e6b0098560c5c791e56dc9952,true,2026-10-09T01:11:25.338187Z,48d69f9756559a7a8da696b16d93e10be849504250560e4830f3dc8ee97b4d9a,101fdb8cc2c9da7ea98da8602ac4e7879ab23c9d,false,2026-10-07T13:19:09.608307Z,8963ea465b99a6b2a2cca91ab2aa07ee321fb3a450edfd10a102f4681b3247e4,public-api.PIL.ImageFilter.Color3DLUT.table,PIL.ImageFilter.Color3DLUT.table,PIL.ImageFilter.Color3DLUT.table,property,outside_selected_manifest,python-simd,Pillow,2.0,public_api_inventory_gap,not_mapped_to_benchmark,,,,0,0,,0,0,0,0,0,,,,0,0,0,0,0,0,0,0,,,
df5231519bb4810e6b0098560c5c791e56dc9952,true,2026-10-09T01:11:25.338187Z,48d69f9756559a7a8da696b16d93e10be849504250560e4830f3dc8ee97b4d9a,101fdb8cc2c9da7ea98da8602ac4e7879ab23c9d,false,2026-10-07T13:19:09.608307Z,8963ea465b99a6b2a2cca91ab2aa07ee321fb3a450edfd10a102f4681b3247e4,public-api.PIL.ImageFilter.Color3DLUT.table,PIL.ImageFilter.Color3DLUT.table,PIL.ImageFilter.Color3DLUT.table,property,outside_selected_manifest,python-gpu,SIMD,1.0,public_api_inventory_gap,not_mapped_to_benchmark,,,,0,0,,0,0,0,0,,,,,0,0,0,0,0,0,0,0,,not_measured,
df5231519bb4810e6b0098560c5c791e56dc9952,true,2026-10-09T01:11:25.338187Z,48d69f9756559a7a8da696b16d93e10be849504250560e4830f3dc8ee97b4d9a,101fdb8cc2c9da7ea98da8602ac4e7879ab23c9d,false,2026-10-07T13:19:09.608307Z,8963ea465b99a6b2a2cca91ab2aa07ee321fb3a450edfd10a102f4681b3247e4,public-api.PIL.ImageFilter.Color3DLUT.table,PIL.ImageFilter.Color3DLUT.table,PIL.ImageFilter.Color3DLUT.table,property,outside_selected_manifest,python-parallel-cpu,Pillow,,public_api_inventory_gap,not_mapped_to_benchmark,,,,0,0,,0,0,0,0,,,,,0,0,0,0,0,0,0,0,,,
df5231519bb4810e6b0098560c5c791e56dc9952,true,2026-10-09T01:11:25.338187Z,48d69f9756559a7a8da696b16d93e10be849504250560e4830f3dc8ee97b4d9a,101fdb8cc2c9da7ea98da8602ac4e7879ab23c9d,false,2026-10-07T13:19:09.608307Z,8963ea465b99a6b2a2cca91ab2aa07ee321fb3a450edfd10a102f4681b3247e4,public-api.PIL.ImageFilter.GaussianBlur.radius,PIL.ImageFilter.GaussianBlur.radius,PIL.ImageFilter.GaussianBlur.radius,property,outside_selected_manifest,python-cpu,Pillow,1.0,public_api_inventory_gap,not_mapped_to_benchmark,,,,0,0,,0,0,0,0,,,,,0,0,0,0,0,0,0,0,,,
df5231519bb4810e6b0098560c5c791e56dc9952,true,2026-10-09T01:11:25.338187Z,48d69f9756559a7a8da696b16d93e10be849504250560e4830f3dc8ee97b4d9a,101fdb8cc2c9da7ea98da8602ac4e7879ab23c9d,false,2026-10-07T13:19:09.608307Z,8963ea465b99a6b2a2cca91ab2aa07ee321fb3a450edfd10a102f4681b3247e4,public-api.PIL.ImageFilter.GaussianBlur.radius,PIL.ImageFilter.GaussianBlur.radius,PIL.ImageFilter.GaussianBlur.radius,property,outside_selected_manifest,python-simd,Pillow,2.0,public_api_inventory_gap,not_mapped_to_benchmark,,,,0,0,,0,0,0,0,0,,,,0,0,0,0,0,0,0,0,,,
df5231519bb4810e6b0098560c5c791e56dc9952,true,2026-10-09T01:11:25.338187Z,48d69f9756559a7a8da696b16d93e10be849504250560e4830f3dc8ee97b4d9a,101fdb8cc2c9da7ea98da8602ac4e7879ab23c9d,false,2026-10-07T13:19:09.608307Z,8963ea465b99a6b2a2cca91ab2aa07ee321fb3a450edfd10a102f4681b3247e4,public-api.PIL.ImageFilter.GaussianBlur.radius,PIL.ImageFilter.GaussianBlur.radius,PIL.ImageFilter.GaussianBlur.radius,property,outside_selected_manifest,python-gpu,SIMD,1.0,public_api_inventory_gap,not_mapped_to_benchmark,,,,0,0,,0,0,0,0,,,,,0,0,0,0,0,0,0,0,,not_measured,
df5231519bb4810e6b0098560c5c791e56dc9952,true,2026-10-09T01:11:25.338187Z,48d69f9756559a7a8da696b16d93e10be849504250560e4830f3dc8ee97b4d9a,101fdb8cc2c9da7ea98da8602ac4e7879ab23c9d,false,2026-10-07T13:19:09.608307Z,8963ea465b99a6b2a2cca91ab2aa07ee321fb3a450edfd10a102f4681b3247e4,public-api.PIL.ImageFilter.GaussianBlur.radius,PIL.ImageFilter.GaussianBlur.radius,PIL.ImageFilter.GaussianBlur.radius,property,outside_selected_manifest,python-parallel-cpu,Pillow,,public_api_inventory_gap,not_mapped_to_benchmark,,,,0,0,,0,0,0,0,,,,,0,0,0,0,0,0,0,0,,,
df5231519bb4810e6b0098560c5c791e56dc9952,true,2026-10-09T01:11:25.338187Z,48d69f9756559a7a8da696b16d93e10be849504250560e4830f3dc8ee97b4d9a,101fdb8cc2c9da7ea98da8602ac4e7879ab23c9d,false,2026-10-07T13:19:09.608307Z,8963ea465b99a6b2a2cca91ab2aa07ee321fb3a450edfd10a102f4681b3247e4,public-api.PIL.ImageFilter.Kernel.kernel,PIL.ImageFilter.Kernel.kernel,PIL.ImageFilter.Kernel.kernel,property,outside_selected_manifest,python-cpu,Pillow,1.0,public_api_inventory_gap,not_mapped_to_benchmark,,,,0,0,,0,0,0,0,,,,,0,0,0,0,0,0,0,0,,,
df5231519bb4810e6b0098560c5c791e56dc9952,true,2026-10-09T01:11:25.338187Z,48d69f9756559a7a8da696b16d93e10be849504250560e4830f3dc8ee97b4d9a,101fdb8cc2c9da7ea98da8602ac4e7879ab23c9d,false,2026-10-07T13:19:09.608307Z,8963ea465b99a6b2a2cca91ab2aa07ee321fb3a450edfd10a102f4681b3247e4,public-api.PIL.ImageFilter.Kernel.kernel,PIL.ImageFilter.Kernel.kernel,PIL.ImageFilter.Kernel.kernel,property,outside_selected_manifest,python-simd,Pillow,2.0,public_api_inventory_gap,not_mapped_to_benchmark,,,,0,0,,0,0,0,0,0,,,,0,0,0,0,0,0,0,0,,,
df5231519bb4810e6b0098560c5c791e56dc9952,true,2026-10-09T01:11:25.338187Z,48d69f9756559a7a8da696b16d93e10be849504250560e4830f3dc8ee97b4d9a,101fdb8cc2c9da7ea98da8602ac4e7879ab23c9d,false,2026-10-07T13:19:09.608307Z,8963ea465b99a6b2a2cca91ab2aa07ee321fb3a450edfd10a102f4681b3247e4,public-api.PIL.ImageFilter.Kernel.kernel,PIL.ImageFilter.Kernel.kernel,PIL.ImageFilter.Kernel.kernel,property,outside_selected_manifest,python-gpu,SIMD,1.0,public_api_inventory_gap,not_mapped_to_benchmark,,,,0,0,,0,0,0,0,,,,,0,0,0,0,0,0,0,0,,not_measured,
df5231519bb4810e6b0098560c5c791e56dc9952,true,2026-10-09T01:11:25.338187Z,48d69f9756559a7a8da696b16d93e10be849504250560e4830f3dc8ee97b4d9a,101fdb8cc2c9da7ea98da8602ac4e7879ab23c9d,false,2026-10-07T13:19:09.608307Z,8963ea465b99a6b2a2cca91ab2aa07ee321fb3a450edfd10a102f4681b3247e4,public-api.PIL.ImageFilter.Kernel.kernel,PIL.ImageFilter.Kernel.kernel,PIL.ImageFilter.Kernel.kernel,property,outside_selected_manifest,python-parallel-cpu,Pillow,,public_api_inventory_gap,not_mapped_to_benchmark,,,,0,0,,0,0,0,0,,,,,0,0,0,0,0,0,0,0,,,
df5231519bb4810e6b0098560c5c791e56dc9952,true,2026-10-09T01:11:25.338187Z,48d69f9756559a7a8da696b16d93e10be849504250560e4830f3dc8ee97b4d9a,101fdb8cc2c9da7ea98da8602ac4e7879ab23c9d,false,2026-10-07T13:19:09.608307Z,8963ea465b99a6b2a2cca91ab2aa07ee321fb3a450edfd10a102f4681b3247e4,public-api.PIL.ImageFilter.Kernel.offset,PIL.ImageFilter.Kernel.offset,PIL.ImageFilter.Kernel.offset,property,outside_selected_manifest,python-cpu,Pillow,1.0,public_api_inventory_gap,not_mapped_to_benchmark,,,,0,0,,0,0,0,0,,,,,0,0,0,0,0,0,0,0,,,
df5231519bb4810e6b0098560c5c791e56dc9952,true,2026-10-09T01:11:25.338187Z,48d69f9756559a7a8da696b16d93e10be849504250560e4830f3dc8ee97b4d9a,101fdb8cc2c9da7ea98da8602ac4e7879ab23c9d,false,2026-10-07T13:19:09.608307Z,8963ea465b99a6b2a2cca91ab2aa07ee321fb3a450edfd10a102f4681b3247e4,public-api.PIL.ImageFilter.Kernel.offset,PIL.ImageFilter.Kernel.offset,PIL.ImageFilter.Kernel.offset,property,outside_selected_manifest,python-simd,Pillow,2.0,public_api_inventory_gap,not_mapped_to_benchmark,,,,0,0,,0,0,0,0,0,,,,0,0,0,0,0,0,0,0,,,
df5231519bb4810e6b0098560c5c791e56dc9952,true,2026-10-09T01:11:25.338187Z,48d69f9756559a7a8da696b16d93e10be849504250560e4830f3dc8ee97b4d9a,101fdb8cc2c9da7ea98da8602ac4e7879ab23c9d,false,2026-10-07T13:19:09.608307Z,8963ea465b99a6b2a2cca91ab2aa07ee321fb3a450edfd10a102f4681b3247e4,public-api.PIL.ImageFilter.Kernel.offset,PIL.ImageFilter.Kernel.offset,PIL.ImageFilter.Kernel.offset,property,outside_selected_manifest,python-gpu,SIMD,1.0,public_api_inventory_gap,not_mapped_to_benchmark,,,,0,0,,0,0,0,0,,,,,0,0,0,0,0,0,0,0,,not_measured,
df5231519bb4810e6b0098560c5c791e56dc9952,true,2026-10-09T01:11:25.338187Z,48d69f9756559a7a8da696b16d93e10be849504250560e4830f3dc8ee97b4d9a,101fdb8cc2c9da7ea98da8602ac4e7879ab23c9d,false,2026-10-07T13:19:09.608307Z,8963ea465b99a6b2a2cca91ab2aa07ee321fb3a450edfd10a102f4681b3247e4,public-api.PIL.ImageFilter.Kernel.offset,PIL.ImageFilter.Kernel.offset,PIL.ImageFilter.Kernel.offset,property,outside_selected_manifest,python-parallel-cpu,Pillow,,public_api_inventory_gap,not_mapped_to_benchmark,,,,0,0,,0,0,0,0,,,,,0,0,0,0,0,0,0,0,,,
df5231519bb4810e6b0098560c5c791e56dc9952,true,2026-10-09T01:11:25.338187Z,48d69f9756559a7a8da696b16d93e10be849504250560e4830f3dc8ee97b4d9a,101fdb8cc2c9da7ea98da8602ac4e7879ab23c9d,false,2026-10-07T13:19:09.608307Z,8963ea465b99a6b2a2cca91ab2aa07ee321fb3a450edfd10a102f4681b3247e4,public-api.PIL.ImageFilter.Kernel.scale,PIL.ImageFilter.Kernel.scale,PIL.ImageFilter.Kernel.scale,property,outside_selected_manifest,python-cpu,Pillow,1.0,public_api_inventory_gap,not_mapped_to_benchmark,,,,0,0,,0,0,0,0,,,,,0,0,0,0,0,0,0,0,,,
df5231519bb4810e6b0098560c5c791e56dc9952,true,2026-10-09T01:11:25.338187Z,48d69f9756559a7a8da696b16d93e10be849504250560e4830f3dc8ee97b4d9a,101fdb8cc2c9da7ea98da8602ac4e7879ab23c9d,false,2026-10-07T13:19:09.608307Z,8963ea465b99a6b2a2cca91ab2aa07ee321fb3a450edfd10a102f4681b3247e4,public-api.PIL.ImageFilter.Kernel.scale,PIL.ImageFilter.Kernel.scale,PIL.ImageFilter.Kernel.scale,property,outside_selected_manifest,python-simd,Pillow,2.0,public_api_inventory_gap,not_mapped_to_benchmark,,,,0,0,,0,0,0,0,0,,,,0,0,0,0,0,0,0,0,,,
df5231519bb4810e6b0098560c5c791e56dc9952,true,2026-10-09T01:11:25.338187Z,48d69f9756559a7a8da696b16d93e10be849504250560e4830f3dc8ee97b4d9a,101fdb8cc2c9da7ea98da8602ac4e7879ab23c9d,false,2026-10-07T13:19:09.608307Z,8963ea465b99a6b2a2cca91ab2aa07ee321fb3a450edfd10a102f4681b3247e4,public-api.PIL.ImageFilter.Kernel.scale,PIL.ImageFilter.Kernel.scale,PIL.ImageFilter.Kernel.scale,property,outside_selected_manifest,python-gpu,SIMD,1.0,public_api_inventory_gap,not_mapped_to_benchmark,,,,0,0,,0,0,0,0,,,,,0,0,0,0,0,0,0,0,,not_measured,
df5231519bb4810e6b0098560c5c791e56dc9952,true,2026-10-09T01:11:25.338187Z,48d69f9756559a7a8da696b16d93e10be849504250560e4830f3dc8ee97b4d9a,101fdb8cc2c9da7ea98da8602ac4e7879ab23c9d,false,2026-10-07T13:19:09.608307Z,8963ea465b99a6b2a2cca91ab2aa07ee321fb3a450edfd10a102f4681b3247e4,public-api.PIL.ImageFilter.Kernel.scale,PIL.ImageFilter.Kernel.scale,PIL.ImageFilter.Kernel.scale,property,outside_selected_manifest,python-parallel-cpu,Pillow,,public_api_inventory_gap,not_mapped_to_benchmark,,,,0,0,,0,0,0,0,,,,,0,0,0,0,0,0,0,0,,,
df5231519bb4810e6b0098560c5c791e56dc9952,true,2026-10-09T01:11:25.338187Z,48d69f9756559a7a8da696b16d93e10be849504250560e4830f3dc8ee97b4d9a,101fdb8cc2c9da7ea98da8602ac4e7879ab23c9d,false,2026-10-07T13:19:09.608307Z,8963ea465b99a6b2a2cca91ab2aa07ee321fb3a450edfd10a102f4681b3247e4,public-api.PIL.ImageFilter.Kernel.size,PIL.ImageFilter.Kernel.size,PIL.ImageFilter.Kernel.size,property,outside_selected_manifest,python-cpu,Pillow,1.0,public_api_inventory_gap,not_mapped_to_benchmark,,,,0,0,,0,0,0,0,,,,,0,0,0,0,0,0,0,0,,,
df5231519bb4810e6b0098560c5c791e56dc9952,true,2026-10-09T01:11:25.338187Z,48d69f9756559a7a8da696b16d93e10be849504250560e4830f3dc8ee97b4d9a,101fdb8cc2c9da7ea98da8602ac4e7879ab23c9d,false,2026-10-07T13:19:09.608307Z,8963ea465b99a6b2a2cca91ab2aa07ee321fb3a450edfd10a102f4681b3247e4,public-api.PIL.ImageFilter.Kernel.size,PIL.ImageFilter.Kernel.size,PIL.ImageFilter.Kernel.size,property,outside_selected_manifest,python-simd,Pillow,2.0,public_api_inventory_gap,not_mapped_to_benchmark,,,,0,0,,0,0,0,0,0,,,,0,0,0,0,0,0,0,0,,,
df5231519bb4810e6b0098560c5c791e56dc9952,true,2026-10-09T01:11:25.338187Z,48d69f9756559a7a8da696b16d93e10be849504250560e4830f3dc8ee97b4d9a,101fdb8cc2c9da7ea98da8602ac4e7879ab23c9d,false,2026-10-07T13:19:09.608307Z,8963ea465b99a6b2a2cca91ab2aa07ee321fb3a450edfd10a102f4681b3247e4,public-api.PIL.ImageFilter.Kernel.size,PIL.ImageFilter.Kernel.size,PIL.ImageFilter.Kernel.size,property,outside_selected_manifest,python-gpu,SIMD,1.0,public_api_inventory_gap,not_mapped_to_benchmark,,,,0,0,,0,0,0,0,,,,,0,0,0,0,0,0,0,0,,not_measured,
df5231519bb4810e6b0098560c5c791e56dc9952,true,2026-10-09T01:11:25.338187Z,48d69f9756559a7a8da696b16d93e10be849504250560e4830f3dc8ee97b4d9a,101fdb8cc2c9da7ea98da8602ac4e7879ab23c9d,false,2026-10-07T13:19:09.608307Z,8963ea465b99a6b2a2cca91ab2aa07ee321fb3a450edfd10a102f4681b3247e4,public-api.PIL.ImageFilter.Kernel.size,PIL.ImageFilter.Kernel.size,PIL.ImageFilter.Kernel.size,property,outside_selected_manifest,python-parallel-cpu,Pillow,,public_api_inventory_gap,not_mapped_to_benchmark,,,,0,0,,0,0,0,0,,,,,0,0,0,0,0,0,0,0,,,
df5231519bb4810e6b0098560c5c791e56dc9952,true,2026-10-09T01:11:25.338187Z,48d69f9756559a7a8da696b16d93e10be849504250560e4830f3dc8ee97b4d9a,101fdb8cc2c9da7ea98da8602ac4e7879ab23c9d,false,2026-10-07T13:19:09.608307Z,8963ea465b99a6b2a2cca91ab2aa07ee321fb3a450edfd10a102f4681b3247e4,public-api.PIL.ImageFilter.MaxFilter.size,PIL.ImageFilter.MaxFilter.size,PIL.ImageFilter.MaxFilter.size,property,outside_selected_manifest,python-cpu,Pillow,1.0,public_api_inventory_gap,not_mapped_to_benchmark,,,,0,0,,0,0,0,0,,,,,0,0,0,0,0,0,0,0,,,
df5231519bb4810e6b0098560c5c791e56dc9952,true,2026-10-09T01:11:25.338187Z,48d69f9756559a7a8da696b16d93e10be849504250560e4830f3dc8ee97b4d9a,101fdb8cc2c9da7ea98da8602ac4e7879ab23c9d,false,2026-10-07T13:19:09.608307Z,8963ea465b99a6b2a2cca91ab2aa07ee321fb3a450edfd10a102f4681b3247e4,public-api.PIL.ImageFilter.MaxFilter.size,PIL.ImageFilter.MaxFilter.size,PIL.ImageFilter.MaxFilter.size,property,outside_selected_manifest,python-simd,Pillow,2.0,public_api_inventory_gap,not_mapped_to_benchmark,,,,0,0,,0,0,0,0,0,,,,0,0,0,0,0,0,0,0,,,
df5231519bb4810e6b0098560c5c791e56dc9952,true,2026-10-09T01:11:25.338187Z,48d69f9756559a7a8da696b16d93e10be849504250560e4830f3dc8ee97b4d9a,101fdb8cc2c9da7ea98da8602ac4e7879ab23c9d,false,2026-10-07T13:19:09.608307Z,8963ea465b99a6b2a2cca91ab2aa07ee321fb3a450edfd10a102f4681b3247e4,public-api.PIL.ImageFilter.MaxFilter.size,PIL.ImageFilter.MaxFilter.size,PIL.ImageFilter.MaxFilter.size,property,outside_selected_manifest,python-gpu,SIMD,1.0,public_api_inventory_gap,not_mapped_to_benchmark,,,,0,0,,0,0,0,0,,,,,0,0,0,0,0,0,0,0,,not_measured,
df5231519bb4810e6b0098560c5c791e56dc9952,true,2026-10-09T01:11:25.338187Z,48d69f9756559a7a8da696b16d93e10be849504250560e4830f3dc8ee97b4d9a,101fdb8cc2c9da7ea98da8602ac4e7879ab23c9d,false,2026-10-07T13:19:09.608307Z,8963ea465b99a6b2a2cca91ab2aa07ee321fb3a450edfd10a102f4681b3247e4,public-api.PIL.ImageFilter.MaxFilter.size,PIL.ImageFilter.MaxFilter.size,PIL.ImageFilter.MaxFilter.size,property,outside_selected_manifest,python-parallel-cpu,Pillow,,public_api_inventory_gap,not_mapped_to_benchmark,,,,0,0,,0,0,0,0,,,,,0,0,0,0,0,0,0,0,,,
df5231519bb4810e6b0098560c5c791e56dc9952,true,2026-10-09T01:11:25.338187Z,48d69f9756559a7a8da696b16d93e10be849504250560e4830f3dc8ee97b4d9a,101fdb8cc2c9da7ea98da8602ac4e7879ab23c9d,false,2026-10-07T13:19:09.608307Z,8963ea465b99a6b2a2cca91ab2aa07ee321fb3a450edfd10a102f4681b3247e4,public-api.PIL.ImageFilter.MedianFilter.size,PIL.ImageFilter.MedianFilter.size,PIL.ImageFilter.MedianFilter.size,property,outside_selected_manifest,python-cpu,Pillow,1.0,public_api_inventory_gap,not_mapped_to_benchmark,,,,0,0,,0,0,0,0,,,,,0,0,0,0,0,0,0,0,,,
df5231519bb4810e6b0098560c5c791e56dc9952,true,2026-10-09T01:11:25.338187Z,48d69f9756559a7a8da696b16d93e10be849504250560e4830f3dc8ee97b4d9a,101fdb8cc2c9da7ea98da8602ac4e7879ab23c9d,false,2026-10-07T13:19:09.608307Z,8963ea465b99a6b2a2cca91ab2aa07ee321fb3a450edfd10a102f4681b3247e4,public-api.PIL.ImageFilter.MedianFilter.size,PIL.ImageFilter.MedianFilter.size,PIL.ImageFilter.MedianFilter.size,property,outside_selected_manifest,python-simd,Pillow,2.0,public_api_inventory_gap,not_mapped_to_benchmark,,,,0,0,,0,0,0,0,0,,,,0,0,0,0,0,0,0,0,,,
df5231519bb4810e6b0098560c5c791e56dc9952,true,2026-10-09T01:11:25.338187Z,48d69f9756559a7a8da696b16d93e10be849504250560e4830f3dc8ee97b4d9a,101fdb8cc2c9da7ea98da8602ac4e7879ab23c9d,false,2026-10-07T13:19:09.608307Z,8963ea465b99a6b2a2cca91ab2aa07ee321fb3a450edfd10a102f4681b3247e4,public-api.PIL.ImageFilter.MedianFilter.size,PIL.ImageFilter.MedianFilter.size,PIL.ImageFilter.MedianFilter.size,property,outside_selected_manifest,python-gpu,SIMD,1.0,public_api_inventory_gap,not_mapped_to_benchmark,,,,0,0,,0,0,0,0,,,,,0,0,0,0,0,0,0,0,,not_measured,
df5231519bb4810e6b0098560c5c791e56dc9952,true,2026-10-09T01:11:25.338187Z,48d69f9756559a7a8da696b16d93e10be849504250560e4830f3dc8ee97b4d9a,101fdb8cc2c9da7ea98da8602ac4e7879ab23c9d,false,2026-10-07T13:19:09.608307Z,8963ea465b99a6b2a2cca91ab2aa07ee321fb3a450edfd10a102f4681b3247e4,public-api.PIL.ImageFilter.MedianFilter.size,PIL.ImageFilter.MedianFilter.size,PIL.ImageFilter.MedianFilter.size,property,outside_selected_manifest,python-parallel-cpu,Pillow,,public_api_inventory_gap,not_mapped_to_benchmark,,,,0,0,,0,0,0,0,,,,,0,0,0,0,0,0,0,0,,,
df5231519bb4810e6b0098560c5c791e56dc9952,true,2026-10-09T01:11:25.338187Z,48d69f9756559a7a8da696b16d93e10be849504250560e4830f3dc8ee97b4d9a,101fdb8cc2c9da7ea98da8602ac4e7879ab23c9d,false,2026-10-07T13:19:09.608307Z,8963ea465b99a6b2a2cca91ab2aa07ee321fb3a450edfd10a102f4681b3247e4,public-api.PIL.ImageFilter.MinFilter.size,PIL.ImageFilter.MinFilter.size,PIL.ImageFilter.MinFilter.size,property,outside_selected_manifest,python-cpu,Pillow,1.0,public_api_inventory_gap,not_mapped_to_benchmark,,,,0,0,,0,0,0,0,,,,,0,0,0,0,0,0,0,0,,,
df5231519bb4810e6b0098560c5c791e56dc9952,true,2026-10-09T01:11:25.338187Z,48d69f9756559a7a8da696b16d93e10be849504250560e4830f3dc8ee97b4d9a,101fdb8cc2c9da7ea98da8602ac4e7879ab23c9d,false,2026-10-07T13:19:09.608307Z,8963ea465b99a6b2a2cca91ab2aa07ee321fb3a450edfd10a102f4681b3247e4,public-api.PIL.ImageFilter.MinFilter.size,PIL.ImageFilter.MinFilter.size,PIL.ImageFilter.MinFilter.size,property,outside_selected_manifest,python-simd,Pillow,2.0,public_api_inventory_gap,not_mapped_to_benchmark,,,,0,0,,0,0,0,0,0,,,,0,0,0,0,0,0,0,0,,,
df5231519bb4810e6b0098560c5c791e56dc9952,true,2026-10-09T01:11:25.338187Z,48d69f9756559a7a8da696b16d93e10be849504250560e4830f3dc8ee97b4d9a,101fdb8cc2c9da7ea98da8602ac4e7879ab23c9d,false,2026-10-07T13:19:09.608307Z,8963ea465b99a6b2a2cca91ab2aa07ee321fb3a450edfd10a102f4681b3247e4,public-api.PIL.ImageFilter.MinFilter.size,PIL.ImageFilter.MinFilter.size,PIL.ImageFilter.MinFilter.size,property,outside_selected_manifest,python-gpu,SIMD,1.0,public_api_inventory_gap,not_mapped_to_benchmark,,,,0,0,,0,0,0,0,,,,,0,0,0,0,0,0,0,0,,not_measured,
df5231519bb4810e6b0098560c5c791e56dc9952,true,2026-10-09T01:11:25.338187Z,48d69f9756559a7a8da696b16d93e10be849504250560e4830f3dc8ee97b4d9a,101fdb8cc2c9da7ea98da8602ac4e7879ab23c9d,false,2026-10-07T13:19:09.608307Z,8963ea465b99a6b2a2cca91ab2aa07ee321fb3a450edfd10a102f4681b3247e4,public-api.PIL.ImageFilter.MinFilter.size,PIL.ImageFilter.MinFilter.size,PIL.ImageFilter.MinFilter.size,property,outside_selected_manifest,python-parallel-cpu,Pillow,,public_api_inventory_gap,not_mapped_to_benchmark,,,,0,0,,0,0,0,0,,,,,0,0,0,0,0,0,0,0,,,
df5231519bb4810e6b0098560c5c791e56dc9952,true,2026-10-09T01:11:25.338187Z,48d69f9756559a7a8da696b16d93e10be849504250560e4830f3dc8ee97b4d9a,101fdb8cc2c9da7ea98da8602ac4e7879ab23c9d,false,2026-10-07T13:19:09.608307Z,8963ea465b99a6b2a2cca91ab2aa07ee321fb3a450edfd10a102f4681b3247e4,public-api.PIL.ImageFilter.ModeFilter.size,PIL.ImageFilter.ModeFilter.size,PIL.ImageFilter.ModeFilter.size,property,outside_selected_manifest,python-cpu,Pillow,1.0,public_api_inventory_gap,not_mapped_to_benchmark,,,,0,0,,0,0,0,0,,,,,0,0,0,0,0,0,0,0,,,
df5231519bb4810e6b0098560c5c791e56dc9952,true,2026-10-09T01:11:25.338187Z,48d69f9756559a7a8da696b16d93e10be849504250560e4830f3dc8ee97b4d9a,101fdb8cc2c9da7ea98da8602ac4e7879ab23c9d,false,2026-10-07T13:19:09.608307Z,8963ea465b99a6b2a2cca91ab2aa07ee321fb3a450edfd10a102f4681b3247e4,public-api.PIL.ImageFilter.ModeFilter.size,PIL.ImageFilter.ModeFilter.size,PIL.ImageFilter.ModeFilter.size,property,outside_selected_manifest,python-simd,Pillow,2.0,public_api_inventory_gap,not_mapped_to_benchmark,,,,0,0,,0,0,0,0,0,,,,0,0,0,0,0,0,0,0,,,
df5231519bb4810e6b0098560c5c791e56dc9952,true,2026-10-09T01:11:25.338187Z,48d69f9756559a7a8da696b16d93e10be849504250560e4830f3dc8ee97b4d9a,101fdb8cc2c9da7ea98da8602ac4e7879ab23c9d,false,2026-10-07T13:19:09.608307Z,8963ea465b99a6b2a2cca91ab2aa07ee321fb3a450edfd10a102f4681b3247e4,public-api.PIL.ImageFilter.ModeFilter.size,PIL.ImageFilter.ModeFilter.size,PIL.ImageFilter.ModeFilter.size,property,outside_selected_manifest,python-gpu,SIMD,1.0,public_api_inventory_gap,not_mapped_to_benchmark,,,,0,0,,0,0,0,0,,,,,0,0,0,0,0,0,0,0,,not_measured,
df5231519bb4810e6b0098560c5c791e56dc9952,true,2026-10-09T01:11:25.338187Z,48d69f9756559a7a8da696b16d93e10be849504250560e4830f3dc8ee97b4d9a,101fdb8cc2c9da7ea98da8602ac4e7879ab23c9d,false,2026-10-07T13:19:09.608307Z,8963ea465b99a6b2a2cca91ab2aa07ee321fb3a450edfd10a102f4681b3247e4,public-api.PIL.ImageFilter.ModeFilter.size,PIL.ImageFilter.ModeFilter.size,PIL.ImageFilter.ModeFilter.size,property,outside_selected_manifest,python-parallel-cpu,Pillow,,public_api_inventory_gap,not_mapped_to_benchmark,,,,0,0,,0,0,0,0,,,,,0,0,0,0,0,0,0,0,,,
df5231519bb4810e6b0098560c5c791e56dc9952,true,2026-10-09T01:11:25.338187Z,48d69f9756559a7a8da696b16d93e10be849504250560e4830f3dc8ee97b4d9a,101fdb8cc2c9da7ea98da8602ac4e7879ab23c9d,false,2026-10-07T13:19:09.608307Z,8963ea465b99a6b2a2cca91ab2aa07ee321fb3a450edfd10a102f4681b3247e4,public-api.PIL.ImageFilter.RankFilter.rank,PIL.ImageFilter.RankFilter.rank,PIL.ImageFilter.RankFilter.rank,property,outside_selected_manifest,python-cpu,Pillow,1.0,public_api_inventory_gap,not_mapped_to_benchmark,,,,0,0,,0,0,0,0,,,,,0,0,0,0,0,0,0,0,,,
df5231519bb4810e6b0098560c5c791e56dc9952,true,2026-10-09T01:11:25.338187Z,48d69f9756559a7a8da696b16d93e10be849504250560e4830f3dc8ee97b4d9a,101fdb8cc2c9da7ea98da8602ac4e7879ab23c9d,false,2026-10-07T13:19:09.608307Z,8963ea465b99a6b2a2cca91ab2aa07ee321fb3a450edfd10a102f4681b3247e4,public-api.PIL.ImageFilter.RankFilter.rank,PIL.ImageFilter.RankFilter.rank,PIL.ImageFilter.RankFilter.rank,property,outside_selected_manifest,python-simd,Pillow,2.0,public_api_inventory_gap,not_mapped_to_benchmark,,,,0,0,,0,0,0,0,0,,,,0,0,0,0,0,0,0,0,,,
df5231519bb4810e6b0098560c5c791e56dc9952,true,2026-10-09T01:11:25.338187Z,48d69f9756559a7a8da696b16d93e10be849504250560e4830f3dc8ee97b4d9a,101fdb8cc2c9da7ea98da8602ac4e7879ab23c9d,false,2026-10-07T13:19:09.608307Z,8963ea465b99a6b2a2cca91ab2aa07ee321fb3a450edfd10a102f4681b3247e4,public-api.PIL.ImageFilter.RankFilter.rank,PIL.ImageFilter.RankFilter.rank,PIL.ImageFilter.RankFilter.rank,property,outside_selected_manifest,python-gpu,SIMD,1.0,public_api_inventory_gap,not_mapped_to_benchmark,,,,0,0,,0,0,0,0,,,,,0,0,0,0,0,0,0,0,,not_measured,
df5231519bb4810e6b0098560c5c791e56dc9952,true,2026-10-09T01:11:25.338187Z,48d69f9756559a7a8da696b16d93e10be849504250560e4830f3dc8ee97b4d9a,101fdb8cc2c9da7ea98da8602ac4e7879ab23c9d,false,2026-10-07T13:19:09.608307Z,8963ea465b99a6b2a2cca91ab2aa07ee321fb3a450edfd10a102f4681b3247e4,public-api.PIL.ImageFilter.RankFilter.rank,PIL.ImageFilter.RankFilter.rank,PIL.ImageFilter.RankFilter.rank,property,outside_selected_manifest,python-parallel-cpu,Pillow,,public_api_inventory_gap,not_mapped_to_benchmark,,,,0,0,,0,0,0,0,,,,,0,0,0,0,0,0,0,0,,,
df5231519bb4810e6b0098560c5c791e56dc9952,true,2026-10-09T01:11:25.338187Z,48d69f9756559a7a8da696b16d93e10be849504250560e4830f3dc8ee97b4d9a,101fdb8cc2c9da7ea98da8602ac4e7879ab23c9d,false,2026-10-07T13:19:09.608307Z,8963ea465b99a6b2a2cca91ab2aa07ee321fb3a450edfd10a102f4681b3247e4,public-api.PIL.ImageFilter.RankFilter.size,PIL.ImageFilter.RankFilter.size,PIL.ImageFilter.RankFilter.size,property,outside_selected_manifest,python-cpu,Pillow,1.0,public_api_inventory_gap,not_mapped_to_benchmark,,,,0,0,,0,0,0,0,,,,,0,0,0,0,0,0,0,0,,,
df5231519bb4810e6b0098560c5c791e56dc9952,true,2026-10-09T01:11:25.338187Z,48d69f9756559a7a8da696b16d93e10be849504250560e4830f3dc8ee97b4d9a,101fdb8cc2c9da7ea98da8602ac4e7879ab23c9d,false,2026-10-07T13:19:09.608307Z,8963ea465b99a6b2a2cca91ab2aa07ee321fb3a450edfd10a102f4681b3247e4,public-api.PIL.ImageFilter.RankFilter.size,PIL.ImageFilter.RankFilter.size,PIL.ImageFilter.RankFilter.size,property,outside_selected_manifest,python-simd,Pillow,2.0,public_api_inventory_gap,not_mapped_to_benchmark,,,,0,0,,0,0,0,0,0,,,,0,0,0,0,0,0,0,0,,,
df5231519bb4810e6b0098560c5c791e56dc9952,true,2026-10-09T01:11:25.338187Z,48d69f9756559a7a8da696b16d93e10be849504250560e4830f3dc8ee97b4d9a,101fdb8cc2c9da7ea98da8602ac4e7879ab23c9d,false,2026-10-07T13:19:09.608307Z,8963ea465b99a6b2a2cca91ab2aa07ee321fb3a450edfd10a102f4681b3247e4,public-api.PIL.ImageFilter.RankFilter.size,PIL.ImageFilter.RankFilter.size,PIL.ImageFilter.RankFilter.size,property,outside_selected_manifest,python-gpu,SIMD,1.0,public_api_inventory_gap,not_mapped_to_benchmark,,,,0,0,,0,0,0,0,,,,,0,0,0,0,0,0,0,0,,not_measured,
df5231519bb4810e6b0098560c5c791e56dc9952,true,2026-10-09T01:11:25.338187Z,48d69f9756559a7a8da696b16d93e10be849504250560e4830f3dc8ee97b4d9a,101fdb8cc2c9da7ea98da8602ac4e7879ab23c9d,false,2026-10-07T13:19:09.608307Z,8963ea465b99a6b2a2cca91ab2aa07ee321fb3a450edfd10a102f4681b3247e4,public-api.PIL.ImageFilter.RankFilter.size,PIL.ImageFilter.RankFilter.size,PIL.ImageFilter.RankFilter.size,property,outside_selected_manifest,python-parallel-cpu,Pillow,,public_api_inventory_gap,not_mapped_to_benchmark,,,,0,0,,0,0,0,0,,,,,0,0,0,0,0,0,0,0,,,
df5231519bb4810e6b0098560c5c791e56dc9952,true,2026-10-09T01:11:25.338187Z,48d69f9756559a7a8da696b16d93e10be849504250560e4830f3dc8ee97b4d9a,101fdb8cc2c9da7ea98da8602ac4e7879ab23c9d,false,2026-10-07T13:19:09.608307Z,8963ea465b99a6b2a2cca91ab2aa07ee321fb3a450edfd10a102f4681b3247e4,public-api.PIL.ImageFilter.UnsharpMask.percent,PIL.ImageFilter.UnsharpMask.percent,PIL.ImageFilter.UnsharpMask.percent,property,outside_selected_manifest,python-cpu,Pillow,1.0,public_api_inventory_gap,not_mapped_to_benchmark,,,,0,0,,0,0,0,0,,,,,0,0,0,0,0,0,0,0,,,
df5231519bb4810e6b0098560c5c791e56dc9952,true,2026-10-09T01:11:25.338187Z,48d69f9756559a7a8da696b16d93e10be849504250560e4830f3dc8ee97b4d9a,101fdb8cc2c9da7ea98da8602ac4e7879ab23c9d,false,2026-10-07T13:19:09.608307Z,8963ea465b99a6b2a2cca91ab2aa07ee321fb3a450edfd10a102f4681b3247e4,public-api.PIL.ImageFilter.UnsharpMask.percent,PIL.ImageFilter.UnsharpMask.percent,PIL.ImageFilter.UnsharpMask.percent,property,outside_selected_manifest,python-simd,Pillow,2.0,public_api_inventory_gap,not_mapped_to_benchmark,,,,0,0,,0,0,0,0,0,,,,0,0,0,0,0,0,0,0,,,
df5231519bb4810e6b0098560c5c791e56dc9952,true,2026-10-09T01:11:25.338187Z,48d69f9756559a7a8da696b16d93e10be849504250560e4830f3dc8ee97b4d9a,101fdb8cc2c9da7ea98da8602ac4e7879ab23c9d,false,2026-10-07T13:19:09.608307Z,8963ea465b99a6b2a2cca91ab2aa07ee321fb3a450edfd10a102f4681b3247e4,public-api.PIL.ImageFilter.UnsharpMask.percent,PIL.ImageFilter.UnsharpMask.percent,PIL.ImageFilter.UnsharpMask.percent,property,outside_selected_manifest,python-gpu,SIMD,1.0,public_api_inventory_gap,not_mapped_to_benchmark,,,,0,0,,0,0,0,0,,,,,0,0,0,0,0,0,0,0,,not_measured,
df5231519bb4810e6b0098560c5c791e56dc9952,true,2026-10-09T01:11:25.338187Z,48d69f9756559a7a8da696b16d93e10be849504250560e4830f3dc8ee97b4d9a,101fdb8cc2c9da7ea98da8602ac4e7879ab23c9d,false,2026-10-07T13:19:09.608307Z,8963ea465b99a6b2a2cca91ab2aa07ee321fb3a450edfd10a102f4681b3247e4,public-api.PIL.ImageFilter.UnsharpMask.percent,PIL.ImageFilter.UnsharpMask.percent,PIL.ImageFilter.UnsharpMask.percent,property,outside_selected_manifest,python-parallel-cpu,Pillow,,public_api_inventory_gap,not_mapped_to_benchmark,,,,0,0,,0,0,0,0,,,,,0,0,0,0,0,0,0,0,,,
df5231519bb4810e6b0098560c5c791e56dc9952,true,2026-10-09T01:11:25.338187Z,48d69f9756559a7a8da696b16d93e10be849504250560e4830f3dc8ee97b4d9a,101fdb8cc2c9da7ea98da8602ac4e7879ab23c9d,false,2026-10-07T13:19:09.608307Z,8963ea465b99a6b2a2cca91ab2aa07ee321fb3a450edfd10a102f4681b3247e4,public-api.PIL.ImageFilter.UnsharpMask.radius,PIL.ImageFilter.UnsharpMask.radius,PIL.ImageFilter.UnsharpMask.radius,property,outside_selected_manifest,python-cpu,Pillow,1.0,public_api_inventory_gap,not_mapped_to_benchmark,,,,0,0,,0,0,0,0,,,,,0,0,0,0,0,0,0,0,,,
df5231519bb4810e6b0098560c5c791e56dc9952,true,2026-10-09T01:11:25.338187Z,48d69f9756559a7a8da696b16d93e10be849504250560e4830f3dc8ee97b4d9a,101fdb8cc2c9da7ea98da8602ac4e7879ab23c9d,false,2026-10-07T13:19:09.608307Z,8963ea465b99a6b2a2cca91ab2aa07ee321fb3a450edfd10a102f4681b3247e4,public-api.PIL.ImageFilter.UnsharpMask.radius,PIL.ImageFilter.UnsharpMask.radius,PIL.ImageFilter.UnsharpMask.radius,property,outside_selected_manifest,python-simd,Pillow,2.0,public_api_inventory_gap,not_mapped_to_benchmark,,,,0,0,,0,0,0,0,0,,,,0,0,0,0,0,0,0,0,,,
df5231519bb4810e6b0098560c5c791e56dc9952,true,2026-10-09T01:11:25.338187Z,48d69f9756559a7a8da696b16d93e10be849504250560e4830f3dc8ee97b4d9a,101fdb8cc2c9da7ea98da8602ac4e7879ab23c9d,false,2026-10-07T13:19:09.608307Z,8963ea465b99a6b2a2cca91ab2aa07ee321fb3a450edfd10a102f4681b3247e4,public-api.PIL.ImageFilter.UnsharpMask.radius,PIL.ImageFilter.UnsharpMask.radius,PIL.ImageFilter.UnsharpMask.radius,property,outside_selected_manifest,python-gpu,SIMD,1.0,public_api_inventory_gap,not_mapped_to_benchmark,,,,0,0,,0,0,0,0,,,,,0,0,0,0,0,0,0,0,,not_measured,
df5231519bb4810e6b0098560c5c791e56dc9952,true,2026-10-09T01:11:25.338187Z,48d69f9756559a7a8da696b16d93e10be849504250560e4830f3dc8ee97b4d9a,101fdb8cc2c9da7ea98da8602ac4e7879ab23c9d,false,2026-10-07T13:19:09.608307Z,8963ea465b99a6b2a2cca91ab2aa07ee321fb3a450edfd10a102f4681b3247e4,public-api.PIL.ImageFilter.UnsharpMask.radius,PIL.ImageFilter.UnsharpMask.radius,PIL.ImageFilter.UnsharpMask.radius,property,outside_selected_manifest,python-parallel-cpu,Pillow,,public_api_inventory_gap,not_mapped_to_benchmark,,,,0,0,,0,0,0,0,,,,,0,0,0,0,0,0,0,0,,,
df5231519bb4810e6b0098560c5c791e56dc9952,true,2026-10-09T01:11:25.338187Z,48d69f9756559a7a8da696b16d93e10be849504250560e4830f3dc8ee97b4d9a,101fdb8cc2c9da7ea98da8602ac4e7879ab23c9d,false,2026-10-07T13:19:09.608307Z,8963ea465b99a6b2a2cca91ab2aa07ee321fb3a450edfd10a102f4681b3247e4,public-api.PIL.ImageFilter.UnsharpMask.threshold,PIL.ImageFilter.UnsharpMask.threshold,PIL.ImageFilter.UnsharpMask.threshold,property,outside_selected_manifest,python-cpu,Pillow,1.0,public_api_inventory_gap,not_mapped_to_benchmark,,,,0,0,,0,0,0,0,,,,,0,0,0,0,0,0,0,0,,,
df5231519bb4810e6b0098560c5c791e56dc9952,true,2026-10-09T01:11:25.338187Z,48d69f9756559a7a8da696b16d93e10be849504250560e4830f3dc8ee97b4d9a,101fdb8cc2c9da7ea98da8602ac4e7879ab23c9d,false,2026-10-07T13:19:09.608307Z,8963ea465b99a6b2a2cca91ab2aa07ee321fb3a450edfd10a102f4681b3247e4,public-api.PIL.ImageFilter.UnsharpMask.threshold,PIL.ImageFilter.UnsharpMask.threshold,PIL.ImageFilter.UnsharpMask.threshold,property,outside_selected_manifest,python-simd,Pillow,2.0,public_api_inventory_gap,not_mapped_to_benchmark,,,,0,0,,0,0,0,0,0,,,,0,0,0,0,0,0,0,0,,,
df5231519bb4810e6b0098560c5c791e56dc9952,true,2026-10-09T01:11:25.338187Z,48d69f9756559a7a8da696b16d93e10be849504250560e4830f3dc8ee97b4d9a,101fdb8cc2c9da7ea98da8602ac4e7879ab23c9d,false,2026-10-07T13:19:09.608307Z,8963ea465b99a6b2a2cca91ab2aa07ee321fb3a450edfd10a102f4681b3247e4,public-api.PIL.ImageFilter.UnsharpMask.threshold,PIL.ImageFilter.UnsharpMask.threshold,PIL.ImageFilter.UnsharpMask.threshold,property,outside_selected_manifest,python-gpu,SIMD,1.0,public_api_inventory_gap,not_mapped_to_benchmark,,,,0,0,,0,0,0,0,,,,,0,0,0,0,0,0,0,0,,not_measured,
df5231519bb4810e6b0098560c5c791e56dc9952,true,2026-10-09T01:11:25.338187Z,48d69f9756559a7a8da696b16d93e10be849504250560e4830f3dc8ee97b4d9a,101fdb8cc2c9da7ea98da8602ac4e7879ab23c9d,false,2026-10-07T13:19:09.608307Z,8963ea465b99a6b2a2cca91ab2aa07ee321fb3a450edfd10a102f4681b3247e4,public-api.PIL.ImageFilter.UnsharpMask.threshold,PIL.ImageFilter.UnsharpMask.threshold,PIL.ImageFilter.UnsharpMask.threshold,property,outside_selected_manifest,python-parallel-cpu,Pillow,,public_api_inventory_gap,not_mapped_to_benchmark,,,,0,0,,0,0,0,0,,,,,0,0,0,0,0,0,0,0,,,
df5231519bb4810e6b0098560c5c791e56dc9952,true,2026-10-09T01:11:25.338187Z,48d69f9756559a7a8da696b16d93e10be849504250560e4830f3dc8ee97b4d9a,101fdb8cc2c9da7ea98da8602ac4e7879ab23c9d,false,2026-10-07T13:19:09.608307Z,8963ea465b99a6b2a2cca91ab2aa07ee321fb3a450edfd10a102f4681b3247e4,public-api.PIL.ImageFilter.apply_filter,PIL.ImageFilter.apply_filter,PIL.ImageFilter.apply_filter,function,outside_selected_manifest,python-cpu,Pillow,1.0,public_api_inventory_gap,not_mapped_to_benchmark,,,,0,0,,0,0,0,0,,,,,0,0,0,0,0,0,0,0,,,
df5231519bb4810e6b0098560c5c791e56dc9952,true,2026-10-09T01:11:25.338187Z,48d69f9756559a7a8da696b16d93e10be849504250560e4830f3dc8ee97b4d9a,101fdb8cc2c9da7ea98da8602ac4e7879ab23c9d,false,2026-10-07T13:19:09.608307Z,8963ea465b99a6b2a2cca91ab2aa07ee321fb3a450edfd10a102f4681b3247e4,public-api.PIL.ImageFilter.apply_filter,PIL.ImageFilter.apply_filter,PIL.ImageFilter.apply_filter,function,outside_selected_manifest,python-simd,Pillow,2.0,public_api_inventory_gap,not_mapped_to_benchmark,,,,0,0,,0,0,0,0,0,,,,0,0,0,0,0,0,0,0,,,
df5231519bb4810e6b0098560c5c791e56dc9952,true,2026-10-09T01:11:25.338187Z,48d69f9756559a7a8da696b16d93e10be849504250560e4830f3dc8ee97b4d9a,101fdb8cc2c9da7ea98da8602ac4e7879ab23c9d,false,2026-10-07T13:19:09.608307Z,8963ea465b99a6b2a2cca91ab2aa07ee321fb3a450edfd10a102f4681b3247e4,public-api.PIL.ImageFilter.apply_filter,PIL.ImageFilter.apply_filter,PIL.ImageFilter.apply_filter,function,outside_selected_manifest,python-gpu,SIMD,1.0,public_api_inventory_gap,not_mapped_to_benchmark,,,,0,0,,0,0,0,0,,,,,0,0,0,0,0,0,0,0,,not_measured,
df5231519bb4810e6b0098560c5c791e56dc9952,true,2026-10-09T01:11:25.338187Z,48d69f9756559a7a8da696b16d93e10be849504250560e4830f3dc8ee97b4d9a,101fdb8cc2c9da7ea98da8602ac4e7879ab23c9d,false,2026-10-07T13:19:09.608307Z,8963ea465b99a6b2a2cca91ab2aa07ee321fb3a450edfd10a102f4681b3247e4,public-api.PIL.ImageFilter.apply_filter,PIL.ImageFilter.apply_filter,PIL.ImageFilter.apply_filter,function,outside_selected_manifest,python-parallel-cpu,Pillow,,public_api_inventory_gap,not_mapped_to_benchmark,,,,0,0,,0,0,0,0,,,,,0,0,0,0,0,0,0,0,,,
df5231519bb4810e6b0098560c5c791e56dc9952,true,2026-10-09T01:11:25.338187Z,48d69f9756559a7a8da696b16d93e10be849504250560e4830f3dc8ee97b4d9a,101fdb8cc2c9da7ea98da8602ac4e7879ab23c9d,false,2026-10-07T13:19:09.608307Z,8963ea465b99a6b2a2cca91ab2aa07ee321fb3a450edfd10a102f4681b3247e4,public-api.PIL.ImageFont.FreeTypeFont.encoding,PIL.ImageFont.FreeTypeFont.encoding,PIL.ImageFont.FreeTypeFont.encoding,property,outside_selected_manifest,python-cpu,Pillow,1.0,public_api_inventory_gap,not_mapped_to_benchmark,,,,0,0,,0,0,0,0,,,,,0,0,0,0,0,0,0,0,,,
df5231519bb4810e6b0098560c5c791e56dc9952,true,2026-10-09T01:11:25.338187Z,48d69f9756559a7a8da696b16d93e10be849504250560e4830f3dc8ee97b4d9a,101fdb8cc2c9da7ea98da8602ac4e7879ab23c9d,false,2026-10-07T13:19:09.608307Z,8963ea465b99a6b2a2cca91ab2aa07ee321fb3a450edfd10a102f4681b3247e4,public-api.PIL.ImageFont.FreeTypeFont.encoding,PIL.ImageFont.FreeTypeFont.encoding,PIL.ImageFont.FreeTypeFont.encoding,property,outside_selected_manifest,python-simd,Pillow,2.0,public_api_inventory_gap,not_mapped_to_benchmark,,,,0,0,,0,0,0,0,0,,,,0,0,0,0,0,0,0,0,,,
df5231519bb4810e6b0098560c5c791e56dc9952,true,2026-10-09T01:11:25.338187Z,48d69f9756559a7a8da696b16d93e10be849504250560e4830f3dc8ee97b4d9a,101fdb8cc2c9da7ea98da8602ac4e7879ab23c9d,false,2026-10-07T13:19:09.608307Z,8963ea465b99a6b2a2cca91ab2aa07ee321fb3a450edfd10a102f4681b3247e4,public-api.PIL.ImageFont.FreeTypeFont.encoding,PIL.ImageFont.FreeTypeFont.encoding,PIL.ImageFont.FreeTypeFont.encoding,property,outside_selected_manifest,python-gpu,SIMD,1.0,public_api_inventory_gap,not_mapped_to_benchmark,,,,0,0,,0,0,0,0,,,,,0,0,0,0,0,0,0,0,,not_measured,
df5231519bb4810e6b0098560c5c791e56dc9952,true,2026-10-09T01:11:25.338187Z,48d69f9756559a7a8da696b16d93e10be849504250560e4830f3dc8ee97b4d9a,101fdb8cc2c9da7ea98da8602ac4e7879ab23c9d,false,2026-10-07T13:19:09.608307Z,8963ea465b99a6b2a2cca91ab2aa07ee321fb3a450edfd10a102f4681b3247e4,public-api.PIL.ImageFont.FreeTypeFont.encoding,PIL.ImageFont.FreeTypeFont.encoding,PIL.ImageFont.FreeTypeFont.encoding,property,outside_selected_manifest,python-parallel-cpu,Pillow,,public_api_inventory_gap,not_mapped_to_benchmark,,,,0,0,,0,0,0,0,,,,,0,0,0,0,0,0,0,0,,,
df5231519bb4810e6b0098560c5c791e56dc9952,true,2026-10-09T01:11:25.338187Z,48d69f9756559a7a8da696b16d93e10be849504250560e4830f3dc8ee97b4d9a,101fdb8cc2c9da7ea98da8602ac4e7879ab23c9d,false,2026-10-07T13:19:09.608307Z,8963ea465b99a6b2a2cca91ab2aa07ee321fb3a450edfd10a102f4681b3247e4,public-api.PIL.ImageFont.FreeTypeFont.font,PIL.ImageFont.FreeTypeFont.font,PIL.ImageFont.FreeTypeFont.font,property,outside_selected_manifest,python-cpu,Pillow,1.0,public_api_inventory_gap,not_mapped_to_benchmark,,,,0,0,,0,0,0,0,,,,,0,0,0,0,0,0,0,0,,,
df5231519bb4810e6b0098560c5c791e56dc9952,true,2026-10-09T01:11:25.338187Z,48d69f9756559a7a8da696b16d93e10be849504250560e4830f3dc8ee97b4d9a,101fdb8cc2c9da7ea98da8602ac4e7879ab23c9d,false,2026-10-07T13:19:09.608307Z,8963ea465b99a6b2a2cca91ab2aa07ee321fb3a450edfd10a102f4681b3247e4,public-api.PIL.ImageFont.FreeTypeFont.font,PIL.ImageFont.FreeTypeFont.font,PIL.ImageFont.FreeTypeFont.font,property,outside_selected_manifest,python-simd,Pillow,2.0,public_api_inventory_gap,not_mapped_to_benchmark,,,,0,0,,0,0,0,0,0,,,,0,0,0,0,0,0,0,0,,,
df5231519bb4810e6b0098560c5c791e56dc9952,true,2026-10-09T01:11:25.338187Z,48d69f9756559a7a8da696b16d93e10be849504250560e4830f3dc8ee97b4d9a,101fdb8cc2c9da7ea98da8602ac4e7879ab23c9d,false,2026-10-07T13:19:09.608307Z,8963ea465b99a6b2a2cca91ab2aa07ee321fb3a450edfd10a102f4681b3247e4,public-api.PIL.ImageFont.FreeTypeFont.font,PIL.ImageFont.FreeTypeFont.font,PIL.ImageFont.FreeTypeFont.font,property,outside_selected_manifest,python-gpu,SIMD,1.0,public_api_inventory_gap,not_mapped_to_benchmark,,,,0,0,,0,0,0,0,,,,,0,0,0,0,0,0,0,0,,not_measured,
df5231519bb4810e6b0098560c5c791e56dc9952,true,2026-10-09T01:11:25.338187Z,48d69f9756559a7a8da696b16d93e10be849504250560e4830f3dc8ee97b4d9a,101fdb8cc2c9da7ea98da8602ac4e7879ab23c9d,false,2026-10-07T13:19:09.608307Z,8963ea465b99a6b2a2cca91ab2aa07ee321fb3a450edfd10a102f4681b3247e4,public-api.PIL.ImageFont.FreeTypeFont.font,PIL.ImageFont.FreeTypeFont.font,PIL.ImageFont.FreeTypeFont.font,property,outside_selected_manifest,python-parallel-cpu,Pillow,,public_api_inventory_gap,not_mapped_to_benchmark,,,,0,0,,0,0,0,0,,,,,0,0,0,0,0,0,0,0,,,
df5231519bb4810e6b0098560c5c791e56dc9952,true,2026-10-09T01:11:25.338187Z,48d69f9756559a7a8da696b16d93e10be849504250560e4830f3dc8ee97b4d9a,101fdb8cc2c9da7ea98da8602ac4e7879ab23c9d,false,2026-10-07T13:19:09.608307Z,8963ea465b99a6b2a2cca91ab2aa07ee321fb3a450edfd10a102f4681b3247e4,public-api.PIL.ImageFont.FreeTypeFont.font_bytes,PIL.ImageFont.FreeTypeFont.font_bytes,PIL.ImageFont.FreeTypeFont.font_bytes,property,outside_selected_manifest,python-cpu,Pillow,1.0,public_api_inventory_gap,not_mapped_to_benchmark,,,,0,0,,0,0,0,0,,,,,0,0,0,0,0,0,0,0,,,
df5231519bb4810e6b0098560c5c791e56dc9952,true,2026-10-09T01:11:25.338187Z,48d69f9756559a7a8da696b16d93e10be849504250560e4830f3dc8ee97b4d9a,101fdb8cc2c9da7ea98da8602ac4e7879ab23c9d,false,2026-10-07T13:19:09.608307Z,8963ea465b99a6b2a2cca91ab2aa07ee321fb3a450edfd10a102f4681b3247e4,public-api.PIL.ImageFont.FreeTypeFont.font_bytes,PIL.ImageFont.FreeTypeFont.font_bytes,PIL.ImageFont.FreeTypeFont.font_bytes,property,outside_selected_manifest,python-simd,Pillow,2.0,public_api_inventory_gap,not_mapped_to_benchmark,,,,0,0,,0,0,0,0,0,,,,0,0,0,0,0,0,0,0,,,
df5231519bb4810e6b0098560c5c791e56dc9952,true,2026-10-09T01:11:25.338187Z,48d69f9756559a7a8da696b16d93e10be849504250560e4830f3dc8ee97b4d9a,101fdb8cc2c9da7ea98da8602ac4e7879ab23c9d,false,2026-10-07T13:19:09.608307Z,8963ea465b99a6b2a2cca91ab2aa07ee321fb3a450edfd10a102f4681b3247e4,public-api.PIL.ImageFont.FreeTypeFont.font_bytes,PIL.ImageFont.FreeTypeFont.font_bytes,PIL.ImageFont.FreeTypeFont.font_bytes,property,outside_selected_manifest,python-gpu,SIMD,1.0,public_api_inventory_gap,not_mapped_to_benchmark,,,,0,0,,0,0,0,0,,,,,0,0,0,0,0,0,0,0,,not_measured,
df5231519bb4810e6b0098560c5c791e56dc9952,true,2026-10-09T01:11:25.338187Z,48d69f9756559a7a8da696b16d93e10be849504250560e4830f3dc8ee97b4d9a,101fdb8cc2c9da7ea98da8602ac4e7879ab23c9d,false,2026-10-07T13:19:09.608307Z,8963ea465b99a6b2a2cca91ab2aa07ee321fb3a450edfd10a102f4681b3247e4,public-api.PIL.ImageFont.FreeTypeFont.font_bytes,PIL.ImageFont.FreeTypeFont.font_bytes,PIL.ImageFont.FreeTypeFont.font_bytes,property,outside_selected_manifest,python-parallel-cpu,Pillow,,public_api_inventory_gap,not_mapped_to_benchmark,,,,0,0,,0,0,0,0,,,,,0,0,0,0,0,0,0,0,,,
df5231519bb4810e6b0098560c5c791e56dc9952,true,2026-10-09T01:11:25.338187Z,48d69f9756559a7a8da696b16d93e10be849504250560e4830f3dc8ee97b4d9a,101fdb8cc2c9da7ea98da8602ac4e7879ab23c9d,false,2026-10-07T13:19:09.608307Z,8963ea465b99a6b2a2cca91ab2aa07ee321fb3a450edfd10a102f4681b3247e4,public-api.PIL.ImageFont.FreeTypeFont.index,PIL.ImageFont.FreeTypeFont.index,PIL.ImageFont.FreeTypeFont.index,property,outside_selected_manifest,python-cpu,Pillow,1.0,public_api_inventory_gap,not_mapped_to_benchmark,,,,0,0,,0,0,0,0,,,,,0,0,0,0,0,0,0,0,,,
df5231519bb4810e6b0098560c5c791e56dc9952,true,2026-10-09T01:11:25.338187Z,48d69f9756559a7a8da696b16d93e10be849504250560e4830f3dc8ee97b4d9a,101fdb8cc2c9da7ea98da8602ac4e7879ab23c9d,false,2026-10-07T13:19:09.608307Z,8963ea465b99a6b2a2cca91ab2aa07ee321fb3a450edfd10a102f4681b3247e4,public-api.PIL.ImageFont.FreeTypeFont.index,PIL.ImageFont.FreeTypeFont.index,PIL.ImageFont.FreeTypeFont.index,property,outside_selected_manifest,python-simd,Pillow,2.0,public_api_inventory_gap,not_mapped_to_benchmark,,,,0,0,,0,0,0,0,0,,,,0,0,0,0,0,0,0,0,,,
df5231519bb4810e6b0098560c5c791e56dc9952,true,2026-10-09T01:11:25.338187Z,48d69f9756559a7a8da696b16d93e10be849504250560e4830f3dc8ee97b4d9a,101fdb8cc2c9da7ea98da8602ac4e7879ab23c9d,false,2026-10-07T13:19:09.608307Z,8963ea465b99a6b2a2cca91ab2aa07ee321fb3a450edfd10a102f4681b3247e4,public-api.PIL.ImageFont.FreeTypeFont.index,PIL.ImageFont.FreeTypeFont.index,PIL.ImageFont.FreeTypeFont.index,property,outside_selected_manifest,python-gpu,SIMD,1.0,public_api_inventory_gap,not_mapped_to_benchmark,,,,0,0,,0,0,0,0,,,,,0,0,0,0,0,0,0,0,,not_measured,
df5231519bb4810e6b0098560c5c791e56dc9952,true,2026-10-09T01:11:25.338187Z,48d69f9756559a7a8da696b16d93e10be849504250560e4830f3dc8ee97b4d9a,101fdb8cc2c9da7ea98da8602ac4e7879ab23c9d,false,2026-10-07T13:19:09.608307Z,8963ea465b99a6b2a2cca91ab2aa07ee321fb3a450edfd10a102f4681b3247e4,public-api.PIL.ImageFont.FreeTypeFont.index,PIL.ImageFont.FreeTypeFont.index,PIL.ImageFont.FreeTypeFont.index,property,outside_selected_manifest,python-parallel-cpu,Pillow,,public_api_inventory_gap,not_mapped_to_benchmark,,,,0,0,,0,0,0,0,,,,,0,0,0,0,0,0,0,0,,,
df5231519bb4810e6b0098560c5c791e56dc9952,true,2026-10-09T01:11:25.338187Z,48d69f9756559a7a8da696b16d93e10be849504250560e4830f3dc8ee97b4d9a,101fdb8cc2c9da7ea98da8602ac4e7879ab23c9d,false,2026-10-07T13:19:09.608307Z,8963ea465b99a6b2a2cca91ab2aa07ee321fb3a450edfd10a102f4681b3247e4,public-api.PIL.ImageFont.FreeTypeFont.layout_engine,PIL.ImageFont.FreeTypeFont.layout_engine,PIL.ImageFont.FreeTypeFont.layout_engine,property,outside_selected_manifest,python-cpu,Pillow,1.0,public_api_inventory_gap,not_mapped_to_benchmark,,,,0,0,,0,0,0,0,,,,,0,0,0,0,0,0,0,0,,,
df5231519bb4810e6b0098560c5c791e56dc9952,true,2026-10-09T01:11:25.338187Z,48d69f9756559a7a8da696b16d93e10be849504250560e4830f3dc8ee97b4d9a,101fdb8cc2c9da7ea98da8602ac4e7879ab23c9d,false,2026-10-07T13:19:09.608307Z,8963ea465b99a6b2a2cca91ab2aa07ee321fb3a450edfd10a102f4681b3247e4,public-api.PIL.ImageFont.FreeTypeFont.layout_engine,PIL.ImageFont.FreeTypeFont.layout_engine,PIL.ImageFont.FreeTypeFont.layout_engine,property,outside_selected_manifest,python-simd,Pillow,2.0,public_api_inventory_gap,not_mapped_to_benchmark,,,,0,0,,0,0,0,0,0,,,,0,0,0,0,0,0,0,0,,,
df5231519bb4810e6b0098560c5c791e56dc9952,true,2026-10-09T01:11:25.338187Z,48d69f9756559a7a8da696b16d93e10be849504250560e4830f3dc8ee97b4d9a,101fdb8cc2c9da7ea98da8602ac4e7879ab23c9d,false,2026-10-07T13:19:09.608307Z,8963ea465b99a6b2a2cca91ab2aa07ee321fb3a450edfd10a102f4681b3247e4,public-api.PIL.ImageFont.FreeTypeFont.layout_engine,PIL.ImageFont.FreeTypeFont.layout_engine,PIL.ImageFont.FreeTypeFont.layout_engine,property,outside_selected_manifest,python-gpu,SIMD,1.0,public_api_inventory_gap,not_mapped_to_benchmark,,,,0,0,,0,0,0,0,,,,,0,0,0,0,0,0,0,0,,not_measured,
df5231519bb4810e6b0098560c5c791e56dc9952,true,2026-10-09T01:11:25.338187Z,48d69f9756559a7a8da696b16d93e10be849504250560e4830f3dc8ee97b4d9a,101fdb8cc2c9da7ea98da8602ac4e7879ab23c9d,false,2026-10-07T13:19:09.608307Z,8963ea465b99a6b2a2cca91ab2aa07ee321fb3a450edfd10a102f4681b3247e4,public-api.PIL.ImageFont.FreeTypeFont.layout_engine,PIL.ImageFont.FreeTypeFont.layout_engine,PIL.ImageFont.FreeTypeFont.layout_engine,property,outside_selected_manifest,python-parallel-cpu,Pillow,,public_api_inventory_gap,not_mapped_to_benchmark,,,,0,0,,0,0,0,0,,,,,0,0,0,0,0,0,0,0,,,
df5231519bb4810e6b0098560c5c791e56dc9952,true,2026-10-09T01:11:25.338187Z,48d69f9756559a7a8da696b16d93e10be849504250560e4830f3dc8ee97b4d9a,101fdb8cc2c9da7ea98da8602ac4e7879ab23c9d,false,2026-10-07T13:19:09.608307Z,8963ea465b99a6b2a2cca91ab2aa07ee321fb3a450edfd10a102f4681b3247e4,public-api.PIL.ImageFont.FreeTypeFont.path,PIL.ImageFont.FreeTypeFont.path,PIL.ImageFont.FreeTypeFont.path,property,outside_selected_manifest,python-cpu,Pillow,1.0,public_api_inventory_gap,not_mapped_to_benchmark,,,,0,0,,0,0,0,0,,,,,0,0,0,0,0,0,0,0,,,
df5231519bb4810e6b0098560c5c791e56dc9952,true,2026-10-09T01:11:25.338187Z,48d69f9756559a7a8da696b16d93e10be849504250560e4830f3dc8ee97b4d9a,101fdb8cc2c9da7ea98da8602ac4e7879ab23c9d,false,2026-10-07T13:19:09.608307Z,8963ea465b99a6b2a2cca91ab2aa07ee321fb3a450edfd10a102f4681b3247e4,public-api.PIL.ImageFont.FreeTypeFont.path,PIL.ImageFont.FreeTypeFont.path,PIL.ImageFont.FreeTypeFont.path,property,outside_selected_manifest,python-simd,Pillow,2.0,public_api_inventory_gap,not_mapped_to_benchmark,,,,0,0,,0,0,0,0,0,,,,0,0,0,0,0,0,0,0,,,
df5231519bb4810e6b0098560c5c791e56dc9952,true,2026-10-09T01:11:25.338187Z,48d69f9756559a7a8da696b16d93e10be849504250560e4830f3dc8ee97b4d9a,101fdb8cc2c9da7ea98da8602ac4e7879ab23c9d,false,2026-10-07T13:19:09.608307Z,8963ea465b99a6b2a2cca91ab2aa07ee321fb3a450edfd10a102f4681b3247e4,public-api.PIL.ImageFont.FreeTypeFont.path,PIL.ImageFont.FreeTypeFont.path,PIL.ImageFont.FreeTypeFont.path,property,outside_selected_manifest,python-gpu,SIMD,1.0,public_api_inventory_gap,not_mapped_to_benchmark,,,,0,0,,0,0,0,0,,,,,0,0,0,0,0,0,0,0,,not_measured,
df5231519bb4810e6b0098560c5c791e56dc9952,true,2026-10-09T01:11:25.338187Z,48d69f9756559a7a8da696b16d93e10be849504250560e4830f3dc8ee97b4d9a,101fdb8cc2c9da7ea98da8602ac4e7879ab23c9d,false,2026-10-07T13:19:09.608307Z,8963ea465b99a6b2a2cca91ab2aa07ee321fb3a450edfd10a102f4681b3247e4,public-api.PIL.ImageFont.FreeTypeFont.path,PIL.ImageFont.FreeTypeFont.path,PIL.ImageFont.FreeTypeFont.path,property,outside_selected_manifest,python-parallel-cpu,Pillow,,public_api_inventory_gap,not_mapped_to_benchmark,,,,0,0,,0,0,0,0,,,,,0,0,0,0,0,0,0,0,,,
df5231519bb4810e6b0098560c5c791e56dc9952,true,2026-10-09T01:11:25.338187Z,48d69f9756559a7a8da696b16d93e10be849504250560e4830f3dc8ee97b4d9a,101fdb8cc2c9da7ea98da8602ac4e7879ab23c9d,false,2026-10-07T13:19:09.608307Z,8963ea465b99a6b2a2cca91ab2aa07ee321fb3a450edfd10a102f4681b3247e4,public-api.PIL.ImageFont.FreeTypeFont.size,PIL.ImageFont.FreeTypeFont.size,PIL.ImageFont.FreeTypeFont.size,property,outside_selected_manifest,python-cpu,Pillow,1.0,public_api_inventory_gap,not_mapped_to_benchmark,,,,0,0,,0,0,0,0,,,,,0,0,0,0,0,0,0,0,,,
df5231519bb4810e6b0098560c5c791e56dc9952,true,2026-10-09T01:11:25.338187Z,48d69f9756559a7a8da696b16d93e10be849504250560e4830f3dc8ee97b4d9a,101fdb8cc2c9da7ea98da8602ac4e7879ab23c9d,false,2026-10-07T13:19:09.608307Z,8963ea465b99a6b2a2cca91ab2aa07ee321fb3a450edfd10a102f4681b3247e4,public-api.PIL.ImageFont.FreeTypeFont.size,PIL.ImageFont.FreeTypeFont.size,PIL.ImageFont.FreeTypeFont.size,property,outside_selected_manifest,python-simd,Pillow,2.0,public_api_inventory_gap,not_mapped_to_benchmark,,,,0,0,,0,0,0,0,0,,,,0,0,0,0,0,0,0,0,,,
df5231519bb4810e6b0098560c5c791e56dc9952,true,2026-10-09T01:11:25.338187Z,48d69f9756559a7a8da696b16d93e10be849504250560e4830f3dc8ee97b4d9a,101fdb8cc2c9da7ea98da8602ac4e7879ab23c9d,false,2026-10-07T13:19:09.608307Z,8963ea465b99a6b2a2cca91ab2aa07ee321fb3a450edfd10a102f4681b3247e4,public-api.PIL.ImageFont.FreeTypeFont.size,PIL.ImageFont.FreeTypeFont.size,PIL.ImageFont.FreeTypeFont.size,property,outside_selected_manifest,python-gpu,SIMD,1.0,public_api_inventory_gap,not_mapped_to_benchmark,,,,0,0,,0,0,0,0,,,,,0,0,0,0,0,0,0,0,,not_measured,
df5231519bb4810e6b0098560c5c791e56dc9952,true,2026-10-09T01:11:25.338187Z,48d69f9756559a7a8da696b16d93e10be849504250560e4830f3dc8ee97b4d9a,101fdb8cc2c9da7ea98da8602ac4e7879ab23c9d,false,2026-10-07T13:19:09.608307Z,8963ea465b99a6b2a2cca91ab2aa07ee321fb3a450edfd10a102f4681b3247e4,public-api.PIL.ImageFont.FreeTypeFont.size,PIL.ImageFont.FreeTypeFont.size,PIL.ImageFont.FreeTypeFont.size,property,outside_selected_manifest,python-parallel-cpu,Pillow,,public_api_inventory_gap,not_mapped_to_benchmark,,,,0,0,,0,0,0,0,,,,,0,0,0,0,0,0,0,0,,,
df5231519bb4810e6b0098560c5c791e56dc9952,true,2026-10-09T01:11:25.338187Z,48d69f9756559a7a8da696b16d93e10be849504250560e4830f3dc8ee97b4d9a,101fdb8cc2c9da7ea98da8602ac4e7879ab23c9d,false,2026-10-07T13:19:09.608307Z,8963ea465b99a6b2a2cca91ab2aa07ee321fb3a450edfd10a102f4681b3247e4,public-api.PIL.ImageFont.ImagingCore,PIL.ImageFont.ImagingCore,PIL.ImageFont.ImagingCore,class,outside_selected_manifest,python-cpu,Pillow,1.0,public_api_inventory_gap,not_mapped_to_benchmark,,,,0,0,,0,0,0,0,,,,,0,0,0,0,0,0,0,0,,,
df5231519bb4810e6b0098560c5c791e56dc9952,true,2026-10-09T01:11:25.338187Z,48d69f9756559a7a8da696b16d93e10be849504250560e4830f3dc8ee97b4d9a,101fdb8cc2c9da7ea98da8602ac4e7879ab23c9d,false,2026-10-07T13:19:09.608307Z,8963ea465b99a6b2a2cca91ab2aa07ee321fb3a450edfd10a102f4681b3247e4,public-api.PIL.ImageFont.ImagingCore,PIL.ImageFont.ImagingCore,PIL.ImageFont.ImagingCore,class,outside_selected_manifest,python-simd,Pillow,2.0,public_api_inventory_gap,not_mapped_to_benchmark,,,,0,0,,0,0,0,0,0,,,,0,0,0,0,0,0,0,0,,,
df5231519bb4810e6b0098560c5c791e56dc9952,true,2026-10-09T01:11:25.338187Z,48d69f9756559a7a8da696b16d93e10be849504250560e4830f3dc8ee97b4d9a,101fdb8cc2c9da7ea98da8602ac4e7879ab23c9d,false,2026-10-07T13:19:09.608307Z,8963ea465b99a6b2a2cca91ab2aa07ee321fb3a450edfd10a102f4681b3247e4,public-api.PIL.ImageFont.ImagingCore,PIL.ImageFont.ImagingCore,PIL.ImageFont.ImagingCore,class,outside_selected_manifest,python-gpu,SIMD,1.0,public_api_inventory_gap,not_mapped_to_benchmark,,,,0,0,,0,0,0,0,,,,,0,0,0,0,0,0,0,0,,not_measured,
df5231519bb4810e6b0098560c5c791e56dc9952,true,2026-10-09T01:11:25.338187Z,48d69f9756559a7a8da696b16d93e10be849504250560e4830f3dc8ee97b4d9a,101fdb8cc2c9da7ea98da8602ac4e7879ab23c9d,false,2026-10-07T13:19:09.608307Z,8963ea465b99a6b2a2cca91ab2aa07ee321fb3a450edfd10a102f4681b3247e4,public-api.PIL.ImageFont.ImagingCore,PIL.ImageFont.ImagingCore,PIL.ImageFont.ImagingCore,class,outside_selected_manifest,python-parallel-cpu,Pillow,,public_api_inventory_gap,not_mapped_to_benchmark,,,,0,0,,0,0,0,0,,,,,0,0,0,0,0,0,0,0,,,
df5231519bb4810e6b0098560c5c791e56dc9952,true,2026-10-09T01:11:25.338187Z,48d69f9756559a7a8da696b16d93e10be849504250560e4830f3dc8ee97b4d9a,101fdb8cc2c9da7ea98da8602ac4e7879ab23c9d,false,2026-10-07T13:19:09.608307Z,8963ea465b99a6b2a2cca91ab2aa07ee321fb3a450edfd10a102f4681b3247e4,public-api.PIL.ImageFont.ImagingCore.__bytes__,PIL.ImageFont.ImagingCore.__bytes__,PIL.ImageFont.ImagingCore.__bytes__,method,outside_selected_manifest,python-cpu,Pillow,1.0,public_api_inventory_gap,not_mapped_to_benchmark,,,,0,0,,0,0,0,0,,,,,0,0,0,0,0,0,0,0,,,
df5231519bb4810e6b0098560c5c791e56dc9952,true,2026-10-09T01:11:25.338187Z,48d69f9756559a7a8da696b16d93e10be849504250560e4830f3dc8ee97b4d9a,101fdb8cc2c9da7ea98da8602ac4e7879ab23c9d,false,2026-10-07T13:19:09.608307Z,8963ea465b99a6b2a2cca91ab2aa07ee321fb3a450edfd10a102f4681b3247e4,public-api.PIL.ImageFont.ImagingCore.__bytes__,PIL.ImageFont.ImagingCore.__bytes__,PIL.ImageFont.ImagingCore.__bytes__,method,outside_selected_manifest,python-simd,Pillow,2.0,public_api_inventory_gap,not_mapped_to_benchmark,,,,0,0,,0,0,0,0,0,,,,0,0,0,0,0,0,0,0,,,
df5231519bb4810e6b0098560c5c791e56dc9952,true,2026-10-09T01:11:25.338187Z,48d69f9756559a7a8da696b16d93e10be849504250560e4830f3dc8ee97b4d9a,101fdb8cc2c9da7ea98da8602ac4e7879ab23c9d,false,2026-10-07T13:19:09.608307Z,8963ea465b99a6b2a2cca91ab2aa07ee321fb3a450edfd10a102f4681b3247e4,public-api.PIL.ImageFont.ImagingCore.__bytes__,PIL.ImageFont.ImagingCore.__bytes__,PIL.ImageFont.ImagingCore.__bytes__,method,outside_selected_manifest,python-gpu,SIMD,1.0,public_api_inventory_gap,not_mapped_to_benchmark,,,,0,0,,0,0,0,0,,,,,0,0,0,0,0,0,0,0,,not_measured,
df5231519bb4810e6b0098560c5c791e56dc9952,true,2026-10-09T01:11:25.338187Z,48d69f9756559a7a8da696b16d93e10be849504250560e4830f3dc8ee97b4d9a,101fdb8cc2c9da7ea98da8602ac4e7879ab23c9d,false,2026-10-07T13:19:09.608307Z,8963ea465b99a6b2a2cca91ab2aa07ee321fb3a450edfd10a102f4681b3247e4,public-api.PIL.ImageFont.ImagingCore.__bytes__,PIL.ImageFont.ImagingCore.__bytes__,PIL.ImageFont.ImagingCore.__bytes__,method,outside_selected_manifest,python-parallel-cpu,Pillow,,public_api_inventory_gap,not_mapped_to_benchmark,,,,0,0,,0,0,0,0,,,,,0,0,0,0,0,0,0,0,,,
df5231519bb4810e6b0098560c5c791e56dc9952,true,2026-10-09T01:11:25.338187Z,48d69f9756559a7a8da696b16d93e10be849504250560e4830f3dc8ee97b4d9a,101fdb8cc2c9da7ea98da8602ac4e7879ab23c9d,false,2026-10-07T13:19:09.608307Z,8963ea465b99a6b2a2cca91ab2aa07ee321fb3a450edfd10a102f4681b3247e4,public-api.PIL.ImageFont.ImagingCore.__getitem__,PIL.ImageFont.ImagingCore.__getitem__,PIL.ImageFont.ImagingCore.__getitem__,method,outside_selected_manifest,python-cpu,Pillow,1.0,public_api_inventory_gap,not_mapped_to_benchmark,,,,0,0,,0,0,0,0,,,,,0,0,0,0,0,0,0,0,,,
df5231519bb4810e6b0098560c5c791e56dc9952,true,2026-10-09T01:11:25.338187Z,48d69f9756559a7a8da696b16d93e10be849504250560e4830f3dc8ee97b4d9a,101fdb8cc2c9da7ea98da8602ac4e7879ab23c9d,false,2026-10-07T13:19:09.608307Z,8963ea465b99a6b2a2cca91ab2aa07ee321fb3a450edfd10a102f4681b3247e4,public-api.PIL.ImageFont.ImagingCore.__getitem__,PIL.ImageFont.ImagingCore.__getitem__,PIL.ImageFont.ImagingCore.__getitem__,method,outside_selected_manifest,python-simd,Pillow,2.0,public_api_inventory_gap,not_mapped_to_benchmark,,,,0,0,,0,0,0,0,0,,,,0,0,0,0,0,0,0,0,,,
df5231519bb4810e6b0098560c5c791e56dc9952,true,2026-10-09T01:11:25.338187Z,48d69f9756559a7a8da696b16d93e10be849504250560e4830f3dc8ee97b4d9a,101fdb8cc2c9da7ea98da8602ac4e7879ab23c9d,false,2026-10-07T13:19:09.608307Z,8963ea465b99a6b2a2cca91ab2aa07ee321fb3a450edfd10a102f4681b3247e4,public-api.PIL.ImageFont.ImagingCore.__getitem__,PIL.ImageFont.ImagingCore.__getitem__,PIL.ImageFont.ImagingCore.__getitem__,method,outside_selected_manifest,python-gpu,SIMD,1.0,public_api_inventory_gap,not_mapped_to_benchmark,,,,0,0,,0,0,0,0,,,,,0,0,0,0,0,0,0,0,,not_measured,
df5231519bb4810e6b0098560c5c791e56dc9952,true,2026-10-09T01:11:25.338187Z,48d69f9756559a7a8da696b16d93e10be849504250560e4830f3dc8ee97b4d9a,101fdb8cc2c9da7ea98da8602ac4e7879ab23c9d,false,2026-10-07T13:19:09.608307Z,8963ea465b99a6b2a2cca91ab2aa07ee321fb3a450edfd10a102f4681b3247e4,public-api.PIL.ImageFont.ImagingCore.__getitem__,PIL.ImageFont.ImagingCore.__getitem__,PIL.ImageFont.ImagingCore.__getitem__,method,outside_selected_manifest,python-parallel-cpu,Pillow,,public_api_inventory_gap,not_mapped_to_benchmark,,,,0,0,,0,0,0,0,,,,,0,0,0,0,0,0,0,0,,,
df5231519bb4810e6b0098560c5c791e56dc9952,true,2026-10-09T01:11:25.338187Z,48d69f9756559a7a8da696b16d93e10be849504250560e4830f3dc8ee97b4d9a,101fdb8cc2c9da7ea98da8602ac4e7879ab23c9d,false,2026-10-07T13:19:09.608307Z,8963ea465b99a6b2a2cca91ab2aa07ee321fb3a450edfd10a102f4681b3247e4,public-api.PIL.ImageFont.ImagingCore.__iter__,PIL.ImageFont.ImagingCore.__iter__,PIL.ImageFont.ImagingCore.__iter__,method,outside_selected_manifest,python-cpu,Pillow,1.0,public_api_inventory_gap,not_mapped_to_benchmark,,,,0,0,,0,0,0,0,,,,,0,0,0,0,0,0,0,0,,,
df5231519bb4810e6b0098560c5c791e56dc9952,true,2026-10-09T01:11:25.338187Z,48d69f9756559a7a8da696b16d93e10be849504250560e4830f3dc8ee97b4d9a,101fdb8cc2c9da7ea98da8602ac4e7879ab23c9d,false,2026-10-07T13:19:09.608307Z,8963ea465b99a6b2a2cca91ab2aa07ee321fb3a450edfd10a102f4681b3247e4,public-api.PIL.ImageFont.ImagingCore.__iter__,PIL.ImageFont.ImagingCore.__iter__,PIL.ImageFont.ImagingCore.__iter__,method,outside_selected_manifest,python-simd,Pillow,2.0,public_api_inventory_gap,not_mapped_to_benchmark,,,,0,0,,0,0,0,0,0,,,,0,0,0,0,0,0,0,0,,,
df5231519bb4810e6b0098560c5c791e56dc9952,true,2026-10-09T01:11:25.338187Z,48d69f9756559a7a8da696b16d93e10be849504250560e4830f3dc8ee97b4d9a,101fdb8cc2c9da7ea98da8602ac4e7879ab23c9d,false,2026-10-07T13:19:09.608307Z,8963ea465b99a6b2a2cca91ab2aa07ee321fb3a450edfd10a102f4681b3247e4,public-api.PIL.ImageFont.ImagingCore.__iter__,PIL.ImageFont.ImagingCore.__iter__,PIL.ImageFont.ImagingCore.__iter__,method,outside_selected_manifest,python-gpu,SIMD,1.0,public_api_inventory_gap,not_mapped_to_benchmark,,,,0,0,,0,0,0,0,,,,,0,0,0,0,0,0,0,0,,not_measured,
df5231519bb4810e6b0098560c5c791e56dc9952,true,2026-10-09T01:11:25.338187Z,48d69f9756559a7a8da696b16d93e10be849504250560e4830f3dc8ee97b4d9a,101fdb8cc2c9da7ea98da8602ac4e7879ab23c9d,false,2026-10-07T13:19:09.608307Z,8963ea465b99a6b2a2cca91ab2aa07ee321fb3a450edfd10a102f4681b3247e4,public-api.PIL.ImageFont.ImagingCore.__iter__,PIL.ImageFont.ImagingCore.__iter__,PIL.ImageFont.ImagingCore.__iter__,method,outside_selected_manifest,python-parallel-cpu,Pillow,,public_api_inventory_gap,not_mapped_to_benchmark,,,,0,0,,0,0,0,0,,,,,0,0,0,0,0,0,0,0,,,
df5231519bb4810e6b0098560c5c791e56dc9952,true,2026-10-09T01:11:25.338187Z,48d69f9756559a7a8da696b16d93e10be849504250560e4830f3dc8ee97b4d9a,101fdb8cc2c9da7ea98da8602ac4e7879ab23c9d,false,2026-10-07T13:19:09.608307Z,8963ea465b99a6b2a2cca91ab2aa07ee321fb3a450edfd10a102f4681b3247e4,public-api.PIL.ImageFont.ImagingCore.__len__,PIL.ImageFont.ImagingCore.__len__,PIL.ImageFont.ImagingCore.__len__,method,outside_selected_manifest,python-cpu,Pillow,1.0,public_api_inventory_gap,not_mapped_to_benchmark,,,,0,0,,0,0,0,0,,,,,0,0,0,0,0,0,0,0,,,
df5231519bb4810e6b0098560c5c791e56dc9952,true,2026-10-09T01:11:25.338187Z,48d69f9756559a7a8da696b16d93e10be849504250560e4830f3dc8ee97b4d9a,101fdb8cc2c9da7ea98da8602ac4e7879ab23c9d,false,2026-10-07T13:19:09.608307Z,8963ea465b99a6b2a2cca91ab2aa07ee321fb3a450edfd10a102f4681b3247e4,public-api.PIL.ImageFont.ImagingCore.__len__,PIL.ImageFont.ImagingCore.__len__,PIL.ImageFont.ImagingCore.__len__,method,outside_selected_manifest,python-simd,Pillow,2.0,public_api_inventory_gap,not_mapped_to_benchmark,,,,0,0,,0,0,0,0,0,,,,0,0,0,0,0,0,0,0,,,
df5231519bb4810e6b0098560c5c791e56dc9952,true,2026-10-09T01:11:25.338187Z,48d69f9756559a7a8da696b16d93e10be849504250560e4830f3dc8ee97b4d9a,101fdb8cc2c9da7ea98da8602ac4e7879ab23c9d,false,2026-10-07T13:19:09.608307Z,8963ea465b99a6b2a2cca91ab2aa07ee321fb3a450edfd10a102f4681b3247e4,public-api.PIL.ImageFont.ImagingCore.__len__,PIL.ImageFont.ImagingCore.__len__,PIL.ImageFont.ImagingCore.__len__,method,outside_selected_manifest,python-gpu,SIMD,1.0,public_api_inventory_gap,not_mapped_to_benchmark,,,,0,0,,0,0,0,0,,,,,0,0,0,0,0,0,0,0,,not_measured,
df5231519bb4810e6b0098560c5c791e56dc9952,true,2026-10-09T01:11:25.338187Z,48d69f9756559a7a8da696b16d93e10be849504250560e4830f3dc8ee97b4d9a,101fdb8cc2c9da7ea98da8602ac4e7879ab23c9d,false,2026-10-07T13:19:09.608307Z,8963ea465b99a6b2a2cca91ab2aa07ee321fb3a450edfd10a102f4681b3247e4,public-api.PIL.ImageFont.ImagingCore.__len__,PIL.ImageFont.ImagingCore.__len__,PIL.ImageFont.ImagingCore.__len__,method,outside_selected_manifest,python-parallel-cpu,Pillow,,public_api_inventory_gap,not_mapped_to_benchmark,,,,0,0,,0,0,0,0,,,,,0,0,0,0,0,0,0,0,,,
df5231519bb4810e6b0098560c5c791e56dc9952,true,2026-10-09T01:11:25.338187Z,48d69f9756559a7a8da696b16d93e10be849504250560e4830f3dc8ee97b4d9a,101fdb8cc2c9da7ea98da8602ac4e7879ab23c9d,false,2026-10-07T13:19:09.608307Z,8963ea465b99a6b2a2cca91ab2aa07ee321fb3a450edfd10a102f4681b3247e4,public-api.PIL.ImageFont.ImagingCore.mode,PIL.ImageFont.ImagingCore.mode,PIL.ImageFont.ImagingCore.mode,property,outside_selected_manifest,python-cpu,Pillow,1.0,public_api_inventory_gap,not_mapped_to_benchmark,,,,0,0,,0,0,0,0,,,,,0,0,0,0,0,0,0,0,,,
df5231519bb4810e6b0098560c5c791e56dc9952,true,2026-10-09T01:11:25.338187Z,48d69f9756559a7a8da696b16d93e10be849504250560e4830f3dc8ee97b4d9a,101fdb8cc2c9da7ea98da8602ac4e7879ab23c9d,false,2026-10-07T13:19:09.608307Z,8963ea465b99a6b2a2cca91ab2aa07ee321fb3a450edfd10a102f4681b3247e4,public-api.PIL.ImageFont.ImagingCore.mode,PIL.ImageFont.ImagingCore.mode,PIL.ImageFont.ImagingCore.mode,property,outside_selected_manifest,python-simd,Pillow,2.0,public_api_inventory_gap,not_mapped_to_benchmark,,,,0,0,,0,0,0,0,0,,,,0,0,0,0,0,0,0,0,,,
df5231519bb4810e6b0098560c5c791e56dc9952,true,2026-10-09T01:11:25.338187Z,48d69f9756559a7a8da696b16d93e10be849504250560e4830f3dc8ee97b4d9a,101fdb8cc2c9da7ea98da8602ac4e7879ab23c9d,false,2026-10-07T13:19:09.608307Z,8963ea465b99a6b2a2cca91ab2aa07ee321fb3a450edfd10a102f4681b3247e4,public-api.PIL.ImageFont.ImagingCore.mode,PIL.ImageFont.ImagingCore.mode,PIL.ImageFont.ImagingCore.mode,property,outside_selected_manifest,python-gpu,SIMD,1.0,public_api_inventory_gap,not_mapped_to_benchmark,,,,0,0,,0,0,0,0,,,,,0,0,0,0,0,0,0,0,,not_measured,
df5231519bb4810e6b0098560c5c791e56dc9952,true,2026-10-09T01:11:25.338187Z,48d69f9756559a7a8da696b16d93e10be849504250560e4830f3dc8ee97b4d9a,101fdb8cc2c9da7ea98da8602ac4e7879ab23c9d,false,2026-10-07T13:19:09.608307Z,8963ea465b99a6b2a2cca91ab2aa07ee321fb3a450edfd10a102f4681b3247e4,public-api.PIL.ImageFont.ImagingCore.mode,PIL.ImageFont.ImagingCore.mode,PIL.ImageFont.ImagingCore.mode,property,outside_selected_manifest,python-parallel-cpu,Pillow,,public_api_inventory_gap,not_mapped_to_benchmark,,,,0,0,,0,0,0,0,,,,,0,0,0,0,0,0,0,0,,,
df5231519bb4810e6b0098560c5c791e56dc9952,true,2026-10-09T01:11:25.338187Z,48d69f9756559a7a8da696b16d93e10be849504250560e4830f3dc8ee97b4d9a,101fdb8cc2c9da7ea98da8602ac4e7879ab23c9d,false,2026-10-07T13:19:09.608307Z,8963ea465b99a6b2a2cca91ab2aa07ee321fb3a450edfd10a102f4681b3247e4,public-api.PIL.ImageFont.ImagingCore.size,PIL.ImageFont.ImagingCore.size,PIL.ImageFont.ImagingCore.size,property,outside_selected_manifest,python-cpu,Pillow,1.0,public_api_inventory_gap,not_mapped_to_benchmark,,,,0,0,,0,0,0,0,,,,,0,0,0,0,0,0,0,0,,,
df5231519bb4810e6b0098560c5c791e56dc9952,true,2026-10-09T01:11:25.338187Z,48d69f9756559a7a8da696b16d93e10be849504250560e4830f3dc8ee97b4d9a,101fdb8cc2c9da7ea98da8602ac4e7879ab23c9d,false,2026-10-07T13:19:09.608307Z,8963ea465b99a6b2a2cca91ab2aa07ee321fb3a450edfd10a102f4681b3247e4,public-api.PIL.ImageFont.ImagingCore.size,PIL.ImageFont.ImagingCore.size,PIL.ImageFont.ImagingCore.size,property,outside_selected_manifest,python-simd,Pillow,2.0,public_api_inventory_gap,not_mapped_to_benchmark,,,,0,0,,0,0,0,0,0,,,,0,0,0,0,0,0,0,0,,,
df5231519bb4810e6b0098560c5c791e56dc9952,true,2026-10-09T01:11:25.338187Z,48d69f9756559a7a8da696b16d93e10be849504250560e4830f3dc8ee97b4d9a,101fdb8cc2c9da7ea98da8602ac4e7879ab23c9d,false,2026-10-07T13:19:09.608307Z,8963ea465b99a6b2a2cca91ab2aa07ee321fb3a450edfd10a102f4681b3247e4,public-api.PIL.ImageFont.ImagingCore.size,PIL.ImageFont.ImagingCore.size,PIL.ImageFont.ImagingCore.size,property,outside_selected_manifest,python-gpu,SIMD,1.0,public_api_inventory_gap,not_mapped_to_benchmark,,,,0,0,,0,0,0,0,,,,,0,0,0,0,0,0,0,0,,not_measured,
df5231519bb4810e6b0098560c5c791e56dc9952,true,2026-10-09T01:11:25.338187Z,48d69f9756559a7a8da696b16d93e10be849504250560e4830f3dc8ee97b4d9a,101fdb8cc2c9da7ea98da8602ac4e7879ab23c9d,false,2026-10-07T13:19:09.608307Z,8963ea465b99a6b2a2cca91ab2aa07ee321fb3a450edfd10a102f4681b3247e4,public-api.PIL.ImageFont.ImagingCore.size,PIL.ImageFont.ImagingCore.size,PIL.ImageFont.ImagingCore.size,property,outside_selected_manifest,python-parallel-cpu,Pillow,,public_api_inventory_gap,not_mapped_to_benchmark,,,,0,0,,0,0,0,0,,,,,0,0,0,0,0,0,0,0,,,
df5231519bb4810e6b0098560c5c791e56dc9952,true,2026-10-09T01:11:25.338187Z,48d69f9756559a7a8da696b16d93e10be849504250560e4830f3dc8ee97b4d9a,101fdb8cc2c9da7ea98da8602ac4e7879ab23c9d,false,2026-10-07T13:19:09.608307Z,8963ea465b99a6b2a2cca91ab2aa07ee321fb3a450edfd10a102f4681b3247e4,public-api.PIL.ImageFont.ImagingCore.tobytes,PIL.ImageFont.ImagingCore.tobytes,PIL.ImageFont.ImagingCore.tobytes,method,outside_selected_manifest,python-cpu,Pillow,1.0,public_api_inventory_gap,not_mapped_to_benchmark,,,,0,0,,0,0,0,0,,,,,0,0,0,0,0,0,0,0,,,
df5231519bb4810e6b0098560c5c791e56dc9952,true,2026-10-09T01:11:25.338187Z,48d69f9756559a7a8da696b16d93e10be849504250560e4830f3dc8ee97b4d9a,101fdb8cc2c9da7ea98da8602ac4e7879ab23c9d,false,2026-10-07T13:19:09.608307Z,8963ea465b99a6b2a2cca91ab2aa07ee321fb3a450edfd10a102f4681b3247e4,public-api.PIL.ImageFont.ImagingCore.tobytes,PIL.ImageFont.ImagingCore.tobytes,PIL.ImageFont.ImagingCore.tobytes,method,outside_selected_manifest,python-simd,Pillow,2.0,public_api_inventory_gap,not_mapped_to_benchmark,,,,0,0,,0,0,0,0,0,,,,0,0,0,0,0,0,0,0,,,
df5231519bb4810e6b0098560c5c791e56dc9952,true,2026-10-09T01:11:25.338187Z,48d69f9756559a7a8da696b16d93e10be849504250560e4830f3dc8ee97b4d9a,101fdb8cc2c9da7ea98da8602ac4e7879ab23c9d,false,2026-10-07T13:19:09.608307Z,8963ea465b99a6b2a2cca91ab2aa07ee321fb3a450edfd10a102f4681b3247e4,public-api.PIL.ImageFont.ImagingCore.tobytes,PIL.ImageFont.ImagingCore.tobytes,PIL.ImageFont.ImagingCore.tobytes,method,outside_selected_manifest,python-gpu,SIMD,1.0,public_api_inventory_gap,not_mapped_to_benchmark,,,,0,0,,0,0,0,0,,,,,0,0,0,0,0,0,0,0,,not_measured,
df5231519bb4810e6b0098560c5c791e56dc9952,true,2026-10-09T01:11:25.338187Z,48d69f9756559a7a8da696b16d93e10be849504250560e4830f3dc8ee97b4d9a,101fdb8cc2c9da7ea98da8602ac4e7879ab23c9d,false,2026-10-07T13:19:09.608307Z,8963ea465b99a6b2a2cca91ab2aa07ee321fb3a450edfd10a102f4681b3247e4,public-api.PIL.ImageFont.ImagingCore.tobytes,PIL.ImageFont.ImagingCore.tobytes,PIL.ImageFont.ImagingCore.tobytes,method,outside_selected_manifest,python-parallel-cpu,Pillow,,public_api_inventory_gap,not_mapped_to_benchmark,,,,0,0,,0,0,0,0,,,,,0,0,0,0,0,0,0,0,,,
df5231519bb4810e6b0098560c5c791e56dc9952,true,2026-10-09T01:11:25.338187Z,48d69f9756559a7a8da696b16d93e10be849504250560e4830f3dc8ee97b4d9a,101fdb8cc2c9da7ea98da8602ac4e7879ab23c9d,false,2026-10-07T13:19:09.608307Z,8963ea465b99a6b2a2cca91ab2aa07ee321fb3a450edfd10a102f4681b3247e4,public-api.PIL.ImageFont.ImagingCore.transpose,PIL.ImageFont.ImagingCore.transpose,PIL.ImageFont.ImagingCore.transpose,method,outside_selected_manifest,python-cpu,Pillow,1.0,public_api_inventory_gap,not_mapped_to_benchmark,,,,0,0,,0,0,0,0,,,,,0,0,0,0,0,0,0,0,,,
df5231519bb4810e6b0098560c5c791e56dc9952,true,2026-10-09T01:11:25.338187Z,48d69f9756559a7a8da696b16d93e10be849504250560e4830f3dc8ee97b4d9a,101fdb8cc2c9da7ea98da8602ac4e7879ab23c9d,false,2026-10-07T13:19:09.608307Z,8963ea465b99a6b2a2cca91ab2aa07ee321fb3a450edfd10a102f4681b3247e4,public-api.PIL.ImageFont.ImagingCore.transpose,PIL.ImageFont.ImagingCore.transpose,PIL.ImageFont.ImagingCore.transpose,method,outside_selected_manifest,python-simd,Pillow,2.0,public_api_inventory_gap,not_mapped_to_benchmark,,,,0,0,,0,0,0,0,0,,,,0,0,0,0,0,0,0,0,,,
df5231519bb4810e6b0098560c5c791e56dc9952,true,2026-10-09T01:11:25.338187Z,48d69f9756559a7a8da696b16d93e10be849504250560e4830f3dc8ee97b4d9a,101fdb8cc2c9da7ea98da8602ac4e7879ab23c9d,false,2026-10-07T13:19:09.608307Z,8963ea465b99a6b2a2cca91ab2aa07ee321fb3a450edfd10a102f4681b3247e4,public-api.PIL.ImageFont.ImagingCore.transpose,PIL.ImageFont.ImagingCore.transpose,PIL.ImageFont.ImagingCore.transpose,method,outside_selected_manifest,python-gpu,SIMD,1.0,public_api_inventory_gap,not_mapped_to_benchmark,,,,0,0,,0,0,0,0,,,,,0,0,0,0,0,0,0,0,,not_measured,
df5231519bb4810e6b0098560c5c791e56dc9952,true,2026-10-09T01:11:25.338187Z,48d69f9756559a7a8da696b16d93e10be849504250560e4830f3dc8ee97b4d9a,101fdb8cc2c9da7ea98da8602ac4e7879ab23c9d,false,2026-10-07T13:19:09.608307Z,8963ea465b99a6b2a2cca91ab2aa07ee321fb3a450edfd10a102f4681b3247e4,public-api.PIL.ImageFont.ImagingCore.transpose,PIL.ImageFont.ImagingCore.transpose,PIL.ImageFont.ImagingCore.transpose,method,outside_selected_manifest,python-parallel-cpu,Pillow,,public_api_inventory_gap,not_mapped_to_benchmark,,,,0,0,,0,0,0,0,,,,,0,0,0,0,0,0,0,0,,,
df5231519bb4810e6b0098560c5c791e56dc9952,true,2026-10-09T01:11:25.338187Z,48d69f9756559a7a8da696b16d93e10be849504250560e4830f3dc8ee97b4d9a,101fdb8cc2c9da7ea98da8602ac4e7879ab23c9d,false,2026-10-07T13:19:09.608307Z,8963ea465b99a6b2a2cca91ab2aa07ee321fb3a450edfd10a102f4681b3247e4,public-api.PIL.ImageFont.Layout,PIL.ImageFont.Layout,PIL.ImageFont.Layout,class,outside_selected_manifest,python-cpu,Pillow,1.0,public_api_inventory_gap,not_mapped_to_benchmark,,,,0,0,,0,0,0,0,,,,,0,0,0,0,0,0,0,0,,,
df5231519bb4810e6b0098560c5c791e56dc9952,true,2026-10-09T01:11:25.338187Z,48d69f9756559a7a8da696b16d93e10be849504250560e4830f3dc8ee97b4d9a,101fdb8cc2c9da7ea98da8602ac4e7879ab23c9d,false,2026-10-07T13:19:09.608307Z,8963ea465b99a6b2a2cca91ab2aa07ee321fb3a450edfd10a102f4681b3247e4,public-api.PIL.ImageFont.Layout,PIL.ImageFont.Layout,PIL.ImageFont.Layout,class,outside_selected_manifest,python-simd,Pillow,2.0,public_api_inventory_gap,not_mapped_to_benchmark,,,,0,0,,0,0,0,0,0,,,,0,0,0,0,0,0,0,0,,,
df5231519bb4810e6b0098560c5c791e56dc9952,true,2026-10-09T01:11:25.338187Z,48d69f9756559a7a8da696b16d93e10be849504250560e4830f3dc8ee97b4d9a,101fdb8cc2c9da7ea98da8602ac4e7879ab23c9d,false,2026-10-07T13:19:09.608307Z,8963ea465b99a6b2a2cca91ab2aa07ee321fb3a450edfd10a102f4681b3247e4,public-api.PIL.ImageFont.Layout,PIL.ImageFont.Layout,PIL.ImageFont.Layout,class,outside_selected_manifest,python-gpu,SIMD,1.0,public_api_inventory_gap,not_mapped_to_benchmark,,,,0,0,,0,0,0,0,,,,,0,0,0,0,0,0,0,0,,not_measured,
df5231519bb4810e6b0098560c5c791e56dc9952,true,2026-10-09T01:11:25.338187Z,48d69f9756559a7a8da696b16d93e10be849504250560e4830f3dc8ee97b4d9a,101fdb8cc2c9da7ea98da8602ac4e7879ab23c9d,false,2026-10-07T13:19:09.608307Z,8963ea465b99a6b2a2cca91ab2aa07ee321fb3a450edfd10a102f4681b3247e4,public-api.PIL.ImageFont.Layout,PIL.ImageFont.Layout,PIL.ImageFont.Layout,class,outside_selected_manifest,python-parallel-cpu,Pillow,,public_api_inventory_gap,not_mapped_to_benchmark,,,,0,0,,0,0,0,0,,,,,0,0,0,0,0,0,0,0,,,
df5231519bb4810e6b0098560c5c791e56dc9952,true,2026-10-09T01:11:25.338187Z,48d69f9756559a7a8da696b16d93e10be849504250560e4830f3dc8ee97b4d9a,101fdb8cc2c9da7ea98da8602ac4e7879ab23c9d,false,2026-10-07T13:19:09.608307Z,8963ea465b99a6b2a2cca91ab2aa07ee321fb3a450edfd10a102f4681b3247e4,public-api.PIL.ImageFont.TransposedFont.font,PIL.ImageFont.TransposedFont.font,PIL.ImageFont.TransposedFont.font,property,outside_selected_manifest,python-cpu,Pillow,1.0,public_api_inventory_gap,not_mapped_to_benchmark,,,,0,0,,0,0,0,0,,,,,0,0,0,0,0,0,0,0,,,
df5231519bb4810e6b0098560c5c791e56dc9952,true,2026-10-09T01:11:25.338187Z,48d69f9756559a7a8da696b16d93e10be849504250560e4830f3dc8ee97b4d9a,101fdb8cc2c9da7ea98da8602ac4e7879ab23c9d,false,2026-10-07T13:19:09.608307Z,8963ea465b99a6b2a2cca91ab2aa07ee321fb3a450edfd10a102f4681b3247e4,public-api.PIL.ImageFont.TransposedFont.font,PIL.ImageFont.TransposedFont.font,PIL.ImageFont.TransposedFont.font,property,outside_selected_manifest,python-simd,Pillow,2.0,public_api_inventory_gap,not_mapped_to_benchmark,,,,0,0,,0,0,0,0,0,,,,0,0,0,0,0,0,0,0,,,
df5231519bb4810e6b0098560c5c791e56dc9952,true,2026-10-09T01:11:25.338187Z,48d69f9756559a7a8da696b16d93e10be849504250560e4830f3dc8ee97b4d9a,101fdb8cc2c9da7ea98da8602ac4e7879ab23c9d,false,2026-10-07T13:19:09.608307Z,8963ea465b99a6b2a2cca91ab2aa07ee321fb3a450edfd10a102f4681b3247e4,public-api.PIL.ImageFont.TransposedFont.font,PIL.ImageFont.TransposedFont.font,PIL.ImageFont.TransposedFont.font,property,outside_selected_manifest,python-gpu,SIMD,1.0,public_api_inventory_gap,not_mapped_to_benchmark,,,,0,0,,0,0,0,0,,,,,0,0,0,0,0,0,0,0,,not_measured,
df5231519bb4810e6b0098560c5c791e56dc9952,true,2026-10-09T01:11:25.338187Z,48d69f9756559a7a8da696b16d93e10be849504250560e4830f3dc8ee97b4d9a,101fdb8cc2c9da7ea98da8602ac4e7879ab23c9d,false,2026-10-07T13:19:09.608307Z,8963ea465b99a6b2a2cca91ab2aa07ee321fb3a450edfd10a102f4681b3247e4,public-api.PIL.ImageFont.TransposedFont.font,PIL.ImageFont.TransposedFont.font,PIL.ImageFont.TransposedFont.font,property,outside_selected_manifest,python-parallel-cpu,Pillow,,public_api_inventory_gap,not_mapped_to_benchmark,,,,0,0,,0,0,0,0,,,,,0,0,0,0,0,0,0,0,,,
df5231519bb4810e6b0098560c5c791e56dc9952,true,2026-10-09T01:11:25.338187Z,48d69f9756559a7a8da696b16d93e10be849504250560e4830f3dc8ee97b4d9a,101fdb8cc2c9da7ea98da8602ac4e7879ab23c9d,false,2026-10-07T13:19:09.608307Z,8963ea465b99a6b2a2cca91ab2aa07ee321fb3a450edfd10a102f4681b3247e4,public-api.PIL.ImageFont.TransposedFont.orientation,PIL.ImageFont.TransposedFont.orientation,PIL.ImageFont.TransposedFont.orientation,property,outside_selected_manifest,python-cpu,Pillow,1.0,public_api_inventory_gap,not_mapped_to_benchmark,,,,0,0,,0,0,0,0,,,,,0,0,0,0,0,0,0,0,,,
df5231519bb4810e6b0098560c5c791e56dc9952,true,2026-10-09T01:11:25.338187Z,48d69f9756559a7a8da696b16d93e10be849504250560e4830f3dc8ee97b4d9a,101fdb8cc2c9da7ea98da8602ac4e7879ab23c9d,false,2026-10-07T13:19:09.608307Z,8963ea465b99a6b2a2cca91ab2aa07ee321fb3a450edfd10a102f4681b3247e4,public-api.PIL.ImageFont.TransposedFont.orientation,PIL.ImageFont.TransposedFont.orientation,PIL.ImageFont.TransposedFont.orientation,property,outside_selected_manifest,python-simd,Pillow,2.0,public_api_inventory_gap,not_mapped_to_benchmark,,,,0,0,,0,0,0,0,0,,,,0,0,0,0,0,0,0,0,,,
df5231519bb4810e6b0098560c5c791e56dc9952,true,2026-10-09T01:11:25.338187Z,48d69f9756559a7a8da696b16d93e10be849504250560e4830f3dc8ee97b4d9a,101fdb8cc2c9da7ea98da8602ac4e7879ab23c9d,false,2026-10-07T13:19:09.608307Z,8963ea465b99a6b2a2cca91ab2aa07ee321fb3a450edfd10a102f4681b3247e4,public-api.PIL.ImageFont.TransposedFont.orientation,PIL.ImageFont.TransposedFont.orientation,PIL.ImageFont.TransposedFont.orientation,property,outside_selected_manifest,python-gpu,SIMD,1.0,public_api_inventory_gap,not_mapped_to_benchmark,,,,0,0,,0,0,0,0,,,,,0,0,0,0,0,0,0,0,,not_measured,
df5231519bb4810e6b0098560c5c791e56dc9952,true,2026-10-09T01:11:25.338187Z,48d69f9756559a7a8da696b16d93e10be849504250560e4830f3dc8ee97b4d9a,101fdb8cc2c9da7ea98da8602ac4e7879ab23c9d,false,2026-10-07T13:19:09.608307Z,8963ea465b99a6b2a2cca91ab2aa07ee321fb3a450edfd10a102f4681b3247e4,public-api.PIL.ImageFont.TransposedFont.orientation,PIL.ImageFont.TransposedFont.orientation,PIL.ImageFont.TransposedFont.orientation,property,outside_selected_manifest,python-parallel-cpu,Pillow,,public_api_inventory_gap,not_mapped_to_benchmark,,,,0,0,,0,0,0,0,,,,,0,0,0,0,0,0,0,0,,,
df5231519bb4810e6b0098560c5c791e56dc9952,true,2026-10-09T01:11:25.338187Z,48d69f9756559a7a8da696b16d93e10be849504250560e4830f3dc8ee97b4d9a,101fdb8cc2c9da7ea98da8602ac4e7879ab23c9d,false,2026-10-07T13:19:09.608307Z,8963ea465b99a6b2a2cca91ab2aa07ee321fb3a450edfd10a102f4681b3247e4,public-api.PIL.ImageFormat,PIL.ImageFormat,PIL.ImageFormat,class,outside_selected_manifest,python-cpu,Pillow,1.0,public_api_inventory_gap,not_mapped_to_benchmark,,,,0,0,,0,0,0,0,,,,,0,0,0,0,0,0,0,0,,,
df5231519bb4810e6b0098560c5c791e56dc9952,true,2026-10-09T01:11:25.338187Z,48d69f9756559a7a8da696b16d93e10be849504250560e4830f3dc8ee97b4d9a,101fdb8cc2c9da7ea98da8602ac4e7879ab23c9d,false,2026-10-07T13:19:09.608307Z,8963ea465b99a6b2a2cca91ab2aa07ee321fb3a450edfd10a102f4681b3247e4,public-api.PIL.ImageFormat,PIL.ImageFormat,PIL.ImageFormat,class,outside_selected_manifest,python-simd,Pillow,2.0,public_api_inventory_gap,not_mapped_to_benchmark,,,,0,0,,0,0,0,0,0,,,,0,0,0,0,0,0,0,0,,,
df5231519bb4810e6b0098560c5c791e56dc9952,true,2026-10-09T01:11:25.338187Z,48d69f9756559a7a8da696b16d93e10be849504250560e4830f3dc8ee97b4d9a,101fdb8cc2c9da7ea98da8602ac4e7879ab23c9d,false,2026-10-07T13:19:09.608307Z,8963ea465b99a6b2a2cca91ab2aa07ee321fb3a450edfd10a102f4681b3247e4,public-api.PIL.ImageFormat,PIL.ImageFormat,PIL.ImageFormat,class,outside_selected_manifest,python-gpu,SIMD,1.0,public_api_inventory_gap,not_mapped_to_benchmark,,,,0,0,,0,0,0,0,,,,,0,0,0,0,0,0,0,0,,not_measured,
df5231519bb4810e6b0098560c5c791e56dc9952,true,2026-10-09T01:11:25.338187Z,48d69f9756559a7a8da696b16d93e10be849504250560e4830f3dc8ee97b4d9a,101fdb8cc2c9da7ea98da8602ac4e7879ab23c9d,false,2026-10-07T13:19:09.608307Z,8963ea465b99a6b2a2cca91ab2aa07ee321fb3a450edfd10a102f4681b3247e4,public-api.PIL.ImageFormat,PIL.ImageFormat,PIL.ImageFormat,class,outside_selected_manifest,python-parallel-cpu,Pillow,,public_api_inventory_gap,not_mapped_to_benchmark,,,,0,0,,0,0,0,0,,,,,0,0,0,0,0,0,0,0,,,
df5231519bb4810e6b0098560c5c791e56dc9952,true,2026-10-09T01:11:25.338187Z,48d69f9756559a7a8da696b16d93e10be849504250560e4830f3dc8ee97b4d9a,101fdb8cc2c9da7ea98da8602ac4e7879ab23c9d,false,2026-10-07T13:19:09.608307Z,8963ea465b99a6b2a2cca91ab2aa07ee321fb3a450edfd10a102f4681b3247e4,public-api.PIL.ImageMode,PIL.ImageMode,PIL.ImageMode,class,outside_selected_manifest,python-cpu,Pillow,1.0,public_api_inventory_gap,not_mapped_to_benchmark,,,,0,0,,0,0,0,0,,,,,0,0,0,0,0,0,0,0,,,
df5231519bb4810e6b0098560c5c791e56dc9952,true,2026-10-09T01:11:25.338187Z,48d69f9756559a7a8da696b16d93e10be849504250560e4830f3dc8ee97b4d9a,101fdb8cc2c9da7ea98da8602ac4e7879ab23c9d,false,2026-10-07T13:19:09.608307Z,8963ea465b99a6b2a2cca91ab2aa07ee321fb3a450edfd10a102f4681b3247e4,public-api.PIL.ImageMode,PIL.ImageMode,PIL.ImageMode,class,outside_selected_manifest,python-simd,Pillow,2.0,public_api_inventory_gap,not_mapped_to_benchmark,,,,0,0,,0,0,0,0,0,,,,0,0,0,0,0,0,0,0,,,
df5231519bb4810e6b0098560c5c791e56dc9952,true,2026-10-09T01:11:25.338187Z,48d69f9756559a7a8da696b16d93e10be849504250560e4830f3dc8ee97b4d9a,101fdb8cc2c9da7ea98da8602ac4e7879ab23c9d,false,2026-10-07T13:19:09.608307Z,8963ea465b99a6b2a2cca91ab2aa07ee321fb3a450edfd10a102f4681b3247e4,public-api.PIL.ImageMode,PIL.ImageMode,PIL.ImageMode,class,outside_selected_manifest,python-gpu,SIMD,1.0,public_api_inventory_gap,not_mapped_to_benchmark,,,,0,0,,0,0,0,0,,,,,0,0,0,0,0,0,0,0,,not_measured,
df5231519bb4810e6b0098560c5c791e56dc9952,true,2026-10-09T01:11:25.338187Z,48d69f9756559a7a8da696b16d93e10be849504250560e4830f3dc8ee97b4d9a,101fdb8cc2c9da7ea98da8602ac4e7879ab23c9d,false,2026-10-07T13:19:09.608307Z,8963ea465b99a6b2a2cca91ab2aa07ee321fb3a450edfd10a102f4681b3247e4,public-api.PIL.ImageMode,PIL.ImageMode,PIL.ImageMode,class,outside_selected_manifest,python-parallel-cpu,Pillow,,public_api_inventory_gap,not_mapped_to_benchmark,,,,0,0,,0,0,0,0,,,,,0,0,0,0,0,0,0,0,,,
df5231519bb4810e6b0098560c5c791e56dc9952,true,2026-10-09T01:11:25.338187Z,48d69f9756559a7a8da696b16d93e10be849504250560e4830f3dc8ee97b4d9a,101fdb8cc2c9da7ea98da8602ac4e7879ab23c9d,false,2026-10-07T13:19:09.608307Z,8963ea465b99a6b2a2cca91ab2aa07ee321fb3a450edfd10a102f4681b3247e4,public-api.PIL.ImagePalette.ImagePalette.dirty,PIL.ImagePalette.ImagePalette.dirty,PIL.ImagePalette.ImagePalette.dirty,property,outside_selected_manifest,python-cpu,Pillow,1.0,public_api_inventory_gap,not_mapped_to_benchmark,,,,0,0,,0,0,0,0,,,,,0,0,0,0,0,0,0,0,,,
df5231519bb4810e6b0098560c5c791e56dc9952,true,2026-10-09T01:11:25.338187Z,48d69f9756559a7a8da696b16d93e10be849504250560e4830f3dc8ee97b4d9a,101fdb8cc2c9da7ea98da8602ac4e7879ab23c9d,false,2026-10-07T13:19:09.608307Z,8963ea465b99a6b2a2cca91ab2aa07ee321fb3a450edfd10a102f4681b3247e4,public-api.PIL.ImagePalette.ImagePalette.dirty,PIL.ImagePalette.ImagePalette.dirty,PIL.ImagePalette.ImagePalette.dirty,property,outside_selected_manifest,python-simd,Pillow,2.0,public_api_inventory_gap,not_mapped_to_benchmark,,,,0,0,,0,0,0,0,0,,,,0,0,0,0,0,0,0,0,,,
df5231519bb4810e6b0098560c5c791e56dc9952,true,2026-10-09T01:11:25.338187Z,48d69f9756559a7a8da696b16d93e10be849504250560e4830f3dc8ee97b4d9a,101fdb8cc2c9da7ea98da8602ac4e7879ab23c9d,false,2026-10-07T13:19:09.608307Z,8963ea465b99a6b2a2cca91ab2aa07ee321fb3a450edfd10a102f4681b3247e4,public-api.PIL.ImagePalette.ImagePalette.dirty,PIL.ImagePalette.ImagePalette.dirty,PIL.ImagePalette.ImagePalette.dirty,property,outside_selected_manifest,python-gpu,SIMD,1.0,public_api_inventory_gap,not_mapped_to_benchmark,,,,0,0,,0,0,0,0,,,,,0,0,0,0,0,0,0,0,,not_measured,
df5231519bb4810e6b0098560c5c791e56dc9952,true,2026-10-09T01:11:25.338187Z,48d69f9756559a7a8da696b16d93e10be849504250560e4830f3dc8ee97b4d9a,101fdb8cc2c9da7ea98da8602ac4e7879ab23c9d,false,2026-10-07T13:19:09.608307Z,8963ea465b99a6b2a2cca91ab2aa07ee321fb3a450edfd10a102f4681b3247e4,public-api.PIL.ImagePalette.ImagePalette.dirty,PIL.ImagePalette.ImagePalette.dirty,PIL.ImagePalette.ImagePalette.dirty,property,outside_selected_manifest,python-parallel-cpu,Pillow,,public_api_inventory_gap,not_mapped_to_benchmark,,,,0,0,,0,0,0,0,,,,,0,0,0,0,0,0,0,0,,,
df5231519bb4810e6b0098560c5c791e56dc9952,true,2026-10-09T01:11:25.338187Z,48d69f9756559a7a8da696b16d93e10be849504250560e4830f3dc8ee97b4d9a,101fdb8cc2c9da7ea98da8602ac4e7879ab23c9d,false,2026-10-07T13:19:09.608307Z,8963ea465b99a6b2a2cca91ab2aa07ee321fb3a450edfd10a102f4681b3247e4,public-api.PIL.ImagePalette.ImagePalette.mode,PIL.ImagePalette.ImagePalette.mode,PIL.ImagePalette.ImagePalette.mode,property,outside_selected_manifest,python-cpu,Pillow,1.0,public_api_inventory_gap,not_mapped_to_benchmark,,,,0,0,,0,0,0,0,,,,,0,0,0,0,0,0,0,0,,,
df5231519bb4810e6b0098560c5c791e56dc9952,true,2026-10-09T01:11:25.338187Z,48d69f9756559a7a8da696b16d93e10be849504250560e4830f3dc8ee97b4d9a,101fdb8cc2c9da7ea98da8602ac4e7879ab23c9d,false,2026-10-07T13:19:09.608307Z,8963ea465b99a6b2a2cca91ab2aa07ee321fb3a450edfd10a102f4681b3247e4,public-api.PIL.ImagePalette.ImagePalette.mode,PIL.ImagePalette.ImagePalette.mode,PIL.ImagePalette.ImagePalette.mode,property,outside_selected_manifest,python-simd,Pillow,2.0,public_api_inventory_gap,not_mapped_to_benchmark,,,,0,0,,0,0,0,0,0,,,,0,0,0,0,0,0,0,0,,,
df5231519bb4810e6b0098560c5c791e56dc9952,true,2026-10-09T01:11:25.338187Z,48d69f9756559a7a8da696b16d93e10be849504250560e4830f3dc8ee97b4d9a,101fdb8cc2c9da7ea98da8602ac4e7879ab23c9d,false,2026-10-07T13:19:09.608307Z,8963ea465b99a6b2a2cca91ab2aa07ee321fb3a450edfd10a102f4681b3247e4,public-api.PIL.ImagePalette.ImagePalette.mode,PIL.ImagePalette.ImagePalette.mode,PIL.ImagePalette.ImagePalette.mode,property,outside_selected_manifest,python-gpu,SIMD,1.0,public_api_inventory_gap,not_mapped_to_benchmark,,,,0,0,,0,0,0,0,,,,,0,0,0,0,0,0,0,0,,not_measured,
df5231519bb4810e6b0098560c5c791e56dc9952,true,2026-10-09T01:11:25.338187Z,48d69f9756559a7a8da696b16d93e10be849504250560e4830f3dc8ee97b4d9a,101fdb8cc2c9da7ea98da8602ac4e7879ab23c9d,false,2026-10-07T13:19:09.608307Z,8963ea465b99a6b2a2cca91ab2aa07ee321fb3a450edfd10a102f4681b3247e4,public-api.PIL.ImagePalette.ImagePalette.mode,PIL.ImagePalette.ImagePalette.mode,PIL.ImagePalette.ImagePalette.mode,property,outside_selected_manifest,python-parallel-cpu,Pillow,,public_api_inventory_gap,not_mapped_to_benchmark,,,,0,0,,0,0,0,0,,,,,0,0,0,0,0,0,0,0,,,
df5231519bb4810e6b0098560c5c791e56dc9952,true,2026-10-09T01:11:25.338187Z,48d69f9756559a7a8da696b16d93e10be849504250560e4830f3dc8ee97b4d9a,101fdb8cc2c9da7ea98da8602ac4e7879ab23c9d,false,2026-10-07T13:19:09.608307Z,8963ea465b99a6b2a2cca91ab2aa07ee321fb3a450edfd10a102f4681b3247e4,public-api.PIL.ImagePalette.ImagePalette.palette,PIL.ImagePalette.ImagePalette.palette,PIL.ImagePalette.ImagePalette.palette,property,outside_selected_manifest,python-cpu,Pillow,1.0,public_api_inventory_gap,not_mapped_to_benchmark,,,,0,0,,0,0,0,0,,,,,0,0,0,0,0,0,0,0,,,
df5231519bb4810e6b0098560c5c791e56dc9952,true,2026-10-09T01:11:25.338187Z,48d69f9756559a7a8da696b16d93e10be849504250560e4830f3dc8ee97b4d9a,101fdb8cc2c9da7ea98da8602ac4e7879ab23c9d,false,2026-10-07T13:19:09.608307Z,8963ea465b99a6b2a2cca91ab2aa07ee321fb3a450edfd10a102f4681b3247e4,public-api.PIL.ImagePalette.ImagePalette.palette,PIL.ImagePalette.ImagePalette.palette,PIL.ImagePalette.ImagePalette.palette,property,outside_selected_manifest,python-simd,Pillow,2.0,public_api_inventory_gap,not_mapped_to_benchmark,,,,0,0,,0,0,0,0,0,,,,0,0,0,0,0,0,0,0,,,
df5231519bb4810e6b0098560c5c791e56dc9952,true,2026-10-09T01:11:25.338187Z,48d69f9756559a7a8da696b16d93e10be849504250560e4830f3dc8ee97b4d9a,101fdb8cc2c9da7ea98da8602ac4e7879ab23c9d,false,2026-10-07T13:19:09.608307Z,8963ea465b99a6b2a2cca91ab2aa07ee321fb3a450edfd10a102f4681b3247e4,public-api.PIL.ImagePalette.ImagePalette.palette,PIL.ImagePalette.ImagePalette.palette,PIL.ImagePalette.ImagePalette.palette,property,outside_selected_manifest,python-gpu,SIMD,1.0,public_api_inventory_gap,not_mapped_to_benchmark,,,,0,0,,0,0,0,0,,,,,0,0,0,0,0,0,0,0,,not_measured,
df5231519bb4810e6b0098560c5c791e56dc9952,true,2026-10-09T01:11:25.338187Z,48d69f9756559a7a8da696b16d93e10be849504250560e4830f3dc8ee97b4d9a,101fdb8cc2c9da7ea98da8602ac4e7879ab23c9d,false,2026-10-07T13:19:09.608307Z,8963ea465b99a6b2a2cca91ab2aa07ee321fb3a450edfd10a102f4681b3247e4,public-api.PIL.ImagePalette.ImagePalette.palette,PIL.ImagePalette.ImagePalette.palette,PIL.ImagePalette.ImagePalette.palette,property,outside_selected_manifest,python-parallel-cpu,Pillow,,public_api_inventory_gap,not_mapped_to_benchmark,,,,0,0,,0,0,0,0,,,,,0,0,0,0,0,0,0,0,,,
df5231519bb4810e6b0098560c5c791e56dc9952,true,2026-10-09T01:11:25.338187Z,48d69f9756559a7a8da696b16d93e10be849504250560e4830f3dc8ee97b4d9a,101fdb8cc2c9da7ea98da8602ac4e7879ab23c9d,false,2026-10-07T13:19:09.608307Z,8963ea465b99a6b2a2cca91ab2aa07ee321fb3a450edfd10a102f4681b3247e4,public-api.PIL.ImagePalette.ImagePalette.rawmode,PIL.ImagePalette.ImagePalette.rawmode,PIL.ImagePalette.ImagePalette.rawmode,property,outside_selected_manifest,python-cpu,Pillow,1.0,public_api_inventory_gap,not_mapped_to_benchmark,,,,0,0,,0,0,0,0,,,,,0,0,0,0,0,0,0,0,,,
df5231519bb4810e6b0098560c5c791e56dc9952,true,2026-10-09T01:11:25.338187Z,48d69f9756559a7a8da696b16d93e10be849504250560e4830f3dc8ee97b4d9a,101fdb8cc2c9da7ea98da8602ac4e7879ab23c9d,false,2026-10-07T13:19:09.608307Z,8963ea465b99a6b2a2cca91ab2aa07ee321fb3a450edfd10a102f4681b3247e4,public-api.PIL.ImagePalette.ImagePalette.rawmode,PIL.ImagePalette.ImagePalette.rawmode,PIL.ImagePalette.ImagePalette.rawmode,property,outside_selected_manifest,python-simd,Pillow,2.0,public_api_inventory_gap,not_mapped_to_benchmark,,,,0,0,,0,0,0,0,0,,,,0,0,0,0,0,0,0,0,,,
df5231519bb4810e6b0098560c5c791e56dc9952,true,2026-10-09T01:11:25.338187Z,48d69f9756559a7a8da696b16d93e10be849504250560e4830f3dc8ee97b4d9a,101fdb8cc2c9da7ea98da8602ac4e7879ab23c9d,false,2026-10-07T13:19:09.608307Z,8963ea465b99a6b2a2cca91ab2aa07ee321fb3a450edfd10a102f4681b3247e4,public-api.PIL.ImagePalette.ImagePalette.rawmode,PIL.ImagePalette.ImagePalette.rawmode,PIL.ImagePalette.ImagePalette.rawmode,property,outside_selected_manifest,python-gpu,SIMD,1.0,public_api_inventory_gap,not_mapped_to_benchmark,,,,0,0,,0,0,0,0,,,,,0,0,0,0,0,0,0,0,,not_measured,
df5231519bb4810e6b0098560c5c791e56dc9952,true,2026-10-09T01:11:25.338187Z,48d69f9756559a7a8da696b16d93e10be849504250560e4830f3dc8ee97b4d9a,101fdb8cc2c9da7ea98da8602ac4e7879ab23c9d,false,2026-10-07T13:19:09.608307Z,8963ea465b99a6b2a2cca91ab2aa07ee321fb3a450edfd10a102f4681b3247e4,public-api.PIL.ImagePalette.ImagePalette.rawmode,PIL.ImagePalette.ImagePalette.rawmode,PIL.ImagePalette.ImagePalette.rawmode,property,outside_selected_manifest,python-parallel-cpu,Pillow,,public_api_inventory_gap,not_mapped_to_benchmark,,,,0,0,,0,0,0,0,,,,,0,0,0,0,0,0,0,0,,,
df5231519bb4810e6b0098560c5c791e56dc9952,true,2026-10-09T01:11:25.338187Z,48d69f9756559a7a8da696b16d93e10be849504250560e4830f3dc8ee97b4d9a,101fdb8cc2c9da7ea98da8602ac4e7879ab23c9d,false,2026-10-07T13:19:09.608307Z,8963ea465b99a6b2a2cca91ab2aa07ee321fb3a450edfd10a102f4681b3247e4,public-api.PIL.Palette,PIL.Palette,PIL.Palette,class,outside_selected_manifest,python-cpu,Pillow,1.0,public_api_inventory_gap,not_mapped_to_benchmark,,,,0,0,,0,0,0,0,,,,,0,0,0,0,0,0,0,0,,,
df5231519bb4810e6b0098560c5c791e56dc9952,true,2026-10-09T01:11:25.338187Z,48d69f9756559a7a8da696b16d93e10be849504250560e4830f3dc8ee97b4d9a,101fdb8cc2c9da7ea98da8602ac4e7879ab23c9d,false,2026-10-07T13:19:09.608307Z,8963ea465b99a6b2a2cca91ab2aa07ee321fb3a450edfd10a102f4681b3247e4,public-api.PIL.Palette,PIL.Palette,PIL.Palette,class,outside_selected_manifest,python-simd,Pillow,2.0,public_api_inventory_gap,not_mapped_to_benchmark,,,,0,0,,0,0,0,0,0,,,,0,0,0,0,0,0,0,0,,,
df5231519bb4810e6b0098560c5c791e56dc9952,true,2026-10-09T01:11:25.338187Z,48d69f9756559a7a8da696b16d93e10be849504250560e4830f3dc8ee97b4d9a,101fdb8cc2c9da7ea98da8602ac4e7879ab23c9d,false,2026-10-07T13:19:09.608307Z,8963ea465b99a6b2a2cca91ab2aa07ee321fb3a450edfd10a102f4681b3247e4,public-api.PIL.Palette,PIL.Palette,PIL.Palette,class,outside_selected_manifest,python-gpu,SIMD,1.0,public_api_inventory_gap,not_mapped_to_benchmark,,,,0,0,,0,0,0,0,,,,,0,0,0,0,0,0,0,0,,not_measured,
df5231519bb4810e6b0098560c5c791e56dc9952,true,2026-10-09T01:11:25.338187Z,48d69f9756559a7a8da696b16d93e10be849504250560e4830f3dc8ee97b4d9a,101fdb8cc2c9da7ea98da8602ac4e7879ab23c9d,false,2026-10-07T13:19:09.608307Z,8963ea465b99a6b2a2cca91ab2aa07ee321fb3a450edfd10a102f4681b3247e4,public-api.PIL.Palette,PIL.Palette,PIL.Palette,class,outside_selected_manifest,python-parallel-cpu,Pillow,,public_api_inventory_gap,not_mapped_to_benchmark,,,,0,0,,0,0,0,0,,,,,0,0,0,0,0,0,0,0,,,
df5231519bb4810e6b0098560c5c791e56dc9952,true,2026-10-09T01:11:25.338187Z,48d69f9756559a7a8da696b16d93e10be849504250560e4830f3dc8ee97b4d9a,101fdb8cc2c9da7ea98da8602ac4e7879ab23c9d,false,2026-10-07T13:19:09.608307Z,8963ea465b99a6b2a2cca91ab2aa07ee321fb3a450edfd10a102f4681b3247e4,public-api.PIL.QueueFull,PIL.QueueFull,PIL.QueueFull,class,outside_selected_manifest,python-cpu,Pillow,1.0,public_api_inventory_gap,not_mapped_to_benchmark,,,,0,0,,0,0,0,0,,,,,0,0,0,0,0,0,0,0,,,
df5231519bb4810e6b0098560c5c791e56dc9952,true,2026-10-09T01:11:25.338187Z,48d69f9756559a7a8da696b16d93e10be849504250560e4830f3dc8ee97b4d9a,101fdb8cc2c9da7ea98da8602ac4e7879ab23c9d,false,2026-10-07T13:19:09.608307Z,8963ea465b99a6b2a2cca91ab2aa07ee321fb3a450edfd10a102f4681b3247e4,public-api.PIL.QueueFull,PIL.QueueFull,PIL.QueueFull,class,outside_selected_manifest,python-simd,Pillow,2.0,public_api_inventory_gap,not_mapped_to_benchmark,,,,0,0,,0,0,0,0,0,,,,0,0,0,0,0,0,0,0,,,
df5231519bb4810e6b0098560c5c791e56dc9952,true,2026-10-09T01:11:25.338187Z,48d69f9756559a7a8da696b16d93e10be849504250560e4830f3dc8ee97b4d9a,101fdb8cc2c9da7ea98da8602ac4e7879ab23c9d,false,2026-10-07T13:19:09.608307Z,8963ea465b99a6b2a2cca91ab2aa07ee321fb3a450edfd10a102f4681b3247e4,public-api.PIL.QueueFull,PIL.QueueFull,PIL.QueueFull,class,outside_selected_manifest,python-gpu,SIMD,1.0,public_api_inventory_gap,not_mapped_to_benchmark,,,,0,0,,0,0,0,0,,,,,0,0,0,0,0,0,0,0,,not_measured,
df5231519bb4810e6b0098560c5c791e56dc9952,true,2026-10-09T01:11:25.338187Z,48d69f9756559a7a8da696b16d93e10be849504250560e4830f3dc8ee97b4d9a,101fdb8cc2c9da7ea98da8602ac4e7879ab23c9d,false,2026-10-07T13:19:09.608307Z,8963ea465b99a6b2a2cca91ab2aa07ee321fb3a450edfd10a102f4681b3247e4,public-api.PIL.QueueFull,PIL.QueueFull,PIL.QueueFull,class,outside_selected_manifest,python-parallel-cpu,Pillow,,public_api_inventory_gap,not_mapped_to_benchmark,,,,0,0,,0,0,0,0,,,,,0,0,0,0,0,0,0,0,,,
df5231519bb4810e6b0098560c5c791e56dc9952,true,2026-10-09T01:11:25.338187Z,48d69f9756559a7a8da696b16d93e10be849504250560e4830f3dc8ee97b4d9a,101fdb8cc2c9da7ea98da8602ac4e7879ab23c9d,false,2026-10-07T13:19:09.608307Z,8963ea465b99a6b2a2cca91ab2aa07ee321fb3a450edfd10a102f4681b3247e4,public-api.PIL.Resampling,PIL.Resampling,PIL.Resampling,class,outside_selected_manifest,python-cpu,Pillow,1.0,public_api_inventory_gap,not_mapped_to_benchmark,,,,0,0,,0,0,0,0,,,,,0,0,0,0,0,0,0,0,,,
df5231519bb4810e6b0098560c5c791e56dc9952,true,2026-10-09T01:11:25.338187Z,48d69f9756559a7a8da696b16d93e10be849504250560e4830f3dc8ee97b4d9a,101fdb8cc2c9da7ea98da8602ac4e7879ab23c9d,false,2026-10-07T13:19:09.608307Z,8963ea465b99a6b2a2cca91ab2aa07ee321fb3a450edfd10a102f4681b3247e4,public-api.PIL.Resampling,PIL.Resampling,PIL.Resampling,class,outside_selected_manifest,python-simd,Pillow,2.0,public_api_inventory_gap,not_mapped_to_benchmark,,,,0,0,,0,0,0,0,0,,,,0,0,0,0,0,0,0,0,,,
df5231519bb4810e6b0098560c5c791e56dc9952,true,2026-10-09T01:11:25.338187Z,48d69f9756559a7a8da696b16d93e10be849504250560e4830f3dc8ee97b4d9a,101fdb8cc2c9da7ea98da8602ac4e7879ab23c9d,false,2026-10-07T13:19:09.608307Z,8963ea465b99a6b2a2cca91ab2aa07ee321fb3a450edfd10a102f4681b3247e4,public-api.PIL.Resampling,PIL.Resampling,PIL.Resampling,class,outside_selected_manifest,python-gpu,SIMD,1.0,public_api_inventory_gap,not_mapped_to_benchmark,,,,0,0,,0,0,0,0,,,,,0,0,0,0,0,0,0,0,,not_measured,
df5231519bb4810e6b0098560c5c791e56dc9952,true,2026-10-09T01:11:25.338187Z,48d69f9756559a7a8da696b16d93e10be849504250560e4830f3dc8ee97b4d9a,101fdb8cc2c9da7ea98da8602ac4e7879ab23c9d,false,2026-10-07T13:19:09.608307Z,8963ea465b99a6b2a2cca91ab2aa07ee321fb3a450edfd10a102f4681b3247e4,public-api.PIL.Resampling,PIL.Resampling,PIL.Resampling,class,outside_selected_manifest,python-parallel-cpu,Pillow,,public_api_inventory_gap,not_mapped_to_benchmark,,,,0,0,,0,0,0,0,,,,,0,0,0,0,0,0,0,0,,,
df5231519bb4810e6b0098560c5c791e56dc9952,true,2026-10-09T01:11:25.338187Z,48d69f9756559a7a8da696b16d93e10be849504250560e4830f3dc8ee97b4d9a,101fdb8cc2c9da7ea98da8602ac4e7879ab23c9d,false,2026-10-07T13:19:09.608307Z,8963ea465b99a6b2a2cca91ab2aa07ee321fb3a450edfd10a102f4681b3247e4,public-api.PIL.ResultBackpressure,PIL.ResultBackpressure,PIL.ResultBackpressure,class,outside_selected_manifest,python-cpu,Pillow,1.0,public_api_inventory_gap,not_mapped_to_benchmark,,,,0,0,,0,0,0,0,,,,,0,0,0,0,0,0,0,0,,,
df5231519bb4810e6b0098560c5c791e56dc9952,true,2026-10-09T01:11:25.338187Z,48d69f9756559a7a8da696b16d93e10be849504250560e4830f3dc8ee97b4d9a,101fdb8cc2c9da7ea98da8602ac4e7879ab23c9d,false,2026-10-07T13:19:09.608307Z,8963ea465b99a6b2a2cca91ab2aa07ee321fb3a450edfd10a102f4681b3247e4,public-api.PIL.ResultBackpressure,PIL.ResultBackpressure,PIL.ResultBackpressure,class,outside_selected_manifest,python-simd,Pillow,2.0,public_api_inventory_gap,not_mapped_to_benchmark,,,,0,0,,0,0,0,0,0,,,,0,0,0,0,0,0,0,0,,,
df5231519bb4810e6b0098560c5c791e56dc9952,true,2026-10-09T01:11:25.338187Z,48d69f9756559a7a8da696b16d93e10be849504250560e4830f3dc8ee97b4d9a,101fdb8cc2c9da7ea98da8602ac4e7879ab23c9d,false,2026-10-07T13:19:09.608307Z,8963ea465b99a6b2a2cca91ab2aa07ee321fb3a450edfd10a102f4681b3247e4,public-api.PIL.ResultBackpressure,PIL.ResultBackpressure,PIL.ResultBackpressure,class,outside_selected_manifest,python-gpu,SIMD,1.0,public_api_inventory_gap,not_mapped_to_benchmark,,,,0,0,,0,0,0,0,,,,,0,0,0,0,0,0,0,0,,not_measured,
df5231519bb4810e6b0098560c5c791e56dc9952,true,2026-10-09T01:11:25.338187Z,48d69f9756559a7a8da696b16d93e10be849504250560e4830f3dc8ee97b4d9a,101fdb8cc2c9da7ea98da8602ac4e7879ab23c9d,false,2026-10-07T13:19:09.608307Z,8963ea465b99a6b2a2cca91ab2aa07ee321fb3a450edfd10a102f4681b3247e4,public-api.PIL.ResultBackpressure,PIL.ResultBackpressure,PIL.ResultBackpressure,class,outside_selected_manifest,python-parallel-cpu,Pillow,,public_api_inventory_gap,not_mapped_to_benchmark,,,,0,0,,0,0,0,0,,,,,0,0,0,0,0,0,0,0,,,
df5231519bb4810e6b0098560c5c791e56dc9952,true,2026-10-09T01:11:25.338187Z,48d69f9756559a7a8da696b16d93e10be849504250560e4830f3dc8ee97b4d9a,101fdb8cc2c9da7ea98da8602ac4e7879ab23c9d,false,2026-10-07T13:19:09.608307Z,8963ea465b99a6b2a2cca91ab2aa07ee321fb3a450edfd10a102f4681b3247e4,public-api.PIL.Results,PIL.Results,PIL.Results,class,outside_selected_manifest,python-cpu,Pillow,1.0,public_api_inventory_gap,not_mapped_to_benchmark,,,,0,0,,0,0,0,0,,,,,0,0,0,0,0,0,0,0,,,
df5231519bb4810e6b0098560c5c791e56dc9952,true,2026-10-09T01:11:25.338187Z,48d69f9756559a7a8da696b16d93e10be849504250560e4830f3dc8ee97b4d9a,101fdb8cc2c9da7ea98da8602ac4e7879ab23c9d,false,2026-10-07T13:19:09.608307Z,8963ea465b99a6b2a2cca91ab2aa07ee321fb3a450edfd10a102f4681b3247e4,public-api.PIL.Results,PIL.Results,PIL.Results,class,outside_selected_manifest,python-simd,Pillow,2.0,public_api_inventory_gap,not_mapped_to_benchmark,,,,0,0,,0,0,0,0,0,,,,0,0,0,0,0,0,0,0,,,
df5231519bb4810e6b0098560c5c791e56dc9952,true,2026-10-09T01:11:25.338187Z,48d69f9756559a7a8da696b16d93e10be849504250560e4830f3dc8ee97b4d9a,101fdb8cc2c9da7ea98da8602ac4e7879ab23c9d,false,2026-10-07T13:19:09.608307Z,8963ea465b99a6b2a2cca91ab2aa07ee321fb3a450edfd10a102f4681b3247e4,public-api.PIL.Results,PIL.Results,PIL.Results,class,outside_selected_manifest,python-gpu,SIMD,1.0,public_api_inventory_gap,not_mapped_to_benchmark,,,,0,0,,0,0,0,0,,,,,0,0,0,0,0,0,0,0,,not_measured,
df5231519bb4810e6b0098560c5c791e56dc9952,true,2026-10-09T01:11:25.338187Z,48d69f9756559a7a8da696b16d93e10be849504250560e4830f3dc8ee97b4d9a,101fdb8cc2c9da7ea98da8602ac4e7879ab23c9d,false,2026-10-07T13:19:09.608307Z,8963ea465b99a6b2a2cca91ab2aa07ee321fb3a450edfd10a102f4681b3247e4,public-api.PIL.Results,PIL.Results,PIL.Results,class,outside_selected_manifest,python-parallel-cpu,Pillow,,public_api_inventory_gap,not_mapped_to_benchmark,,,,0,0,,0,0,0,0,,,,,0,0,0,0,0,0,0,0,,,
df5231519bb4810e6b0098560c5c791e56dc9952,true,2026-10-09T01:11:25.338187Z,48d69f9756559a7a8da696b16d93e10be849504250560e4830f3dc8ee97b4d9a,101fdb8cc2c9da7ea98da8602ac4e7879ab23c9d,false,2026-10-07T13:19:09.608307Z,8963ea465b99a6b2a2cca91ab2aa07ee321fb3a450edfd10a102f4681b3247e4,public-api.PIL.Results.__iter__,PIL.Results.__iter__,PIL.Results.__iter__,method,outside_selected_manifest,python-cpu,Pillow,1.0,public_api_inventory_gap,not_mapped_to_benchmark,,,,0,0,,0,0,0,0,,,,,0,0,0,0,0,0,0,0,,,
df5231519bb4810e6b0098560c5c791e56dc9952,true,2026-10-09T01:11:25.338187Z,48d69f9756559a7a8da696b16d93e10be849504250560e4830f3dc8ee97b4d9a,101fdb8cc2c9da7ea98da8602ac4e7879ab23c9d,false,2026-10-07T13:19:09.608307Z,8963ea465b99a6b2a2cca91ab2aa07ee321fb3a450edfd10a102f4681b3247e4,public-api.PIL.Results.__iter__,PIL.Results.__iter__,PIL.Results.__iter__,method,outside_selected_manifest,python-simd,Pillow,2.0,public_api_inventory_gap,not_mapped_to_benchmark,,,,0,0,,0,0,0,0,0,,,,0,0,0,0,0,0,0,0,,,
df5231519bb4810e6b0098560c5c791e56dc9952,true,2026-10-09T01:11:25.338187Z,48d69f9756559a7a8da696b16d93e10be849504250560e4830f3dc8ee97b4d9a,101fdb8cc2c9da7ea98da8602ac4e7879ab23c9d,false,2026-10-07T13:19:09.608307Z,8963ea465b99a6b2a2cca91ab2aa07ee321fb3a450edfd10a102f4681b3247e4,public-api.PIL.Results.__iter__,PIL.Results.__iter__,PIL.Results.__iter__,method,outside_selected_manifest,python-gpu,SIMD,1.0,public_api_inventory_gap,not_mapped_to_benchmark,,,,0,0,,0,0,0,0,,,,,0,0,0,0,0,0,0,0,,not_measured,
df5231519bb4810e6b0098560c5c791e56dc9952,true,2026-10-09T01:11:25.338187Z,48d69f9756559a7a8da696b16d93e10be849504250560e4830f3dc8ee97b4d9a,101fdb8cc2c9da7ea98da8602ac4e7879ab23c9d,false,2026-10-07T13:19:09.608307Z,8963ea465b99a6b2a2cca91ab2aa07ee321fb3a450edfd10a102f4681b3247e4,public-api.PIL.Results.__iter__,PIL.Results.__iter__,PIL.Results.__iter__,method,outside_selected_manifest,python-parallel-cpu,Pillow,,public_api_inventory_gap,not_mapped_to_benchmark,,,,0,0,,0,0,0,0,,,,,0,0,0,0,0,0,0,0,,,
df5231519bb4810e6b0098560c5c791e56dc9952,true,2026-10-09T01:11:25.338187Z,48d69f9756559a7a8da696b16d93e10be849504250560e4830f3dc8ee97b4d9a,101fdb8cc2c9da7ea98da8602ac4e7879ab23c9d,false,2026-10-07T13:19:09.608307Z,8963ea465b99a6b2a2cca91ab2aa07ee321fb3a450edfd10a102f4681b3247e4,public-api.PIL.Results.__next__,PIL.Results.__next__,PIL.Results.__next__,method,outside_selected_manifest,python-cpu,Pillow,1.0,public_api_inventory_gap,not_mapped_to_benchmark,,,,0,0,,0,0,0,0,,,,,0,0,0,0,0,0,0,0,,,
df5231519bb4810e6b0098560c5c791e56dc9952,true,2026-10-09T01:11:25.338187Z,48d69f9756559a7a8da696b16d93e10be849504250560e4830f3dc8ee97b4d9a,101fdb8cc2c9da7ea98da8602ac4e7879ab23c9d,false,2026-10-07T13:19:09.608307Z,8963ea465b99a6b2a2cca91ab2aa07ee321fb3a450edfd10a102f4681b3247e4,public-api.PIL.Results.__next__,PIL.Results.__next__,PIL.Results.__next__,method,outside_selected_manifest,python-simd,Pillow,2.0,public_api_inventory_gap,not_mapped_to_benchmark,,,,0,0,,0,0,0,0,0,,,,0,0,0,0,0,0,0,0,,,
df5231519bb4810e6b0098560c5c791e56dc9952,true,2026-10-09T01:11:25.338187Z,48d69f9756559a7a8da696b16d93e10be849504250560e4830f3dc8ee97b4d9a,101fdb8cc2c9da7ea98da8602ac4e7879ab23c9d,false,2026-10-07T13:19:09.608307Z,8963ea465b99a6b2a2cca91ab2aa07ee321fb3a450edfd10a102f4681b3247e4,public-api.PIL.Results.__next__,PIL.Results.__next__,PIL.Results.__next__,method,outside_selected_manifest,python-gpu,SIMD,1.0,public_api_inventory_gap,not_mapped_to_benchmark,,,,0,0,,0,0,0,0,,,,,0,0,0,0,0,0,0,0,,not_measured,
df5231519bb4810e6b0098560c5c791e56dc9952,true,2026-10-09T01:11:25.338187Z,48d69f9756559a7a8da696b16d93e10be849504250560e4830f3dc8ee97b4d9a,101fdb8cc2c9da7ea98da8602ac4e7879ab23c9d,false,2026-10-07T13:19:09.608307Z,8963ea465b99a6b2a2cca91ab2aa07ee321fb3a450edfd10a102f4681b3247e4,public-api.PIL.Results.__next__,PIL.Results.__next__,PIL.Results.__next__,method,outside_selected_manifest,python-parallel-cpu,Pillow,,public_api_inventory_gap,not_mapped_to_benchmark,,,,0,0,,0,0,0,0,,,,,0,0,0,0,0,0,0,0,,,
df5231519bb4810e6b0098560c5c791e56dc9952,true,2026-10-09T01:11:25.338187Z,48d69f9756559a7a8da696b16d93e10be849504250560e4830f3dc8ee97b4d9a,101fdb8cc2c9da7ea98da8602ac4e7879ab23c9d,false,2026-10-07T13:19:09.608307Z,8963ea465b99a6b2a2cca91ab2aa07ee321fb3a450edfd10a102f4681b3247e4,public-api.PIL.Results.close,PIL.Results.close,PIL.Results.close,method,outside_selected_manifest,python-cpu,Pillow,1.0,public_api_inventory_gap,not_mapped_to_benchmark,,,,0,0,,0,0,0,0,,,,,0,0,0,0,0,0,0,0,,,
df5231519bb4810e6b0098560c5c791e56dc9952,true,2026-10-09T01:11:25.338187Z,48d69f9756559a7a8da696b16d93e10be849504250560e4830f3dc8ee97b4d9a,101fdb8cc2c9da7ea98da8602ac4e7879ab23c9d,false,2026-10-07T13:19:09.608307Z,8963ea465b99a6b2a2cca91ab2aa07ee321fb3a450edfd10a102f4681b3247e4,public-api.PIL.Results.close,PIL.Results.close,PIL.Results.close,method,outside_selected_manifest,python-simd,Pillow,2.0,public_api_inventory_gap,not_mapped_to_benchmark,,,,0,0,,0,0,0,0,0,,,,0,0,0,0,0,0,0,0,,,
df5231519bb4810e6b0098560c5c791e56dc9952,true,2026-10-09T01:11:25.338187Z,48d69f9756559a7a8da696b16d93e10be849504250560e4830f3dc8ee97b4d9a,101fdb8cc2c9da7ea98da8602ac4e7879ab23c9d,false,2026-10-07T13:19:09.608307Z,8963ea465b99a6b2a2cca91ab2aa07ee321fb3a450edfd10a102f4681b3247e4,public-api.PIL.Results.close,PIL.Results.close,PIL.Results.close,method,outside_selected_manifest,python-gpu,SIMD,1.0,public_api_inventory_gap,not_mapped_to_benchmark,,,,0,0,,0,0,0,0,,,,,0,0,0,0,0,0,0,0,,not_measured,
df5231519bb4810e6b0098560c5c791e56dc9952,true,2026-10-09T01:11:25.338187Z,48d69f9756559a7a8da696b16d93e10be849504250560e4830f3dc8ee97b4d9a,101fdb8cc2c9da7ea98da8602ac4e7879ab23c9d,false,2026-10-07T13:19:09.608307Z,8963ea465b99a6b2a2cca91ab2aa07ee321fb3a450edfd10a102f4681b3247e4,public-api.PIL.Results.close,PIL.Results.close,PIL.Results.close,method,outside_selected_manifest,python-parallel-cpu,Pillow,,public_api_inventory_gap,not_mapped_to_benchmark,,,,0,0,,0,0,0,0,,,,,0,0,0,0,0,0,0,0,,,
df5231519bb4810e6b0098560c5c791e56dc9952,true,2026-10-09T01:11:25.338187Z,48d69f9756559a7a8da696b16d93e10be849504250560e4830f3dc8ee97b4d9a,101fdb8cc2c9da7ea98da8602ac4e7879ab23c9d,false,2026-10-07T13:19:09.608307Z,8963ea465b99a6b2a2cca91ab2aa07ee321fb3a450edfd10a102f4681b3247e4,public-api.PIL.Transpose,PIL.Transpose,PIL.Transpose,class,outside_selected_manifest,python-cpu,Pillow,1.0,public_api_inventory_gap,not_mapped_to_benchmark,,,,0,0,,0,0,0,0,,,,,0,0,0,0,0,0,0,0,,,
df5231519bb4810e6b0098560c5c791e56dc9952,true,2026-10-09T01:11:25.338187Z,48d69f9756559a7a8da696b16d93e10be849504250560e4830f3dc8ee97b4d9a,101fdb8cc2c9da7ea98da8602ac4e7879ab23c9d,false,2026-10-07T13:19:09.608307Z,8963ea465b99a6b2a2cca91ab2aa07ee321fb3a450edfd10a102f4681b3247e4,public-api.PIL.Transpose,PIL.Transpose,PIL.Transpose,class,outside_selected_manifest,python-simd,Pillow,2.0,public_api_inventory_gap,not_mapped_to_benchmark,,,,0,0,,0,0,0,0,0,,,,0,0,0,0,0,0,0,0,,,
df5231519bb4810e6b0098560c5c791e56dc9952,true,2026-10-09T01:11:25.338187Z,48d69f9756559a7a8da696b16d93e10be849504250560e4830f3dc8ee97b4d9a,101fdb8cc2c9da7ea98da8602ac4e7879ab23c9d,false,2026-10-07T13:19:09.608307Z,8963ea465b99a6b2a2cca91ab2aa07ee321fb3a450edfd10a102f4681b3247e4,public-api.PIL.Transpose,PIL.Transpose,PIL.Transpose,class,outside_selected_manifest,python-gpu,SIMD,1.0,public_api_inventory_gap,not_mapped_to_benchmark,,,,0,0,,0,0,0,0,,,,,0,0,0,0,0,0,0,0,,not_measured,
df5231519bb4810e6b0098560c5c791e56dc9952,true,2026-10-09T01:11:25.338187Z,48d69f9756559a7a8da696b16d93e10be849504250560e4830f3dc8ee97b4d9a,101fdb8cc2c9da7ea98da8602ac4e7879ab23c9d,false,2026-10-07T13:19:09.608307Z,8963ea465b99a6b2a2cca91ab2aa07ee321fb3a450edfd10a102f4681b3247e4,public-api.PIL.Transpose,PIL.Transpose,PIL.Transpose,class,outside_selected_manifest,python-parallel-cpu,Pillow,,public_api_inventory_gap,not_mapped_to_benchmark,,,,0,0,,0,0,0,0,,,,,0,0,0,0,0,0,0,0,,,
df5231519bb4810e6b0098560c5c791e56dc9952,true,2026-10-09T01:11:25.338187Z,48d69f9756559a7a8da696b16d93e10be849504250560e4830f3dc8ee97b4d9a,101fdb8cc2c9da7ea98da8602ac4e7879ab23c9d,false,2026-10-07T13:19:09.608307Z,8963ea465b99a6b2a2cca91ab2aa07ee321fb3a450edfd10a102f4681b3247e4,public-api.PIL.Transpose.from_int,PIL.Transpose.from_int,PIL.Transpose.from_int,method,outside_selected_manifest,python-cpu,Pillow,1.0,public_api_inventory_gap,not_mapped_to_benchmark,,,,0,0,,0,0,0,0,,,,,0,0,0,0,0,0,0,0,,,
df5231519bb4810e6b0098560c5c791e56dc9952,true,2026-10-09T01:11:25.338187Z,48d69f9756559a7a8da696b16d93e10be849504250560e4830f3dc8ee97b4d9a,101fdb8cc2c9da7ea98da8602ac4e7879ab23c9d,false,2026-10-07T13:19:09.608307Z,8963ea465b99a6b2a2cca91ab2aa07ee321fb3a450edfd10a102f4681b3247e4,public-api.PIL.Transpose.from_int,PIL.Transpose.from_int,PIL.Transpose.from_int,method,outside_selected_manifest,python-simd,Pillow,2.0,public_api_inventory_gap,not_mapped_to_benchmark,,,,0,0,,0,0,0,0,0,,,,0,0,0,0,0,0,0,0,,,
df5231519bb4810e6b0098560c5c791e56dc9952,true,2026-10-09T01:11:25.338187Z,48d69f9756559a7a8da696b16d93e10be849504250560e4830f3dc8ee97b4d9a,101fdb8cc2c9da7ea98da8602ac4e7879ab23c9d,false,2026-10-07T13:19:09.608307Z,8963ea465b99a6b2a2cca91ab2aa07ee321fb3a450edfd10a102f4681b3247e4,public-api.PIL.Transpose.from_int,PIL.Transpose.from_int,PIL.Transpose.from_int,method,outside_selected_manifest,python-gpu,SIMD,1.0,public_api_inventory_gap,not_mapped_to_benchmark,,,,0,0,,0,0,0,0,,,,,0,0,0,0,0,0,0,0,,not_measured,
df5231519bb4810e6b0098560c5c791e56dc9952,true,2026-10-09T01:11:25.338187Z,48d69f9756559a7a8da696b16d93e10be849504250560e4830f3dc8ee97b4d9a,101fdb8cc2c9da7ea98da8602ac4e7879ab23c9d,false,2026-10-07T13:19:09.608307Z,8963ea465b99a6b2a2cca91ab2aa07ee321fb3a450edfd10a102f4681b3247e4,public-api.PIL.Transpose.from_int,PIL.Transpose.from_int,PIL.Transpose.from_int,method,outside_selected_manifest,python-parallel-cpu,Pillow,,public_api_inventory_gap,not_mapped_to_benchmark,,,,0,0,,0,0,0,0,,,,,0,0,0,0,0,0,0,0,,,
df5231519bb4810e6b0098560c5c791e56dc9952,true,2026-10-09T01:11:25.338187Z,48d69f9756559a7a8da696b16d93e10be849504250560e4830f3dc8ee97b4d9a,101fdb8cc2c9da7ea98da8602ac4e7879ab23c9d,false,2026-10-07T13:19:09.608307Z,8963ea465b99a6b2a2cca91ab2aa07ee321fb3a450edfd10a102f4681b3247e4,public-api.PIL.active_backends,PIL.active_backends,PIL.active_backends,function,outside_selected_manifest,python-cpu,Pillow,1.0,public_api_inventory_gap,not_mapped_to_benchmark,,,,0,0,,0,0,0,0,,,,,0,0,0,0,0,0,0,0,,,
df5231519bb4810e6b0098560c5c791e56dc9952,true,2026-10-09T01:11:25.338187Z,48d69f9756559a7a8da696b16d93e10be849504250560e4830f3dc8ee97b4d9a,101fdb8cc2c9da7ea98da8602ac4e7879ab23c9d,false,2026-10-07T13:19:09.608307Z,8963ea465b99a6b2a2cca91ab2aa07ee321fb3a450edfd10a102f4681b3247e4,public-api.PIL.active_backends,PIL.active_backends,PIL.active_backends,function,outside_selected_manifest,python-simd,Pillow,2.0,public_api_inventory_gap,not_mapped_to_benchmark,,,,0,0,,0,0,0,0,0,,,,0,0,0,0,0,0,0,0,,,
df5231519bb4810e6b0098560c5c791e56dc9952,true,2026-10-09T01:11:25.338187Z,48d69f9756559a7a8da696b16d93e10be849504250560e4830f3dc8ee97b4d9a,101fdb8cc2c9da7ea98da8602ac4e7879ab23c9d,false,2026-10-07T13:19:09.608307Z,8963ea465b99a6b2a2cca91ab2aa07ee321fb3a450edfd10a102f4681b3247e4,public-api.PIL.active_backends,PIL.active_backends,PIL.active_backends,function,outside_selected_manifest,python-gpu,SIMD,1.0,public_api_inventory_gap,not_mapped_to_benchmark,,,,0,0,,0,0,0,0,,,,,0,0,0,0,0,0,0,0,,not_measured,
df5231519bb4810e6b0098560c5c791e56dc9952,true,2026-10-09T01:11:25.338187Z,48d69f9756559a7a8da696b16d93e10be849504250560e4830f3dc8ee97b4d9a,101fdb8cc2c9da7ea98da8602ac4e7879ab23c9d,false,2026-10-07T13:19:09.608307Z,8963ea465b99a6b2a2cca91ab2aa07ee321fb3a450edfd10a102f4681b3247e4,public-api.PIL.active_backends,PIL.active_backends,PIL.active_backends,function,outside_selected_manifest,python-parallel-cpu,Pillow,,public_api_inventory_gap,not_mapped_to_benchmark,,,,0,0,,0,0,0,0,,,,,0,0,0,0,0,0,0,0,,,
df5231519bb4810e6b0098560c5c791e56dc9952,true,2026-10-09T01:11:25.338187Z,48d69f9756559a7a8da696b16d93e10be849504250560e4830f3dc8ee97b4d9a,101fdb8cc2c9da7ea98da8602ac4e7879ab23c9d,false,2026-10-07T13:19:09.608307Z,8963ea465b99a6b2a2cca91ab2aa07ee321fb3a450edfd10a102f4681b3247e4,public-api.PIL.available_backends,PIL.available_backends,PIL.available_backends,function,outside_selected_manifest,python-cpu,Pillow,1.0,public_api_inventory_gap,not_mapped_to_benchmark,,,,0,0,,0,0,0,0,,,,,0,0,0,0,0,0,0,0,,,
df5231519bb4810e6b0098560c5c791e56dc9952,true,2026-10-09T01:11:25.338187Z,48d69f9756559a7a8da696b16d93e10be849504250560e4830f3dc8ee97b4d9a,101fdb8cc2c9da7ea98da8602ac4e7879ab23c9d,false,2026-10-07T13:19:09.608307Z,8963ea465b99a6b2a2cca91ab2aa07ee321fb3a450edfd10a102f4681b3247e4,public-api.PIL.available_backends,PIL.available_backends,PIL.available_backends,function,outside_selected_manifest,python-simd,Pillow,2.0,public_api_inventory_gap,not_mapped_to_benchmark,,,,0,0,,0,0,0,0,0,,,,0,0,0,0,0,0,0,0,,,
df5231519bb4810e6b0098560c5c791e56dc9952,true,2026-10-09T01:11:25.338187Z,48d69f9756559a7a8da696b16d93e10be849504250560e4830f3dc8ee97b4d9a,101fdb8cc2c9da7ea98da8602ac4e7879ab23c9d,false,2026-10-07T13:19:09.608307Z,8963ea465b99a6b2a2cca91ab2aa07ee321fb3a450edfd10a102f4681b3247e4,public-api.PIL.available_backends,PIL.available_backends,PIL.available_backends,function,outside_selected_manifest,python-gpu,SIMD,1.0,public_api_inventory_gap,not_mapped_to_benchmark,,,,0,0,,0,0,0,0,,,,,0,0,0,0,0,0,0,0,,not_measured,
df5231519bb4810e6b0098560c5c791e56dc9952,true,2026-10-09T01:11:25.338187Z,48d69f9756559a7a8da696b16d93e10be849504250560e4830f3dc8ee97b4d9a,101fdb8cc2c9da7ea98da8602ac4e7879ab23c9d,false,2026-10-07T13:19:09.608307Z,8963ea465b99a6b2a2cca91ab2aa07ee321fb3a450edfd10a102f4681b3247e4,public-api.PIL.available_backends,PIL.available_backends,PIL.available_backends,function,outside_selected_manifest,python-parallel-cpu,Pillow,,public_api_inventory_gap,not_mapped_to_benchmark,,,,0,0,,0,0,0,0,,,,,0,0,0,0,0,0,0,0,,,
df5231519bb4810e6b0098560c5c791e56dc9952,true,2026-10-09T01:11:25.338187Z,48d69f9756559a7a8da696b16d93e10be849504250560e4830f3dc8ee97b4d9a,101fdb8cc2c9da7ea98da8602ac4e7879ab23c9d,false,2026-10-07T13:19:09.608307Z,8963ea465b99a6b2a2cca91ab2aa07ee321fb3a450edfd10a102f4681b3247e4,public-api.PIL.backend_enabled,PIL.backend_enabled,PIL.backend_enabled,function,outside_selected_manifest,python-cpu,Pillow,1.0,public_api_inventory_gap,not_mapped_to_benchmark,,,,0,0,,0,0,0,0,,,,,0,0,0,0,0,0,0,0,,,
df5231519bb4810e6b0098560c5c791e56dc9952,true,2026-10-09T01:11:25.338187Z,48d69f9756559a7a8da696b16d93e10be849504250560e4830f3dc8ee97b4d9a,101fdb8cc2c9da7ea98da8602ac4e7879ab23c9d,false,2026-10-07T13:19:09.608307Z,8963ea465b99a6b2a2cca91ab2aa07ee321fb3a450edfd10a102f4681b3247e4,public-api.PIL.backend_enabled,PIL.backend_enabled,PIL.backend_enabled,function,outside_selected_manifest,python-simd,Pillow,2.0,public_api_inventory_gap,not_mapped_to_benchmark,,,,0,0,,0,0,0,0,0,,,,0,0,0,0,0,0,0,0,,,
df5231519bb4810e6b0098560c5c791e56dc9952,true,2026-10-09T01:11:25.338187Z,48d69f9756559a7a8da696b16d93e10be849504250560e4830f3dc8ee97b4d9a,101fdb8cc2c9da7ea98da8602ac4e7879ab23c9d,false,2026-10-07T13:19:09.608307Z,8963ea465b99a6b2a2cca91ab2aa07ee321fb3a450edfd10a102f4681b3247e4,public-api.PIL.backend_enabled,PIL.backend_enabled,PIL.backend_enabled,function,outside_selected_manifest,python-gpu,SIMD,1.0,public_api_inventory_gap,not_mapped_to_benchmark,,,,0,0,,0,0,0,0,,,,,0,0,0,0,0,0,0,0,,not_measured,
df5231519bb4810e6b0098560c5c791e56dc9952,true,2026-10-09T01:11:25.338187Z,48d69f9756559a7a8da696b16d93e10be849504250560e4830f3dc8ee97b4d9a,101fdb8cc2c9da7ea98da8602ac4e7879ab23c9d,false,2026-10-07T13:19:09.608307Z,8963ea465b99a6b2a2cca91ab2aa07ee321fb3a450edfd10a102f4681b3247e4,public-api.PIL.backend_enabled,PIL.backend_enabled,PIL.backend_enabled,function,outside_selected_manifest,python-parallel-cpu,Pillow,,public_api_inventory_gap,not_mapped_to_benchmark,,,,0,0,,0,0,0,0,,,,,0,0,0,0,0,0,0,0,,,
df5231519bb4810e6b0098560c5c791e56dc9952,true,2026-10-09T01:11:25.338187Z,48d69f9756559a7a8da696b16d93e10be849504250560e4830f3dc8ee97b4d9a,101fdb8cc2c9da7ea98da8602ac4e7879ab23c9d,false,2026-10-07T13:19:09.608307Z,8963ea465b99a6b2a2cca91ab2aa07ee321fb3a450edfd10a102f4681b3247e4,public-api.PIL.disable_backend,PIL.disable_backend,PIL.disable_backend,function,outside_selected_manifest,python-cpu,Pillow,1.0,public_api_inventory_gap,not_mapped_to_benchmark,,,,0,0,,0,0,0,0,,,,,0,0,0,0,0,0,0,0,,,
df5231519bb4810e6b0098560c5c791e56dc9952,true,2026-10-09T01:11:25.338187Z,48d69f9756559a7a8da696b16d93e10be849504250560e4830f3dc8ee97b4d9a,101fdb8cc2c9da7ea98da8602ac4e7879ab23c9d,false,2026-10-07T13:19:09.608307Z,8963ea465b99a6b2a2cca91ab2aa07ee321fb3a450edfd10a102f4681b3247e4,public-api.PIL.disable_backend,PIL.disable_backend,PIL.disable_backend,function,outside_selected_manifest,python-simd,Pillow,2.0,public_api_inventory_gap,not_mapped_to_benchmark,,,,0,0,,0,0,0,0,0,,,,0,0,0,0,0,0,0,0,,,
df5231519bb4810e6b0098560c5c791e56dc9952,true,2026-10-09T01:11:25.338187Z,48d69f9756559a7a8da696b16d93e10be849504250560e4830f3dc8ee97b4d9a,101fdb8cc2c9da7ea98da8602ac4e7879ab23c9d,false,2026-10-07T13:19:09.608307Z,8963ea465b99a6b2a2cca91ab2aa07ee321fb3a450edfd10a102f4681b3247e4,public-api.PIL.disable_backend,PIL.disable_backend,PIL.disable_backend,function,outside_selected_manifest,python-gpu,SIMD,1.0,public_api_inventory_gap,not_mapped_to_benchmark,,,,0,0,,0,0,0,0,,,,,0,0,0,0,0,0,0,0,,not_measured,
df5231519bb4810e6b0098560c5c791e56dc9952,true,2026-10-09T01:11:25.338187Z,48d69f9756559a7a8da696b16d93e10be849504250560e4830f3dc8ee97b4d9a,101fdb8cc2c9da7ea98da8602ac4e7879ab23c9d,false,2026-10-07T13:19:09.608307Z,8963ea465b99a6b2a2cca91ab2aa07ee321fb3a450edfd10a102f4681b3247e4,public-api.PIL.disable_backend,PIL.disable_backend,PIL.disable_backend,function,outside_selected_manifest,python-parallel-cpu,Pillow,,public_api_inventory_gap,not_mapped_to_benchmark,,,,0,0,,0,0,0,0,,,,,0,0,0,0,0,0,0,0,,,
df5231519bb4810e6b0098560c5c791e56dc9952,true,2026-10-09T01:11:25.338187Z,48d69f9756559a7a8da696b16d93e10be849504250560e4830f3dc8ee97b4d9a,101fdb8cc2c9da7ea98da8602ac4e7879ab23c9d,false,2026-10-07T13:19:09.608307Z,8963ea465b99a6b2a2cca91ab2aa07ee321fb3a450edfd10a102f4681b3247e4,public-api.PIL.enable_backend,PIL.enable_backend,PIL.enable_backend,function,outside_selected_manifest,python-cpu,Pillow,1.0,public_api_inventory_gap,not_mapped_to_benchmark,,,,0,0,,0,0,0,0,,,,,0,0,0,0,0,0,0,0,,,
df5231519bb4810e6b0098560c5c791e56dc9952,true,2026-10-09T01:11:25.338187Z,48d69f9756559a7a8da696b16d93e10be849504250560e4830f3dc8ee97b4d9a,101fdb8cc2c9da7ea98da8602ac4e7879ab23c9d,false,2026-10-07T13:19:09.608307Z,8963ea465b99a6b2a2cca91ab2aa07ee321fb3a450edfd10a102f4681b3247e4,public-api.PIL.enable_backend,PIL.enable_backend,PIL.enable_backend,function,outside_selected_manifest,python-simd,Pillow,2.0,public_api_inventory_gap,not_mapped_to_benchmark,,,,0,0,,0,0,0,0,0,,,,0,0,0,0,0,0,0,0,,,
df5231519bb4810e6b0098560c5c791e56dc9952,true,2026-10-09T01:11:25.338187Z,48d69f9756559a7a8da696b16d93e10be849504250560e4830f3dc8ee97b4d9a,101fdb8cc2c9da7ea98da8602ac4e7879ab23c9d,false,2026-10-07T13:19:09.608307Z,8963ea465b99a6b2a2cca91ab2aa07ee321fb3a450edfd10a102f4681b3247e4,public-api.PIL.enable_backend,PIL.enable_backend,PIL.enable_backend,function,outside_selected_manifest,python-gpu,SIMD,1.0,public_api_inventory_gap,not_mapped_to_benchmark,,,,0,0,,0,0,0,0,,,,,0,0,0,0,0,0,0,0,,not_measured,
df5231519bb4810e6b0098560c5c791e56dc9952,true,2026-10-09T01:11:25.338187Z,48d69f9756559a7a8da696b16d93e10be849504250560e4830f3dc8ee97b4d9a,101fdb8cc2c9da7ea98da8602ac4e7879ab23c9d,false,2026-10-07T13:19:09.608307Z,8963ea465b99a6b2a2cca91ab2aa07ee321fb3a450edfd10a102f4681b3247e4,public-api.PIL.enable_backend,PIL.enable_backend,PIL.enable_backend,function,outside_selected_manifest,python-parallel-cpu,Pillow,,public_api_inventory_gap,not_mapped_to_benchmark,,,,0,0,,0,0,0,0,,,,,0,0,0,0,0,0,0,0,,,
