target_revision,target_dirty,target_version,python_source,native_extension,public_path,entry_kind,module_alias,defined_module,defined_file,manifest_status,manifest_operation,manifest_source_path,manifest_kind,manifest_profiles,benchmark_workloads,workload_ids
4634a840bcfa479729d707a6acc76a58b002ff6a,true,12.2.1,/Users/lazytrot/work/pillow-rs/pillow-rs-py/python/PIL/__init__.py,/Users/lazytrot/work/pillow-rs/pillow-rs-py/python/pillow_rs/_core.abi3.so,PIL.BatchError,class,PIL,pillow_rs.gpu_batch,/Users/lazytrot/work/pillow-rs/pillow-rs-py/python/pillow_rs/gpu_batch.py,outside_selected_manifest,,,,,0,
4634a840bcfa479729d707a6acc76a58b002ff6a,true,12.2.1,/Users/lazytrot/work/pillow-rs/pillow-rs-py/python/PIL/__init__.py,/Users/lazytrot/work/pillow-rs/pillow-rs-py/python/pillow_rs/_core.abi3.so,PIL.BatchResult,class,PIL,pillow_rs.gpu_batch,/Users/lazytrot/work/pillow-rs/pillow-rs-py/python/pillow_rs/gpu_batch.py,outside_selected_manifest,,,,,0,
4634a840bcfa479729d707a6acc76a58b002ff6a,true,12.2.1,/Users/lazytrot/work/pillow-rs/pillow-rs-py/python/PIL/__init__.py,/Users/lazytrot/work/pillow-rs/pillow-rs-py/python/pillow_rs/_core.abi3.so,PIL.BatchResult.__repr__,method,PIL,collections,/Users/lazytrot/.local/share/uv/python/cpython-3.12.13-macos-aarch64-none/lib/python3.12/collections/__init__.py,outside_selected_manifest,,,,,0,
4634a840bcfa479729d707a6acc76a58b002ff6a,true,12.2.1,/Users/lazytrot/work/pillow-rs/pillow-rs-py/python/PIL/__init__.py,/Users/lazytrot/work/pillow-rs/pillow-rs-py/python/pillow_rs/_core.abi3.so,PIL.BatchResult.image,property,PIL,collections,,outside_selected_manifest,,,,,0,
4634a840bcfa479729d707a6acc76a58b002ff6a,true,12.2.1,/Users/lazytrot/work/pillow-rs/pillow-rs-py/python/PIL/__init__.py,/Users/lazytrot/work/pillow-rs/pillow-rs-py/python/pillow_rs/_core.abi3.so,PIL.BatchResult.input_key,property,PIL,collections,,outside_selected_manifest,,,,,0,
4634a840bcfa479729d707a6acc76a58b002ff6a,true,12.2.1,/Users/lazytrot/work/pillow-rs/pillow-rs-py/python/PIL/__init__.py,/Users/lazytrot/work/pillow-rs/pillow-rs-py/python/pillow_rs/_core.abi3.so,PIL.BatchResult.job_id,property,PIL,collections,,outside_selected_manifest,,,,,0,
4634a840bcfa479729d707a6acc76a58b002ff6a,true,12.2.1,/Users/lazytrot/work/pillow-rs/pillow-rs-py/python/PIL/__init__.py,/Users/lazytrot/work/pillow-rs/pillow-rs-py/python/pillow_rs/_core.abi3.so,PIL.Dither,class,PIL,pillow_rs.enums,/Users/lazytrot/work/pillow-rs/pillow-rs-py/python/pillow_rs/enums.py,outside_selected_manifest,,,,,0,
4634a840bcfa479729d707a6acc76a58b002ff6a,true,12.2.1,/Users/lazytrot/work/pillow-rs/pillow-rs-py/python/PIL/__init__.py,/Users/lazytrot/work/pillow-rs/pillow-rs-py/python/pillow_rs/_core.abi3.so,PIL.GpuBatchExecutor,class,PIL,pillow_rs.gpu_batch,/Users/lazytrot/work/pillow-rs/pillow-rs-py/python/pillow_rs/gpu_batch.py,outside_selected_manifest,,,,,0,
4634a840bcfa479729d707a6acc76a58b002ff6a,true,12.2.1,/Users/lazytrot/work/pillow-rs/pillow-rs-py/python/PIL/__init__.py,/Users/lazytrot/work/pillow-rs/pillow-rs-py/python/pillow_rs/_core.abi3.so,PIL.GpuBatchExecutor.close,method,PIL,pillow_rs.gpu_batch,/Users/lazytrot/work/pillow-rs/pillow-rs-py/python/pillow_rs/gpu_batch.py,outside_selected_manifest,,,,,0,
4634a840bcfa479729d707a6acc76a58b002ff6a,true,12.2.1,/Users/lazytrot/work/pillow-rs/pillow-rs-py/python/PIL/__init__.py,/Users/lazytrot/work/pillow-rs/pillow-rs-py/python/pillow_rs/_core.abi3.so,PIL.GpuBatchExecutor.join,method,PIL,pillow_rs.gpu_batch,/Users/lazytrot/work/pillow-rs/pillow-rs-py/python/pillow_rs/gpu_batch.py,outside_selected_manifest,,,,,0,
4634a840bcfa479729d707a6acc76a58b002ff6a,true,12.2.1,/Users/lazytrot/work/pillow-rs/pillow-rs-py/python/PIL/__init__.py,/Users/lazytrot/work/pillow-rs/pillow-rs-py/python/pillow_rs/_core.abi3.so,PIL.GpuBatchExecutor.run,method,PIL,pillow_rs.gpu_batch,/Users/lazytrot/work/pillow-rs/pillow-rs-py/python/pillow_rs/gpu_batch.py,outside_selected_manifest,,,,,0,
4634a840bcfa479729d707a6acc76a58b002ff6a,true,12.2.1,/Users/lazytrot/work/pillow-rs/pillow-rs-py/python/PIL/__init__.py,/Users/lazytrot/work/pillow-rs/pillow-rs-py/python/pillow_rs/_core.abi3.so,PIL.GpuBatchExecutor.stats,property,PIL,,,outside_selected_manifest,,,,,0,
4634a840bcfa479729d707a6acc76a58b002ff6a,true,12.2.1,/Users/lazytrot/work/pillow-rs/pillow-rs-py/python/PIL/__init__.py,/Users/lazytrot/work/pillow-rs/pillow-rs-py/python/pillow_rs/_core.abi3.so,PIL.GpuBatchExecutor.submit,method,PIL,pillow_rs.gpu_batch,/Users/lazytrot/work/pillow-rs/pillow-rs-py/python/pillow_rs/gpu_batch.py,outside_selected_manifest,,,,,0,
4634a840bcfa479729d707a6acc76a58b002ff6a,true,12.2.1,/Users/lazytrot/work/pillow-rs/pillow-rs-py/python/PIL/__init__.py,/Users/lazytrot/work/pillow-rs/pillow-rs-py/python/pillow_rs/_core.abi3.so,PIL.GpuImage,class,PIL,pillow_rs.gpu_batch,/Users/lazytrot/work/pillow-rs/pillow-rs-py/python/pillow_rs/gpu_batch.py,outside_selected_manifest,,,,,0,
4634a840bcfa479729d707a6acc76a58b002ff6a,true,12.2.1,/Users/lazytrot/work/pillow-rs/pillow-rs-py/python/PIL/__init__.py,/Users/lazytrot/work/pillow-rs/pillow-rs-py/python/pillow_rs/_core.abi3.so,PIL.GpuImage.download,method,PIL,pillow_rs.gpu_batch,/Users/lazytrot/work/pillow-rs/pillow-rs-py/python/pillow_rs/gpu_batch.py,outside_selected_manifest,,,,,0,
4634a840bcfa479729d707a6acc76a58b002ff6a,true,12.2.1,/Users/lazytrot/work/pillow-rs/pillow-rs-py/python/PIL/__init__.py,/Users/lazytrot/work/pillow-rs/pillow-rs-py/python/pillow_rs/_core.abi3.so,PIL.GpuImage.mode,property,PIL,,,outside_selected_manifest,,,,,0,
4634a840bcfa479729d707a6acc76a58b002ff6a,true,12.2.1,/Users/lazytrot/work/pillow-rs/pillow-rs-py/python/PIL/__init__.py,/Users/lazytrot/work/pillow-rs/pillow-rs-py/python/pillow_rs/_core.abi3.so,PIL.GpuImage.size,property,PIL,,,outside_selected_manifest,,,,,0,
4634a840bcfa479729d707a6acc76a58b002ff6a,true,12.2.1,/Users/lazytrot/work/pillow-rs/pillow-rs-py/python/PIL/__init__.py,/Users/lazytrot/work/pillow-rs/pillow-rs-py/python/pillow_rs/_core.abi3.so,PIL.Image.Dither,class,Image,pillow_rs.enums,/Users/lazytrot/work/pillow-rs/pillow-rs-py/python/pillow_rs/enums.py,outside_selected_manifest,,,,,0,
4634a840bcfa479729d707a6acc76a58b002ff6a,true,12.2.1,/Users/lazytrot/work/pillow-rs/pillow-rs-py/python/PIL/__init__.py,/Users/lazytrot/work/pillow-rs/pillow-rs-py/python/pillow_rs/_core.abi3.so,PIL.Image.Image,class,Image,pillow_rs.image,/Users/lazytrot/work/pillow-rs/pillow-rs-py/python/pillow_rs/image.py,outside_selected_manifest,,,,,0,
4634a840bcfa479729d707a6acc76a58b002ff6a,true,12.2.1,/Users/lazytrot/work/pillow-rs/pillow-rs-py/python/PIL/__init__.py,/Users/lazytrot/work/pillow-rs/pillow-rs-py/python/pillow_rs/_core.abi3.so,PIL.Image.Image.__eq__,method,Image,pillow_rs.image,/Users/lazytrot/work/pillow-rs/pillow-rs-py/python/pillow_rs/image.py,outside_selected_manifest,,,,,0,
4634a840bcfa479729d707a6acc76a58b002ff6a,true,12.2.1,/Users/lazytrot/work/pillow-rs/pillow-rs-py/python/PIL/__init__.py,/Users/lazytrot/work/pillow-rs/pillow-rs-py/python/pillow_rs/_core.abi3.so,PIL.Image.Image.__repr__,method,Image,pillow_rs.image,/Users/lazytrot/work/pillow-rs/pillow-rs-py/python/pillow_rs/image.py,outside_selected_manifest,,,,,0,
4634a840bcfa479729d707a6acc76a58b002ff6a,true,12.2.1,/Users/lazytrot/work/pillow-rs/pillow-rs-py/python/PIL/__init__.py,/Users/lazytrot/work/pillow-rs/pillow-rs-py/python/pillow_rs/_core.abi3.so,PIL.Image.Image.alpha_composite,method,Image,pillow_rs.image,/Users/lazytrot/work/pillow-rs/pillow-rs-py/python/pillow_rs/image.py,selected_manifest,PIL.Image.Image.alpha_composite,PIL.Image.Image.alpha_composite,method,python-cpu,10,pil-image-image.alpha-composite.standard;pipeline-chain.alpha-composite.la-1024x768;pipeline-chain.alpha-composite.la-256x256;pipeline-chain.alpha-composite.rgba-1024x768;pipeline-chain.alpha-composite.rgba-256x256;pipeline-chain.alpha-composite.rgba-mirror-1024x768;pipeline-chain.matrix-009;pipeline-chain.matrix-021;pipeline-op.alphacomposite.benchmark-materialized;pipeline-op.alphacomposite.matrix-32x24
4634a840bcfa479729d707a6acc76a58b002ff6a,true,12.2.1,/Users/lazytrot/work/pillow-rs/pillow-rs-py/python/PIL/__init__.py,/Users/lazytrot/work/pillow-rs/pillow-rs-py/python/pillow_rs/_core.abi3.so,PIL.Image.Image.apply_transparency,method,Image,pillow_rs.image,/Users/lazytrot/work/pillow-rs/pillow-rs-py/python/pillow_rs/image.py,selected_manifest,PIL.Image.Image.apply_transparency,PIL.Image.Image.apply_transparency,method,python-cpu,1,pil-image-image.apply-transparency.standard
4634a840bcfa479729d707a6acc76a58b002ff6a,true,12.2.1,/Users/lazytrot/work/pillow-rs/pillow-rs-py/python/PIL/__init__.py,/Users/lazytrot/work/pillow-rs/pillow-rs-py/python/pillow_rs/_core.abi3.so,PIL.Image.Image.close,method,Image,pillow_rs.image,/Users/lazytrot/work/pillow-rs/pillow-rs-py/python/pillow_rs/image.py,selected_manifest,PIL.Image.Image.close,PIL.Image.Image.close,method,python-cpu,1,pil-image-image.close.standard
4634a840bcfa479729d707a6acc76a58b002ff6a,true,12.2.1,/Users/lazytrot/work/pillow-rs/pillow-rs-py/python/PIL/__init__.py,/Users/lazytrot/work/pillow-rs/pillow-rs-py/python/pillow_rs/_core.abi3.so,PIL.Image.Image.convert,method,Image,pillow_rs.image,/Users/lazytrot/work/pillow-rs/pillow-rs-py/python/pillow_rs/image.py,selected_manifest,PIL.Image.Image.convert,PIL.Image.Image.convert,method,python-cpu,60,pil-image-image.convert.l-to-rgb-material;pil-image-image.convert.l-to-rgba-material;pil-image-image.convert.pa-to-rgba-material;pil-image-image.convert.rgb-to-l-material;pil-image-image.convert.rgb-to-rgba-material;pil-image-image.convert.standard;pipeline-chain.color.convert-mode-1;pipeline-chain.color.convert-mode-cmyk;pipeline-chain.color.convert-mode-f;pipeline-chain.color.convert-mode-hsv;pipeline-chain.color.convert-mode-i;pipeline-chain.color.convert-mode-l;pipeline-chain.color.convert-mode-la;pipeline-chain.color.convert-mode-p;pipeline-chain.color.convert-mode-ycbcr;pipeline-chain.convert.material-cmyk-to-1-1024x768;pipeline-chain.convert.material-cmyk-to-rgb-1024x768;pipeline-chain.loaded-10.rgb-jpeg-512x384;pipeline-chain.loaded-10.rgba-png-512x384;pipeline-chain.matrix-036;pipeline-chain.matrix-037;pipeline-chain.matrix-038;pipeline-chain.matrix-039;pipeline-chain.matrix-040;pipeline-chain.matrix-041;pipeline-chain.matrix-042;pipeline-chain.matrix-043;pipeline-chain.matrix-045;pipeline-chain.matrix-054;pipeline-chain.matrix-057;pipeline-chain.matrix-058;pipeline-chain.matrix-059;pipeline-chain.matrix-066;pipeline-chain.matrix-067;pipeline-chain.matrix-068;pipeline-chain.matrix-069;pipeline-chain.matrix-070;pipeline-chain.matrix-071;pipeline-chain.reviewed.convert-cmyk-1-dither;pipeline-chain.reviewed.convert-cmyk-1-no-dither;pipeline-chain.reviewed.convert-cmyk-f;pipeline-chain.reviewed.convert-cmyk-i;pipeline-chain.reviewed.convert-cmyk-la;pipeline-chain.reviewed.convert-cmyk-rgba;pipeline-chain.reviewed.convert-one-cmyk;pipeline-chain.reviewed.convert-p-no-palette-rgb;pipeline-chain.reviewed.convert-palette-rgb;pipeline-chain.reviewed.convert-rgba-cmyk-la;pipeline-matrix.expanded.convert.1024x768;pipeline-matrix.expanded.convert.1x1;pipeline-matrix.expanded.convert.256x256;pipeline-matrix.expanded.convert.32x32;pipeline-op.convert-mode-cmyk-to-rgb-1024x768;pipeline-op.convert-mode-f-to-i-1024x768;pipeline-op.convert-mode-f-to-l-1024x768;pipeline-op.convert-mode-i-to-f-1024x768;pipeline-op.convert-mode-i-to-l-1024x768;pipeline-op.convert.benchmark-materialized;pipeline-op.convert.matrix-32x24;pipeline-op.convertlab.benchmark-materialized
4634a840bcfa479729d707a6acc76a58b002ff6a,true,12.2.1,/Users/lazytrot/work/pillow-rs/pillow-rs-py/python/PIL/__init__.py,/Users/lazytrot/work/pillow-rs/pillow-rs-py/python/pillow_rs/_core.abi3.so,PIL.Image.Image.copy,method,Image,pillow_rs.image,/Users/lazytrot/work/pillow-rs/pillow-rs-py/python/pillow_rs/image.py,selected_manifest,PIL.Image.Image.copy,PIL.Image.Image.copy,method,python-cpu,1,pil-image-image.copy.standard
4634a840bcfa479729d707a6acc76a58b002ff6a,true,12.2.1,/Users/lazytrot/work/pillow-rs/pillow-rs-py/python/PIL/__init__.py,/Users/lazytrot/work/pillow-rs/pillow-rs-py/python/pillow_rs/_core.abi3.so,PIL.Image.Image.crop,method,Image,pillow_rs.image,/Users/lazytrot/work/pillow-rs/pillow-rs-py/python/pillow_rs/image.py,selected_manifest,PIL.Image.Image.crop,PIL.Image.Image.crop,method,python-cpu,16,pil-image-image.crop.materialized.full-width-rgb-1024x768;pil-image-image.crop.standard;pipeline-chain.geometry-copy.crop-chain-rgb-1024x768;pipeline-chain.geometry-copy.crop-l-1024x768;pipeline-chain.geometry-copy.crop-la-1024x768;pipeline-chain.geometry-copy.crop-rgb-1024x768;pipeline-chain.geometry-copy.crop-rgba-1024x768;pipeline-chain.geometry-material.crop-rgb-1024x768;pipeline-chain.loaded-10.rgb-jpeg-512x384;pipeline-chain.loaded-10.rgba-png-512x384;pipeline-matrix.expanded.crop.1024x768;pipeline-matrix.expanded.crop.1x1;pipeline-matrix.expanded.crop.256x256;pipeline-matrix.expanded.crop.32x32;pipeline-op.crop.benchmark-materialized;pipeline-op.crop.matrix-32x24
4634a840bcfa479729d707a6acc76a58b002ff6a,true,12.2.1,/Users/lazytrot/work/pillow-rs/pillow-rs-py/python/PIL/__init__.py,/Users/lazytrot/work/pillow-rs/pillow-rs-py/python/pillow_rs/_core.abi3.so,PIL.Image.Image.draft,method,Image,pillow_rs.image,/Users/lazytrot/work/pillow-rs/pillow-rs-py/python/pillow_rs/image.py,selected_manifest,PIL.Image.Image.draft,PIL.Image.Image.draft,method,python-cpu,1,pil-image-image.draft.standard
4634a840bcfa479729d707a6acc76a58b002ff6a,true,12.2.1,/Users/lazytrot/work/pillow-rs/pillow-rs-py/python/PIL/__init__.py,/Users/lazytrot/work/pillow-rs/pillow-rs-py/python/pillow_rs/_core.abi3.so,PIL.Image.Image.effect_mandelbrot,method,Image,pillow_rs.image,/Users/lazytrot/work/pillow-rs/pillow-rs-py/python/pillow_rs/image.py,outside_selected_manifest,,,,,0,
4634a840bcfa479729d707a6acc76a58b002ff6a,true,12.2.1,/Users/lazytrot/work/pillow-rs/pillow-rs-py/python/PIL/__init__.py,/Users/lazytrot/work/pillow-rs/pillow-rs-py/python/pillow_rs/_core.abi3.so,PIL.Image.Image.effect_noise,method,Image,pillow_rs.image,/Users/lazytrot/work/pillow-rs/pillow-rs-py/python/pillow_rs/image.py,outside_selected_manifest,,,,,0,
4634a840bcfa479729d707a6acc76a58b002ff6a,true,12.2.1,/Users/lazytrot/work/pillow-rs/pillow-rs-py/python/PIL/__init__.py,/Users/lazytrot/work/pillow-rs/pillow-rs-py/python/pillow_rs/_core.abi3.so,PIL.Image.Image.effect_spread,method,Image,pillow_rs.image,/Users/lazytrot/work/pillow-rs/pillow-rs-py/python/pillow_rs/image.py,selected_manifest,PIL.Image.Image.effect_spread,PIL.Image.Image.effect_spread,method,python-cpu,7,pil-image-image.effect-spread.standard;pipeline-matrix.expanded.effectspread.1024x768;pipeline-matrix.expanded.effectspread.1x1;pipeline-matrix.expanded.effectspread.256x256;pipeline-matrix.expanded.effectspread.32x32;pipeline-op.effectspread.benchmark-materialized;pipeline-op.effectspread.matrix-32x24
4634a840bcfa479729d707a6acc76a58b002ff6a,true,12.2.1,/Users/lazytrot/work/pillow-rs/pillow-rs-py/python/PIL/__init__.py,/Users/lazytrot/work/pillow-rs/pillow-rs-py/python/pillow_rs/_core.abi3.so,PIL.Image.Image.entropy,method,Image,pillow_rs.image,/Users/lazytrot/work/pillow-rs/pillow-rs-py/python/pillow_rs/image.py,selected_manifest,PIL.Image.Image.entropy,PIL.Image.Image.entropy,method,python-cpu,5,pil-image-image.entropy.materialized.la-noise-1024x768;pil-image-image.entropy.materialized.rgba-noise-1024x768;pil-image-image.entropy.standard;pipeline-chain.terminal-read.analysis-masked-rgb-1024x768;pipeline-chain.terminal-read.analysis-suite.rgb
4634a840bcfa479729d707a6acc76a58b002ff6a,true,12.2.1,/Users/lazytrot/work/pillow-rs/pillow-rs-py/python/PIL/__init__.py,/Users/lazytrot/work/pillow-rs/pillow-rs-py/python/pillow_rs/_core.abi3.so,PIL.Image.Image.eval,method,Image,pillow_rs.image,/Users/lazytrot/work/pillow-rs/pillow-rs-py/python/pillow_rs/image.py,outside_selected_manifest,,,,,0,
4634a840bcfa479729d707a6acc76a58b002ff6a,true,12.2.1,/Users/lazytrot/work/pillow-rs/pillow-rs-py/python/PIL/__init__.py,/Users/lazytrot/work/pillow-rs/pillow-rs-py/python/pillow_rs/_core.abi3.so,PIL.Image.Image.filter,method,Image,pillow_rs.image,/Users/lazytrot/work/pillow-rs/pillow-rs-py/python/pillow_rs/image.py,selected_manifest,PIL.Image.Image.filter,PIL.Image.Image.filter,method,python-cpu,87,pil-image-image.filter.standard;pipeline-chain.blur-material.box-l-1024x768-radius-4;pipeline-chain.blur-material.box-l-256x256-radius-0.5;pipeline-chain.blur-material.box-la-1024x768-radius-4;pipeline-chain.blur-material.box-rgb-1024x1024;pipeline-chain.blur-material.box-rgb-1024x768-radius-4;pipeline-chain.blur-material.box-rgb-256x256-radius-1;pipeline-chain.blur-material.box-rgba-1024x768-radius-4;pipeline-chain.blur-material.box-rgba-256x256-radius-2;pipeline-chain.blur-material.gaussian-l-1024x768;pipeline-chain.blur-material.gaussian-l-256x256-radius-0.5;pipeline-chain.blur-material.gaussian-la-1024x768;pipeline-chain.blur-material.gaussian-rgb-1024x1024;pipeline-chain.blur-material.gaussian-rgb-1024x768-radius-4;pipeline-chain.blur-material.gaussian-rgb-256x256-radius-1;pipeline-chain.blur-material.gaussian-rgba-1024x768;pipeline-chain.blur-material.gaussian-rgba-256x256-radius-2;pipeline-chain.convolution-i.3x3-1024x768;pipeline-chain.convolution-i.3x3-varied-1024x768;pipeline-chain.convolution-i.5x5-1024x768;pipeline-chain.convolution-i.5x5-noise-1024x768;pipeline-chain.loaded-10.rgb-jpeg-512x384;pipeline-chain.loaded-10.rgba-png-512x384;pipeline-chain.matrix-001;pipeline-chain.matrix-013;pipeline-chain.metadata-cache.color3dlut-rgb;pipeline-chain.rank-filter.large-f-9x9;pipeline-chain.rank-filter.material.f-9x9-256x256;pipeline-chain.rank-filter.material.l-9x9-256x256;pipeline-chain.rank-filter.material.l-noise-1024x768-size3-rank1;pipeline-chain.rank-filter.material.l-noise-256x256-size9-rank40;pipeline-chain.rank-filter.material.la-noise-1024x768-size3-rank1;pipeline-chain.reviewed.filter-invert-mirror;pipeline-lifecycle.cold.gaussianblur-invert.rgb-1024;pipeline-lifecycle.resident.gaussianblur-invert.rgb-1024;pipeline-matrix.expanded.boxblur.1024x768;pipeline-matrix.expanded.boxblur.1x1;pipeline-matrix.expanded.boxblur.256x256;pipeline-matrix.expanded.boxblur.32x32;pipeline-matrix.expanded.filter3x3.1024x768;pipeline-matrix.expanded.filter3x3.1x1;pipeline-matrix.expanded.filter3x3.256x256;pipeline-matrix.expanded.filter3x3.32x32;pipeline-matrix.expanded.filter5x5.1024x768;pipeline-matrix.expanded.filter5x5.1x1;pipeline-matrix.expanded.filter5x5.256x256;pipeline-matrix.expanded.filter5x5.32x32;pipeline-matrix.expanded.gaussianblur.1024x768;pipeline-matrix.expanded.gaussianblur.1x1;pipeline-matrix.expanded.gaussianblur.256x256;pipeline-matrix.expanded.gaussianblur.32x32;pipeline-matrix.expanded.maxfilter.1024x768;pipeline-matrix.expanded.maxfilter.1x1;pipeline-matrix.expanded.maxfilter.256x256;pipeline-matrix.expanded.maxfilter.32x32;pipeline-matrix.expanded.medianfilter.1024x768;pipeline-matrix.expanded.medianfilter.1x1;pipeline-matrix.expanded.medianfilter.256x256;pipeline-matrix.expanded.medianfilter.32x32;pipeline-matrix.expanded.minfilter.1024x768;pipeline-matrix.expanded.minfilter.1x1;pipeline-matrix.expanded.minfilter.256x256;pipeline-matrix.expanded.minfilter.32x32;pipeline-op.boxblur.benchmark-materialized;pipeline-op.boxblur.matrix-32x24;pipeline-op.color3dlut.benchmark-materialized;pipeline-op.color3dlut.matrix-32x24;pipeline-op.filter.material-i-bounded-noise-5x5-1024x768;pipeline-op.filter.material-i-noise-5x5-1024x768;pipeline-op.filter.material-l-noise-5x5-1024x768;pipeline-op.filter.material-l-noise-flat-5x5-1024x768;pipeline-op.filter.material-la-noise-3x3-1024x768;pipeline-op.filter.material-la-noise-5x5-1024x768;pipeline-op.filter3x3.benchmark-materialized;pipeline-op.filter3x3.matrix-32x24;pipeline-op.filter5x5.benchmark-materialized;pipeline-op.filter5x5.matrix-32x24;pipeline-op.gaussianblur.benchmark-materialized;pipeline-op.gaussianblur.matrix-32x24;pipeline-op.maxfilter.benchmark-materialized;pipeline-op.maxfilter.matrix-32x24;pipeline-op.medianfilter.benchmark-materialized;pipeline-op.medianfilter.matrix-32x24;pipeline-op.minfilter.benchmark-materialized;pipeline-op.minfilter.matrix-32x24;pipeline-op.rankfilter.benchmark-materialized;pipeline.quick.gaussianblur-invert.rgb-1024
4634a840bcfa479729d707a6acc76a58b002ff6a,true,12.2.1,/Users/lazytrot/work/pillow-rs/pillow-rs-py/python/PIL/__init__.py,/Users/lazytrot/work/pillow-rs/pillow-rs-py/python/pillow_rs/_core.abi3.so,PIL.Image.Image.format,property,Image,,,selected_manifest,PIL.Image.Image.format,PIL.Image.Image.format,property_get,python-cpu,1,pil-image-image.format.standard
4634a840bcfa479729d707a6acc76a58b002ff6a,true,12.2.1,/Users/lazytrot/work/pillow-rs/pillow-rs-py/python/PIL/__init__.py,/Users/lazytrot/work/pillow-rs/pillow-rs-py/python/pillow_rs/_core.abi3.so,PIL.Image.Image.fromarray,method,Image,pillow_rs.image,/Users/lazytrot/work/pillow-rs/pillow-rs-py/python/pillow_rs/image.py,outside_selected_manifest,,,,,0,
4634a840bcfa479729d707a6acc76a58b002ff6a,true,12.2.1,/Users/lazytrot/work/pillow-rs/pillow-rs-py/python/PIL/__init__.py,/Users/lazytrot/work/pillow-rs/pillow-rs-py/python/pillow_rs/_core.abi3.so,PIL.Image.Image.frombuffer,method,Image,pillow_rs.image,/Users/lazytrot/work/pillow-rs/pillow-rs-py/python/pillow_rs/image.py,outside_selected_manifest,,,,,0,
4634a840bcfa479729d707a6acc76a58b002ff6a,true,12.2.1,/Users/lazytrot/work/pillow-rs/pillow-rs-py/python/PIL/__init__.py,/Users/lazytrot/work/pillow-rs/pillow-rs-py/python/pillow_rs/_core.abi3.so,PIL.Image.Image.frombytes,method,Image,pillow_rs.image,/Users/lazytrot/work/pillow-rs/pillow-rs-py/python/pillow_rs/image.py,selected_manifest,PIL.Image.Image.frombytes,PIL.Image.Image.frombytes,method,python-cpu,1,pil-image-image.frombytes.standard
4634a840bcfa479729d707a6acc76a58b002ff6a,true,12.2.1,/Users/lazytrot/work/pillow-rs/pillow-rs-py/python/PIL/__init__.py,/Users/lazytrot/work/pillow-rs/pillow-rs-py/python/pillow_rs/_core.abi3.so,PIL.Image.Image.get_child_images,method,Image,pillow_rs.image,/Users/lazytrot/work/pillow-rs/pillow-rs-py/python/pillow_rs/image.py,selected_manifest,PIL.Image.Image.get_child_images,PIL.Image.Image.get_child_images,method,python-cpu,1,pil-image-image.get-child-images.standard
4634a840bcfa479729d707a6acc76a58b002ff6a,true,12.2.1,/Users/lazytrot/work/pillow-rs/pillow-rs-py/python/PIL/__init__.py,/Users/lazytrot/work/pillow-rs/pillow-rs-py/python/pillow_rs/_core.abi3.so,PIL.Image.Image.get_flattened_data,method,Image,pillow_rs.image,/Users/lazytrot/work/pillow-rs/pillow-rs-py/python/pillow_rs/image.py,selected_manifest,PIL.Image.Image.get_flattened_data,PIL.Image.Image.get_flattened_data,method,python-cpu,1,pil-image-image.get-flattened-data.standard
4634a840bcfa479729d707a6acc76a58b002ff6a,true,12.2.1,/Users/lazytrot/work/pillow-rs/pillow-rs-py/python/PIL/__init__.py,/Users/lazytrot/work/pillow-rs/pillow-rs-py/python/pillow_rs/_core.abi3.so,PIL.Image.Image.getbands,method,Image,pillow_rs.image,/Users/lazytrot/work/pillow-rs/pillow-rs-py/python/pillow_rs/image.py,selected_manifest,PIL.Image.Image.getbands,PIL.Image.Image.getbands,method,python-cpu,1,pil-image-image.getbands.standard
4634a840bcfa479729d707a6acc76a58b002ff6a,true,12.2.1,/Users/lazytrot/work/pillow-rs/pillow-rs-py/python/PIL/__init__.py,/Users/lazytrot/work/pillow-rs/pillow-rs-py/python/pillow_rs/_core.abi3.so,PIL.Image.Image.getbbox,method,Image,pillow_rs.image,/Users/lazytrot/work/pillow-rs/pillow-rs-py/python/pillow_rs/image.py,selected_manifest,PIL.Image.Image.getbbox,PIL.Image.Image.getbbox,method,python-cpu,5,pil-image-image.getbbox.materialized.rgb-filled-1024x768;pil-image-image.getbbox.materialized.rgb-noise-1024x768;pil-image-image.getbbox.standard;pipeline-chain.terminal-read.analysis-scalar-if-1024x768;pipeline-chain.terminal-read.analysis-suite.rgb
4634a840bcfa479729d707a6acc76a58b002ff6a,true,12.2.1,/Users/lazytrot/work/pillow-rs/pillow-rs-py/python/PIL/__init__.py,/Users/lazytrot/work/pillow-rs/pillow-rs-py/python/pillow_rs/_core.abi3.so,PIL.Image.Image.getchannel,method,Image,pillow_rs.image,/Users/lazytrot/work/pillow-rs/pillow-rs-py/python/pillow_rs/image.py,selected_manifest,PIL.Image.Image.getchannel,PIL.Image.Image.getchannel,method,python-cpu,14,pil-image-image.getchannel.materialized.l-1024x768;pil-image-image.getchannel.materialized.la-1024x768;pil-image-image.getchannel.materialized.rgb-1024x768;pil-image-image.getchannel.materialized.rgba-1024x768;pil-image-image.getchannel.standard;pipeline-chain.color.getchannel-mode-cmyk;pipeline-chain.color.getchannel-mode-la;pipeline-chain.color.getchannel-mode-rgba;pipeline-chain.color.getchannel-mode-ycbcr;pipeline-chain.matrix-073;pipeline-chain.matrix-074;pipeline-chain.metadata-cache.extractband-rgba;pipeline-op.extractband.benchmark-materialized;pipeline-op.extractband.matrix-32x24
4634a840bcfa479729d707a6acc76a58b002ff6a,true,12.2.1,/Users/lazytrot/work/pillow-rs/pillow-rs-py/python/PIL/__init__.py,/Users/lazytrot/work/pillow-rs/pillow-rs-py/python/pillow_rs/_core.abi3.so,PIL.Image.Image.getcolors,method,Image,pillow_rs.image,/Users/lazytrot/work/pillow-rs/pillow-rs-py/python/pillow_rs/image.py,selected_manifest,PIL.Image.Image.getcolors,PIL.Image.Image.getcolors,method,python-cpu,6,pil-image-image.getcolors.materialized.full-scan-grayscale-rgb-1024x768-high-maxcolors;pil-image-image.getcolors.materialized.high-cardinality-rgb-1024x768;pil-image-image.getcolors.materialized.varied-rgb-16x16;pil-image-image.getcolors.standard;pipeline-chain.terminal-read.analysis-scalar-if-1024x768;pipeline-chain.terminal-read.getcolors.rgb-1024x768
4634a840bcfa479729d707a6acc76a58b002ff6a,true,12.2.1,/Users/lazytrot/work/pillow-rs/pillow-rs-py/python/PIL/__init__.py,/Users/lazytrot/work/pillow-rs/pillow-rs-py/python/pillow_rs/_core.abi3.so,PIL.Image.Image.getdata,method,Image,pillow_rs.image,/Users/lazytrot/work/pillow-rs/pillow-rs-py/python/pillow_rs/image.py,selected_manifest,PIL.Image.Image.getdata,PIL.Image.Image.getdata,method,python-cpu,2,pil-image-image.getdata.standard;pipeline-chain.terminal-read.rgb-band0
4634a840bcfa479729d707a6acc76a58b002ff6a,true,12.2.1,/Users/lazytrot/work/pillow-rs/pillow-rs-py/python/PIL/__init__.py,/Users/lazytrot/work/pillow-rs/pillow-rs-py/python/pillow_rs/_core.abi3.so,PIL.Image.Image.getexif,method,Image,pillow_rs.image,/Users/lazytrot/work/pillow-rs/pillow-rs-py/python/pillow_rs/image.py,selected_manifest,PIL.Image.Image.getexif,PIL.Image.Image.getexif,method,python-cpu,1,pil-image-image.getexif.standard
4634a840bcfa479729d707a6acc76a58b002ff6a,true,12.2.1,/Users/lazytrot/work/pillow-rs/pillow-rs-py/python/PIL/__init__.py,/Users/lazytrot/work/pillow-rs/pillow-rs-py/python/pillow_rs/_core.abi3.so,PIL.Image.Image.getextrema,method,Image,pillow_rs.image,/Users/lazytrot/work/pillow-rs/pillow-rs-py/python/pillow_rs/image.py,selected_manifest,PIL.Image.Image.getextrema,PIL.Image.Image.getextrema,method,python-cpu,3,pil-image-image.getextrema.standard;pipeline-chain.terminal-read.analysis-scalar-if-1024x768;pipeline-chain.terminal-read.analysis-suite.rgb
4634a840bcfa479729d707a6acc76a58b002ff6a,true,12.2.1,/Users/lazytrot/work/pillow-rs/pillow-rs-py/python/PIL/__init__.py,/Users/lazytrot/work/pillow-rs/pillow-rs-py/python/pillow_rs/_core.abi3.so,PIL.Image.Image.getim,method,Image,pillow_rs.image,/Users/lazytrot/work/pillow-rs/pillow-rs-py/python/pillow_rs/image.py,selected_manifest,PIL.Image.Image.getim,PIL.Image.Image.getim,method,python-cpu,1,pil-image-image.getim.standard
4634a840bcfa479729d707a6acc76a58b002ff6a,true,12.2.1,/Users/lazytrot/work/pillow-rs/pillow-rs-py/python/PIL/__init__.py,/Users/lazytrot/work/pillow-rs/pillow-rs-py/python/pillow_rs/_core.abi3.so,PIL.Image.Image.getpalette,method,Image,pillow_rs.image,/Users/lazytrot/work/pillow-rs/pillow-rs-py/python/pillow_rs/image.py,selected_manifest,PIL.Image.Image.getpalette,PIL.Image.Image.getpalette,method,python-cpu,1,pil-image-image.getpalette.standard
4634a840bcfa479729d707a6acc76a58b002ff6a,true,12.2.1,/Users/lazytrot/work/pillow-rs/pillow-rs-py/python/PIL/__init__.py,/Users/lazytrot/work/pillow-rs/pillow-rs-py/python/pillow_rs/_core.abi3.so,PIL.Image.Image.getpixel,method,Image,pillow_rs.image,/Users/lazytrot/work/pillow-rs/pillow-rs-py/python/pillow_rs/image.py,selected_manifest,PIL.Image.Image.getpixel,PIL.Image.Image.getpixel,method,python-cpu,2,pil-image-image.getpixel.standard;pipeline-chain.terminal-read.analysis-scalar-if-1024x768
4634a840bcfa479729d707a6acc76a58b002ff6a,true,12.2.1,/Users/lazytrot/work/pillow-rs/pillow-rs-py/python/PIL/__init__.py,/Users/lazytrot/work/pillow-rs/pillow-rs-py/python/pillow_rs/_core.abi3.so,PIL.Image.Image.getprojection,method,Image,pillow_rs.image,/Users/lazytrot/work/pillow-rs/pillow-rs-py/python/pillow_rs/image.py,selected_manifest,PIL.Image.Image.getprojection,PIL.Image.Image.getprojection,method,python-cpu,5,pil-image-image.getprojection.standard;pipeline-chain.getprojection.material-cmyk-1024x768;pipeline-chain.getprojection.sparse-cmyk-1024x768;pipeline-chain.terminal-read.analysis-scalar-if-1024x768;pipeline-chain.terminal-read.analysis-suite.rgb
4634a840bcfa479729d707a6acc76a58b002ff6a,true,12.2.1,/Users/lazytrot/work/pillow-rs/pillow-rs-py/python/PIL/__init__.py,/Users/lazytrot/work/pillow-rs/pillow-rs-py/python/pillow_rs/_core.abi3.so,PIL.Image.Image.getxmp,method,Image,pillow_rs.image,/Users/lazytrot/work/pillow-rs/pillow-rs-py/python/pillow_rs/image.py,selected_manifest,PIL.Image.Image.getxmp,PIL.Image.Image.getxmp,method,python-cpu,1,pil-image-image.getxmp.standard
4634a840bcfa479729d707a6acc76a58b002ff6a,true,12.2.1,/Users/lazytrot/work/pillow-rs/pillow-rs-py/python/PIL/__init__.py,/Users/lazytrot/work/pillow-rs/pillow-rs-py/python/pillow_rs/_core.abi3.so,PIL.Image.Image.has_transparency_data,property,Image,,,selected_manifest,PIL.Image.Image.has_transparency_data,PIL.Image.Image.has_transparency_data,property_get,python-cpu,1,pil-image-image.has-transparency-data.standard
4634a840bcfa479729d707a6acc76a58b002ff6a,true,12.2.1,/Users/lazytrot/work/pillow-rs/pillow-rs-py/python/PIL/__init__.py,/Users/lazytrot/work/pillow-rs/pillow-rs-py/python/pillow_rs/_core.abi3.so,PIL.Image.Image.height,property,Image,,,selected_manifest,PIL.Image.Image.height,PIL.Image.Image.height,property_get,python-cpu,1,pil-image-image.height.standard
4634a840bcfa479729d707a6acc76a58b002ff6a,true,12.2.1,/Users/lazytrot/work/pillow-rs/pillow-rs-py/python/PIL/__init__.py,/Users/lazytrot/work/pillow-rs/pillow-rs-py/python/pillow_rs/_core.abi3.so,PIL.Image.Image.histogram,method,Image,pillow_rs.image,/Users/lazytrot/work/pillow-rs/pillow-rs-py/python/pillow_rs/image.py,selected_manifest,PIL.Image.Image.histogram,PIL.Image.Image.histogram,method,python-cpu,3,pil-image-image.histogram.standard;pipeline-chain.terminal-read.analysis-masked-rgb-1024x768;pipeline-chain.terminal-read.analysis-suite.rgb
4634a840bcfa479729d707a6acc76a58b002ff6a,true,12.2.1,/Users/lazytrot/work/pillow-rs/pillow-rs-py/python/PIL/__init__.py,/Users/lazytrot/work/pillow-rs/pillow-rs-py/python/pillow_rs/_core.abi3.so,PIL.Image.Image.info,property,Image,,,selected_manifest,PIL.Image.Image.info,PIL.Image.Image.info,property_get,python-cpu,1,pil-image-image.info.standard
4634a840bcfa479729d707a6acc76a58b002ff6a,true,12.2.1,/Users/lazytrot/work/pillow-rs/pillow-rs-py/python/PIL/__init__.py,/Users/lazytrot/work/pillow-rs/pillow-rs-py/python/pillow_rs/_core.abi3.so,PIL.Image.Image.linear_gradient,method,Image,pillow_rs.image,/Users/lazytrot/work/pillow-rs/pillow-rs-py/python/pillow_rs/image.py,outside_selected_manifest,,,,,0,
4634a840bcfa479729d707a6acc76a58b002ff6a,true,12.2.1,/Users/lazytrot/work/pillow-rs/pillow-rs-py/python/PIL/__init__.py,/Users/lazytrot/work/pillow-rs/pillow-rs-py/python/pillow_rs/_core.abi3.so,PIL.Image.Image.load,method,Image,pillow_rs.image,/Users/lazytrot/work/pillow-rs/pillow-rs-py/python/pillow_rs/image.py,selected_manifest,PIL.Image.Image.load,PIL.Image.Image.load,method,python-cpu,4,pil-image-image.load.standard;pipeline-chain.loaded-10.rgb-jpeg-512x384;pipeline-chain.loaded-10.rgba-png-512x384;pipeline-chain.matrix-033
4634a840bcfa479729d707a6acc76a58b002ff6a,true,12.2.1,/Users/lazytrot/work/pillow-rs/pillow-rs-py/python/PIL/__init__.py,/Users/lazytrot/work/pillow-rs/pillow-rs-py/python/pillow_rs/_core.abi3.so,PIL.Image.Image.mode,property,Image,,,selected_manifest,PIL.Image.Image.mode,PIL.Image.Image.mode,property_get,python-cpu,6,pil-image-image.mode.standard;pipeline-chain.metadata-cache.color3dlut-rgb;pipeline-chain.metadata-cache.extractband-rgba;pipeline-chain.metadata-cache.invert-1.rgb;pipeline-chain.metadata-cache.invert-64.rgb;pipeline-chain.metadata-cache.invert-8.l
4634a840bcfa479729d707a6acc76a58b002ff6a,true,12.2.1,/Users/lazytrot/work/pillow-rs/pillow-rs-py/python/PIL/__init__.py,/Users/lazytrot/work/pillow-rs/pillow-rs-py/python/pillow_rs/_core.abi3.so,PIL.Image.Image.new,method,Image,pillow_rs.image,/Users/lazytrot/work/pillow-rs/pillow-rs-py/python/pillow_rs/image.py,outside_selected_manifest,,,,,0,
4634a840bcfa479729d707a6acc76a58b002ff6a,true,12.2.1,/Users/lazytrot/work/pillow-rs/pillow-rs-py/python/PIL/__init__.py,/Users/lazytrot/work/pillow-rs/pillow-rs-py/python/pillow_rs/_core.abi3.so,PIL.Image.Image.open,method,Image,pillow_rs.image,/Users/lazytrot/work/pillow-rs/pillow-rs-py/python/pillow_rs/image.py,outside_selected_manifest,,,,,0,
4634a840bcfa479729d707a6acc76a58b002ff6a,true,12.2.1,/Users/lazytrot/work/pillow-rs/pillow-rs-py/python/PIL/__init__.py,/Users/lazytrot/work/pillow-rs/pillow-rs-py/python/pillow_rs/_core.abi3.so,PIL.Image.Image.palette,property,Image,,,outside_selected_manifest,,,,,0,
4634a840bcfa479729d707a6acc76a58b002ff6a,true,12.2.1,/Users/lazytrot/work/pillow-rs/pillow-rs-py/python/PIL/__init__.py,/Users/lazytrot/work/pillow-rs/pillow-rs-py/python/pillow_rs/_core.abi3.so,PIL.Image.Image.paste,method,Image,pillow_rs.image,/Users/lazytrot/work/pillow-rs/pillow-rs-py/python/pillow_rs/image.py,selected_manifest,PIL.Image.Image.paste,PIL.Image.Image.paste,method,python-cpu,14,pil-image-image.paste.masked.materialized.masked-cmyk-noise-1024x768;pil-image-image.paste.masked.materialized.masked-hsv-noise-1024x768;pil-image-image.paste.masked.materialized.masked-l-noise-1024x768;pil-image-image.paste.masked.materialized.masked-la-noise-1024x768;pil-image-image.paste.masked.materialized.masked-pa-noise-1024x768;pil-image-image.paste.masked.materialized.masked-rgb-noise-1024x768;pil-image-image.paste.masked.materialized.masked-rgba-noise-1024x768;pil-image-image.paste.materialized.l-noise-1024x768;pil-image-image.paste.materialized.la-noise-1024x768;pil-image-image.paste.materialized.rgb-noise-1024x768;pil-image-image.paste.materialized.rgba-dest-rgb-source-noise-1024x768;pil-image-image.paste.standard;pipeline-op.paste.benchmark-materialized;pipeline-op.paste.matrix-32x24
4634a840bcfa479729d707a6acc76a58b002ff6a,true,12.2.1,/Users/lazytrot/work/pillow-rs/pillow-rs-py/python/PIL/__init__.py,/Users/lazytrot/work/pillow-rs/pillow-rs-py/python/pillow_rs/_core.abi3.so,PIL.Image.Image.point,method,Image,pillow_rs.image,/Users/lazytrot/work/pillow-rs/pillow-rs-py/python/pillow_rs/image.py,selected_manifest,PIL.Image.Image.point,PIL.Image.Image.point,method,python-cpu,32,pil-image-image.point.materialized.l-noise-1024x768-nonidentity-lut;pil-image-image.point.standard;pipeline-chain.matrix-003;pipeline-chain.point-fusion.l-001;pipeline-chain.point-fusion.l-002;pipeline-chain.point-fusion.l-003;pipeline-chain.point-fusion.l-004;pipeline-chain.point-fusion.l-005;pipeline-chain.point-fusion.la-001;pipeline-chain.point-fusion.la-002;pipeline-chain.point-fusion.rgb-001;pipeline-chain.point-fusion.rgb-002;pipeline-chain.point-fusion.rgb-003;pipeline-chain.point-fusion.rgb-004;pipeline-chain.point-fusion.rgb-005;pipeline-chain.point-fusion.rgba-001;pipeline-chain.point-fusion.rgba-002;pipeline-chain.reviewed.invert-solarize-posterize-point;pipeline-chain.simd-lut.l.1024x1024;pipeline-chain.simd-lut.l.1024x768;pipeline-chain.simd-lut.l.256x256;pipeline-chain.simd-lut.l.32x32;pipeline-chain.simd-lut.rgb.1024x1024;pipeline-chain.simd-lut.rgb.1024x768;pipeline-chain.simd-lut.rgb.256x256;pipeline-chain.simd-lut.rgb.32x32;pipeline-matrix.expanded.pointop.1024x768;pipeline-matrix.expanded.pointop.1x1;pipeline-matrix.expanded.pointop.256x256;pipeline-matrix.expanded.pointop.32x32;pipeline-op.pointop.benchmark-materialized;pipeline-op.pointop.matrix-32x24
4634a840bcfa479729d707a6acc76a58b002ff6a,true,12.2.1,/Users/lazytrot/work/pillow-rs/pillow-rs-py/python/PIL/__init__.py,/Users/lazytrot/work/pillow-rs/pillow-rs-py/python/pillow_rs/_core.abi3.so,PIL.Image.Image.putalpha,method,Image,pillow_rs.image,/Users/lazytrot/work/pillow-rs/pillow-rs-py/python/pillow_rs/image.py,selected_manifest,PIL.Image.Image.putalpha,PIL.Image.Image.putalpha,method,python-cpu,12,pil-image-image.putalpha.mask-materialized.rgb-noise-1024x768-l-mask;pil-image-image.putalpha.mask-materialized.rgba-noise-1024x768-l-mask;pil-image-image.putalpha.materialized.la-noise-1024x768-scalar;pil-image-image.putalpha.materialized.pa-noise-1024x768-scalar;pil-image-image.putalpha.materialized.rgb-noise-1024x768-scalar;pil-image-image.putalpha.materialized.rgba-noise-1024x768-scalar;pil-image-image.putalpha.standard;pipeline-chain.matrix-017;pipeline-op.putalpha.benchmark-materialized;pipeline-op.putalpha.matrix-32x24;pipeline-op.putalphadata.benchmark-materialized;pipeline-op.putalphadata.matrix-32x24
4634a840bcfa479729d707a6acc76a58b002ff6a,true,12.2.1,/Users/lazytrot/work/pillow-rs/pillow-rs-py/python/PIL/__init__.py,/Users/lazytrot/work/pillow-rs/pillow-rs-py/python/pillow_rs/_core.abi3.so,PIL.Image.Image.putdata,method,Image,pillow_rs.image,/Users/lazytrot/work/pillow-rs/pillow-rs-py/python/pillow_rs/image.py,selected_manifest,PIL.Image.Image.putdata,PIL.Image.Image.putdata,method,python-cpu,3,pil-image-image.putdata.standard;pipeline-op.putdata.benchmark-materialized;pipeline-op.putdata.matrix-32x24
4634a840bcfa479729d707a6acc76a58b002ff6a,true,12.2.1,/Users/lazytrot/work/pillow-rs/pillow-rs-py/python/PIL/__init__.py,/Users/lazytrot/work/pillow-rs/pillow-rs-py/python/pillow_rs/_core.abi3.so,PIL.Image.Image.putpalette,method,Image,pillow_rs.image,/Users/lazytrot/work/pillow-rs/pillow-rs-py/python/pillow_rs/image.py,selected_manifest,PIL.Image.Image.putpalette,PIL.Image.Image.putpalette,method,python-cpu,1,pil-image-image.putpalette.standard
4634a840bcfa479729d707a6acc76a58b002ff6a,true,12.2.1,/Users/lazytrot/work/pillow-rs/pillow-rs-py/python/PIL/__init__.py,/Users/lazytrot/work/pillow-rs/pillow-rs-py/python/pillow_rs/_core.abi3.so,PIL.Image.Image.putpixel,method,Image,pillow_rs.image,/Users/lazytrot/work/pillow-rs/pillow-rs-py/python/pillow_rs/image.py,selected_manifest,PIL.Image.Image.putpixel,PIL.Image.Image.putpixel,method,python-cpu,3,pil-image-image.putpixel.standard;pipeline-chain.matrix-018;pipeline-op.putpixel.benchmark-materialized
4634a840bcfa479729d707a6acc76a58b002ff6a,true,12.2.1,/Users/lazytrot/work/pillow-rs/pillow-rs-py/python/PIL/__init__.py,/Users/lazytrot/work/pillow-rs/pillow-rs-py/python/pillow_rs/_core.abi3.so,PIL.Image.Image.quantize,method,Image,pillow_rs.image,/Users/lazytrot/work/pillow-rs/pillow-rs-py/python/pillow_rs/image.py,selected_manifest,PIL.Image.Image.quantize,PIL.Image.Image.quantize,method,python-cpu,14,pil-image-image.quantize.standard;pipeline-chain.color.quantize-mode-l;pipeline-chain.color.quantize-mode-rgba;pipeline-chain.matrix-005;pipeline-chain.quantize.algorithm.fast-octree;pipeline-chain.quantize.algorithm.maxcoverage;pipeline-chain.quantize.algorithm.maxcoverage-kmeans;pipeline-chain.quantize.algorithm.median-cut;pipeline-chain.quantize.algorithm.median-cut-kmeans;pipeline-chain.quantize.linear-gradient;pipeline-chain.quantize.radial-gradient;pipeline-chain.reviewed.quantize-remap-convert;pipeline-op.quantize.benchmark-materialized;pipeline-op.quantize.matrix-32x24
4634a840bcfa479729d707a6acc76a58b002ff6a,true,12.2.1,/Users/lazytrot/work/pillow-rs/pillow-rs-py/python/PIL/__init__.py,/Users/lazytrot/work/pillow-rs/pillow-rs-py/python/pillow_rs/_core.abi3.so,PIL.Image.Image.radial_gradient,method,Image,pillow_rs.image,/Users/lazytrot/work/pillow-rs/pillow-rs-py/python/pillow_rs/image.py,outside_selected_manifest,,,,,0,
4634a840bcfa479729d707a6acc76a58b002ff6a,true,12.2.1,/Users/lazytrot/work/pillow-rs/pillow-rs-py/python/PIL/__init__.py,/Users/lazytrot/work/pillow-rs/pillow-rs-py/python/pillow_rs/_core.abi3.so,PIL.Image.Image.reduce,method,Image,pillow_rs.image,/Users/lazytrot/work/pillow-rs/pillow-rs-py/python/pillow_rs/image.py,selected_manifest,PIL.Image.Image.reduce,PIL.Image.Image.reduce,method,python-cpu,9,pil-image-image.reduce.standard;pipeline-chain.geometry-material.reduce-rgb-1024x768;pipeline-chain.geometry-material.reduce-rgba-1024x768;pipeline-matrix.expanded.reduce.1024x768;pipeline-matrix.expanded.reduce.1x1;pipeline-matrix.expanded.reduce.256x256;pipeline-matrix.expanded.reduce.32x32;pipeline-op.reduce.benchmark-materialized;pipeline-op.reduce.matrix-32x24
4634a840bcfa479729d707a6acc76a58b002ff6a,true,12.2.1,/Users/lazytrot/work/pillow-rs/pillow-rs-py/python/PIL/__init__.py,/Users/lazytrot/work/pillow-rs/pillow-rs-py/python/pillow_rs/_core.abi3.so,PIL.Image.Image.remap_palette,method,Image,pillow_rs.image,/Users/lazytrot/work/pillow-rs/pillow-rs-py/python/pillow_rs/image.py,selected_manifest,PIL.Image.Image.remap_palette,PIL.Image.Image.remap_palette,method,python-cpu,5,pil-image-image.remap-palette.standard;pipeline-chain.color.remap-palette-mode-l;pipeline-chain.color.remap-palette-mode-p;pipeline-chain.matrix-072;pipeline-op.remappalette.benchmark-materialized
4634a840bcfa479729d707a6acc76a58b002ff6a,true,12.2.1,/Users/lazytrot/work/pillow-rs/pillow-rs-py/python/PIL/__init__.py,/Users/lazytrot/work/pillow-rs/pillow-rs-py/python/pillow_rs/_core.abi3.so,PIL.Image.Image.resize,method,Image,pillow_rs.image,/Users/lazytrot/work/pillow-rs/pillow-rs-py/python/pillow_rs/image.py,selected_manifest,PIL.Image.Image.resize,PIL.Image.Image.resize,method,python-cpu,30,pil-image-image.resize.standard;pipeline-chain.loaded-10.rgb-jpeg-512x384;pipeline-chain.loaded-10.rgba-png-512x384;pipeline-chain.matrix-004;pipeline-chain.resize-alpha.la-bicubic-1024x768;pipeline-chain.resize-alpha.la-bicubic-256x256;pipeline-chain.resize-alpha.la-bicubic-upscale-128x128;pipeline-chain.resize-alpha.la-bilinear-mirror-256x256;pipeline-chain.resize-alpha.la-lanczos-512x512;pipeline-chain.resize-alpha.rgba-bicubic-512x512;pipeline-chain.resize-alpha.rgba-bilinear-mirror-256x256;pipeline-chain.resize-alpha.rgba-bilinear-upscale-128x128;pipeline-chain.resize-alpha.rgba-lanczos-1024x768;pipeline-chain.resize-alpha.rgba-lanczos-256x256;pipeline-chain.resize-cache.f64-identical-geometry;pipeline-chain.resize-cache.identical-geometry;pipeline-chain.resize-native-f32.bicubic-noise-1024x768;pipeline-chain.resize-native-i32.bicubic-noise-1024x768;pipeline-chain.resize-typed.simd-f-resize-transpose;pipeline-chain.resize-typed.simd-i-resize-transform;pipeline-chain.resizeboxed.f-boxed-nearest-noise-512x512;pipeline-chain.reviewed.resize-rotate-crop;pipeline-matrix.expanded.resize.1024x768;pipeline-matrix.expanded.resize.1x1;pipeline-matrix.expanded.resize.256x256;pipeline-matrix.expanded.resize.32x32;pipeline-op.resize.benchmark-materialized;pipeline-op.resize.matrix-32x24;pipeline-op.resizeboxed.benchmark-materialized;pipeline-op.resizeboxed.matrix-32x24
4634a840bcfa479729d707a6acc76a58b002ff6a,true,12.2.1,/Users/lazytrot/work/pillow-rs/pillow-rs-py/python/PIL/__init__.py,/Users/lazytrot/work/pillow-rs/pillow-rs-py/python/pillow_rs/_core.abi3.so,PIL.Image.Image.rotate,method,Image,pillow_rs.image,/Users/lazytrot/work/pillow-rs/pillow-rs-py/python/pillow_rs/image.py,selected_manifest,PIL.Image.Image.rotate,PIL.Image.Image.rotate,method,python-cpu,10,pil-image-image.rotate.standard;pipeline-chain.geometry-material.rotate-rgba-1024x768;pipeline-chain.loaded-10.rgb-jpeg-512x384;pipeline-chain.loaded-10.rgba-png-512x384;pipeline-matrix.expanded.rotate.1024x768;pipeline-matrix.expanded.rotate.1x1;pipeline-matrix.expanded.rotate.256x256;pipeline-matrix.expanded.rotate.32x32;pipeline-op.rotate.benchmark-materialized;pipeline-op.rotate.matrix-32x24
4634a840bcfa479729d707a6acc76a58b002ff6a,true,12.2.1,/Users/lazytrot/work/pillow-rs/pillow-rs-py/python/PIL/__init__.py,/Users/lazytrot/work/pillow-rs/pillow-rs-py/python/pillow_rs/_core.abi3.so,PIL.Image.Image.save,method,Image,pillow_rs.image,/Users/lazytrot/work/pillow-rs/pillow-rs-py/python/pillow_rs/image.py,selected_manifest,PIL.Image.Image.save,PIL.Image.Image.save,method,python-cpu,1,pil-image-image.save.standard
4634a840bcfa479729d707a6acc76a58b002ff6a,true,12.2.1,/Users/lazytrot/work/pillow-rs/pillow-rs-py/python/PIL/__init__.py,/Users/lazytrot/work/pillow-rs/pillow-rs-py/python/pillow_rs/_core.abi3.so,PIL.Image.Image.seek,method,Image,pillow_rs.image,/Users/lazytrot/work/pillow-rs/pillow-rs-py/python/pillow_rs/image.py,selected_manifest,PIL.Image.Image.seek,PIL.Image.Image.seek,method,python-cpu,1,pil-image-image.seek.standard
4634a840bcfa479729d707a6acc76a58b002ff6a,true,12.2.1,/Users/lazytrot/work/pillow-rs/pillow-rs-py/python/PIL/__init__.py,/Users/lazytrot/work/pillow-rs/pillow-rs-py/python/pillow_rs/_core.abi3.so,PIL.Image.Image.show,method,Image,pillow_rs.image,/Users/lazytrot/work/pillow-rs/pillow-rs-py/python/pillow_rs/image.py,outside_selected_manifest,,,,,0,
4634a840bcfa479729d707a6acc76a58b002ff6a,true,12.2.1,/Users/lazytrot/work/pillow-rs/pillow-rs-py/python/PIL/__init__.py,/Users/lazytrot/work/pillow-rs/pillow-rs-py/python/pillow_rs/_core.abi3.so,PIL.Image.Image.size,property,Image,,,selected_manifest,PIL.Image.Image.size,PIL.Image.Image.size,property_get,python-cpu,6,pil-image-image.size.standard;pipeline-chain.metadata-cache.color3dlut-rgb;pipeline-chain.metadata-cache.extractband-rgba;pipeline-chain.metadata-cache.invert-1.rgb;pipeline-chain.metadata-cache.invert-64.rgb;pipeline-chain.metadata-cache.invert-8.l
4634a840bcfa479729d707a6acc76a58b002ff6a,true,12.2.1,/Users/lazytrot/work/pillow-rs/pillow-rs-py/python/PIL/__init__.py,/Users/lazytrot/work/pillow-rs/pillow-rs-py/python/pillow_rs/_core.abi3.so,PIL.Image.Image.split,method,Image,pillow_rs.image,/Users/lazytrot/work/pillow-rs/pillow-rs-py/python/pillow_rs/image.py,selected_manifest,PIL.Image.Image.split,PIL.Image.Image.split,method,python-cpu,2,pil-image-image.split.scalar-f-1024x768;pil-image-image.split.standard
4634a840bcfa479729d707a6acc76a58b002ff6a,true,12.2.1,/Users/lazytrot/work/pillow-rs/pillow-rs-py/python/PIL/__init__.py,/Users/lazytrot/work/pillow-rs/pillow-rs-py/python/pillow_rs/_core.abi3.so,PIL.Image.Image.tell,method,Image,pillow_rs.image,/Users/lazytrot/work/pillow-rs/pillow-rs-py/python/pillow_rs/image.py,selected_manifest,PIL.Image.Image.tell,PIL.Image.Image.tell,method,python-cpu,1,pil-image-image.tell.standard
4634a840bcfa479729d707a6acc76a58b002ff6a,true,12.2.1,/Users/lazytrot/work/pillow-rs/pillow-rs-py/python/PIL/__init__.py,/Users/lazytrot/work/pillow-rs/pillow-rs-py/python/pillow_rs/_core.abi3.so,PIL.Image.Image.thumbnail,method,Image,pillow_rs.image,/Users/lazytrot/work/pillow-rs/pillow-rs-py/python/pillow_rs/image.py,selected_manifest,PIL.Image.Image.thumbnail,PIL.Image.Image.thumbnail,method,python-cpu,7,pil-image-image.thumbnail.standard;pipeline-chain.matrix-000;pipeline-op.thumbnail.benchmark-materialized;pipeline-op.thumbnail.material-rgb-1024x768;pipeline-op.thumbnail.matrix-32x24;pipeline-op.thumbnail.native-f32-1024x768;pipeline-op.thumbnail.native-i32-1024x768
4634a840bcfa479729d707a6acc76a58b002ff6a,true,12.2.1,/Users/lazytrot/work/pillow-rs/pillow-rs-py/python/PIL/__init__.py,/Users/lazytrot/work/pillow-rs/pillow-rs-py/python/pillow_rs/_core.abi3.so,PIL.Image.Image.tobitmap,method,Image,pillow_rs.image,/Users/lazytrot/work/pillow-rs/pillow-rs-py/python/pillow_rs/image.py,selected_manifest,PIL.Image.Image.tobitmap,PIL.Image.Image.tobitmap,method,python-cpu,1,pil-image-image.tobitmap.standard
4634a840bcfa479729d707a6acc76a58b002ff6a,true,12.2.1,/Users/lazytrot/work/pillow-rs/pillow-rs-py/python/PIL/__init__.py,/Users/lazytrot/work/pillow-rs/pillow-rs-py/python/pillow_rs/_core.abi3.so,PIL.Image.Image.tobytes,method,Image,pillow_rs.image,/Users/lazytrot/work/pillow-rs/pillow-rs-py/python/pillow_rs/image.py,selected_manifest,PIL.Image.Image.tobytes,PIL.Image.Image.tobytes,method,python-cpu,1,pil-image-image.tobytes.standard
4634a840bcfa479729d707a6acc76a58b002ff6a,true,12.2.1,/Users/lazytrot/work/pillow-rs/pillow-rs-py/python/PIL/__init__.py,/Users/lazytrot/work/pillow-rs/pillow-rs-py/python/pillow_rs/_core.abi3.so,PIL.Image.Image.toqimage,method,Image,pillow_rs.image,/Users/lazytrot/work/pillow-rs/pillow-rs-py/python/pillow_rs/image.py,selected_manifest,PIL.Image.Image.toqimage,PIL.Image.Image.toqimage,method,python-cpu,0,
4634a840bcfa479729d707a6acc76a58b002ff6a,true,12.2.1,/Users/lazytrot/work/pillow-rs/pillow-rs-py/python/PIL/__init__.py,/Users/lazytrot/work/pillow-rs/pillow-rs-py/python/pillow_rs/_core.abi3.so,PIL.Image.Image.toqpixmap,method,Image,pillow_rs.image,/Users/lazytrot/work/pillow-rs/pillow-rs-py/python/pillow_rs/image.py,selected_manifest,PIL.Image.Image.toqpixmap,PIL.Image.Image.toqpixmap,method,python-cpu,0,
4634a840bcfa479729d707a6acc76a58b002ff6a,true,12.2.1,/Users/lazytrot/work/pillow-rs/pillow-rs-py/python/PIL/__init__.py,/Users/lazytrot/work/pillow-rs/pillow-rs-py/python/pillow_rs/_core.abi3.so,PIL.Image.Image.transform,method,Image,pillow_rs.image,/Users/lazytrot/work/pillow-rs/pillow-rs-py/python/pillow_rs/image.py,selected_manifest,PIL.Image.Image.transform,PIL.Image.Image.transform,method,python-cpu,10,pil-image-image.transform.standard;pipeline-chain.matrix-025;pipeline-chain.matrix-075;pipeline-chain.matrix-081;pipeline-chain.matrix-082;pipeline-chain.matrix-083;pipeline-chain.matrix-084;pipeline-chain.matrix-085;pipeline-op.transform.benchmark-materialized;pipeline-op.transform.matrix-32x24
4634a840bcfa479729d707a6acc76a58b002ff6a,true,12.2.1,/Users/lazytrot/work/pillow-rs/pillow-rs-py/python/PIL/__init__.py,/Users/lazytrot/work/pillow-rs/pillow-rs-py/python/pillow_rs/_core.abi3.so,PIL.Image.Image.transpose,method,Image,pillow_rs.image,/Users/lazytrot/work/pillow-rs/pillow-rs-py/python/pillow_rs/image.py,selected_manifest,PIL.Image.Image.transpose,PIL.Image.Image.transpose,method,python-cpu,40,pil-image-image.transpose.standard;pipeline-chain.geometry-material.transpose-rgba-1024x768;pipeline-chain.geometry-material.transverse-rgb-1024x768;pipeline-chain.matrix-010;pipeline-chain.reviewed.transpose-flip-resize;pipeline-lifecycle.cold.transpose-twice.rgb-1024;pipeline-lifecycle.resident.transpose-twice.rgb-1024;pipeline-matrix.expanded.transpose.1024x768;pipeline-matrix.expanded.transpose.1x1;pipeline-matrix.expanded.transpose.256x256;pipeline-matrix.expanded.transpose.32x32;pipeline-matrix.transpose-tiled.hsv-768x772-rotate90.operation-materialized;pipeline-matrix.transpose-tiled.hsv-768x772-rotate90.whole-workflow;pipeline-matrix.transpose-tiled.rgb-513x515-flip.operation-materialized;pipeline-matrix.transpose-tiled.rgb-513x515-flip.whole-workflow;pipeline-matrix.transpose-tiled.rgb-513x515-mirror.operation-materialized;pipeline-matrix.transpose-tiled.rgb-513x515-mirror.whole-workflow;pipeline-matrix.transpose-tiled.rgb-513x515-rotate180.operation-materialized;pipeline-matrix.transpose-tiled.rgb-513x515-rotate180.whole-workflow;pipeline-matrix.transpose-tiled.rgb-513x515-rotate90.operation-materialized;pipeline-matrix.transpose-tiled.rgb-513x515-rotate90.whole-workflow;pipeline-matrix.transpose-tiled.rgb-768x772-rotate-cancel-mirror.operation-materialized;pipeline-matrix.transpose-tiled.rgb-768x772-rotate-cancel-mirror.whole-workflow;pipeline-matrix.transpose-tiled.rgb-768x772-rotate90.operation-materialized;pipeline-matrix.transpose-tiled.rgb-768x772-rotate90.whole-workflow;pipeline-matrix.transpose-tiled.rgba-1025x1023-transpose-mirror.operation-materialized;pipeline-matrix.transpose-tiled.rgba-1025x1023-transpose-mirror.whole-workflow;pipeline-matrix.transpose-tiled.rgba-515x513-rotate180.operation-materialized;pipeline-matrix.transpose-tiled.rgba-515x513-rotate180.whole-workflow;pipeline-matrix.transpose-tiled.rgba-515x513-rotate90.operation-materialized;pipeline-matrix.transpose-tiled.rgba-515x513-rotate90.whole-workflow;pipeline-matrix.transpose-tiled.rgba-768x769-rotate90.operation-materialized;pipeline-matrix.transpose-tiled.rgba-768x769-rotate90.whole-workflow;pipeline-matrix.transpose-tiled.rgba-772x768-transpose-mirror.operation-materialized;pipeline-matrix.transpose-tiled.rgba-772x768-transpose-mirror.whole-workflow;pipeline-matrix.transpose-tiled.rgba-9x31-transpose-mirror.operation-materialized;pipeline-matrix.transpose-tiled.rgba-9x31-transpose-mirror.whole-workflow;pipeline-op.transpose.benchmark-materialized;pipeline-op.transpose.matrix-32x24;pipeline.quick.transpose-twice.rgb-1024
4634a840bcfa479729d707a6acc76a58b002ff6a,true,12.2.1,/Users/lazytrot/work/pillow-rs/pillow-rs-py/python/PIL/__init__.py,/Users/lazytrot/work/pillow-rs/pillow-rs-py/python/pillow_rs/_core.abi3.so,PIL.Image.Image.verify,method,Image,pillow_rs.image,/Users/lazytrot/work/pillow-rs/pillow-rs-py/python/pillow_rs/image.py,selected_manifest,PIL.Image.Image.verify,PIL.Image.Image.verify,method,python-cpu,4,pil-image-image.verify.standard;pipeline-chain.matrix-030;pipeline-chain.matrix-031;pipeline-chain.matrix-034
4634a840bcfa479729d707a6acc76a58b002ff6a,true,12.2.1,/Users/lazytrot/work/pillow-rs/pillow-rs-py/python/PIL/__init__.py,/Users/lazytrot/work/pillow-rs/pillow-rs-py/python/pillow_rs/_core.abi3.so,PIL.Image.Image.width,property,Image,,,selected_manifest,PIL.Image.Image.width,PIL.Image.Image.width,property_get,python-cpu,1,pil-image-image.width.standard
4634a840bcfa479729d707a6acc76a58b002ff6a,true,12.2.1,/Users/lazytrot/work/pillow-rs/pillow-rs-py/python/PIL/__init__.py,/Users/lazytrot/work/pillow-rs/pillow-rs-py/python/pillow_rs/_core.abi3.so,PIL.Image.ImageFormat,class,Image,pillow_rs.enums,/Users/lazytrot/work/pillow-rs/pillow-rs-py/python/pillow_rs/enums.py,outside_selected_manifest,,,,,0,
4634a840bcfa479729d707a6acc76a58b002ff6a,true,12.2.1,/Users/lazytrot/work/pillow-rs/pillow-rs-py/python/PIL/__init__.py,/Users/lazytrot/work/pillow-rs/pillow-rs-py/python/pillow_rs/_core.abi3.so,PIL.Image.ImageMode,class,Image,pillow_rs.enums,/Users/lazytrot/work/pillow-rs/pillow-rs-py/python/pillow_rs/enums.py,outside_selected_manifest,,,,,0,
4634a840bcfa479729d707a6acc76a58b002ff6a,true,12.2.1,/Users/lazytrot/work/pillow-rs/pillow-rs-py/python/PIL/__init__.py,/Users/lazytrot/work/pillow-rs/pillow-rs-py/python/pillow_rs/_core.abi3.so,PIL.Image.ImagingCore,class,Image,pillow_rs.image,/Users/lazytrot/work/pillow-rs/pillow-rs-py/python/pillow_rs/image.py,outside_selected_manifest,,,,,0,
4634a840bcfa479729d707a6acc76a58b002ff6a,true,12.2.1,/Users/lazytrot/work/pillow-rs/pillow-rs-py/python/PIL/__init__.py,/Users/lazytrot/work/pillow-rs/pillow-rs-py/python/pillow_rs/_core.abi3.so,PIL.Image.ImagingCore.__bytes__,method,Image,pillow_rs.image,/Users/lazytrot/work/pillow-rs/pillow-rs-py/python/pillow_rs/image.py,outside_selected_manifest,,,,,0,
4634a840bcfa479729d707a6acc76a58b002ff6a,true,12.2.1,/Users/lazytrot/work/pillow-rs/pillow-rs-py/python/PIL/__init__.py,/Users/lazytrot/work/pillow-rs/pillow-rs-py/python/pillow_rs/_core.abi3.so,PIL.Image.ImagingCore.__getitem__,method,Image,pillow_rs.image,/Users/lazytrot/work/pillow-rs/pillow-rs-py/python/pillow_rs/image.py,outside_selected_manifest,,,,,0,
4634a840bcfa479729d707a6acc76a58b002ff6a,true,12.2.1,/Users/lazytrot/work/pillow-rs/pillow-rs-py/python/PIL/__init__.py,/Users/lazytrot/work/pillow-rs/pillow-rs-py/python/pillow_rs/_core.abi3.so,PIL.Image.ImagingCore.__iter__,method,Image,pillow_rs.image,/Users/lazytrot/work/pillow-rs/pillow-rs-py/python/pillow_rs/image.py,outside_selected_manifest,,,,,0,
4634a840bcfa479729d707a6acc76a58b002ff6a,true,12.2.1,/Users/lazytrot/work/pillow-rs/pillow-rs-py/python/PIL/__init__.py,/Users/lazytrot/work/pillow-rs/pillow-rs-py/python/pillow_rs/_core.abi3.so,PIL.Image.ImagingCore.__len__,method,Image,pillow_rs.image,/Users/lazytrot/work/pillow-rs/pillow-rs-py/python/pillow_rs/image.py,outside_selected_manifest,,,,,0,
4634a840bcfa479729d707a6acc76a58b002ff6a,true,12.2.1,/Users/lazytrot/work/pillow-rs/pillow-rs-py/python/PIL/__init__.py,/Users/lazytrot/work/pillow-rs/pillow-rs-py/python/pillow_rs/_core.abi3.so,PIL.Image.ImagingCore.mode,property,Image,,,outside_selected_manifest,,,,,0,
4634a840bcfa479729d707a6acc76a58b002ff6a,true,12.2.1,/Users/lazytrot/work/pillow-rs/pillow-rs-py/python/PIL/__init__.py,/Users/lazytrot/work/pillow-rs/pillow-rs-py/python/pillow_rs/_core.abi3.so,PIL.Image.ImagingCore.size,property,Image,,,outside_selected_manifest,,,,,0,
4634a840bcfa479729d707a6acc76a58b002ff6a,true,12.2.1,/Users/lazytrot/work/pillow-rs/pillow-rs-py/python/PIL/__init__.py,/Users/lazytrot/work/pillow-rs/pillow-rs-py/python/pillow_rs/_core.abi3.so,PIL.Image.ImagingCore.tobytes,method,Image,pillow_rs.image,/Users/lazytrot/work/pillow-rs/pillow-rs-py/python/pillow_rs/image.py,outside_selected_manifest,,,,,0,
4634a840bcfa479729d707a6acc76a58b002ff6a,true,12.2.1,/Users/lazytrot/work/pillow-rs/pillow-rs-py/python/PIL/__init__.py,/Users/lazytrot/work/pillow-rs/pillow-rs-py/python/pillow_rs/_core.abi3.so,PIL.Image.Palette,class,Image,pillow_rs.enums,/Users/lazytrot/work/pillow-rs/pillow-rs-py/python/pillow_rs/enums.py,outside_selected_manifest,,,,,0,
4634a840bcfa479729d707a6acc76a58b002ff6a,true,12.2.1,/Users/lazytrot/work/pillow-rs/pillow-rs-py/python/PIL/__init__.py,/Users/lazytrot/work/pillow-rs/pillow-rs-py/python/pillow_rs/_core.abi3.so,PIL.Image.PixelAccess,class,Image,pillow_rs.image,/Users/lazytrot/work/pillow-rs/pillow-rs-py/python/pillow_rs/image.py,outside_selected_manifest,,,,,0,
4634a840bcfa479729d707a6acc76a58b002ff6a,true,12.2.1,/Users/lazytrot/work/pillow-rs/pillow-rs-py/python/PIL/__init__.py,/Users/lazytrot/work/pillow-rs/pillow-rs-py/python/pillow_rs/_core.abi3.so,PIL.Image.PixelAccess.__getitem__,method,Image,pillow_rs.image,/Users/lazytrot/work/pillow-rs/pillow-rs-py/python/pillow_rs/image.py,outside_selected_manifest,,,,,0,
4634a840bcfa479729d707a6acc76a58b002ff6a,true,12.2.1,/Users/lazytrot/work/pillow-rs/pillow-rs-py/python/PIL/__init__.py,/Users/lazytrot/work/pillow-rs/pillow-rs-py/python/pillow_rs/_core.abi3.so,PIL.Image.PixelAccess.__repr__,method,Image,pillow_rs.image,/Users/lazytrot/work/pillow-rs/pillow-rs-py/python/pillow_rs/image.py,outside_selected_manifest,,,,,0,
4634a840bcfa479729d707a6acc76a58b002ff6a,true,12.2.1,/Users/lazytrot/work/pillow-rs/pillow-rs-py/python/PIL/__init__.py,/Users/lazytrot/work/pillow-rs/pillow-rs-py/python/pillow_rs/_core.abi3.so,PIL.Image.PixelAccess.__setitem__,method,Image,pillow_rs.image,/Users/lazytrot/work/pillow-rs/pillow-rs-py/python/pillow_rs/image.py,outside_selected_manifest,,,,,0,
4634a840bcfa479729d707a6acc76a58b002ff6a,true,12.2.1,/Users/lazytrot/work/pillow-rs/pillow-rs-py/python/PIL/__init__.py,/Users/lazytrot/work/pillow-rs/pillow-rs-py/python/pillow_rs/_core.abi3.so,PIL.Image.PixelAccess.__str__,method,Image,pillow_rs.image,/Users/lazytrot/work/pillow-rs/pillow-rs-py/python/pillow_rs/image.py,outside_selected_manifest,,,,,0,
4634a840bcfa479729d707a6acc76a58b002ff6a,true,12.2.1,/Users/lazytrot/work/pillow-rs/pillow-rs-py/python/PIL/__init__.py,/Users/lazytrot/work/pillow-rs/pillow-rs-py/python/pillow_rs/_core.abi3.so,PIL.Image.Resampling,class,Image,pillow_rs.enums,/Users/lazytrot/work/pillow-rs/pillow-rs-py/python/pillow_rs/enums.py,outside_selected_manifest,,,,,0,
4634a840bcfa479729d707a6acc76a58b002ff6a,true,12.2.1,/Users/lazytrot/work/pillow-rs/pillow-rs-py/python/PIL/__init__.py,/Users/lazytrot/work/pillow-rs/pillow-rs-py/python/pillow_rs/_core.abi3.so,PIL.Image.Transpose,class,Image,pillow_rs.enums,/Users/lazytrot/work/pillow-rs/pillow-rs-py/python/pillow_rs/enums.py,outside_selected_manifest,,,,,0,
4634a840bcfa479729d707a6acc76a58b002ff6a,true,12.2.1,/Users/lazytrot/work/pillow-rs/pillow-rs-py/python/PIL/__init__.py,/Users/lazytrot/work/pillow-rs/pillow-rs-py/python/pillow_rs/_core.abi3.so,PIL.Image.Transpose.from_int,method,Image,pillow_rs.enums,/Users/lazytrot/work/pillow-rs/pillow-rs-py/python/pillow_rs/enums.py,outside_selected_manifest,,,,,0,
4634a840bcfa479729d707a6acc76a58b002ff6a,true,12.2.1,/Users/lazytrot/work/pillow-rs/pillow-rs-py/python/PIL/__init__.py,/Users/lazytrot/work/pillow-rs/pillow-rs-py/python/pillow_rs/_core.abi3.so,PIL.Image.UnidentifiedImageError,class,Image,pillow_rs.image,/Users/lazytrot/work/pillow-rs/pillow-rs-py/python/pillow_rs/image.py,outside_selected_manifest,,,,,0,
4634a840bcfa479729d707a6acc76a58b002ff6a,true,12.2.1,/Users/lazytrot/work/pillow-rs/pillow-rs-py/python/PIL/__init__.py,/Users/lazytrot/work/pillow-rs/pillow-rs-py/python/pillow_rs/_core.abi3.so,PIL.Image.alpha_composite,function,Image,pillow_rs.operations,/Users/lazytrot/work/pillow-rs/pillow-rs-py/python/pillow_rs/operations.py,selected_manifest,PIL.Image.alpha_composite,PIL.Image.alpha_composite,function,python-cpu,1,pil-image.alpha-composite.standard
4634a840bcfa479729d707a6acc76a58b002ff6a,true,12.2.1,/Users/lazytrot/work/pillow-rs/pillow-rs-py/python/PIL/__init__.py,/Users/lazytrot/work/pillow-rs/pillow-rs-py/python/pillow_rs/_core.abi3.so,PIL.Image.blend,function,Image,pillow_rs.operations,/Users/lazytrot/work/pillow-rs/pillow-rs-py/python/pillow_rs/operations.py,selected_manifest,PIL.Image.blend,PIL.Image.blend,function,python-cpu,3,pil-image.blend.standard;pipeline-op.blendmodule.benchmark-materialized;pipeline-op.blendmodule.matrix-32x24
4634a840bcfa479729d707a6acc76a58b002ff6a,true,12.2.1,/Users/lazytrot/work/pillow-rs/pillow-rs-py/python/PIL/__init__.py,/Users/lazytrot/work/pillow-rs/pillow-rs-py/python/pillow_rs/_core.abi3.so,PIL.Image.composite,function,Image,pillow_rs.operations,/Users/lazytrot/work/pillow-rs/pillow-rs-py/python/pillow_rs/operations.py,selected_manifest,PIL.Image.composite,PIL.Image.composite,function,python-cpu,3,pil-image.composite.standard;pipeline-op.compositemodule.benchmark-materialized;pipeline-op.compositemodule.matrix-32x24
4634a840bcfa479729d707a6acc76a58b002ff6a,true,12.2.1,/Users/lazytrot/work/pillow-rs/pillow-rs-py/python/PIL/__init__.py,/Users/lazytrot/work/pillow-rs/pillow-rs-py/python/pillow_rs/_core.abi3.so,PIL.Image.convert,function,Image,pillow_rs.operations,/Users/lazytrot/work/pillow-rs/pillow-rs-py/python/pillow_rs/operations.py,outside_selected_manifest,,,,,0,
4634a840bcfa479729d707a6acc76a58b002ff6a,true,12.2.1,/Users/lazytrot/work/pillow-rs/pillow-rs-py/python/PIL/__init__.py,/Users/lazytrot/work/pillow-rs/pillow-rs-py/python/pillow_rs/_core.abi3.so,PIL.Image.crop,function,Image,pillow_rs.operations,/Users/lazytrot/work/pillow-rs/pillow-rs-py/python/pillow_rs/operations.py,outside_selected_manifest,,,,,0,
4634a840bcfa479729d707a6acc76a58b002ff6a,true,12.2.1,/Users/lazytrot/work/pillow-rs/pillow-rs-py/python/PIL/__init__.py,/Users/lazytrot/work/pillow-rs/pillow-rs-py/python/pillow_rs/_core.abi3.so,PIL.Image.effect_mandelbrot,function,Image,pillow_rs.operations,/Users/lazytrot/work/pillow-rs/pillow-rs-py/python/pillow_rs/operations.py,selected_manifest,PIL.Image.effect_mandelbrot,PIL.Image.effect_mandelbrot,function,python-cpu,2,pil-image.effect-mandelbrot.standard;pipeline-op.effectmandelbrot.benchmark-materialized
4634a840bcfa479729d707a6acc76a58b002ff6a,true,12.2.1,/Users/lazytrot/work/pillow-rs/pillow-rs-py/python/PIL/__init__.py,/Users/lazytrot/work/pillow-rs/pillow-rs-py/python/pillow_rs/_core.abi3.so,PIL.Image.effect_noise,function,Image,pillow_rs.operations,/Users/lazytrot/work/pillow-rs/pillow-rs-py/python/pillow_rs/operations.py,selected_manifest,PIL.Image.effect_noise,PIL.Image.effect_noise,function,python-cpu,2,pil-image.effect-noise.standard;pipeline-op.effectnoise.benchmark-materialized
4634a840bcfa479729d707a6acc76a58b002ff6a,true,12.2.1,/Users/lazytrot/work/pillow-rs/pillow-rs-py/python/PIL/__init__.py,/Users/lazytrot/work/pillow-rs/pillow-rs-py/python/pillow_rs/_core.abi3.so,PIL.Image.eval,function,Image,pillow_rs.operations,/Users/lazytrot/work/pillow-rs/pillow-rs-py/python/pillow_rs/operations.py,selected_manifest,PIL.Image.eval,PIL.Image.eval,function,python-cpu,7,pil-image.eval.standard;pipeline-matrix.expanded.eval.1024x768;pipeline-matrix.expanded.eval.1x1;pipeline-matrix.expanded.eval.256x256;pipeline-matrix.expanded.eval.32x32;pipeline-op.eval.benchmark-materialized;pipeline-op.eval.matrix-32x24
4634a840bcfa479729d707a6acc76a58b002ff6a,true,12.2.1,/Users/lazytrot/work/pillow-rs/pillow-rs-py/python/PIL/__init__.py,/Users/lazytrot/work/pillow-rs/pillow-rs-py/python/pillow_rs/_core.abi3.so,PIL.Image.fromarray,function,Image,pillow_rs.operations,/Users/lazytrot/work/pillow-rs/pillow-rs-py/python/pillow_rs/operations.py,selected_manifest,PIL.Image.fromarray,PIL.Image.fromarray,function,python-cpu,1,pil-image.fromarray.standard
4634a840bcfa479729d707a6acc76a58b002ff6a,true,12.2.1,/Users/lazytrot/work/pillow-rs/pillow-rs-py/python/PIL/__init__.py,/Users/lazytrot/work/pillow-rs/pillow-rs-py/python/pillow_rs/_core.abi3.so,PIL.Image.frombuffer,function,Image,pillow_rs.operations,/Users/lazytrot/work/pillow-rs/pillow-rs-py/python/pillow_rs/operations.py,selected_manifest,PIL.Image.frombuffer,PIL.Image.frombuffer,function,python-cpu,1,pil-image.frombuffer.standard
4634a840bcfa479729d707a6acc76a58b002ff6a,true,12.2.1,/Users/lazytrot/work/pillow-rs/pillow-rs-py/python/PIL/__init__.py,/Users/lazytrot/work/pillow-rs/pillow-rs-py/python/pillow_rs/_core.abi3.so,PIL.Image.frombytes,function,Image,pillow_rs.operations,/Users/lazytrot/work/pillow-rs/pillow-rs-py/python/pillow_rs/operations.py,selected_manifest,PIL.Image.frombytes,PIL.Image.frombytes,function,python-cpu,1,pil-image.frombytes.standard
4634a840bcfa479729d707a6acc76a58b002ff6a,true,12.2.1,/Users/lazytrot/work/pillow-rs/pillow-rs-py/python/PIL/__init__.py,/Users/lazytrot/work/pillow-rs/pillow-rs-py/python/pillow_rs/_core.abi3.so,PIL.Image.linear_gradient,function,Image,pillow_rs.operations,/Users/lazytrot/work/pillow-rs/pillow-rs-py/python/pillow_rs/operations.py,selected_manifest,PIL.Image.linear_gradient,PIL.Image.linear_gradient,function,python-cpu,3,pil-image.linear-gradient.standard;pipeline-chain.quantize.linear-gradient;pipeline-op.lineargradient.benchmark-materialized
4634a840bcfa479729d707a6acc76a58b002ff6a,true,12.2.1,/Users/lazytrot/work/pillow-rs/pillow-rs-py/python/PIL/__init__.py,/Users/lazytrot/work/pillow-rs/pillow-rs-py/python/pillow_rs/_core.abi3.so,PIL.Image.merge,function,Image,pillow_rs.operations,/Users/lazytrot/work/pillow-rs/pillow-rs-py/python/pillow_rs/operations.py,selected_manifest,PIL.Image.merge,PIL.Image.merge,function,python-cpu,4,pil-image.merge.standard;pipeline-op.merge.benchmark-materialized;pipeline-op.merge.material-rgb-l-1024x768;pipeline-op.merge.matrix-32x24
4634a840bcfa479729d707a6acc76a58b002ff6a,true,12.2.1,/Users/lazytrot/work/pillow-rs/pillow-rs-py/python/PIL/__init__.py,/Users/lazytrot/work/pillow-rs/pillow-rs-py/python/pillow_rs/_core.abi3.so,PIL.Image.new,function,Image,pillow_rs.operations,/Users/lazytrot/work/pillow-rs/pillow-rs-py/python/pillow_rs/operations.py,selected_manifest,PIL.Image.new,PIL.Image.new,function,python-cpu,1,pil-image.new.standard
4634a840bcfa479729d707a6acc76a58b002ff6a,true,12.2.1,/Users/lazytrot/work/pillow-rs/pillow-rs-py/python/PIL/__init__.py,/Users/lazytrot/work/pillow-rs/pillow-rs-py/python/pillow_rs/_core.abi3.so,PIL.Image.open,function,Image,pillow_rs.operations,/Users/lazytrot/work/pillow-rs/pillow-rs-py/python/pillow_rs/operations.py,selected_manifest,PIL.Image.open,PIL.Image.open,function,python-cpu,3,pil-image.open.standard;pipeline-chain.loaded-10.rgb-jpeg-512x384;pipeline-chain.loaded-10.rgba-png-512x384
4634a840bcfa479729d707a6acc76a58b002ff6a,true,12.2.1,/Users/lazytrot/work/pillow-rs/pillow-rs-py/python/PIL/__init__.py,/Users/lazytrot/work/pillow-rs/pillow-rs-py/python/pillow_rs/_core.abi3.so,PIL.Image.radial_gradient,function,Image,pillow_rs.operations,/Users/lazytrot/work/pillow-rs/pillow-rs-py/python/pillow_rs/operations.py,selected_manifest,PIL.Image.radial_gradient,PIL.Image.radial_gradient,function,python-cpu,4,pil-image.radial-gradient.standard;pipeline-chain.quantize.radial-gradient;pipeline-chain.reviewed.radial-gradient-crop-resize;pipeline-op.radialgradient.benchmark-materialized
4634a840bcfa479729d707a6acc76a58b002ff6a,true,12.2.1,/Users/lazytrot/work/pillow-rs/pillow-rs-py/python/PIL/__init__.py,/Users/lazytrot/work/pillow-rs/pillow-rs-py/python/pillow_rs/_core.abi3.so,PIL.Image.resize,function,Image,pillow_rs.operations,/Users/lazytrot/work/pillow-rs/pillow-rs-py/python/pillow_rs/operations.py,outside_selected_manifest,,,,,0,
4634a840bcfa479729d707a6acc76a58b002ff6a,true,12.2.1,/Users/lazytrot/work/pillow-rs/pillow-rs-py/python/PIL/__init__.py,/Users/lazytrot/work/pillow-rs/pillow-rs-py/python/pillow_rs/_core.abi3.so,PIL.Image.rotate,function,Image,pillow_rs.operations,/Users/lazytrot/work/pillow-rs/pillow-rs-py/python/pillow_rs/operations.py,outside_selected_manifest,,,,,0,
4634a840bcfa479729d707a6acc76a58b002ff6a,true,12.2.1,/Users/lazytrot/work/pillow-rs/pillow-rs-py/python/PIL/__init__.py,/Users/lazytrot/work/pillow-rs/pillow-rs-py/python/pillow_rs/_core.abi3.so,PIL.Image.save,function,Image,pillow_rs.operations,/Users/lazytrot/work/pillow-rs/pillow-rs-py/python/pillow_rs/operations.py,outside_selected_manifest,,,,,0,
4634a840bcfa479729d707a6acc76a58b002ff6a,true,12.2.1,/Users/lazytrot/work/pillow-rs/pillow-rs-py/python/PIL/__init__.py,/Users/lazytrot/work/pillow-rs/pillow-rs-py/python/pillow_rs/_core.abi3.so,PIL.Image.thumbnail,function,Image,pillow_rs.operations,/Users/lazytrot/work/pillow-rs/pillow-rs-py/python/pillow_rs/operations.py,outside_selected_manifest,,,,,0,
4634a840bcfa479729d707a6acc76a58b002ff6a,true,12.2.1,/Users/lazytrot/work/pillow-rs/pillow-rs-py/python/PIL/__init__.py,/Users/lazytrot/work/pillow-rs/pillow-rs-py/python/pillow_rs/_core.abi3.so,PIL.ImageChops.Image,class,ImageChops,pillow_rs.image,/Users/lazytrot/work/pillow-rs/pillow-rs-py/python/pillow_rs/image.py,outside_selected_manifest,,,,,0,
4634a840bcfa479729d707a6acc76a58b002ff6a,true,12.2.1,/Users/lazytrot/work/pillow-rs/pillow-rs-py/python/PIL/__init__.py,/Users/lazytrot/work/pillow-rs/pillow-rs-py/python/pillow_rs/_core.abi3.so,PIL.ImageChops.Image.__eq__,method,ImageChops,pillow_rs.image,/Users/lazytrot/work/pillow-rs/pillow-rs-py/python/pillow_rs/image.py,outside_selected_manifest,,,,,0,
4634a840bcfa479729d707a6acc76a58b002ff6a,true,12.2.1,/Users/lazytrot/work/pillow-rs/pillow-rs-py/python/PIL/__init__.py,/Users/lazytrot/work/pillow-rs/pillow-rs-py/python/pillow_rs/_core.abi3.so,PIL.ImageChops.Image.__repr__,method,ImageChops,pillow_rs.image,/Users/lazytrot/work/pillow-rs/pillow-rs-py/python/pillow_rs/image.py,outside_selected_manifest,,,,,0,
4634a840bcfa479729d707a6acc76a58b002ff6a,true,12.2.1,/Users/lazytrot/work/pillow-rs/pillow-rs-py/python/PIL/__init__.py,/Users/lazytrot/work/pillow-rs/pillow-rs-py/python/pillow_rs/_core.abi3.so,PIL.ImageChops.Image.alpha_composite,method,ImageChops,pillow_rs.image,/Users/lazytrot/work/pillow-rs/pillow-rs-py/python/pillow_rs/image.py,outside_selected_manifest,,,,,0,
4634a840bcfa479729d707a6acc76a58b002ff6a,true,12.2.1,/Users/lazytrot/work/pillow-rs/pillow-rs-py/python/PIL/__init__.py,/Users/lazytrot/work/pillow-rs/pillow-rs-py/python/pillow_rs/_core.abi3.so,PIL.ImageChops.Image.apply_transparency,method,ImageChops,pillow_rs.image,/Users/lazytrot/work/pillow-rs/pillow-rs-py/python/pillow_rs/image.py,outside_selected_manifest,,,,,0,
4634a840bcfa479729d707a6acc76a58b002ff6a,true,12.2.1,/Users/lazytrot/work/pillow-rs/pillow-rs-py/python/PIL/__init__.py,/Users/lazytrot/work/pillow-rs/pillow-rs-py/python/pillow_rs/_core.abi3.so,PIL.ImageChops.Image.close,method,ImageChops,pillow_rs.image,/Users/lazytrot/work/pillow-rs/pillow-rs-py/python/pillow_rs/image.py,outside_selected_manifest,,,,,0,
4634a840bcfa479729d707a6acc76a58b002ff6a,true,12.2.1,/Users/lazytrot/work/pillow-rs/pillow-rs-py/python/PIL/__init__.py,/Users/lazytrot/work/pillow-rs/pillow-rs-py/python/pillow_rs/_core.abi3.so,PIL.ImageChops.Image.convert,method,ImageChops,pillow_rs.image,/Users/lazytrot/work/pillow-rs/pillow-rs-py/python/pillow_rs/image.py,outside_selected_manifest,,,,,0,
4634a840bcfa479729d707a6acc76a58b002ff6a,true,12.2.1,/Users/lazytrot/work/pillow-rs/pillow-rs-py/python/PIL/__init__.py,/Users/lazytrot/work/pillow-rs/pillow-rs-py/python/pillow_rs/_core.abi3.so,PIL.ImageChops.Image.copy,method,ImageChops,pillow_rs.image,/Users/lazytrot/work/pillow-rs/pillow-rs-py/python/pillow_rs/image.py,outside_selected_manifest,,,,,0,
4634a840bcfa479729d707a6acc76a58b002ff6a,true,12.2.1,/Users/lazytrot/work/pillow-rs/pillow-rs-py/python/PIL/__init__.py,/Users/lazytrot/work/pillow-rs/pillow-rs-py/python/pillow_rs/_core.abi3.so,PIL.ImageChops.Image.crop,method,ImageChops,pillow_rs.image,/Users/lazytrot/work/pillow-rs/pillow-rs-py/python/pillow_rs/image.py,outside_selected_manifest,,,,,0,
4634a840bcfa479729d707a6acc76a58b002ff6a,true,12.2.1,/Users/lazytrot/work/pillow-rs/pillow-rs-py/python/PIL/__init__.py,/Users/lazytrot/work/pillow-rs/pillow-rs-py/python/pillow_rs/_core.abi3.so,PIL.ImageChops.Image.draft,method,ImageChops,pillow_rs.image,/Users/lazytrot/work/pillow-rs/pillow-rs-py/python/pillow_rs/image.py,outside_selected_manifest,,,,,0,
4634a840bcfa479729d707a6acc76a58b002ff6a,true,12.2.1,/Users/lazytrot/work/pillow-rs/pillow-rs-py/python/PIL/__init__.py,/Users/lazytrot/work/pillow-rs/pillow-rs-py/python/pillow_rs/_core.abi3.so,PIL.ImageChops.Image.effect_mandelbrot,method,ImageChops,pillow_rs.image,/Users/lazytrot/work/pillow-rs/pillow-rs-py/python/pillow_rs/image.py,outside_selected_manifest,,,,,0,
4634a840bcfa479729d707a6acc76a58b002ff6a,true,12.2.1,/Users/lazytrot/work/pillow-rs/pillow-rs-py/python/PIL/__init__.py,/Users/lazytrot/work/pillow-rs/pillow-rs-py/python/pillow_rs/_core.abi3.so,PIL.ImageChops.Image.effect_noise,method,ImageChops,pillow_rs.image,/Users/lazytrot/work/pillow-rs/pillow-rs-py/python/pillow_rs/image.py,outside_selected_manifest,,,,,0,
4634a840bcfa479729d707a6acc76a58b002ff6a,true,12.2.1,/Users/lazytrot/work/pillow-rs/pillow-rs-py/python/PIL/__init__.py,/Users/lazytrot/work/pillow-rs/pillow-rs-py/python/pillow_rs/_core.abi3.so,PIL.ImageChops.Image.effect_spread,method,ImageChops,pillow_rs.image,/Users/lazytrot/work/pillow-rs/pillow-rs-py/python/pillow_rs/image.py,outside_selected_manifest,,,,,0,
4634a840bcfa479729d707a6acc76a58b002ff6a,true,12.2.1,/Users/lazytrot/work/pillow-rs/pillow-rs-py/python/PIL/__init__.py,/Users/lazytrot/work/pillow-rs/pillow-rs-py/python/pillow_rs/_core.abi3.so,PIL.ImageChops.Image.entropy,method,ImageChops,pillow_rs.image,/Users/lazytrot/work/pillow-rs/pillow-rs-py/python/pillow_rs/image.py,outside_selected_manifest,,,,,0,
4634a840bcfa479729d707a6acc76a58b002ff6a,true,12.2.1,/Users/lazytrot/work/pillow-rs/pillow-rs-py/python/PIL/__init__.py,/Users/lazytrot/work/pillow-rs/pillow-rs-py/python/pillow_rs/_core.abi3.so,PIL.ImageChops.Image.eval,method,ImageChops,pillow_rs.image,/Users/lazytrot/work/pillow-rs/pillow-rs-py/python/pillow_rs/image.py,outside_selected_manifest,,,,,0,
4634a840bcfa479729d707a6acc76a58b002ff6a,true,12.2.1,/Users/lazytrot/work/pillow-rs/pillow-rs-py/python/PIL/__init__.py,/Users/lazytrot/work/pillow-rs/pillow-rs-py/python/pillow_rs/_core.abi3.so,PIL.ImageChops.Image.filter,method,ImageChops,pillow_rs.image,/Users/lazytrot/work/pillow-rs/pillow-rs-py/python/pillow_rs/image.py,outside_selected_manifest,,,,,0,
4634a840bcfa479729d707a6acc76a58b002ff6a,true,12.2.1,/Users/lazytrot/work/pillow-rs/pillow-rs-py/python/PIL/__init__.py,/Users/lazytrot/work/pillow-rs/pillow-rs-py/python/pillow_rs/_core.abi3.so,PIL.ImageChops.Image.format,property,ImageChops,,,outside_selected_manifest,,,,,0,
4634a840bcfa479729d707a6acc76a58b002ff6a,true,12.2.1,/Users/lazytrot/work/pillow-rs/pillow-rs-py/python/PIL/__init__.py,/Users/lazytrot/work/pillow-rs/pillow-rs-py/python/pillow_rs/_core.abi3.so,PIL.ImageChops.Image.fromarray,method,ImageChops,pillow_rs.image,/Users/lazytrot/work/pillow-rs/pillow-rs-py/python/pillow_rs/image.py,outside_selected_manifest,,,,,0,
4634a840bcfa479729d707a6acc76a58b002ff6a,true,12.2.1,/Users/lazytrot/work/pillow-rs/pillow-rs-py/python/PIL/__init__.py,/Users/lazytrot/work/pillow-rs/pillow-rs-py/python/pillow_rs/_core.abi3.so,PIL.ImageChops.Image.frombuffer,method,ImageChops,pillow_rs.image,/Users/lazytrot/work/pillow-rs/pillow-rs-py/python/pillow_rs/image.py,outside_selected_manifest,,,,,0,
4634a840bcfa479729d707a6acc76a58b002ff6a,true,12.2.1,/Users/lazytrot/work/pillow-rs/pillow-rs-py/python/PIL/__init__.py,/Users/lazytrot/work/pillow-rs/pillow-rs-py/python/pillow_rs/_core.abi3.so,PIL.ImageChops.Image.frombytes,method,ImageChops,pillow_rs.image,/Users/lazytrot/work/pillow-rs/pillow-rs-py/python/pillow_rs/image.py,outside_selected_manifest,,,,,0,
4634a840bcfa479729d707a6acc76a58b002ff6a,true,12.2.1,/Users/lazytrot/work/pillow-rs/pillow-rs-py/python/PIL/__init__.py,/Users/lazytrot/work/pillow-rs/pillow-rs-py/python/pillow_rs/_core.abi3.so,PIL.ImageChops.Image.get_child_images,method,ImageChops,pillow_rs.image,/Users/lazytrot/work/pillow-rs/pillow-rs-py/python/pillow_rs/image.py,outside_selected_manifest,,,,,0,
4634a840bcfa479729d707a6acc76a58b002ff6a,true,12.2.1,/Users/lazytrot/work/pillow-rs/pillow-rs-py/python/PIL/__init__.py,/Users/lazytrot/work/pillow-rs/pillow-rs-py/python/pillow_rs/_core.abi3.so,PIL.ImageChops.Image.get_flattened_data,method,ImageChops,pillow_rs.image,/Users/lazytrot/work/pillow-rs/pillow-rs-py/python/pillow_rs/image.py,outside_selected_manifest,,,,,0,
4634a840bcfa479729d707a6acc76a58b002ff6a,true,12.2.1,/Users/lazytrot/work/pillow-rs/pillow-rs-py/python/PIL/__init__.py,/Users/lazytrot/work/pillow-rs/pillow-rs-py/python/pillow_rs/_core.abi3.so,PIL.ImageChops.Image.getbands,method,ImageChops,pillow_rs.image,/Users/lazytrot/work/pillow-rs/pillow-rs-py/python/pillow_rs/image.py,outside_selected_manifest,,,,,0,
4634a840bcfa479729d707a6acc76a58b002ff6a,true,12.2.1,/Users/lazytrot/work/pillow-rs/pillow-rs-py/python/PIL/__init__.py,/Users/lazytrot/work/pillow-rs/pillow-rs-py/python/pillow_rs/_core.abi3.so,PIL.ImageChops.Image.getbbox,method,ImageChops,pillow_rs.image,/Users/lazytrot/work/pillow-rs/pillow-rs-py/python/pillow_rs/image.py,outside_selected_manifest,,,,,0,
4634a840bcfa479729d707a6acc76a58b002ff6a,true,12.2.1,/Users/lazytrot/work/pillow-rs/pillow-rs-py/python/PIL/__init__.py,/Users/lazytrot/work/pillow-rs/pillow-rs-py/python/pillow_rs/_core.abi3.so,PIL.ImageChops.Image.getchannel,method,ImageChops,pillow_rs.image,/Users/lazytrot/work/pillow-rs/pillow-rs-py/python/pillow_rs/image.py,outside_selected_manifest,,,,,0,
4634a840bcfa479729d707a6acc76a58b002ff6a,true,12.2.1,/Users/lazytrot/work/pillow-rs/pillow-rs-py/python/PIL/__init__.py,/Users/lazytrot/work/pillow-rs/pillow-rs-py/python/pillow_rs/_core.abi3.so,PIL.ImageChops.Image.getcolors,method,ImageChops,pillow_rs.image,/Users/lazytrot/work/pillow-rs/pillow-rs-py/python/pillow_rs/image.py,outside_selected_manifest,,,,,0,
4634a840bcfa479729d707a6acc76a58b002ff6a,true,12.2.1,/Users/lazytrot/work/pillow-rs/pillow-rs-py/python/PIL/__init__.py,/Users/lazytrot/work/pillow-rs/pillow-rs-py/python/pillow_rs/_core.abi3.so,PIL.ImageChops.Image.getdata,method,ImageChops,pillow_rs.image,/Users/lazytrot/work/pillow-rs/pillow-rs-py/python/pillow_rs/image.py,outside_selected_manifest,,,,,0,
4634a840bcfa479729d707a6acc76a58b002ff6a,true,12.2.1,/Users/lazytrot/work/pillow-rs/pillow-rs-py/python/PIL/__init__.py,/Users/lazytrot/work/pillow-rs/pillow-rs-py/python/pillow_rs/_core.abi3.so,PIL.ImageChops.Image.getexif,method,ImageChops,pillow_rs.image,/Users/lazytrot/work/pillow-rs/pillow-rs-py/python/pillow_rs/image.py,outside_selected_manifest,,,,,0,
4634a840bcfa479729d707a6acc76a58b002ff6a,true,12.2.1,/Users/lazytrot/work/pillow-rs/pillow-rs-py/python/PIL/__init__.py,/Users/lazytrot/work/pillow-rs/pillow-rs-py/python/pillow_rs/_core.abi3.so,PIL.ImageChops.Image.getextrema,method,ImageChops,pillow_rs.image,/Users/lazytrot/work/pillow-rs/pillow-rs-py/python/pillow_rs/image.py,outside_selected_manifest,,,,,0,
4634a840bcfa479729d707a6acc76a58b002ff6a,true,12.2.1,/Users/lazytrot/work/pillow-rs/pillow-rs-py/python/PIL/__init__.py,/Users/lazytrot/work/pillow-rs/pillow-rs-py/python/pillow_rs/_core.abi3.so,PIL.ImageChops.Image.getim,method,ImageChops,pillow_rs.image,/Users/lazytrot/work/pillow-rs/pillow-rs-py/python/pillow_rs/image.py,outside_selected_manifest,,,,,0,
4634a840bcfa479729d707a6acc76a58b002ff6a,true,12.2.1,/Users/lazytrot/work/pillow-rs/pillow-rs-py/python/PIL/__init__.py,/Users/lazytrot/work/pillow-rs/pillow-rs-py/python/pillow_rs/_core.abi3.so,PIL.ImageChops.Image.getpalette,method,ImageChops,pillow_rs.image,/Users/lazytrot/work/pillow-rs/pillow-rs-py/python/pillow_rs/image.py,outside_selected_manifest,,,,,0,
4634a840bcfa479729d707a6acc76a58b002ff6a,true,12.2.1,/Users/lazytrot/work/pillow-rs/pillow-rs-py/python/PIL/__init__.py,/Users/lazytrot/work/pillow-rs/pillow-rs-py/python/pillow_rs/_core.abi3.so,PIL.ImageChops.Image.getpixel,method,ImageChops,pillow_rs.image,/Users/lazytrot/work/pillow-rs/pillow-rs-py/python/pillow_rs/image.py,outside_selected_manifest,,,,,0,
4634a840bcfa479729d707a6acc76a58b002ff6a,true,12.2.1,/Users/lazytrot/work/pillow-rs/pillow-rs-py/python/PIL/__init__.py,/Users/lazytrot/work/pillow-rs/pillow-rs-py/python/pillow_rs/_core.abi3.so,PIL.ImageChops.Image.getprojection,method,ImageChops,pillow_rs.image,/Users/lazytrot/work/pillow-rs/pillow-rs-py/python/pillow_rs/image.py,outside_selected_manifest,,,,,0,
4634a840bcfa479729d707a6acc76a58b002ff6a,true,12.2.1,/Users/lazytrot/work/pillow-rs/pillow-rs-py/python/PIL/__init__.py,/Users/lazytrot/work/pillow-rs/pillow-rs-py/python/pillow_rs/_core.abi3.so,PIL.ImageChops.Image.getxmp,method,ImageChops,pillow_rs.image,/Users/lazytrot/work/pillow-rs/pillow-rs-py/python/pillow_rs/image.py,outside_selected_manifest,,,,,0,
4634a840bcfa479729d707a6acc76a58b002ff6a,true,12.2.1,/Users/lazytrot/work/pillow-rs/pillow-rs-py/python/PIL/__init__.py,/Users/lazytrot/work/pillow-rs/pillow-rs-py/python/pillow_rs/_core.abi3.so,PIL.ImageChops.Image.has_transparency_data,property,ImageChops,,,outside_selected_manifest,,,,,0,
4634a840bcfa479729d707a6acc76a58b002ff6a,true,12.2.1,/Users/lazytrot/work/pillow-rs/pillow-rs-py/python/PIL/__init__.py,/Users/lazytrot/work/pillow-rs/pillow-rs-py/python/pillow_rs/_core.abi3.so,PIL.ImageChops.Image.height,property,ImageChops,,,outside_selected_manifest,,,,,0,
4634a840bcfa479729d707a6acc76a58b002ff6a,true,12.2.1,/Users/lazytrot/work/pillow-rs/pillow-rs-py/python/PIL/__init__.py,/Users/lazytrot/work/pillow-rs/pillow-rs-py/python/pillow_rs/_core.abi3.so,PIL.ImageChops.Image.histogram,method,ImageChops,pillow_rs.image,/Users/lazytrot/work/pillow-rs/pillow-rs-py/python/pillow_rs/image.py,outside_selected_manifest,,,,,0,
4634a840bcfa479729d707a6acc76a58b002ff6a,true,12.2.1,/Users/lazytrot/work/pillow-rs/pillow-rs-py/python/PIL/__init__.py,/Users/lazytrot/work/pillow-rs/pillow-rs-py/python/pillow_rs/_core.abi3.so,PIL.ImageChops.Image.info,property,ImageChops,,,outside_selected_manifest,,,,,0,
4634a840bcfa479729d707a6acc76a58b002ff6a,true,12.2.1,/Users/lazytrot/work/pillow-rs/pillow-rs-py/python/PIL/__init__.py,/Users/lazytrot/work/pillow-rs/pillow-rs-py/python/pillow_rs/_core.abi3.so,PIL.ImageChops.Image.linear_gradient,method,ImageChops,pillow_rs.image,/Users/lazytrot/work/pillow-rs/pillow-rs-py/python/pillow_rs/image.py,outside_selected_manifest,,,,,0,
4634a840bcfa479729d707a6acc76a58b002ff6a,true,12.2.1,/Users/lazytrot/work/pillow-rs/pillow-rs-py/python/PIL/__init__.py,/Users/lazytrot/work/pillow-rs/pillow-rs-py/python/pillow_rs/_core.abi3.so,PIL.ImageChops.Image.load,method,ImageChops,pillow_rs.image,/Users/lazytrot/work/pillow-rs/pillow-rs-py/python/pillow_rs/image.py,outside_selected_manifest,,,,,0,
4634a840bcfa479729d707a6acc76a58b002ff6a,true,12.2.1,/Users/lazytrot/work/pillow-rs/pillow-rs-py/python/PIL/__init__.py,/Users/lazytrot/work/pillow-rs/pillow-rs-py/python/pillow_rs/_core.abi3.so,PIL.ImageChops.Image.mode,property,ImageChops,,,outside_selected_manifest,,,,,0,
4634a840bcfa479729d707a6acc76a58b002ff6a,true,12.2.1,/Users/lazytrot/work/pillow-rs/pillow-rs-py/python/PIL/__init__.py,/Users/lazytrot/work/pillow-rs/pillow-rs-py/python/pillow_rs/_core.abi3.so,PIL.ImageChops.Image.new,method,ImageChops,pillow_rs.image,/Users/lazytrot/work/pillow-rs/pillow-rs-py/python/pillow_rs/image.py,outside_selected_manifest,,,,,0,
4634a840bcfa479729d707a6acc76a58b002ff6a,true,12.2.1,/Users/lazytrot/work/pillow-rs/pillow-rs-py/python/PIL/__init__.py,/Users/lazytrot/work/pillow-rs/pillow-rs-py/python/pillow_rs/_core.abi3.so,PIL.ImageChops.Image.open,method,ImageChops,pillow_rs.image,/Users/lazytrot/work/pillow-rs/pillow-rs-py/python/pillow_rs/image.py,outside_selected_manifest,,,,,0,
4634a840bcfa479729d707a6acc76a58b002ff6a,true,12.2.1,/Users/lazytrot/work/pillow-rs/pillow-rs-py/python/PIL/__init__.py,/Users/lazytrot/work/pillow-rs/pillow-rs-py/python/pillow_rs/_core.abi3.so,PIL.ImageChops.Image.palette,property,ImageChops,,,outside_selected_manifest,,,,,0,
4634a840bcfa479729d707a6acc76a58b002ff6a,true,12.2.1,/Users/lazytrot/work/pillow-rs/pillow-rs-py/python/PIL/__init__.py,/Users/lazytrot/work/pillow-rs/pillow-rs-py/python/pillow_rs/_core.abi3.so,PIL.ImageChops.Image.paste,method,ImageChops,pillow_rs.image,/Users/lazytrot/work/pillow-rs/pillow-rs-py/python/pillow_rs/image.py,outside_selected_manifest,,,,,0,
4634a840bcfa479729d707a6acc76a58b002ff6a,true,12.2.1,/Users/lazytrot/work/pillow-rs/pillow-rs-py/python/PIL/__init__.py,/Users/lazytrot/work/pillow-rs/pillow-rs-py/python/pillow_rs/_core.abi3.so,PIL.ImageChops.Image.point,method,ImageChops,pillow_rs.image,/Users/lazytrot/work/pillow-rs/pillow-rs-py/python/pillow_rs/image.py,outside_selected_manifest,,,,,0,
4634a840bcfa479729d707a6acc76a58b002ff6a,true,12.2.1,/Users/lazytrot/work/pillow-rs/pillow-rs-py/python/PIL/__init__.py,/Users/lazytrot/work/pillow-rs/pillow-rs-py/python/pillow_rs/_core.abi3.so,PIL.ImageChops.Image.putalpha,method,ImageChops,pillow_rs.image,/Users/lazytrot/work/pillow-rs/pillow-rs-py/python/pillow_rs/image.py,outside_selected_manifest,,,,,0,
4634a840bcfa479729d707a6acc76a58b002ff6a,true,12.2.1,/Users/lazytrot/work/pillow-rs/pillow-rs-py/python/PIL/__init__.py,/Users/lazytrot/work/pillow-rs/pillow-rs-py/python/pillow_rs/_core.abi3.so,PIL.ImageChops.Image.putdata,method,ImageChops,pillow_rs.image,/Users/lazytrot/work/pillow-rs/pillow-rs-py/python/pillow_rs/image.py,outside_selected_manifest,,,,,0,
4634a840bcfa479729d707a6acc76a58b002ff6a,true,12.2.1,/Users/lazytrot/work/pillow-rs/pillow-rs-py/python/PIL/__init__.py,/Users/lazytrot/work/pillow-rs/pillow-rs-py/python/pillow_rs/_core.abi3.so,PIL.ImageChops.Image.putpalette,method,ImageChops,pillow_rs.image,/Users/lazytrot/work/pillow-rs/pillow-rs-py/python/pillow_rs/image.py,outside_selected_manifest,,,,,0,
4634a840bcfa479729d707a6acc76a58b002ff6a,true,12.2.1,/Users/lazytrot/work/pillow-rs/pillow-rs-py/python/PIL/__init__.py,/Users/lazytrot/work/pillow-rs/pillow-rs-py/python/pillow_rs/_core.abi3.so,PIL.ImageChops.Image.putpixel,method,ImageChops,pillow_rs.image,/Users/lazytrot/work/pillow-rs/pillow-rs-py/python/pillow_rs/image.py,outside_selected_manifest,,,,,0,
4634a840bcfa479729d707a6acc76a58b002ff6a,true,12.2.1,/Users/lazytrot/work/pillow-rs/pillow-rs-py/python/PIL/__init__.py,/Users/lazytrot/work/pillow-rs/pillow-rs-py/python/pillow_rs/_core.abi3.so,PIL.ImageChops.Image.quantize,method,ImageChops,pillow_rs.image,/Users/lazytrot/work/pillow-rs/pillow-rs-py/python/pillow_rs/image.py,outside_selected_manifest,,,,,0,
4634a840bcfa479729d707a6acc76a58b002ff6a,true,12.2.1,/Users/lazytrot/work/pillow-rs/pillow-rs-py/python/PIL/__init__.py,/Users/lazytrot/work/pillow-rs/pillow-rs-py/python/pillow_rs/_core.abi3.so,PIL.ImageChops.Image.radial_gradient,method,ImageChops,pillow_rs.image,/Users/lazytrot/work/pillow-rs/pillow-rs-py/python/pillow_rs/image.py,outside_selected_manifest,,,,,0,
4634a840bcfa479729d707a6acc76a58b002ff6a,true,12.2.1,/Users/lazytrot/work/pillow-rs/pillow-rs-py/python/PIL/__init__.py,/Users/lazytrot/work/pillow-rs/pillow-rs-py/python/pillow_rs/_core.abi3.so,PIL.ImageChops.Image.reduce,method,ImageChops,pillow_rs.image,/Users/lazytrot/work/pillow-rs/pillow-rs-py/python/pillow_rs/image.py,outside_selected_manifest,,,,,0,
4634a840bcfa479729d707a6acc76a58b002ff6a,true,12.2.1,/Users/lazytrot/work/pillow-rs/pillow-rs-py/python/PIL/__init__.py,/Users/lazytrot/work/pillow-rs/pillow-rs-py/python/pillow_rs/_core.abi3.so,PIL.ImageChops.Image.remap_palette,method,ImageChops,pillow_rs.image,/Users/lazytrot/work/pillow-rs/pillow-rs-py/python/pillow_rs/image.py,outside_selected_manifest,,,,,0,
4634a840bcfa479729d707a6acc76a58b002ff6a,true,12.2.1,/Users/lazytrot/work/pillow-rs/pillow-rs-py/python/PIL/__init__.py,/Users/lazytrot/work/pillow-rs/pillow-rs-py/python/pillow_rs/_core.abi3.so,PIL.ImageChops.Image.resize,method,ImageChops,pillow_rs.image,/Users/lazytrot/work/pillow-rs/pillow-rs-py/python/pillow_rs/image.py,outside_selected_manifest,,,,,0,
4634a840bcfa479729d707a6acc76a58b002ff6a,true,12.2.1,/Users/lazytrot/work/pillow-rs/pillow-rs-py/python/PIL/__init__.py,/Users/lazytrot/work/pillow-rs/pillow-rs-py/python/pillow_rs/_core.abi3.so,PIL.ImageChops.Image.rotate,method,ImageChops,pillow_rs.image,/Users/lazytrot/work/pillow-rs/pillow-rs-py/python/pillow_rs/image.py,outside_selected_manifest,,,,,0,
4634a840bcfa479729d707a6acc76a58b002ff6a,true,12.2.1,/Users/lazytrot/work/pillow-rs/pillow-rs-py/python/PIL/__init__.py,/Users/lazytrot/work/pillow-rs/pillow-rs-py/python/pillow_rs/_core.abi3.so,PIL.ImageChops.Image.save,method,ImageChops,pillow_rs.image,/Users/lazytrot/work/pillow-rs/pillow-rs-py/python/pillow_rs/image.py,outside_selected_manifest,,,,,0,
4634a840bcfa479729d707a6acc76a58b002ff6a,true,12.2.1,/Users/lazytrot/work/pillow-rs/pillow-rs-py/python/PIL/__init__.py,/Users/lazytrot/work/pillow-rs/pillow-rs-py/python/pillow_rs/_core.abi3.so,PIL.ImageChops.Image.seek,method,ImageChops,pillow_rs.image,/Users/lazytrot/work/pillow-rs/pillow-rs-py/python/pillow_rs/image.py,outside_selected_manifest,,,,,0,
4634a840bcfa479729d707a6acc76a58b002ff6a,true,12.2.1,/Users/lazytrot/work/pillow-rs/pillow-rs-py/python/PIL/__init__.py,/Users/lazytrot/work/pillow-rs/pillow-rs-py/python/pillow_rs/_core.abi3.so,PIL.ImageChops.Image.show,method,ImageChops,pillow_rs.image,/Users/lazytrot/work/pillow-rs/pillow-rs-py/python/pillow_rs/image.py,outside_selected_manifest,,,,,0,
4634a840bcfa479729d707a6acc76a58b002ff6a,true,12.2.1,/Users/lazytrot/work/pillow-rs/pillow-rs-py/python/PIL/__init__.py,/Users/lazytrot/work/pillow-rs/pillow-rs-py/python/pillow_rs/_core.abi3.so,PIL.ImageChops.Image.size,property,ImageChops,,,outside_selected_manifest,,,,,0,
4634a840bcfa479729d707a6acc76a58b002ff6a,true,12.2.1,/Users/lazytrot/work/pillow-rs/pillow-rs-py/python/PIL/__init__.py,/Users/lazytrot/work/pillow-rs/pillow-rs-py/python/pillow_rs/_core.abi3.so,PIL.ImageChops.Image.split,method,ImageChops,pillow_rs.image,/Users/lazytrot/work/pillow-rs/pillow-rs-py/python/pillow_rs/image.py,outside_selected_manifest,,,,,0,
4634a840bcfa479729d707a6acc76a58b002ff6a,true,12.2.1,/Users/lazytrot/work/pillow-rs/pillow-rs-py/python/PIL/__init__.py,/Users/lazytrot/work/pillow-rs/pillow-rs-py/python/pillow_rs/_core.abi3.so,PIL.ImageChops.Image.tell,method,ImageChops,pillow_rs.image,/Users/lazytrot/work/pillow-rs/pillow-rs-py/python/pillow_rs/image.py,outside_selected_manifest,,,,,0,
4634a840bcfa479729d707a6acc76a58b002ff6a,true,12.2.1,/Users/lazytrot/work/pillow-rs/pillow-rs-py/python/PIL/__init__.py,/Users/lazytrot/work/pillow-rs/pillow-rs-py/python/pillow_rs/_core.abi3.so,PIL.ImageChops.Image.thumbnail,method,ImageChops,pillow_rs.image,/Users/lazytrot/work/pillow-rs/pillow-rs-py/python/pillow_rs/image.py,outside_selected_manifest,,,,,0,
4634a840bcfa479729d707a6acc76a58b002ff6a,true,12.2.1,/Users/lazytrot/work/pillow-rs/pillow-rs-py/python/PIL/__init__.py,/Users/lazytrot/work/pillow-rs/pillow-rs-py/python/pillow_rs/_core.abi3.so,PIL.ImageChops.Image.tobitmap,method,ImageChops,pillow_rs.image,/Users/lazytrot/work/pillow-rs/pillow-rs-py/python/pillow_rs/image.py,outside_selected_manifest,,,,,0,
4634a840bcfa479729d707a6acc76a58b002ff6a,true,12.2.1,/Users/lazytrot/work/pillow-rs/pillow-rs-py/python/PIL/__init__.py,/Users/lazytrot/work/pillow-rs/pillow-rs-py/python/pillow_rs/_core.abi3.so,PIL.ImageChops.Image.tobytes,method,ImageChops,pillow_rs.image,/Users/lazytrot/work/pillow-rs/pillow-rs-py/python/pillow_rs/image.py,outside_selected_manifest,,,,,0,
4634a840bcfa479729d707a6acc76a58b002ff6a,true,12.2.1,/Users/lazytrot/work/pillow-rs/pillow-rs-py/python/PIL/__init__.py,/Users/lazytrot/work/pillow-rs/pillow-rs-py/python/pillow_rs/_core.abi3.so,PIL.ImageChops.Image.toqimage,method,ImageChops,pillow_rs.image,/Users/lazytrot/work/pillow-rs/pillow-rs-py/python/pillow_rs/image.py,outside_selected_manifest,,,,,0,
4634a840bcfa479729d707a6acc76a58b002ff6a,true,12.2.1,/Users/lazytrot/work/pillow-rs/pillow-rs-py/python/PIL/__init__.py,/Users/lazytrot/work/pillow-rs/pillow-rs-py/python/pillow_rs/_core.abi3.so,PIL.ImageChops.Image.toqpixmap,method,ImageChops,pillow_rs.image,/Users/lazytrot/work/pillow-rs/pillow-rs-py/python/pillow_rs/image.py,outside_selected_manifest,,,,,0,
4634a840bcfa479729d707a6acc76a58b002ff6a,true,12.2.1,/Users/lazytrot/work/pillow-rs/pillow-rs-py/python/PIL/__init__.py,/Users/lazytrot/work/pillow-rs/pillow-rs-py/python/pillow_rs/_core.abi3.so,PIL.ImageChops.Image.transform,method,ImageChops,pillow_rs.image,/Users/lazytrot/work/pillow-rs/pillow-rs-py/python/pillow_rs/image.py,outside_selected_manifest,,,,,0,
4634a840bcfa479729d707a6acc76a58b002ff6a,true,12.2.1,/Users/lazytrot/work/pillow-rs/pillow-rs-py/python/PIL/__init__.py,/Users/lazytrot/work/pillow-rs/pillow-rs-py/python/pillow_rs/_core.abi3.so,PIL.ImageChops.Image.transpose,method,ImageChops,pillow_rs.image,/Users/lazytrot/work/pillow-rs/pillow-rs-py/python/pillow_rs/image.py,outside_selected_manifest,,,,,0,
4634a840bcfa479729d707a6acc76a58b002ff6a,true,12.2.1,/Users/lazytrot/work/pillow-rs/pillow-rs-py/python/PIL/__init__.py,/Users/lazytrot/work/pillow-rs/pillow-rs-py/python/pillow_rs/_core.abi3.so,PIL.ImageChops.Image.verify,method,ImageChops,pillow_rs.image,/Users/lazytrot/work/pillow-rs/pillow-rs-py/python/pillow_rs/image.py,outside_selected_manifest,,,,,0,
4634a840bcfa479729d707a6acc76a58b002ff6a,true,12.2.1,/Users/lazytrot/work/pillow-rs/pillow-rs-py/python/PIL/__init__.py,/Users/lazytrot/work/pillow-rs/pillow-rs-py/python/pillow_rs/_core.abi3.so,PIL.ImageChops.Image.width,property,ImageChops,,,outside_selected_manifest,,,,,0,
4634a840bcfa479729d707a6acc76a58b002ff6a,true,12.2.1,/Users/lazytrot/work/pillow-rs/pillow-rs-py/python/PIL/__init__.py,/Users/lazytrot/work/pillow-rs/pillow-rs-py/python/pillow_rs/_core.abi3.so,PIL.ImageChops.add,function,ImageChops,pillow_rs.imagechops,/Users/lazytrot/work/pillow-rs/pillow-rs-py/python/pillow_rs/imagechops.py,selected_manifest,PIL.ImageChops.add,PIL.ImageChops.add,function,python-cpu,7,pil-imagechops.add.standard;pipeline-matrix.expanded.add.1024x768;pipeline-matrix.expanded.add.1x1;pipeline-matrix.expanded.add.256x256;pipeline-matrix.expanded.add.32x32;pipeline-op.add.benchmark-materialized;pipeline-op.add.matrix-32x24
4634a840bcfa479729d707a6acc76a58b002ff6a,true,12.2.1,/Users/lazytrot/work/pillow-rs/pillow-rs-py/python/PIL/__init__.py,/Users/lazytrot/work/pillow-rs/pillow-rs-py/python/pillow_rs/_core.abi3.so,PIL.ImageChops.add_modulo,function,ImageChops,pillow_rs.imagechops,/Users/lazytrot/work/pillow-rs/pillow-rs-py/python/pillow_rs/imagechops.py,selected_manifest,PIL.ImageChops.add_modulo,PIL.ImageChops.add_modulo,function,python-cpu,8,pil-imagechops.add-modulo.standard;pipeline-chain.simd-chops.add-modulo-rgb;pipeline-matrix.expanded.addmodulo.1024x768;pipeline-matrix.expanded.addmodulo.1x1;pipeline-matrix.expanded.addmodulo.256x256;pipeline-matrix.expanded.addmodulo.32x32;pipeline-op.addmodulo.benchmark-materialized;pipeline-op.addmodulo.matrix-32x24
4634a840bcfa479729d707a6acc76a58b002ff6a,true,12.2.1,/Users/lazytrot/work/pillow-rs/pillow-rs-py/python/PIL/__init__.py,/Users/lazytrot/work/pillow-rs/pillow-rs-py/python/pillow_rs/_core.abi3.so,PIL.ImageChops.blend,function,ImageChops,pillow_rs.imagechops,/Users/lazytrot/work/pillow-rs/pillow-rs-py/python/pillow_rs/imagechops.py,selected_manifest,PIL.ImageChops.blend,PIL.ImageChops.blend,function,python-cpu,4,pil-imagechops.blend.standard;pipeline-chain.matrix-020;pipeline-op.blend.benchmark-materialized;pipeline-op.blend.matrix-32x24
4634a840bcfa479729d707a6acc76a58b002ff6a,true,12.2.1,/Users/lazytrot/work/pillow-rs/pillow-rs-py/python/PIL/__init__.py,/Users/lazytrot/work/pillow-rs/pillow-rs-py/python/pillow_rs/_core.abi3.so,PIL.ImageChops.composite,function,ImageChops,pillow_rs.imagechops,/Users/lazytrot/work/pillow-rs/pillow-rs-py/python/pillow_rs/imagechops.py,selected_manifest,PIL.ImageChops.composite,PIL.ImageChops.composite,function,python-cpu,7,pil-imagechops.composite.standard;pipeline-matrix.expanded.composite.1024x768;pipeline-matrix.expanded.composite.1x1;pipeline-matrix.expanded.composite.256x256;pipeline-matrix.expanded.composite.32x32;pipeline-op.composite.benchmark-materialized;pipeline-op.composite.matrix-32x24
4634a840bcfa479729d707a6acc76a58b002ff6a,true,12.2.1,/Users/lazytrot/work/pillow-rs/pillow-rs-py/python/PIL/__init__.py,/Users/lazytrot/work/pillow-rs/pillow-rs-py/python/pillow_rs/_core.abi3.so,PIL.ImageChops.constant,function,ImageChops,pillow_rs.imagechops,/Users/lazytrot/work/pillow-rs/pillow-rs-py/python/pillow_rs/imagechops.py,selected_manifest,PIL.ImageChops.constant,PIL.ImageChops.constant,function,python-cpu,7,pil-imagechops.constant.standard;pipeline-chain.simd-constant.1024x1024;pipeline-chain.simd-constant.1024x768;pipeline-chain.simd-constant.256x256;pipeline-chain.simd-constant.32x32;pipeline-op.constant.benchmark-materialized;pipeline-op.constant.matrix-32x24
4634a840bcfa479729d707a6acc76a58b002ff6a,true,12.2.1,/Users/lazytrot/work/pillow-rs/pillow-rs-py/python/PIL/__init__.py,/Users/lazytrot/work/pillow-rs/pillow-rs-py/python/pillow_rs/_core.abi3.so,PIL.ImageChops.darker,function,ImageChops,pillow_rs.imagechops,/Users/lazytrot/work/pillow-rs/pillow-rs-py/python/pillow_rs/imagechops.py,selected_manifest,PIL.ImageChops.darker,PIL.ImageChops.darker,function,python-cpu,8,pil-imagechops.darker.standard;pipeline-chain.simd-chops.darker-rgb;pipeline-matrix.expanded.darker.1024x768;pipeline-matrix.expanded.darker.1x1;pipeline-matrix.expanded.darker.256x256;pipeline-matrix.expanded.darker.32x32;pipeline-op.darker.benchmark-materialized;pipeline-op.darker.matrix-32x24
4634a840bcfa479729d707a6acc76a58b002ff6a,true,12.2.1,/Users/lazytrot/work/pillow-rs/pillow-rs-py/python/PIL/__init__.py,/Users/lazytrot/work/pillow-rs/pillow-rs-py/python/pillow_rs/_core.abi3.so,PIL.ImageChops.difference,function,ImageChops,pillow_rs.imagechops,/Users/lazytrot/work/pillow-rs/pillow-rs-py/python/pillow_rs/imagechops.py,selected_manifest,PIL.ImageChops.difference,PIL.ImageChops.difference,function,python-cpu,9,pil-imagechops.difference.standard;pipeline-chain.matrix-032;pipeline-chain.simd-chops.difference-rgb;pipeline-matrix.expanded.difference.1024x768;pipeline-matrix.expanded.difference.1x1;pipeline-matrix.expanded.difference.256x256;pipeline-matrix.expanded.difference.32x32;pipeline-op.difference.benchmark-materialized;pipeline-op.difference.matrix-32x24
4634a840bcfa479729d707a6acc76a58b002ff6a,true,12.2.1,/Users/lazytrot/work/pillow-rs/pillow-rs-py/python/PIL/__init__.py,/Users/lazytrot/work/pillow-rs/pillow-rs-py/python/pillow_rs/_core.abi3.so,PIL.ImageChops.duplicate,function,ImageChops,pillow_rs.imagechops,/Users/lazytrot/work/pillow-rs/pillow-rs-py/python/pillow_rs/imagechops.py,selected_manifest,PIL.ImageChops.duplicate,PIL.ImageChops.duplicate,function,python-cpu,3,pil-imagechops.duplicate.standard;pipeline-op.duplicate.benchmark-materialized;pipeline-op.duplicate.matrix-32x24
4634a840bcfa479729d707a6acc76a58b002ff6a,true,12.2.1,/Users/lazytrot/work/pillow-rs/pillow-rs-py/python/PIL/__init__.py,/Users/lazytrot/work/pillow-rs/pillow-rs-py/python/pillow_rs/_core.abi3.so,PIL.ImageChops.hard_light,function,ImageChops,pillow_rs.imagechops,/Users/lazytrot/work/pillow-rs/pillow-rs-py/python/pillow_rs/imagechops.py,selected_manifest,PIL.ImageChops.hard_light,PIL.ImageChops.hard_light,function,python-cpu,7,pil-imagechops.hard-light.standard;pipeline-matrix.expanded.hardlight.1024x768;pipeline-matrix.expanded.hardlight.1x1;pipeline-matrix.expanded.hardlight.256x256;pipeline-matrix.expanded.hardlight.32x32;pipeline-op.hardlight.benchmark-materialized;pipeline-op.hardlight.matrix-32x24
4634a840bcfa479729d707a6acc76a58b002ff6a,true,12.2.1,/Users/lazytrot/work/pillow-rs/pillow-rs-py/python/PIL/__init__.py,/Users/lazytrot/work/pillow-rs/pillow-rs-py/python/pillow_rs/_core.abi3.so,PIL.ImageChops.invert,function,ImageChops,pillow_rs.imagechops,/Users/lazytrot/work/pillow-rs/pillow-rs-py/python/pillow_rs/imagechops.py,selected_manifest,PIL.ImageChops.invert,PIL.ImageChops.invert,function,python-cpu,11,pil-imagechops.invert.standard;pipeline-chain.matrix-086;pipeline-chain.matrix-087;pipeline-chain.simd-vector-mirror.l.1024x1024;pipeline-chain.simd-vector-mirror.l.32x32;pipeline-chain.simd-vector-mirror.la.1024x1024;pipeline-chain.simd-vector-mirror.la.32x32;pipeline-chain.simd-vector-mirror.rgba.1024x1024;pipeline-chain.simd-vector-mirror.rgba.32x32;pipeline-op.invertchops.benchmark-materialized;pipeline-op.invertchops.matrix-32x24
4634a840bcfa479729d707a6acc76a58b002ff6a,true,12.2.1,/Users/lazytrot/work/pillow-rs/pillow-rs-py/python/PIL/__init__.py,/Users/lazytrot/work/pillow-rs/pillow-rs-py/python/pillow_rs/_core.abi3.so,PIL.ImageChops.lighter,function,ImageChops,pillow_rs.imagechops,/Users/lazytrot/work/pillow-rs/pillow-rs-py/python/pillow_rs/imagechops.py,selected_manifest,PIL.ImageChops.lighter,PIL.ImageChops.lighter,function,python-cpu,8,pil-imagechops.lighter.standard;pipeline-chain.simd-chops.lighter-rgb;pipeline-matrix.expanded.lighter.1024x768;pipeline-matrix.expanded.lighter.1x1;pipeline-matrix.expanded.lighter.256x256;pipeline-matrix.expanded.lighter.32x32;pipeline-op.lighter.benchmark-materialized;pipeline-op.lighter.matrix-32x24
4634a840bcfa479729d707a6acc76a58b002ff6a,true,12.2.1,/Users/lazytrot/work/pillow-rs/pillow-rs-py/python/PIL/__init__.py,/Users/lazytrot/work/pillow-rs/pillow-rs-py/python/pillow_rs/_core.abi3.so,PIL.ImageChops.logical_and,function,ImageChops,pillow_rs.imagechops,/Users/lazytrot/work/pillow-rs/pillow-rs-py/python/pillow_rs/imagechops.py,selected_manifest,PIL.ImageChops.logical_and,PIL.ImageChops.logical_and,function,python-cpu,7,pil-imagechops.logical-and.standard;pipeline-chain.simd-chops.logical-and-1;pipeline-matrix.expanded.logicaland.1024x768;pipeline-matrix.expanded.logicaland.1x1;pipeline-matrix.expanded.logicaland.256x256;pipeline-matrix.expanded.logicaland.32x32;pipeline-op.logicaland.benchmark-materialized
4634a840bcfa479729d707a6acc76a58b002ff6a,true,12.2.1,/Users/lazytrot/work/pillow-rs/pillow-rs-py/python/PIL/__init__.py,/Users/lazytrot/work/pillow-rs/pillow-rs-py/python/pillow_rs/_core.abi3.so,PIL.ImageChops.logical_or,function,ImageChops,pillow_rs.imagechops,/Users/lazytrot/work/pillow-rs/pillow-rs-py/python/pillow_rs/imagechops.py,selected_manifest,PIL.ImageChops.logical_or,PIL.ImageChops.logical_or,function,python-cpu,7,pil-imagechops.logical-or.standard;pipeline-chain.simd-chops.logical-or-1;pipeline-matrix.expanded.logicalor.1024x768;pipeline-matrix.expanded.logicalor.1x1;pipeline-matrix.expanded.logicalor.256x256;pipeline-matrix.expanded.logicalor.32x32;pipeline-op.logicalor.benchmark-materialized
4634a840bcfa479729d707a6acc76a58b002ff6a,true,12.2.1,/Users/lazytrot/work/pillow-rs/pillow-rs-py/python/PIL/__init__.py,/Users/lazytrot/work/pillow-rs/pillow-rs-py/python/pillow_rs/_core.abi3.so,PIL.ImageChops.logical_xor,function,ImageChops,pillow_rs.imagechops,/Users/lazytrot/work/pillow-rs/pillow-rs-py/python/pillow_rs/imagechops.py,selected_manifest,PIL.ImageChops.logical_xor,PIL.ImageChops.logical_xor,function,python-cpu,7,pil-imagechops.logical-xor.standard;pipeline-chain.simd-chops.logical-xor-1;pipeline-matrix.expanded.logicalxor.1024x768;pipeline-matrix.expanded.logicalxor.1x1;pipeline-matrix.expanded.logicalxor.256x256;pipeline-matrix.expanded.logicalxor.32x32;pipeline-op.logicalxor.benchmark-materialized
4634a840bcfa479729d707a6acc76a58b002ff6a,true,12.2.1,/Users/lazytrot/work/pillow-rs/pillow-rs-py/python/PIL/__init__.py,/Users/lazytrot/work/pillow-rs/pillow-rs-py/python/pillow_rs/_core.abi3.so,PIL.ImageChops.multiply,function,ImageChops,pillow_rs.imagechops,/Users/lazytrot/work/pillow-rs/pillow-rs-py/python/pillow_rs/imagechops.py,selected_manifest,PIL.ImageChops.multiply,PIL.ImageChops.multiply,function,python-cpu,23,pil-imagechops.multiply.standard;pipeline-chain.fused-chops.multiply-screen-distinct-secondary.l.1024x1024;pipeline-chain.fused-chops.multiply-screen-distinct-secondary.la.1024x1024;pipeline-chain.fused-chops.multiply-screen-distinct-secondary.rgb.1024x1024;pipeline-chain.fused-chops.multiply-screen-distinct-secondary.rgba.1024x1024;pipeline-chain.fused-chops.multiply-screen.l.1024x1024;pipeline-chain.fused-chops.multiply-screen.l.256x256;pipeline-chain.fused-chops.multiply-screen.la.1024x1024;pipeline-chain.fused-chops.multiply-screen.la.256x256;pipeline-chain.fused-chops.multiply-screen.rgb.1024x1024;pipeline-chain.fused-chops.multiply-screen.rgb.256x256;pipeline-chain.fused-chops.multiply-screen.rgba.1024x1024;pipeline-chain.fused-chops.multiply-screen.rgba.256x256;pipeline-chain.long-auxiliary.multiply-screen-260;pipeline-lifecycle.cold.multiply-screen.rgb-1024;pipeline-lifecycle.resident.multiply-screen.rgb-1024;pipeline-matrix.expanded.multiply.1024x768;pipeline-matrix.expanded.multiply.1x1;pipeline-matrix.expanded.multiply.256x256;pipeline-matrix.expanded.multiply.32x32;pipeline-op.multiply.benchmark-materialized;pipeline-op.multiply.matrix-32x24;pipeline.quick.multiply-screen.rgb-1024
4634a840bcfa479729d707a6acc76a58b002ff6a,true,12.2.1,/Users/lazytrot/work/pillow-rs/pillow-rs-py/python/PIL/__init__.py,/Users/lazytrot/work/pillow-rs/pillow-rs-py/python/pillow_rs/_core.abi3.so,PIL.ImageChops.offset,function,ImageChops,pillow_rs.imagechops,/Users/lazytrot/work/pillow-rs/pillow-rs-py/python/pillow_rs/imagechops.py,selected_manifest,PIL.ImageChops.offset,PIL.ImageChops.offset,function,python-cpu,3,pil-imagechops.offset.standard;pipeline-op.offset.benchmark-materialized;pipeline-op.offset.matrix-32x24
4634a840bcfa479729d707a6acc76a58b002ff6a,true,12.2.1,/Users/lazytrot/work/pillow-rs/pillow-rs-py/python/PIL/__init__.py,/Users/lazytrot/work/pillow-rs/pillow-rs-py/python/pillow_rs/_core.abi3.so,PIL.ImageChops.overlay,function,ImageChops,pillow_rs.imagechops,/Users/lazytrot/work/pillow-rs/pillow-rs-py/python/pillow_rs/imagechops.py,selected_manifest,PIL.ImageChops.overlay,PIL.ImageChops.overlay,function,python-cpu,7,pil-imagechops.overlay.standard;pipeline-matrix.expanded.overlay.1024x768;pipeline-matrix.expanded.overlay.1x1;pipeline-matrix.expanded.overlay.256x256;pipeline-matrix.expanded.overlay.32x32;pipeline-op.overlay.benchmark-materialized;pipeline-op.overlay.matrix-32x24
4634a840bcfa479729d707a6acc76a58b002ff6a,true,12.2.1,/Users/lazytrot/work/pillow-rs/pillow-rs-py/python/PIL/__init__.py,/Users/lazytrot/work/pillow-rs/pillow-rs-py/python/pillow_rs/_core.abi3.so,PIL.ImageChops.screen,function,ImageChops,pillow_rs.imagechops,/Users/lazytrot/work/pillow-rs/pillow-rs-py/python/pillow_rs/imagechops.py,selected_manifest,PIL.ImageChops.screen,PIL.ImageChops.screen,function,python-cpu,26,pil-imagechops.screen.standard;pipeline-chain.fused-chops.multiply-screen-distinct-secondary.l.1024x1024;pipeline-chain.fused-chops.multiply-screen-distinct-secondary.la.1024x1024;pipeline-chain.fused-chops.multiply-screen-distinct-secondary.rgb.1024x1024;pipeline-chain.fused-chops.multiply-screen-distinct-secondary.rgba.1024x1024;pipeline-chain.fused-chops.multiply-screen.l.1024x1024;pipeline-chain.fused-chops.multiply-screen.l.256x256;pipeline-chain.fused-chops.multiply-screen.la.1024x1024;pipeline-chain.fused-chops.multiply-screen.la.256x256;pipeline-chain.fused-chops.multiply-screen.rgb.1024x1024;pipeline-chain.fused-chops.multiply-screen.rgb.256x256;pipeline-chain.fused-chops.multiply-screen.rgba.1024x1024;pipeline-chain.fused-chops.multiply-screen.rgba.256x256;pipeline-chain.long-auxiliary.multiply-screen-260;pipeline-chain.matrix-006;pipeline-chain.matrix-007;pipeline-chain.reviewed.multiply-screen-invert;pipeline-lifecycle.cold.multiply-screen.rgb-1024;pipeline-lifecycle.resident.multiply-screen.rgb-1024;pipeline-matrix.expanded.screen.1024x768;pipeline-matrix.expanded.screen.1x1;pipeline-matrix.expanded.screen.256x256;pipeline-matrix.expanded.screen.32x32;pipeline-op.screen.benchmark-materialized;pipeline-op.screen.matrix-32x24;pipeline.quick.multiply-screen.rgb-1024
4634a840bcfa479729d707a6acc76a58b002ff6a,true,12.2.1,/Users/lazytrot/work/pillow-rs/pillow-rs-py/python/PIL/__init__.py,/Users/lazytrot/work/pillow-rs/pillow-rs-py/python/pillow_rs/_core.abi3.so,PIL.ImageChops.soft_light,function,ImageChops,pillow_rs.imagechops,/Users/lazytrot/work/pillow-rs/pillow-rs-py/python/pillow_rs/imagechops.py,selected_manifest,PIL.ImageChops.soft_light,PIL.ImageChops.soft_light,function,python-cpu,7,pil-imagechops.soft-light.standard;pipeline-matrix.expanded.softlight.1024x768;pipeline-matrix.expanded.softlight.1x1;pipeline-matrix.expanded.softlight.256x256;pipeline-matrix.expanded.softlight.32x32;pipeline-op.softlight.benchmark-materialized;pipeline-op.softlight.matrix-32x24
4634a840bcfa479729d707a6acc76a58b002ff6a,true,12.2.1,/Users/lazytrot/work/pillow-rs/pillow-rs-py/python/PIL/__init__.py,/Users/lazytrot/work/pillow-rs/pillow-rs-py/python/pillow_rs/_core.abi3.so,PIL.ImageChops.subtract,function,ImageChops,pillow_rs.imagechops,/Users/lazytrot/work/pillow-rs/pillow-rs-py/python/pillow_rs/imagechops.py,selected_manifest,PIL.ImageChops.subtract,PIL.ImageChops.subtract,function,python-cpu,7,pil-imagechops.subtract.standard;pipeline-matrix.expanded.subtract.1024x768;pipeline-matrix.expanded.subtract.1x1;pipeline-matrix.expanded.subtract.256x256;pipeline-matrix.expanded.subtract.32x32;pipeline-op.subtract.benchmark-materialized;pipeline-op.subtract.matrix-32x24
4634a840bcfa479729d707a6acc76a58b002ff6a,true,12.2.1,/Users/lazytrot/work/pillow-rs/pillow-rs-py/python/PIL/__init__.py,/Users/lazytrot/work/pillow-rs/pillow-rs-py/python/pillow_rs/_core.abi3.so,PIL.ImageChops.subtract_modulo,function,ImageChops,pillow_rs.imagechops,/Users/lazytrot/work/pillow-rs/pillow-rs-py/python/pillow_rs/imagechops.py,selected_manifest,PIL.ImageChops.subtract_modulo,PIL.ImageChops.subtract_modulo,function,python-cpu,8,pil-imagechops.subtract-modulo.standard;pipeline-chain.simd-chops.subtract-modulo-rgb;pipeline-matrix.expanded.subtractmodulo.1024x768;pipeline-matrix.expanded.subtractmodulo.1x1;pipeline-matrix.expanded.subtractmodulo.256x256;pipeline-matrix.expanded.subtractmodulo.32x32;pipeline-op.subtractmodulo.benchmark-materialized;pipeline-op.subtractmodulo.matrix-32x24
4634a840bcfa479729d707a6acc76a58b002ff6a,true,12.2.1,/Users/lazytrot/work/pillow-rs/pillow-rs-py/python/PIL/__init__.py,/Users/lazytrot/work/pillow-rs/pillow-rs-py/python/pillow_rs/_core.abi3.so,PIL.ImageColor.getcolor,function,PIL,,,selected_manifest,PIL.ImageColor.getcolor,PIL.ImageColor.getcolor,function,python-cpu,1,pil-imagecolor.getcolor.standard
4634a840bcfa479729d707a6acc76a58b002ff6a,true,12.2.1,/Users/lazytrot/work/pillow-rs/pillow-rs-py/python/PIL/__init__.py,/Users/lazytrot/work/pillow-rs/pillow-rs-py/python/pillow_rs/_core.abi3.so,PIL.ImageColor.getrgb,function,PIL,,,selected_manifest,PIL.ImageColor.getrgb,PIL.ImageColor.getrgb,function,python-cpu,1,pil-imagecolor.getrgb.standard
4634a840bcfa479729d707a6acc76a58b002ff6a,true,12.2.1,/Users/lazytrot/work/pillow-rs/pillow-rs-py/python/PIL/__init__.py,/Users/lazytrot/work/pillow-rs/pillow-rs-py/python/pillow_rs/_core.abi3.so,PIL.ImageDraw.Draw,class,ImageDraw,pillow_rs.imagedraw,/Users/lazytrot/work/pillow-rs/pillow-rs-py/python/pillow_rs/imagedraw.py,selected_manifest,PIL.ImageDraw.Draw,PIL.ImageDraw.Draw,function,python-cpu,1,pil-imagedraw.draw.standard
4634a840bcfa479729d707a6acc76a58b002ff6a,true,12.2.1,/Users/lazytrot/work/pillow-rs/pillow-rs-py/python/PIL/__init__.py,/Users/lazytrot/work/pillow-rs/pillow-rs-py/python/pillow_rs/_core.abi3.so,PIL.ImageDraw.Draw.arc,method,ImageDraw,pillow_rs.imagedraw,/Users/lazytrot/work/pillow-rs/pillow-rs-py/python/pillow_rs/imagedraw.py,selected_manifest,PIL.ImageDraw.ImageDraw.arc,PIL.ImageDraw.ImageDraw.arc,method,python-cpu,3,pil-imagedraw-imagedraw.arc.standard;pipeline-op.drawarc.benchmark-materialized;pipeline-op.drawarc.matrix-32x24
4634a840bcfa479729d707a6acc76a58b002ff6a,true,12.2.1,/Users/lazytrot/work/pillow-rs/pillow-rs-py/python/PIL/__init__.py,/Users/lazytrot/work/pillow-rs/pillow-rs-py/python/pillow_rs/_core.abi3.so,PIL.ImageDraw.Draw.bitmap,method,ImageDraw,pillow_rs.imagedraw,/Users/lazytrot/work/pillow-rs/pillow-rs-py/python/pillow_rs/imagedraw.py,selected_manifest,PIL.ImageDraw.ImageDraw.bitmap,PIL.ImageDraw.ImageDraw.bitmap,method,python-cpu,4,pil-imagedraw-imagedraw.bitmap.cmyk-1024x768;pil-imagedraw-imagedraw.bitmap.native-rgb-1024x768;pil-imagedraw-imagedraw.bitmap.rgba-context-rgb-1024x768;pil-imagedraw-imagedraw.bitmap.standard
4634a840bcfa479729d707a6acc76a58b002ff6a,true,12.2.1,/Users/lazytrot/work/pillow-rs/pillow-rs-py/python/PIL/__init__.py,/Users/lazytrot/work/pillow-rs/pillow-rs-py/python/pillow_rs/_core.abi3.so,PIL.ImageDraw.Draw.chord,method,ImageDraw,pillow_rs.imagedraw,/Users/lazytrot/work/pillow-rs/pillow-rs-py/python/pillow_rs/imagedraw.py,selected_manifest,PIL.ImageDraw.ImageDraw.chord,PIL.ImageDraw.ImageDraw.chord,method,python-cpu,3,pil-imagedraw-imagedraw.chord.standard;pipeline-op.drawchord.benchmark-materialized;pipeline-op.drawchord.matrix-32x24
4634a840bcfa479729d707a6acc76a58b002ff6a,true,12.2.1,/Users/lazytrot/work/pillow-rs/pillow-rs-py/python/PIL/__init__.py,/Users/lazytrot/work/pillow-rs/pillow-rs-py/python/pillow_rs/_core.abi3.so,PIL.ImageDraw.Draw.circle,method,ImageDraw,pillow_rs.imagedraw,/Users/lazytrot/work/pillow-rs/pillow-rs-py/python/pillow_rs/imagedraw.py,selected_manifest,PIL.ImageDraw.ImageDraw.circle,PIL.ImageDraw.ImageDraw.circle,method,python-cpu,3,pil-imagedraw-imagedraw.circle.standard;pipeline-op.drawcircle.benchmark-materialized;pipeline-op.drawcircle.matrix-32x24
4634a840bcfa479729d707a6acc76a58b002ff6a,true,12.2.1,/Users/lazytrot/work/pillow-rs/pillow-rs-py/python/PIL/__init__.py,/Users/lazytrot/work/pillow-rs/pillow-rs-py/python/pillow_rs/_core.abi3.so,PIL.ImageDraw.Draw.ellipse,method,ImageDraw,pillow_rs.imagedraw,/Users/lazytrot/work/pillow-rs/pillow-rs-py/python/pillow_rs/imagedraw.py,selected_manifest,PIL.ImageDraw.ImageDraw.ellipse,PIL.ImageDraw.ImageDraw.ellipse,method,python-cpu,3,pil-imagedraw-imagedraw.ellipse.standard;pipeline-op.drawellipse.benchmark-materialized;pipeline-op.drawellipse.matrix-32x24
4634a840bcfa479729d707a6acc76a58b002ff6a,true,12.2.1,/Users/lazytrot/work/pillow-rs/pillow-rs-py/python/PIL/__init__.py,/Users/lazytrot/work/pillow-rs/pillow-rs-py/python/pillow_rs/_core.abi3.so,PIL.ImageDraw.Draw.getfont,method,ImageDraw,pillow_rs.imagedraw,/Users/lazytrot/work/pillow-rs/pillow-rs-py/python/pillow_rs/imagedraw.py,selected_manifest,PIL.ImageDraw.ImageDraw.getfont,PIL.ImageDraw.ImageDraw.getfont,method,python-cpu,1,pil-imagedraw-imagedraw.getfont.standard
4634a840bcfa479729d707a6acc76a58b002ff6a,true,12.2.1,/Users/lazytrot/work/pillow-rs/pillow-rs-py/python/PIL/__init__.py,/Users/lazytrot/work/pillow-rs/pillow-rs-py/python/pillow_rs/_core.abi3.so,PIL.ImageDraw.Draw.line,method,ImageDraw,pillow_rs.imagedraw,/Users/lazytrot/work/pillow-rs/pillow-rs-py/python/pillow_rs/imagedraw.py,selected_manifest,PIL.ImageDraw.ImageDraw.line,PIL.ImageDraw.ImageDraw.line,method,python-cpu,5,pil-imagedraw-imagedraw.line.standard;pipeline-chain.matrix-022;pipeline-chain.reviewed.draw-filter-invert;pipeline-op.drawline.benchmark-materialized;pipeline-op.drawline.matrix-32x24
4634a840bcfa479729d707a6acc76a58b002ff6a,true,12.2.1,/Users/lazytrot/work/pillow-rs/pillow-rs-py/python/PIL/__init__.py,/Users/lazytrot/work/pillow-rs/pillow-rs-py/python/pillow_rs/_core.abi3.so,PIL.ImageDraw.Draw.multiline_text,method,ImageDraw,pillow_rs.imagedraw,/Users/lazytrot/work/pillow-rs/pillow-rs-py/python/pillow_rs/imagedraw.py,selected_manifest,PIL.ImageDraw.ImageDraw.multiline_text,PIL.ImageDraw.ImageDraw.multiline_text,method,python-cpu,1,pil-imagedraw-imagedraw.multiline-text.standard
4634a840bcfa479729d707a6acc76a58b002ff6a,true,12.2.1,/Users/lazytrot/work/pillow-rs/pillow-rs-py/python/PIL/__init__.py,/Users/lazytrot/work/pillow-rs/pillow-rs-py/python/pillow_rs/_core.abi3.so,PIL.ImageDraw.Draw.multiline_textbbox,method,ImageDraw,pillow_rs.imagedraw,/Users/lazytrot/work/pillow-rs/pillow-rs-py/python/pillow_rs/imagedraw.py,selected_manifest,PIL.ImageDraw.ImageDraw.multiline_textbbox,PIL.ImageDraw.ImageDraw.multiline_textbbox,method,python-cpu,1,pil-imagedraw-imagedraw.multiline-textbbox.standard
4634a840bcfa479729d707a6acc76a58b002ff6a,true,12.2.1,/Users/lazytrot/work/pillow-rs/pillow-rs-py/python/PIL/__init__.py,/Users/lazytrot/work/pillow-rs/pillow-rs-py/python/pillow_rs/_core.abi3.so,PIL.ImageDraw.Draw.pieslice,method,ImageDraw,pillow_rs.imagedraw,/Users/lazytrot/work/pillow-rs/pillow-rs-py/python/pillow_rs/imagedraw.py,selected_manifest,PIL.ImageDraw.ImageDraw.pieslice,PIL.ImageDraw.ImageDraw.pieslice,method,python-cpu,3,pil-imagedraw-imagedraw.pieslice.standard;pipeline-op.drawpieslice.benchmark-materialized;pipeline-op.drawpieslice.matrix-32x24
4634a840bcfa479729d707a6acc76a58b002ff6a,true,12.2.1,/Users/lazytrot/work/pillow-rs/pillow-rs-py/python/PIL/__init__.py,/Users/lazytrot/work/pillow-rs/pillow-rs-py/python/pillow_rs/_core.abi3.so,PIL.ImageDraw.Draw.point,method,ImageDraw,pillow_rs.imagedraw,/Users/lazytrot/work/pillow-rs/pillow-rs-py/python/pillow_rs/imagedraw.py,selected_manifest,PIL.ImageDraw.ImageDraw.point,PIL.ImageDraw.ImageDraw.point,method,python-cpu,3,pil-imagedraw-imagedraw.point.standard;pipeline-op.drawpoint.benchmark-materialized;pipeline-op.drawpoint.matrix-32x24
4634a840bcfa479729d707a6acc76a58b002ff6a,true,12.2.1,/Users/lazytrot/work/pillow-rs/pillow-rs-py/python/PIL/__init__.py,/Users/lazytrot/work/pillow-rs/pillow-rs-py/python/pillow_rs/_core.abi3.so,PIL.ImageDraw.Draw.polygon,method,ImageDraw,pillow_rs.imagedraw,/Users/lazytrot/work/pillow-rs/pillow-rs-py/python/pillow_rs/imagedraw.py,selected_manifest,PIL.ImageDraw.ImageDraw.polygon,PIL.ImageDraw.ImageDraw.polygon,method,python-cpu,5,pil-imagedraw-imagedraw.polygon.standard;pipeline-chain.matrix-023;pipeline-chain.reviewed.draw-batch-rgb-shapes;pipeline-op.drawpolygon.benchmark-materialized;pipeline-op.drawpolygon.matrix-32x24
4634a840bcfa479729d707a6acc76a58b002ff6a,true,12.2.1,/Users/lazytrot/work/pillow-rs/pillow-rs-py/python/PIL/__init__.py,/Users/lazytrot/work/pillow-rs/pillow-rs-py/python/pillow_rs/_core.abi3.so,PIL.ImageDraw.Draw.rectangle,method,ImageDraw,pillow_rs.imagedraw,/Users/lazytrot/work/pillow-rs/pillow-rs-py/python/pillow_rs/imagedraw.py,selected_manifest,PIL.ImageDraw.ImageDraw.rectangle,PIL.ImageDraw.ImageDraw.rectangle,method,python-cpu,3,pil-imagedraw-imagedraw.rectangle.standard;pipeline-op.drawrectangle.benchmark-materialized;pipeline-op.drawrectangle.matrix-32x24
4634a840bcfa479729d707a6acc76a58b002ff6a,true,12.2.1,/Users/lazytrot/work/pillow-rs/pillow-rs-py/python/PIL/__init__.py,/Users/lazytrot/work/pillow-rs/pillow-rs-py/python/pillow_rs/_core.abi3.so,PIL.ImageDraw.Draw.regular_polygon,method,ImageDraw,pillow_rs.imagedraw,/Users/lazytrot/work/pillow-rs/pillow-rs-py/python/pillow_rs/imagedraw.py,selected_manifest,PIL.ImageDraw.ImageDraw.regular_polygon,PIL.ImageDraw.ImageDraw.regular_polygon,method,python-cpu,1,pil-imagedraw-imagedraw.regular-polygon.standard
4634a840bcfa479729d707a6acc76a58b002ff6a,true,12.2.1,/Users/lazytrot/work/pillow-rs/pillow-rs-py/python/PIL/__init__.py,/Users/lazytrot/work/pillow-rs/pillow-rs-py/python/pillow_rs/_core.abi3.so,PIL.ImageDraw.Draw.rounded_rectangle,method,ImageDraw,pillow_rs.imagedraw,/Users/lazytrot/work/pillow-rs/pillow-rs-py/python/pillow_rs/imagedraw.py,selected_manifest,PIL.ImageDraw.ImageDraw.rounded_rectangle,PIL.ImageDraw.ImageDraw.rounded_rectangle,method,python-cpu,5,pil-imagedraw-imagedraw.rounded-rectangle.standard;pipeline-chain.matrix-024;pipeline-chain.reviewed.draw-batch-rgba-alpha;pipeline-op.drawroundedrect.benchmark-materialized;pipeline-op.drawroundedrect.matrix-32x24
4634a840bcfa479729d707a6acc76a58b002ff6a,true,12.2.1,/Users/lazytrot/work/pillow-rs/pillow-rs-py/python/PIL/__init__.py,/Users/lazytrot/work/pillow-rs/pillow-rs-py/python/pillow_rs/_core.abi3.so,PIL.ImageDraw.Draw.shape,method,ImageDraw,pillow_rs.imagedraw,/Users/lazytrot/work/pillow-rs/pillow-rs-py/python/pillow_rs/imagedraw.py,selected_manifest,PIL.ImageDraw.ImageDraw.shape,PIL.ImageDraw.ImageDraw.shape,method,python-cpu,1,pil-imagedraw-imagedraw.shape.standard
4634a840bcfa479729d707a6acc76a58b002ff6a,true,12.2.1,/Users/lazytrot/work/pillow-rs/pillow-rs-py/python/PIL/__init__.py,/Users/lazytrot/work/pillow-rs/pillow-rs-py/python/pillow_rs/_core.abi3.so,PIL.ImageDraw.Draw.text,method,ImageDraw,pillow_rs.imagedraw,/Users/lazytrot/work/pillow-rs/pillow-rs-py/python/pillow_rs/imagedraw.py,selected_manifest,PIL.ImageDraw.ImageDraw.text,PIL.ImageDraw.ImageDraw.text,method,python-cpu,2,pil-imagedraw-imagedraw.text.rgba-context-rgb-noise-1024x768;pil-imagedraw-imagedraw.text.standard
4634a840bcfa479729d707a6acc76a58b002ff6a,true,12.2.1,/Users/lazytrot/work/pillow-rs/pillow-rs-py/python/PIL/__init__.py,/Users/lazytrot/work/pillow-rs/pillow-rs-py/python/pillow_rs/_core.abi3.so,PIL.ImageDraw.Draw.textbbox,method,ImageDraw,pillow_rs.imagedraw,/Users/lazytrot/work/pillow-rs/pillow-rs-py/python/pillow_rs/imagedraw.py,selected_manifest,PIL.ImageDraw.ImageDraw.textbbox,PIL.ImageDraw.ImageDraw.textbbox,method,python-cpu,1,pil-imagedraw-imagedraw.textbbox.standard
4634a840bcfa479729d707a6acc76a58b002ff6a,true,12.2.1,/Users/lazytrot/work/pillow-rs/pillow-rs-py/python/PIL/__init__.py,/Users/lazytrot/work/pillow-rs/pillow-rs-py/python/pillow_rs/_core.abi3.so,PIL.ImageDraw.Draw.textlength,method,ImageDraw,pillow_rs.imagedraw,/Users/lazytrot/work/pillow-rs/pillow-rs-py/python/pillow_rs/imagedraw.py,selected_manifest,PIL.ImageDraw.ImageDraw.textlength,PIL.ImageDraw.ImageDraw.textlength,method,python-cpu,1,pil-imagedraw-imagedraw.textlength.standard
4634a840bcfa479729d707a6acc76a58b002ff6a,true,12.2.1,/Users/lazytrot/work/pillow-rs/pillow-rs-py/python/PIL/__init__.py,/Users/lazytrot/work/pillow-rs/pillow-rs-py/python/pillow_rs/_core.abi3.so,PIL.ImageDraw.Image,class,ImageDraw,pillow_rs.image,/Users/lazytrot/work/pillow-rs/pillow-rs-py/python/pillow_rs/image.py,outside_selected_manifest,,,,,0,
4634a840bcfa479729d707a6acc76a58b002ff6a,true,12.2.1,/Users/lazytrot/work/pillow-rs/pillow-rs-py/python/PIL/__init__.py,/Users/lazytrot/work/pillow-rs/pillow-rs-py/python/pillow_rs/_core.abi3.so,PIL.ImageDraw.Image.__eq__,method,ImageDraw,pillow_rs.image,/Users/lazytrot/work/pillow-rs/pillow-rs-py/python/pillow_rs/image.py,outside_selected_manifest,,,,,0,
4634a840bcfa479729d707a6acc76a58b002ff6a,true,12.2.1,/Users/lazytrot/work/pillow-rs/pillow-rs-py/python/PIL/__init__.py,/Users/lazytrot/work/pillow-rs/pillow-rs-py/python/pillow_rs/_core.abi3.so,PIL.ImageDraw.Image.__repr__,method,ImageDraw,pillow_rs.image,/Users/lazytrot/work/pillow-rs/pillow-rs-py/python/pillow_rs/image.py,outside_selected_manifest,,,,,0,
4634a840bcfa479729d707a6acc76a58b002ff6a,true,12.2.1,/Users/lazytrot/work/pillow-rs/pillow-rs-py/python/PIL/__init__.py,/Users/lazytrot/work/pillow-rs/pillow-rs-py/python/pillow_rs/_core.abi3.so,PIL.ImageDraw.Image.alpha_composite,method,ImageDraw,pillow_rs.image,/Users/lazytrot/work/pillow-rs/pillow-rs-py/python/pillow_rs/image.py,outside_selected_manifest,,,,,0,
4634a840bcfa479729d707a6acc76a58b002ff6a,true,12.2.1,/Users/lazytrot/work/pillow-rs/pillow-rs-py/python/PIL/__init__.py,/Users/lazytrot/work/pillow-rs/pillow-rs-py/python/pillow_rs/_core.abi3.so,PIL.ImageDraw.Image.apply_transparency,method,ImageDraw,pillow_rs.image,/Users/lazytrot/work/pillow-rs/pillow-rs-py/python/pillow_rs/image.py,outside_selected_manifest,,,,,0,
4634a840bcfa479729d707a6acc76a58b002ff6a,true,12.2.1,/Users/lazytrot/work/pillow-rs/pillow-rs-py/python/PIL/__init__.py,/Users/lazytrot/work/pillow-rs/pillow-rs-py/python/pillow_rs/_core.abi3.so,PIL.ImageDraw.Image.close,method,ImageDraw,pillow_rs.image,/Users/lazytrot/work/pillow-rs/pillow-rs-py/python/pillow_rs/image.py,outside_selected_manifest,,,,,0,
4634a840bcfa479729d707a6acc76a58b002ff6a,true,12.2.1,/Users/lazytrot/work/pillow-rs/pillow-rs-py/python/PIL/__init__.py,/Users/lazytrot/work/pillow-rs/pillow-rs-py/python/pillow_rs/_core.abi3.so,PIL.ImageDraw.Image.convert,method,ImageDraw,pillow_rs.image,/Users/lazytrot/work/pillow-rs/pillow-rs-py/python/pillow_rs/image.py,outside_selected_manifest,,,,,0,
4634a840bcfa479729d707a6acc76a58b002ff6a,true,12.2.1,/Users/lazytrot/work/pillow-rs/pillow-rs-py/python/PIL/__init__.py,/Users/lazytrot/work/pillow-rs/pillow-rs-py/python/pillow_rs/_core.abi3.so,PIL.ImageDraw.Image.copy,method,ImageDraw,pillow_rs.image,/Users/lazytrot/work/pillow-rs/pillow-rs-py/python/pillow_rs/image.py,outside_selected_manifest,,,,,0,
4634a840bcfa479729d707a6acc76a58b002ff6a,true,12.2.1,/Users/lazytrot/work/pillow-rs/pillow-rs-py/python/PIL/__init__.py,/Users/lazytrot/work/pillow-rs/pillow-rs-py/python/pillow_rs/_core.abi3.so,PIL.ImageDraw.Image.crop,method,ImageDraw,pillow_rs.image,/Users/lazytrot/work/pillow-rs/pillow-rs-py/python/pillow_rs/image.py,outside_selected_manifest,,,,,0,
4634a840bcfa479729d707a6acc76a58b002ff6a,true,12.2.1,/Users/lazytrot/work/pillow-rs/pillow-rs-py/python/PIL/__init__.py,/Users/lazytrot/work/pillow-rs/pillow-rs-py/python/pillow_rs/_core.abi3.so,PIL.ImageDraw.Image.draft,method,ImageDraw,pillow_rs.image,/Users/lazytrot/work/pillow-rs/pillow-rs-py/python/pillow_rs/image.py,outside_selected_manifest,,,,,0,
4634a840bcfa479729d707a6acc76a58b002ff6a,true,12.2.1,/Users/lazytrot/work/pillow-rs/pillow-rs-py/python/PIL/__init__.py,/Users/lazytrot/work/pillow-rs/pillow-rs-py/python/pillow_rs/_core.abi3.so,PIL.ImageDraw.Image.effect_mandelbrot,method,ImageDraw,pillow_rs.image,/Users/lazytrot/work/pillow-rs/pillow-rs-py/python/pillow_rs/image.py,outside_selected_manifest,,,,,0,
4634a840bcfa479729d707a6acc76a58b002ff6a,true,12.2.1,/Users/lazytrot/work/pillow-rs/pillow-rs-py/python/PIL/__init__.py,/Users/lazytrot/work/pillow-rs/pillow-rs-py/python/pillow_rs/_core.abi3.so,PIL.ImageDraw.Image.effect_noise,method,ImageDraw,pillow_rs.image,/Users/lazytrot/work/pillow-rs/pillow-rs-py/python/pillow_rs/image.py,outside_selected_manifest,,,,,0,
4634a840bcfa479729d707a6acc76a58b002ff6a,true,12.2.1,/Users/lazytrot/work/pillow-rs/pillow-rs-py/python/PIL/__init__.py,/Users/lazytrot/work/pillow-rs/pillow-rs-py/python/pillow_rs/_core.abi3.so,PIL.ImageDraw.Image.effect_spread,method,ImageDraw,pillow_rs.image,/Users/lazytrot/work/pillow-rs/pillow-rs-py/python/pillow_rs/image.py,outside_selected_manifest,,,,,0,
4634a840bcfa479729d707a6acc76a58b002ff6a,true,12.2.1,/Users/lazytrot/work/pillow-rs/pillow-rs-py/python/PIL/__init__.py,/Users/lazytrot/work/pillow-rs/pillow-rs-py/python/pillow_rs/_core.abi3.so,PIL.ImageDraw.Image.entropy,method,ImageDraw,pillow_rs.image,/Users/lazytrot/work/pillow-rs/pillow-rs-py/python/pillow_rs/image.py,outside_selected_manifest,,,,,0,
4634a840bcfa479729d707a6acc76a58b002ff6a,true,12.2.1,/Users/lazytrot/work/pillow-rs/pillow-rs-py/python/PIL/__init__.py,/Users/lazytrot/work/pillow-rs/pillow-rs-py/python/pillow_rs/_core.abi3.so,PIL.ImageDraw.Image.eval,method,ImageDraw,pillow_rs.image,/Users/lazytrot/work/pillow-rs/pillow-rs-py/python/pillow_rs/image.py,outside_selected_manifest,,,,,0,
4634a840bcfa479729d707a6acc76a58b002ff6a,true,12.2.1,/Users/lazytrot/work/pillow-rs/pillow-rs-py/python/PIL/__init__.py,/Users/lazytrot/work/pillow-rs/pillow-rs-py/python/pillow_rs/_core.abi3.so,PIL.ImageDraw.Image.filter,method,ImageDraw,pillow_rs.image,/Users/lazytrot/work/pillow-rs/pillow-rs-py/python/pillow_rs/image.py,outside_selected_manifest,,,,,0,
4634a840bcfa479729d707a6acc76a58b002ff6a,true,12.2.1,/Users/lazytrot/work/pillow-rs/pillow-rs-py/python/PIL/__init__.py,/Users/lazytrot/work/pillow-rs/pillow-rs-py/python/pillow_rs/_core.abi3.so,PIL.ImageDraw.Image.format,property,ImageDraw,,,outside_selected_manifest,,,,,0,
4634a840bcfa479729d707a6acc76a58b002ff6a,true,12.2.1,/Users/lazytrot/work/pillow-rs/pillow-rs-py/python/PIL/__init__.py,/Users/lazytrot/work/pillow-rs/pillow-rs-py/python/pillow_rs/_core.abi3.so,PIL.ImageDraw.Image.fromarray,method,ImageDraw,pillow_rs.image,/Users/lazytrot/work/pillow-rs/pillow-rs-py/python/pillow_rs/image.py,outside_selected_manifest,,,,,0,
4634a840bcfa479729d707a6acc76a58b002ff6a,true,12.2.1,/Users/lazytrot/work/pillow-rs/pillow-rs-py/python/PIL/__init__.py,/Users/lazytrot/work/pillow-rs/pillow-rs-py/python/pillow_rs/_core.abi3.so,PIL.ImageDraw.Image.frombuffer,method,ImageDraw,pillow_rs.image,/Users/lazytrot/work/pillow-rs/pillow-rs-py/python/pillow_rs/image.py,outside_selected_manifest,,,,,0,
4634a840bcfa479729d707a6acc76a58b002ff6a,true,12.2.1,/Users/lazytrot/work/pillow-rs/pillow-rs-py/python/PIL/__init__.py,/Users/lazytrot/work/pillow-rs/pillow-rs-py/python/pillow_rs/_core.abi3.so,PIL.ImageDraw.Image.frombytes,method,ImageDraw,pillow_rs.image,/Users/lazytrot/work/pillow-rs/pillow-rs-py/python/pillow_rs/image.py,outside_selected_manifest,,,,,0,
4634a840bcfa479729d707a6acc76a58b002ff6a,true,12.2.1,/Users/lazytrot/work/pillow-rs/pillow-rs-py/python/PIL/__init__.py,/Users/lazytrot/work/pillow-rs/pillow-rs-py/python/pillow_rs/_core.abi3.so,PIL.ImageDraw.Image.get_child_images,method,ImageDraw,pillow_rs.image,/Users/lazytrot/work/pillow-rs/pillow-rs-py/python/pillow_rs/image.py,outside_selected_manifest,,,,,0,
4634a840bcfa479729d707a6acc76a58b002ff6a,true,12.2.1,/Users/lazytrot/work/pillow-rs/pillow-rs-py/python/PIL/__init__.py,/Users/lazytrot/work/pillow-rs/pillow-rs-py/python/pillow_rs/_core.abi3.so,PIL.ImageDraw.Image.get_flattened_data,method,ImageDraw,pillow_rs.image,/Users/lazytrot/work/pillow-rs/pillow-rs-py/python/pillow_rs/image.py,outside_selected_manifest,,,,,0,
4634a840bcfa479729d707a6acc76a58b002ff6a,true,12.2.1,/Users/lazytrot/work/pillow-rs/pillow-rs-py/python/PIL/__init__.py,/Users/lazytrot/work/pillow-rs/pillow-rs-py/python/pillow_rs/_core.abi3.so,PIL.ImageDraw.Image.getbands,method,ImageDraw,pillow_rs.image,/Users/lazytrot/work/pillow-rs/pillow-rs-py/python/pillow_rs/image.py,outside_selected_manifest,,,,,0,
4634a840bcfa479729d707a6acc76a58b002ff6a,true,12.2.1,/Users/lazytrot/work/pillow-rs/pillow-rs-py/python/PIL/__init__.py,/Users/lazytrot/work/pillow-rs/pillow-rs-py/python/pillow_rs/_core.abi3.so,PIL.ImageDraw.Image.getbbox,method,ImageDraw,pillow_rs.image,/Users/lazytrot/work/pillow-rs/pillow-rs-py/python/pillow_rs/image.py,outside_selected_manifest,,,,,0,
4634a840bcfa479729d707a6acc76a58b002ff6a,true,12.2.1,/Users/lazytrot/work/pillow-rs/pillow-rs-py/python/PIL/__init__.py,/Users/lazytrot/work/pillow-rs/pillow-rs-py/python/pillow_rs/_core.abi3.so,PIL.ImageDraw.Image.getchannel,method,ImageDraw,pillow_rs.image,/Users/lazytrot/work/pillow-rs/pillow-rs-py/python/pillow_rs/image.py,outside_selected_manifest,,,,,0,
4634a840bcfa479729d707a6acc76a58b002ff6a,true,12.2.1,/Users/lazytrot/work/pillow-rs/pillow-rs-py/python/PIL/__init__.py,/Users/lazytrot/work/pillow-rs/pillow-rs-py/python/pillow_rs/_core.abi3.so,PIL.ImageDraw.Image.getcolors,method,ImageDraw,pillow_rs.image,/Users/lazytrot/work/pillow-rs/pillow-rs-py/python/pillow_rs/image.py,outside_selected_manifest,,,,,0,
4634a840bcfa479729d707a6acc76a58b002ff6a,true,12.2.1,/Users/lazytrot/work/pillow-rs/pillow-rs-py/python/PIL/__init__.py,/Users/lazytrot/work/pillow-rs/pillow-rs-py/python/pillow_rs/_core.abi3.so,PIL.ImageDraw.Image.getdata,method,ImageDraw,pillow_rs.image,/Users/lazytrot/work/pillow-rs/pillow-rs-py/python/pillow_rs/image.py,outside_selected_manifest,,,,,0,
4634a840bcfa479729d707a6acc76a58b002ff6a,true,12.2.1,/Users/lazytrot/work/pillow-rs/pillow-rs-py/python/PIL/__init__.py,/Users/lazytrot/work/pillow-rs/pillow-rs-py/python/pillow_rs/_core.abi3.so,PIL.ImageDraw.Image.getexif,method,ImageDraw,pillow_rs.image,/Users/lazytrot/work/pillow-rs/pillow-rs-py/python/pillow_rs/image.py,outside_selected_manifest,,,,,0,
4634a840bcfa479729d707a6acc76a58b002ff6a,true,12.2.1,/Users/lazytrot/work/pillow-rs/pillow-rs-py/python/PIL/__init__.py,/Users/lazytrot/work/pillow-rs/pillow-rs-py/python/pillow_rs/_core.abi3.so,PIL.ImageDraw.Image.getextrema,method,ImageDraw,pillow_rs.image,/Users/lazytrot/work/pillow-rs/pillow-rs-py/python/pillow_rs/image.py,outside_selected_manifest,,,,,0,
4634a840bcfa479729d707a6acc76a58b002ff6a,true,12.2.1,/Users/lazytrot/work/pillow-rs/pillow-rs-py/python/PIL/__init__.py,/Users/lazytrot/work/pillow-rs/pillow-rs-py/python/pillow_rs/_core.abi3.so,PIL.ImageDraw.Image.getim,method,ImageDraw,pillow_rs.image,/Users/lazytrot/work/pillow-rs/pillow-rs-py/python/pillow_rs/image.py,outside_selected_manifest,,,,,0,
4634a840bcfa479729d707a6acc76a58b002ff6a,true,12.2.1,/Users/lazytrot/work/pillow-rs/pillow-rs-py/python/PIL/__init__.py,/Users/lazytrot/work/pillow-rs/pillow-rs-py/python/pillow_rs/_core.abi3.so,PIL.ImageDraw.Image.getpalette,method,ImageDraw,pillow_rs.image,/Users/lazytrot/work/pillow-rs/pillow-rs-py/python/pillow_rs/image.py,outside_selected_manifest,,,,,0,
4634a840bcfa479729d707a6acc76a58b002ff6a,true,12.2.1,/Users/lazytrot/work/pillow-rs/pillow-rs-py/python/PIL/__init__.py,/Users/lazytrot/work/pillow-rs/pillow-rs-py/python/pillow_rs/_core.abi3.so,PIL.ImageDraw.Image.getpixel,method,ImageDraw,pillow_rs.image,/Users/lazytrot/work/pillow-rs/pillow-rs-py/python/pillow_rs/image.py,outside_selected_manifest,,,,,0,
4634a840bcfa479729d707a6acc76a58b002ff6a,true,12.2.1,/Users/lazytrot/work/pillow-rs/pillow-rs-py/python/PIL/__init__.py,/Users/lazytrot/work/pillow-rs/pillow-rs-py/python/pillow_rs/_core.abi3.so,PIL.ImageDraw.Image.getprojection,method,ImageDraw,pillow_rs.image,/Users/lazytrot/work/pillow-rs/pillow-rs-py/python/pillow_rs/image.py,outside_selected_manifest,,,,,0,
4634a840bcfa479729d707a6acc76a58b002ff6a,true,12.2.1,/Users/lazytrot/work/pillow-rs/pillow-rs-py/python/PIL/__init__.py,/Users/lazytrot/work/pillow-rs/pillow-rs-py/python/pillow_rs/_core.abi3.so,PIL.ImageDraw.Image.getxmp,method,ImageDraw,pillow_rs.image,/Users/lazytrot/work/pillow-rs/pillow-rs-py/python/pillow_rs/image.py,outside_selected_manifest,,,,,0,
4634a840bcfa479729d707a6acc76a58b002ff6a,true,12.2.1,/Users/lazytrot/work/pillow-rs/pillow-rs-py/python/PIL/__init__.py,/Users/lazytrot/work/pillow-rs/pillow-rs-py/python/pillow_rs/_core.abi3.so,PIL.ImageDraw.Image.has_transparency_data,property,ImageDraw,,,outside_selected_manifest,,,,,0,
4634a840bcfa479729d707a6acc76a58b002ff6a,true,12.2.1,/Users/lazytrot/work/pillow-rs/pillow-rs-py/python/PIL/__init__.py,/Users/lazytrot/work/pillow-rs/pillow-rs-py/python/pillow_rs/_core.abi3.so,PIL.ImageDraw.Image.height,property,ImageDraw,,,outside_selected_manifest,,,,,0,
4634a840bcfa479729d707a6acc76a58b002ff6a,true,12.2.1,/Users/lazytrot/work/pillow-rs/pillow-rs-py/python/PIL/__init__.py,/Users/lazytrot/work/pillow-rs/pillow-rs-py/python/pillow_rs/_core.abi3.so,PIL.ImageDraw.Image.histogram,method,ImageDraw,pillow_rs.image,/Users/lazytrot/work/pillow-rs/pillow-rs-py/python/pillow_rs/image.py,outside_selected_manifest,,,,,0,
4634a840bcfa479729d707a6acc76a58b002ff6a,true,12.2.1,/Users/lazytrot/work/pillow-rs/pillow-rs-py/python/PIL/__init__.py,/Users/lazytrot/work/pillow-rs/pillow-rs-py/python/pillow_rs/_core.abi3.so,PIL.ImageDraw.Image.info,property,ImageDraw,,,outside_selected_manifest,,,,,0,
4634a840bcfa479729d707a6acc76a58b002ff6a,true,12.2.1,/Users/lazytrot/work/pillow-rs/pillow-rs-py/python/PIL/__init__.py,/Users/lazytrot/work/pillow-rs/pillow-rs-py/python/pillow_rs/_core.abi3.so,PIL.ImageDraw.Image.linear_gradient,method,ImageDraw,pillow_rs.image,/Users/lazytrot/work/pillow-rs/pillow-rs-py/python/pillow_rs/image.py,outside_selected_manifest,,,,,0,
4634a840bcfa479729d707a6acc76a58b002ff6a,true,12.2.1,/Users/lazytrot/work/pillow-rs/pillow-rs-py/python/PIL/__init__.py,/Users/lazytrot/work/pillow-rs/pillow-rs-py/python/pillow_rs/_core.abi3.so,PIL.ImageDraw.Image.load,method,ImageDraw,pillow_rs.image,/Users/lazytrot/work/pillow-rs/pillow-rs-py/python/pillow_rs/image.py,outside_selected_manifest,,,,,0,
4634a840bcfa479729d707a6acc76a58b002ff6a,true,12.2.1,/Users/lazytrot/work/pillow-rs/pillow-rs-py/python/PIL/__init__.py,/Users/lazytrot/work/pillow-rs/pillow-rs-py/python/pillow_rs/_core.abi3.so,PIL.ImageDraw.Image.mode,property,ImageDraw,,,outside_selected_manifest,,,,,0,
4634a840bcfa479729d707a6acc76a58b002ff6a,true,12.2.1,/Users/lazytrot/work/pillow-rs/pillow-rs-py/python/PIL/__init__.py,/Users/lazytrot/work/pillow-rs/pillow-rs-py/python/pillow_rs/_core.abi3.so,PIL.ImageDraw.Image.new,method,ImageDraw,pillow_rs.image,/Users/lazytrot/work/pillow-rs/pillow-rs-py/python/pillow_rs/image.py,outside_selected_manifest,,,,,0,
4634a840bcfa479729d707a6acc76a58b002ff6a,true,12.2.1,/Users/lazytrot/work/pillow-rs/pillow-rs-py/python/PIL/__init__.py,/Users/lazytrot/work/pillow-rs/pillow-rs-py/python/pillow_rs/_core.abi3.so,PIL.ImageDraw.Image.open,method,ImageDraw,pillow_rs.image,/Users/lazytrot/work/pillow-rs/pillow-rs-py/python/pillow_rs/image.py,outside_selected_manifest,,,,,0,
4634a840bcfa479729d707a6acc76a58b002ff6a,true,12.2.1,/Users/lazytrot/work/pillow-rs/pillow-rs-py/python/PIL/__init__.py,/Users/lazytrot/work/pillow-rs/pillow-rs-py/python/pillow_rs/_core.abi3.so,PIL.ImageDraw.Image.palette,property,ImageDraw,,,outside_selected_manifest,,,,,0,
4634a840bcfa479729d707a6acc76a58b002ff6a,true,12.2.1,/Users/lazytrot/work/pillow-rs/pillow-rs-py/python/PIL/__init__.py,/Users/lazytrot/work/pillow-rs/pillow-rs-py/python/pillow_rs/_core.abi3.so,PIL.ImageDraw.Image.paste,method,ImageDraw,pillow_rs.image,/Users/lazytrot/work/pillow-rs/pillow-rs-py/python/pillow_rs/image.py,outside_selected_manifest,,,,,0,
4634a840bcfa479729d707a6acc76a58b002ff6a,true,12.2.1,/Users/lazytrot/work/pillow-rs/pillow-rs-py/python/PIL/__init__.py,/Users/lazytrot/work/pillow-rs/pillow-rs-py/python/pillow_rs/_core.abi3.so,PIL.ImageDraw.Image.point,method,ImageDraw,pillow_rs.image,/Users/lazytrot/work/pillow-rs/pillow-rs-py/python/pillow_rs/image.py,outside_selected_manifest,,,,,0,
4634a840bcfa479729d707a6acc76a58b002ff6a,true,12.2.1,/Users/lazytrot/work/pillow-rs/pillow-rs-py/python/PIL/__init__.py,/Users/lazytrot/work/pillow-rs/pillow-rs-py/python/pillow_rs/_core.abi3.so,PIL.ImageDraw.Image.putalpha,method,ImageDraw,pillow_rs.image,/Users/lazytrot/work/pillow-rs/pillow-rs-py/python/pillow_rs/image.py,outside_selected_manifest,,,,,0,
4634a840bcfa479729d707a6acc76a58b002ff6a,true,12.2.1,/Users/lazytrot/work/pillow-rs/pillow-rs-py/python/PIL/__init__.py,/Users/lazytrot/work/pillow-rs/pillow-rs-py/python/pillow_rs/_core.abi3.so,PIL.ImageDraw.Image.putdata,method,ImageDraw,pillow_rs.image,/Users/lazytrot/work/pillow-rs/pillow-rs-py/python/pillow_rs/image.py,outside_selected_manifest,,,,,0,
4634a840bcfa479729d707a6acc76a58b002ff6a,true,12.2.1,/Users/lazytrot/work/pillow-rs/pillow-rs-py/python/PIL/__init__.py,/Users/lazytrot/work/pillow-rs/pillow-rs-py/python/pillow_rs/_core.abi3.so,PIL.ImageDraw.Image.putpalette,method,ImageDraw,pillow_rs.image,/Users/lazytrot/work/pillow-rs/pillow-rs-py/python/pillow_rs/image.py,outside_selected_manifest,,,,,0,
4634a840bcfa479729d707a6acc76a58b002ff6a,true,12.2.1,/Users/lazytrot/work/pillow-rs/pillow-rs-py/python/PIL/__init__.py,/Users/lazytrot/work/pillow-rs/pillow-rs-py/python/pillow_rs/_core.abi3.so,PIL.ImageDraw.Image.putpixel,method,ImageDraw,pillow_rs.image,/Users/lazytrot/work/pillow-rs/pillow-rs-py/python/pillow_rs/image.py,outside_selected_manifest,,,,,0,
4634a840bcfa479729d707a6acc76a58b002ff6a,true,12.2.1,/Users/lazytrot/work/pillow-rs/pillow-rs-py/python/PIL/__init__.py,/Users/lazytrot/work/pillow-rs/pillow-rs-py/python/pillow_rs/_core.abi3.so,PIL.ImageDraw.Image.quantize,method,ImageDraw,pillow_rs.image,/Users/lazytrot/work/pillow-rs/pillow-rs-py/python/pillow_rs/image.py,outside_selected_manifest,,,,,0,
4634a840bcfa479729d707a6acc76a58b002ff6a,true,12.2.1,/Users/lazytrot/work/pillow-rs/pillow-rs-py/python/PIL/__init__.py,/Users/lazytrot/work/pillow-rs/pillow-rs-py/python/pillow_rs/_core.abi3.so,PIL.ImageDraw.Image.radial_gradient,method,ImageDraw,pillow_rs.image,/Users/lazytrot/work/pillow-rs/pillow-rs-py/python/pillow_rs/image.py,outside_selected_manifest,,,,,0,
4634a840bcfa479729d707a6acc76a58b002ff6a,true,12.2.1,/Users/lazytrot/work/pillow-rs/pillow-rs-py/python/PIL/__init__.py,/Users/lazytrot/work/pillow-rs/pillow-rs-py/python/pillow_rs/_core.abi3.so,PIL.ImageDraw.Image.reduce,method,ImageDraw,pillow_rs.image,/Users/lazytrot/work/pillow-rs/pillow-rs-py/python/pillow_rs/image.py,outside_selected_manifest,,,,,0,
4634a840bcfa479729d707a6acc76a58b002ff6a,true,12.2.1,/Users/lazytrot/work/pillow-rs/pillow-rs-py/python/PIL/__init__.py,/Users/lazytrot/work/pillow-rs/pillow-rs-py/python/pillow_rs/_core.abi3.so,PIL.ImageDraw.Image.remap_palette,method,ImageDraw,pillow_rs.image,/Users/lazytrot/work/pillow-rs/pillow-rs-py/python/pillow_rs/image.py,outside_selected_manifest,,,,,0,
4634a840bcfa479729d707a6acc76a58b002ff6a,true,12.2.1,/Users/lazytrot/work/pillow-rs/pillow-rs-py/python/PIL/__init__.py,/Users/lazytrot/work/pillow-rs/pillow-rs-py/python/pillow_rs/_core.abi3.so,PIL.ImageDraw.Image.resize,method,ImageDraw,pillow_rs.image,/Users/lazytrot/work/pillow-rs/pillow-rs-py/python/pillow_rs/image.py,outside_selected_manifest,,,,,0,
4634a840bcfa479729d707a6acc76a58b002ff6a,true,12.2.1,/Users/lazytrot/work/pillow-rs/pillow-rs-py/python/PIL/__init__.py,/Users/lazytrot/work/pillow-rs/pillow-rs-py/python/pillow_rs/_core.abi3.so,PIL.ImageDraw.Image.rotate,method,ImageDraw,pillow_rs.image,/Users/lazytrot/work/pillow-rs/pillow-rs-py/python/pillow_rs/image.py,outside_selected_manifest,,,,,0,
4634a840bcfa479729d707a6acc76a58b002ff6a,true,12.2.1,/Users/lazytrot/work/pillow-rs/pillow-rs-py/python/PIL/__init__.py,/Users/lazytrot/work/pillow-rs/pillow-rs-py/python/pillow_rs/_core.abi3.so,PIL.ImageDraw.Image.save,method,ImageDraw,pillow_rs.image,/Users/lazytrot/work/pillow-rs/pillow-rs-py/python/pillow_rs/image.py,outside_selected_manifest,,,,,0,
4634a840bcfa479729d707a6acc76a58b002ff6a,true,12.2.1,/Users/lazytrot/work/pillow-rs/pillow-rs-py/python/PIL/__init__.py,/Users/lazytrot/work/pillow-rs/pillow-rs-py/python/pillow_rs/_core.abi3.so,PIL.ImageDraw.Image.seek,method,ImageDraw,pillow_rs.image,/Users/lazytrot/work/pillow-rs/pillow-rs-py/python/pillow_rs/image.py,outside_selected_manifest,,,,,0,
4634a840bcfa479729d707a6acc76a58b002ff6a,true,12.2.1,/Users/lazytrot/work/pillow-rs/pillow-rs-py/python/PIL/__init__.py,/Users/lazytrot/work/pillow-rs/pillow-rs-py/python/pillow_rs/_core.abi3.so,PIL.ImageDraw.Image.show,method,ImageDraw,pillow_rs.image,/Users/lazytrot/work/pillow-rs/pillow-rs-py/python/pillow_rs/image.py,outside_selected_manifest,,,,,0,
4634a840bcfa479729d707a6acc76a58b002ff6a,true,12.2.1,/Users/lazytrot/work/pillow-rs/pillow-rs-py/python/PIL/__init__.py,/Users/lazytrot/work/pillow-rs/pillow-rs-py/python/pillow_rs/_core.abi3.so,PIL.ImageDraw.Image.size,property,ImageDraw,,,outside_selected_manifest,,,,,0,
4634a840bcfa479729d707a6acc76a58b002ff6a,true,12.2.1,/Users/lazytrot/work/pillow-rs/pillow-rs-py/python/PIL/__init__.py,/Users/lazytrot/work/pillow-rs/pillow-rs-py/python/pillow_rs/_core.abi3.so,PIL.ImageDraw.Image.split,method,ImageDraw,pillow_rs.image,/Users/lazytrot/work/pillow-rs/pillow-rs-py/python/pillow_rs/image.py,outside_selected_manifest,,,,,0,
4634a840bcfa479729d707a6acc76a58b002ff6a,true,12.2.1,/Users/lazytrot/work/pillow-rs/pillow-rs-py/python/PIL/__init__.py,/Users/lazytrot/work/pillow-rs/pillow-rs-py/python/pillow_rs/_core.abi3.so,PIL.ImageDraw.Image.tell,method,ImageDraw,pillow_rs.image,/Users/lazytrot/work/pillow-rs/pillow-rs-py/python/pillow_rs/image.py,outside_selected_manifest,,,,,0,
4634a840bcfa479729d707a6acc76a58b002ff6a,true,12.2.1,/Users/lazytrot/work/pillow-rs/pillow-rs-py/python/PIL/__init__.py,/Users/lazytrot/work/pillow-rs/pillow-rs-py/python/pillow_rs/_core.abi3.so,PIL.ImageDraw.Image.thumbnail,method,ImageDraw,pillow_rs.image,/Users/lazytrot/work/pillow-rs/pillow-rs-py/python/pillow_rs/image.py,outside_selected_manifest,,,,,0,
4634a840bcfa479729d707a6acc76a58b002ff6a,true,12.2.1,/Users/lazytrot/work/pillow-rs/pillow-rs-py/python/PIL/__init__.py,/Users/lazytrot/work/pillow-rs/pillow-rs-py/python/pillow_rs/_core.abi3.so,PIL.ImageDraw.Image.tobitmap,method,ImageDraw,pillow_rs.image,/Users/lazytrot/work/pillow-rs/pillow-rs-py/python/pillow_rs/image.py,outside_selected_manifest,,,,,0,
4634a840bcfa479729d707a6acc76a58b002ff6a,true,12.2.1,/Users/lazytrot/work/pillow-rs/pillow-rs-py/python/PIL/__init__.py,/Users/lazytrot/work/pillow-rs/pillow-rs-py/python/pillow_rs/_core.abi3.so,PIL.ImageDraw.Image.tobytes,method,ImageDraw,pillow_rs.image,/Users/lazytrot/work/pillow-rs/pillow-rs-py/python/pillow_rs/image.py,outside_selected_manifest,,,,,0,
4634a840bcfa479729d707a6acc76a58b002ff6a,true,12.2.1,/Users/lazytrot/work/pillow-rs/pillow-rs-py/python/PIL/__init__.py,/Users/lazytrot/work/pillow-rs/pillow-rs-py/python/pillow_rs/_core.abi3.so,PIL.ImageDraw.Image.toqimage,method,ImageDraw,pillow_rs.image,/Users/lazytrot/work/pillow-rs/pillow-rs-py/python/pillow_rs/image.py,outside_selected_manifest,,,,,0,
4634a840bcfa479729d707a6acc76a58b002ff6a,true,12.2.1,/Users/lazytrot/work/pillow-rs/pillow-rs-py/python/PIL/__init__.py,/Users/lazytrot/work/pillow-rs/pillow-rs-py/python/pillow_rs/_core.abi3.so,PIL.ImageDraw.Image.toqpixmap,method,ImageDraw,pillow_rs.image,/Users/lazytrot/work/pillow-rs/pillow-rs-py/python/pillow_rs/image.py,outside_selected_manifest,,,,,0,
4634a840bcfa479729d707a6acc76a58b002ff6a,true,12.2.1,/Users/lazytrot/work/pillow-rs/pillow-rs-py/python/PIL/__init__.py,/Users/lazytrot/work/pillow-rs/pillow-rs-py/python/pillow_rs/_core.abi3.so,PIL.ImageDraw.Image.transform,method,ImageDraw,pillow_rs.image,/Users/lazytrot/work/pillow-rs/pillow-rs-py/python/pillow_rs/image.py,outside_selected_manifest,,,,,0,
4634a840bcfa479729d707a6acc76a58b002ff6a,true,12.2.1,/Users/lazytrot/work/pillow-rs/pillow-rs-py/python/PIL/__init__.py,/Users/lazytrot/work/pillow-rs/pillow-rs-py/python/pillow_rs/_core.abi3.so,PIL.ImageDraw.Image.transpose,method,ImageDraw,pillow_rs.image,/Users/lazytrot/work/pillow-rs/pillow-rs-py/python/pillow_rs/image.py,outside_selected_manifest,,,,,0,
4634a840bcfa479729d707a6acc76a58b002ff6a,true,12.2.1,/Users/lazytrot/work/pillow-rs/pillow-rs-py/python/PIL/__init__.py,/Users/lazytrot/work/pillow-rs/pillow-rs-py/python/pillow_rs/_core.abi3.so,PIL.ImageDraw.Image.verify,method,ImageDraw,pillow_rs.image,/Users/lazytrot/work/pillow-rs/pillow-rs-py/python/pillow_rs/image.py,outside_selected_manifest,,,,,0,
4634a840bcfa479729d707a6acc76a58b002ff6a,true,12.2.1,/Users/lazytrot/work/pillow-rs/pillow-rs-py/python/PIL/__init__.py,/Users/lazytrot/work/pillow-rs/pillow-rs-py/python/pillow_rs/_core.abi3.so,PIL.ImageDraw.Image.width,property,ImageDraw,,,outside_selected_manifest,,,,,0,
4634a840bcfa479729d707a6acc76a58b002ff6a,true,12.2.1,/Users/lazytrot/work/pillow-rs/pillow-rs-py/python/PIL/__init__.py,/Users/lazytrot/work/pillow-rs/pillow-rs-py/python/pillow_rs/_core.abi3.so,PIL.ImageDraw.Outline,function,PIL,,,selected_manifest,PIL.ImageDraw.Outline,PIL.ImageDraw.Outline,function,python-cpu,1,pil-imagedraw.outline.standard
4634a840bcfa479729d707a6acc76a58b002ff6a,true,12.2.1,/Users/lazytrot/work/pillow-rs/pillow-rs-py/python/PIL/__init__.py,/Users/lazytrot/work/pillow-rs/pillow-rs-py/python/pillow_rs/_core.abi3.so,PIL.ImageEnhance.Brightness,class,ImageEnhance,pillow_rs.imageenhance,/Users/lazytrot/work/pillow-rs/pillow-rs-py/python/pillow_rs/imageenhance.py,selected_manifest,PIL.ImageEnhance.Brightness,PIL.ImageEnhance.Brightness,type,python-cpu,1,pil-imageenhance.brightness.standard
4634a840bcfa479729d707a6acc76a58b002ff6a,true,12.2.1,/Users/lazytrot/work/pillow-rs/pillow-rs-py/python/PIL/__init__.py,/Users/lazytrot/work/pillow-rs/pillow-rs-py/python/pillow_rs/_core.abi3.so,PIL.ImageEnhance.Brightness.enhance,method,ImageEnhance,pillow_rs.imageenhance,/Users/lazytrot/work/pillow-rs/pillow-rs-py/python/pillow_rs/imageenhance.py,selected_manifest,PIL.ImageEnhance.Brightness.enhance,PIL.ImageEnhance.Brightness.enhance,method,python-cpu,10,pil-imageenhance-brightness.enhance.materialized.l-noise-1024x768-factor-0-5;pil-imageenhance-brightness.enhance.materialized.la-noise-1024x768-factor-0-5;pil-imageenhance-brightness.enhance.materialized.rgb-noise-1024x768-factor-0-5;pil-imageenhance-brightness.enhance.standard;pipeline-matrix.expanded.brightness.1024x768;pipeline-matrix.expanded.brightness.1x1;pipeline-matrix.expanded.brightness.256x256;pipeline-matrix.expanded.brightness.32x32;pipeline-op.brightness.benchmark-materialized;pipeline-op.brightness.matrix-32x24
4634a840bcfa479729d707a6acc76a58b002ff6a,true,12.2.1,/Users/lazytrot/work/pillow-rs/pillow-rs-py/python/PIL/__init__.py,/Users/lazytrot/work/pillow-rs/pillow-rs-py/python/pillow_rs/_core.abi3.so,PIL.ImageEnhance.Color,class,ImageEnhance,pillow_rs.imageenhance,/Users/lazytrot/work/pillow-rs/pillow-rs-py/python/pillow_rs/imageenhance.py,selected_manifest,PIL.ImageEnhance.Color,PIL.ImageEnhance.Color,type,python-cpu,1,pil-imageenhance.color.standard
4634a840bcfa479729d707a6acc76a58b002ff6a,true,12.2.1,/Users/lazytrot/work/pillow-rs/pillow-rs-py/python/PIL/__init__.py,/Users/lazytrot/work/pillow-rs/pillow-rs-py/python/pillow_rs/_core.abi3.so,PIL.ImageEnhance.Color.degenerate,property,ImageEnhance,pillow_rs.imageenhance,/Users/lazytrot/work/pillow-rs/pillow-rs-py/python/pillow_rs/imageenhance.py,outside_selected_manifest,,,,,0,
4634a840bcfa479729d707a6acc76a58b002ff6a,true,12.2.1,/Users/lazytrot/work/pillow-rs/pillow-rs-py/python/PIL/__init__.py,/Users/lazytrot/work/pillow-rs/pillow-rs-py/python/pillow_rs/_core.abi3.so,PIL.ImageEnhance.Color.enhance,method,ImageEnhance,pillow_rs.imageenhance,/Users/lazytrot/work/pillow-rs/pillow-rs-py/python/pillow_rs/imageenhance.py,selected_manifest,PIL.ImageEnhance.Color.enhance,PIL.ImageEnhance.Color.enhance,method,python-cpu,3,pil-imageenhance-color.enhance.standard;pipeline-op.colorsaturation.benchmark-materialized;pipeline-op.colorsaturation.matrix-32x24
4634a840bcfa479729d707a6acc76a58b002ff6a,true,12.2.1,/Users/lazytrot/work/pillow-rs/pillow-rs-py/python/PIL/__init__.py,/Users/lazytrot/work/pillow-rs/pillow-rs-py/python/pillow_rs/_core.abi3.so,PIL.ImageEnhance.Color.intermediate_mode,property,ImageEnhance,pillow_rs.imageenhance,/Users/lazytrot/work/pillow-rs/pillow-rs-py/python/pillow_rs/imageenhance.py,outside_selected_manifest,,,,,0,
4634a840bcfa479729d707a6acc76a58b002ff6a,true,12.2.1,/Users/lazytrot/work/pillow-rs/pillow-rs-py/python/PIL/__init__.py,/Users/lazytrot/work/pillow-rs/pillow-rs-py/python/pillow_rs/_core.abi3.so,PIL.ImageEnhance.Contrast,class,ImageEnhance,pillow_rs.imageenhance,/Users/lazytrot/work/pillow-rs/pillow-rs-py/python/pillow_rs/imageenhance.py,selected_manifest,PIL.ImageEnhance.Contrast,PIL.ImageEnhance.Contrast,type,python-cpu,1,pil-imageenhance.contrast.standard
4634a840bcfa479729d707a6acc76a58b002ff6a,true,12.2.1,/Users/lazytrot/work/pillow-rs/pillow-rs-py/python/PIL/__init__.py,/Users/lazytrot/work/pillow-rs/pillow-rs-py/python/pillow_rs/_core.abi3.so,PIL.ImageEnhance.Contrast.degenerate,property,ImageEnhance,pillow_rs.imageenhance,/Users/lazytrot/work/pillow-rs/pillow-rs-py/python/pillow_rs/imageenhance.py,outside_selected_manifest,,,,,0,
4634a840bcfa479729d707a6acc76a58b002ff6a,true,12.2.1,/Users/lazytrot/work/pillow-rs/pillow-rs-py/python/PIL/__init__.py,/Users/lazytrot/work/pillow-rs/pillow-rs-py/python/pillow_rs/_core.abi3.so,PIL.ImageEnhance.Contrast.enhance,method,ImageEnhance,pillow_rs.imageenhance,/Users/lazytrot/work/pillow-rs/pillow-rs-py/python/pillow_rs/imageenhance.py,selected_manifest,PIL.ImageEnhance.Contrast.enhance,PIL.ImageEnhance.Contrast.enhance,method,python-cpu,3,pil-imageenhance-contrast.enhance.standard;pipeline-op.contrast.benchmark-materialized;pipeline-op.contrast.matrix-32x24
4634a840bcfa479729d707a6acc76a58b002ff6a,true,12.2.1,/Users/lazytrot/work/pillow-rs/pillow-rs-py/python/PIL/__init__.py,/Users/lazytrot/work/pillow-rs/pillow-rs-py/python/pillow_rs/_core.abi3.so,PIL.ImageEnhance.Image,class,ImageEnhance,pillow_rs.image,/Users/lazytrot/work/pillow-rs/pillow-rs-py/python/pillow_rs/image.py,outside_selected_manifest,,,,,0,
4634a840bcfa479729d707a6acc76a58b002ff6a,true,12.2.1,/Users/lazytrot/work/pillow-rs/pillow-rs-py/python/PIL/__init__.py,/Users/lazytrot/work/pillow-rs/pillow-rs-py/python/pillow_rs/_core.abi3.so,PIL.ImageEnhance.Image.__eq__,method,ImageEnhance,pillow_rs.image,/Users/lazytrot/work/pillow-rs/pillow-rs-py/python/pillow_rs/image.py,outside_selected_manifest,,,,,0,
4634a840bcfa479729d707a6acc76a58b002ff6a,true,12.2.1,/Users/lazytrot/work/pillow-rs/pillow-rs-py/python/PIL/__init__.py,/Users/lazytrot/work/pillow-rs/pillow-rs-py/python/pillow_rs/_core.abi3.so,PIL.ImageEnhance.Image.__repr__,method,ImageEnhance,pillow_rs.image,/Users/lazytrot/work/pillow-rs/pillow-rs-py/python/pillow_rs/image.py,outside_selected_manifest,,,,,0,
4634a840bcfa479729d707a6acc76a58b002ff6a,true,12.2.1,/Users/lazytrot/work/pillow-rs/pillow-rs-py/python/PIL/__init__.py,/Users/lazytrot/work/pillow-rs/pillow-rs-py/python/pillow_rs/_core.abi3.so,PIL.ImageEnhance.Image.alpha_composite,method,ImageEnhance,pillow_rs.image,/Users/lazytrot/work/pillow-rs/pillow-rs-py/python/pillow_rs/image.py,outside_selected_manifest,,,,,0,
4634a840bcfa479729d707a6acc76a58b002ff6a,true,12.2.1,/Users/lazytrot/work/pillow-rs/pillow-rs-py/python/PIL/__init__.py,/Users/lazytrot/work/pillow-rs/pillow-rs-py/python/pillow_rs/_core.abi3.so,PIL.ImageEnhance.Image.apply_transparency,method,ImageEnhance,pillow_rs.image,/Users/lazytrot/work/pillow-rs/pillow-rs-py/python/pillow_rs/image.py,outside_selected_manifest,,,,,0,
4634a840bcfa479729d707a6acc76a58b002ff6a,true,12.2.1,/Users/lazytrot/work/pillow-rs/pillow-rs-py/python/PIL/__init__.py,/Users/lazytrot/work/pillow-rs/pillow-rs-py/python/pillow_rs/_core.abi3.so,PIL.ImageEnhance.Image.close,method,ImageEnhance,pillow_rs.image,/Users/lazytrot/work/pillow-rs/pillow-rs-py/python/pillow_rs/image.py,outside_selected_manifest,,,,,0,
4634a840bcfa479729d707a6acc76a58b002ff6a,true,12.2.1,/Users/lazytrot/work/pillow-rs/pillow-rs-py/python/PIL/__init__.py,/Users/lazytrot/work/pillow-rs/pillow-rs-py/python/pillow_rs/_core.abi3.so,PIL.ImageEnhance.Image.convert,method,ImageEnhance,pillow_rs.image,/Users/lazytrot/work/pillow-rs/pillow-rs-py/python/pillow_rs/image.py,outside_selected_manifest,,,,,0,
4634a840bcfa479729d707a6acc76a58b002ff6a,true,12.2.1,/Users/lazytrot/work/pillow-rs/pillow-rs-py/python/PIL/__init__.py,/Users/lazytrot/work/pillow-rs/pillow-rs-py/python/pillow_rs/_core.abi3.so,PIL.ImageEnhance.Image.copy,method,ImageEnhance,pillow_rs.image,/Users/lazytrot/work/pillow-rs/pillow-rs-py/python/pillow_rs/image.py,outside_selected_manifest,,,,,0,
4634a840bcfa479729d707a6acc76a58b002ff6a,true,12.2.1,/Users/lazytrot/work/pillow-rs/pillow-rs-py/python/PIL/__init__.py,/Users/lazytrot/work/pillow-rs/pillow-rs-py/python/pillow_rs/_core.abi3.so,PIL.ImageEnhance.Image.crop,method,ImageEnhance,pillow_rs.image,/Users/lazytrot/work/pillow-rs/pillow-rs-py/python/pillow_rs/image.py,outside_selected_manifest,,,,,0,
4634a840bcfa479729d707a6acc76a58b002ff6a,true,12.2.1,/Users/lazytrot/work/pillow-rs/pillow-rs-py/python/PIL/__init__.py,/Users/lazytrot/work/pillow-rs/pillow-rs-py/python/pillow_rs/_core.abi3.so,PIL.ImageEnhance.Image.draft,method,ImageEnhance,pillow_rs.image,/Users/lazytrot/work/pillow-rs/pillow-rs-py/python/pillow_rs/image.py,outside_selected_manifest,,,,,0,
4634a840bcfa479729d707a6acc76a58b002ff6a,true,12.2.1,/Users/lazytrot/work/pillow-rs/pillow-rs-py/python/PIL/__init__.py,/Users/lazytrot/work/pillow-rs/pillow-rs-py/python/pillow_rs/_core.abi3.so,PIL.ImageEnhance.Image.effect_mandelbrot,method,ImageEnhance,pillow_rs.image,/Users/lazytrot/work/pillow-rs/pillow-rs-py/python/pillow_rs/image.py,outside_selected_manifest,,,,,0,
4634a840bcfa479729d707a6acc76a58b002ff6a,true,12.2.1,/Users/lazytrot/work/pillow-rs/pillow-rs-py/python/PIL/__init__.py,/Users/lazytrot/work/pillow-rs/pillow-rs-py/python/pillow_rs/_core.abi3.so,PIL.ImageEnhance.Image.effect_noise,method,ImageEnhance,pillow_rs.image,/Users/lazytrot/work/pillow-rs/pillow-rs-py/python/pillow_rs/image.py,outside_selected_manifest,,,,,0,
4634a840bcfa479729d707a6acc76a58b002ff6a,true,12.2.1,/Users/lazytrot/work/pillow-rs/pillow-rs-py/python/PIL/__init__.py,/Users/lazytrot/work/pillow-rs/pillow-rs-py/python/pillow_rs/_core.abi3.so,PIL.ImageEnhance.Image.effect_spread,method,ImageEnhance,pillow_rs.image,/Users/lazytrot/work/pillow-rs/pillow-rs-py/python/pillow_rs/image.py,outside_selected_manifest,,,,,0,
4634a840bcfa479729d707a6acc76a58b002ff6a,true,12.2.1,/Users/lazytrot/work/pillow-rs/pillow-rs-py/python/PIL/__init__.py,/Users/lazytrot/work/pillow-rs/pillow-rs-py/python/pillow_rs/_core.abi3.so,PIL.ImageEnhance.Image.entropy,method,ImageEnhance,pillow_rs.image,/Users/lazytrot/work/pillow-rs/pillow-rs-py/python/pillow_rs/image.py,outside_selected_manifest,,,,,0,
4634a840bcfa479729d707a6acc76a58b002ff6a,true,12.2.1,/Users/lazytrot/work/pillow-rs/pillow-rs-py/python/PIL/__init__.py,/Users/lazytrot/work/pillow-rs/pillow-rs-py/python/pillow_rs/_core.abi3.so,PIL.ImageEnhance.Image.eval,method,ImageEnhance,pillow_rs.image,/Users/lazytrot/work/pillow-rs/pillow-rs-py/python/pillow_rs/image.py,outside_selected_manifest,,,,,0,
4634a840bcfa479729d707a6acc76a58b002ff6a,true,12.2.1,/Users/lazytrot/work/pillow-rs/pillow-rs-py/python/PIL/__init__.py,/Users/lazytrot/work/pillow-rs/pillow-rs-py/python/pillow_rs/_core.abi3.so,PIL.ImageEnhance.Image.filter,method,ImageEnhance,pillow_rs.image,/Users/lazytrot/work/pillow-rs/pillow-rs-py/python/pillow_rs/image.py,outside_selected_manifest,,,,,0,
4634a840bcfa479729d707a6acc76a58b002ff6a,true,12.2.1,/Users/lazytrot/work/pillow-rs/pillow-rs-py/python/PIL/__init__.py,/Users/lazytrot/work/pillow-rs/pillow-rs-py/python/pillow_rs/_core.abi3.so,PIL.ImageEnhance.Image.format,property,ImageEnhance,,,outside_selected_manifest,,,,,0,
4634a840bcfa479729d707a6acc76a58b002ff6a,true,12.2.1,/Users/lazytrot/work/pillow-rs/pillow-rs-py/python/PIL/__init__.py,/Users/lazytrot/work/pillow-rs/pillow-rs-py/python/pillow_rs/_core.abi3.so,PIL.ImageEnhance.Image.fromarray,method,ImageEnhance,pillow_rs.image,/Users/lazytrot/work/pillow-rs/pillow-rs-py/python/pillow_rs/image.py,outside_selected_manifest,,,,,0,
4634a840bcfa479729d707a6acc76a58b002ff6a,true,12.2.1,/Users/lazytrot/work/pillow-rs/pillow-rs-py/python/PIL/__init__.py,/Users/lazytrot/work/pillow-rs/pillow-rs-py/python/pillow_rs/_core.abi3.so,PIL.ImageEnhance.Image.frombuffer,method,ImageEnhance,pillow_rs.image,/Users/lazytrot/work/pillow-rs/pillow-rs-py/python/pillow_rs/image.py,outside_selected_manifest,,,,,0,
4634a840bcfa479729d707a6acc76a58b002ff6a,true,12.2.1,/Users/lazytrot/work/pillow-rs/pillow-rs-py/python/PIL/__init__.py,/Users/lazytrot/work/pillow-rs/pillow-rs-py/python/pillow_rs/_core.abi3.so,PIL.ImageEnhance.Image.frombytes,method,ImageEnhance,pillow_rs.image,/Users/lazytrot/work/pillow-rs/pillow-rs-py/python/pillow_rs/image.py,outside_selected_manifest,,,,,0,
4634a840bcfa479729d707a6acc76a58b002ff6a,true,12.2.1,/Users/lazytrot/work/pillow-rs/pillow-rs-py/python/PIL/__init__.py,/Users/lazytrot/work/pillow-rs/pillow-rs-py/python/pillow_rs/_core.abi3.so,PIL.ImageEnhance.Image.get_child_images,method,ImageEnhance,pillow_rs.image,/Users/lazytrot/work/pillow-rs/pillow-rs-py/python/pillow_rs/image.py,outside_selected_manifest,,,,,0,
4634a840bcfa479729d707a6acc76a58b002ff6a,true,12.2.1,/Users/lazytrot/work/pillow-rs/pillow-rs-py/python/PIL/__init__.py,/Users/lazytrot/work/pillow-rs/pillow-rs-py/python/pillow_rs/_core.abi3.so,PIL.ImageEnhance.Image.get_flattened_data,method,ImageEnhance,pillow_rs.image,/Users/lazytrot/work/pillow-rs/pillow-rs-py/python/pillow_rs/image.py,outside_selected_manifest,,,,,0,
4634a840bcfa479729d707a6acc76a58b002ff6a,true,12.2.1,/Users/lazytrot/work/pillow-rs/pillow-rs-py/python/PIL/__init__.py,/Users/lazytrot/work/pillow-rs/pillow-rs-py/python/pillow_rs/_core.abi3.so,PIL.ImageEnhance.Image.getbands,method,ImageEnhance,pillow_rs.image,/Users/lazytrot/work/pillow-rs/pillow-rs-py/python/pillow_rs/image.py,outside_selected_manifest,,,,,0,
4634a840bcfa479729d707a6acc76a58b002ff6a,true,12.2.1,/Users/lazytrot/work/pillow-rs/pillow-rs-py/python/PIL/__init__.py,/Users/lazytrot/work/pillow-rs/pillow-rs-py/python/pillow_rs/_core.abi3.so,PIL.ImageEnhance.Image.getbbox,method,ImageEnhance,pillow_rs.image,/Users/lazytrot/work/pillow-rs/pillow-rs-py/python/pillow_rs/image.py,outside_selected_manifest,,,,,0,
4634a840bcfa479729d707a6acc76a58b002ff6a,true,12.2.1,/Users/lazytrot/work/pillow-rs/pillow-rs-py/python/PIL/__init__.py,/Users/lazytrot/work/pillow-rs/pillow-rs-py/python/pillow_rs/_core.abi3.so,PIL.ImageEnhance.Image.getchannel,method,ImageEnhance,pillow_rs.image,/Users/lazytrot/work/pillow-rs/pillow-rs-py/python/pillow_rs/image.py,outside_selected_manifest,,,,,0,
4634a840bcfa479729d707a6acc76a58b002ff6a,true,12.2.1,/Users/lazytrot/work/pillow-rs/pillow-rs-py/python/PIL/__init__.py,/Users/lazytrot/work/pillow-rs/pillow-rs-py/python/pillow_rs/_core.abi3.so,PIL.ImageEnhance.Image.getcolors,method,ImageEnhance,pillow_rs.image,/Users/lazytrot/work/pillow-rs/pillow-rs-py/python/pillow_rs/image.py,outside_selected_manifest,,,,,0,
4634a840bcfa479729d707a6acc76a58b002ff6a,true,12.2.1,/Users/lazytrot/work/pillow-rs/pillow-rs-py/python/PIL/__init__.py,/Users/lazytrot/work/pillow-rs/pillow-rs-py/python/pillow_rs/_core.abi3.so,PIL.ImageEnhance.Image.getdata,method,ImageEnhance,pillow_rs.image,/Users/lazytrot/work/pillow-rs/pillow-rs-py/python/pillow_rs/image.py,outside_selected_manifest,,,,,0,
4634a840bcfa479729d707a6acc76a58b002ff6a,true,12.2.1,/Users/lazytrot/work/pillow-rs/pillow-rs-py/python/PIL/__init__.py,/Users/lazytrot/work/pillow-rs/pillow-rs-py/python/pillow_rs/_core.abi3.so,PIL.ImageEnhance.Image.getexif,method,ImageEnhance,pillow_rs.image,/Users/lazytrot/work/pillow-rs/pillow-rs-py/python/pillow_rs/image.py,outside_selected_manifest,,,,,0,
4634a840bcfa479729d707a6acc76a58b002ff6a,true,12.2.1,/Users/lazytrot/work/pillow-rs/pillow-rs-py/python/PIL/__init__.py,/Users/lazytrot/work/pillow-rs/pillow-rs-py/python/pillow_rs/_core.abi3.so,PIL.ImageEnhance.Image.getextrema,method,ImageEnhance,pillow_rs.image,/Users/lazytrot/work/pillow-rs/pillow-rs-py/python/pillow_rs/image.py,outside_selected_manifest,,,,,0,
4634a840bcfa479729d707a6acc76a58b002ff6a,true,12.2.1,/Users/lazytrot/work/pillow-rs/pillow-rs-py/python/PIL/__init__.py,/Users/lazytrot/work/pillow-rs/pillow-rs-py/python/pillow_rs/_core.abi3.so,PIL.ImageEnhance.Image.getim,method,ImageEnhance,pillow_rs.image,/Users/lazytrot/work/pillow-rs/pillow-rs-py/python/pillow_rs/image.py,outside_selected_manifest,,,,,0,
4634a840bcfa479729d707a6acc76a58b002ff6a,true,12.2.1,/Users/lazytrot/work/pillow-rs/pillow-rs-py/python/PIL/__init__.py,/Users/lazytrot/work/pillow-rs/pillow-rs-py/python/pillow_rs/_core.abi3.so,PIL.ImageEnhance.Image.getpalette,method,ImageEnhance,pillow_rs.image,/Users/lazytrot/work/pillow-rs/pillow-rs-py/python/pillow_rs/image.py,outside_selected_manifest,,,,,0,
4634a840bcfa479729d707a6acc76a58b002ff6a,true,12.2.1,/Users/lazytrot/work/pillow-rs/pillow-rs-py/python/PIL/__init__.py,/Users/lazytrot/work/pillow-rs/pillow-rs-py/python/pillow_rs/_core.abi3.so,PIL.ImageEnhance.Image.getpixel,method,ImageEnhance,pillow_rs.image,/Users/lazytrot/work/pillow-rs/pillow-rs-py/python/pillow_rs/image.py,outside_selected_manifest,,,,,0,
4634a840bcfa479729d707a6acc76a58b002ff6a,true,12.2.1,/Users/lazytrot/work/pillow-rs/pillow-rs-py/python/PIL/__init__.py,/Users/lazytrot/work/pillow-rs/pillow-rs-py/python/pillow_rs/_core.abi3.so,PIL.ImageEnhance.Image.getprojection,method,ImageEnhance,pillow_rs.image,/Users/lazytrot/work/pillow-rs/pillow-rs-py/python/pillow_rs/image.py,outside_selected_manifest,,,,,0,
4634a840bcfa479729d707a6acc76a58b002ff6a,true,12.2.1,/Users/lazytrot/work/pillow-rs/pillow-rs-py/python/PIL/__init__.py,/Users/lazytrot/work/pillow-rs/pillow-rs-py/python/pillow_rs/_core.abi3.so,PIL.ImageEnhance.Image.getxmp,method,ImageEnhance,pillow_rs.image,/Users/lazytrot/work/pillow-rs/pillow-rs-py/python/pillow_rs/image.py,outside_selected_manifest,,,,,0,
4634a840bcfa479729d707a6acc76a58b002ff6a,true,12.2.1,/Users/lazytrot/work/pillow-rs/pillow-rs-py/python/PIL/__init__.py,/Users/lazytrot/work/pillow-rs/pillow-rs-py/python/pillow_rs/_core.abi3.so,PIL.ImageEnhance.Image.has_transparency_data,property,ImageEnhance,,,outside_selected_manifest,,,,,0,
4634a840bcfa479729d707a6acc76a58b002ff6a,true,12.2.1,/Users/lazytrot/work/pillow-rs/pillow-rs-py/python/PIL/__init__.py,/Users/lazytrot/work/pillow-rs/pillow-rs-py/python/pillow_rs/_core.abi3.so,PIL.ImageEnhance.Image.height,property,ImageEnhance,,,outside_selected_manifest,,,,,0,
4634a840bcfa479729d707a6acc76a58b002ff6a,true,12.2.1,/Users/lazytrot/work/pillow-rs/pillow-rs-py/python/PIL/__init__.py,/Users/lazytrot/work/pillow-rs/pillow-rs-py/python/pillow_rs/_core.abi3.so,PIL.ImageEnhance.Image.histogram,method,ImageEnhance,pillow_rs.image,/Users/lazytrot/work/pillow-rs/pillow-rs-py/python/pillow_rs/image.py,outside_selected_manifest,,,,,0,
4634a840bcfa479729d707a6acc76a58b002ff6a,true,12.2.1,/Users/lazytrot/work/pillow-rs/pillow-rs-py/python/PIL/__init__.py,/Users/lazytrot/work/pillow-rs/pillow-rs-py/python/pillow_rs/_core.abi3.so,PIL.ImageEnhance.Image.info,property,ImageEnhance,,,outside_selected_manifest,,,,,0,
4634a840bcfa479729d707a6acc76a58b002ff6a,true,12.2.1,/Users/lazytrot/work/pillow-rs/pillow-rs-py/python/PIL/__init__.py,/Users/lazytrot/work/pillow-rs/pillow-rs-py/python/pillow_rs/_core.abi3.so,PIL.ImageEnhance.Image.linear_gradient,method,ImageEnhance,pillow_rs.image,/Users/lazytrot/work/pillow-rs/pillow-rs-py/python/pillow_rs/image.py,outside_selected_manifest,,,,,0,
4634a840bcfa479729d707a6acc76a58b002ff6a,true,12.2.1,/Users/lazytrot/work/pillow-rs/pillow-rs-py/python/PIL/__init__.py,/Users/lazytrot/work/pillow-rs/pillow-rs-py/python/pillow_rs/_core.abi3.so,PIL.ImageEnhance.Image.load,method,ImageEnhance,pillow_rs.image,/Users/lazytrot/work/pillow-rs/pillow-rs-py/python/pillow_rs/image.py,outside_selected_manifest,,,,,0,
4634a840bcfa479729d707a6acc76a58b002ff6a,true,12.2.1,/Users/lazytrot/work/pillow-rs/pillow-rs-py/python/PIL/__init__.py,/Users/lazytrot/work/pillow-rs/pillow-rs-py/python/pillow_rs/_core.abi3.so,PIL.ImageEnhance.Image.mode,property,ImageEnhance,,,outside_selected_manifest,,,,,0,
4634a840bcfa479729d707a6acc76a58b002ff6a,true,12.2.1,/Users/lazytrot/work/pillow-rs/pillow-rs-py/python/PIL/__init__.py,/Users/lazytrot/work/pillow-rs/pillow-rs-py/python/pillow_rs/_core.abi3.so,PIL.ImageEnhance.Image.new,method,ImageEnhance,pillow_rs.image,/Users/lazytrot/work/pillow-rs/pillow-rs-py/python/pillow_rs/image.py,outside_selected_manifest,,,,,0,
4634a840bcfa479729d707a6acc76a58b002ff6a,true,12.2.1,/Users/lazytrot/work/pillow-rs/pillow-rs-py/python/PIL/__init__.py,/Users/lazytrot/work/pillow-rs/pillow-rs-py/python/pillow_rs/_core.abi3.so,PIL.ImageEnhance.Image.open,method,ImageEnhance,pillow_rs.image,/Users/lazytrot/work/pillow-rs/pillow-rs-py/python/pillow_rs/image.py,outside_selected_manifest,,,,,0,
4634a840bcfa479729d707a6acc76a58b002ff6a,true,12.2.1,/Users/lazytrot/work/pillow-rs/pillow-rs-py/python/PIL/__init__.py,/Users/lazytrot/work/pillow-rs/pillow-rs-py/python/pillow_rs/_core.abi3.so,PIL.ImageEnhance.Image.palette,property,ImageEnhance,,,outside_selected_manifest,,,,,0,
4634a840bcfa479729d707a6acc76a58b002ff6a,true,12.2.1,/Users/lazytrot/work/pillow-rs/pillow-rs-py/python/PIL/__init__.py,/Users/lazytrot/work/pillow-rs/pillow-rs-py/python/pillow_rs/_core.abi3.so,PIL.ImageEnhance.Image.paste,method,ImageEnhance,pillow_rs.image,/Users/lazytrot/work/pillow-rs/pillow-rs-py/python/pillow_rs/image.py,outside_selected_manifest,,,,,0,
4634a840bcfa479729d707a6acc76a58b002ff6a,true,12.2.1,/Users/lazytrot/work/pillow-rs/pillow-rs-py/python/PIL/__init__.py,/Users/lazytrot/work/pillow-rs/pillow-rs-py/python/pillow_rs/_core.abi3.so,PIL.ImageEnhance.Image.point,method,ImageEnhance,pillow_rs.image,/Users/lazytrot/work/pillow-rs/pillow-rs-py/python/pillow_rs/image.py,outside_selected_manifest,,,,,0,
4634a840bcfa479729d707a6acc76a58b002ff6a,true,12.2.1,/Users/lazytrot/work/pillow-rs/pillow-rs-py/python/PIL/__init__.py,/Users/lazytrot/work/pillow-rs/pillow-rs-py/python/pillow_rs/_core.abi3.so,PIL.ImageEnhance.Image.putalpha,method,ImageEnhance,pillow_rs.image,/Users/lazytrot/work/pillow-rs/pillow-rs-py/python/pillow_rs/image.py,outside_selected_manifest,,,,,0,
4634a840bcfa479729d707a6acc76a58b002ff6a,true,12.2.1,/Users/lazytrot/work/pillow-rs/pillow-rs-py/python/PIL/__init__.py,/Users/lazytrot/work/pillow-rs/pillow-rs-py/python/pillow_rs/_core.abi3.so,PIL.ImageEnhance.Image.putdata,method,ImageEnhance,pillow_rs.image,/Users/lazytrot/work/pillow-rs/pillow-rs-py/python/pillow_rs/image.py,outside_selected_manifest,,,,,0,
4634a840bcfa479729d707a6acc76a58b002ff6a,true,12.2.1,/Users/lazytrot/work/pillow-rs/pillow-rs-py/python/PIL/__init__.py,/Users/lazytrot/work/pillow-rs/pillow-rs-py/python/pillow_rs/_core.abi3.so,PIL.ImageEnhance.Image.putpalette,method,ImageEnhance,pillow_rs.image,/Users/lazytrot/work/pillow-rs/pillow-rs-py/python/pillow_rs/image.py,outside_selected_manifest,,,,,0,
4634a840bcfa479729d707a6acc76a58b002ff6a,true,12.2.1,/Users/lazytrot/work/pillow-rs/pillow-rs-py/python/PIL/__init__.py,/Users/lazytrot/work/pillow-rs/pillow-rs-py/python/pillow_rs/_core.abi3.so,PIL.ImageEnhance.Image.putpixel,method,ImageEnhance,pillow_rs.image,/Users/lazytrot/work/pillow-rs/pillow-rs-py/python/pillow_rs/image.py,outside_selected_manifest,,,,,0,
4634a840bcfa479729d707a6acc76a58b002ff6a,true,12.2.1,/Users/lazytrot/work/pillow-rs/pillow-rs-py/python/PIL/__init__.py,/Users/lazytrot/work/pillow-rs/pillow-rs-py/python/pillow_rs/_core.abi3.so,PIL.ImageEnhance.Image.quantize,method,ImageEnhance,pillow_rs.image,/Users/lazytrot/work/pillow-rs/pillow-rs-py/python/pillow_rs/image.py,outside_selected_manifest,,,,,0,
4634a840bcfa479729d707a6acc76a58b002ff6a,true,12.2.1,/Users/lazytrot/work/pillow-rs/pillow-rs-py/python/PIL/__init__.py,/Users/lazytrot/work/pillow-rs/pillow-rs-py/python/pillow_rs/_core.abi3.so,PIL.ImageEnhance.Image.radial_gradient,method,ImageEnhance,pillow_rs.image,/Users/lazytrot/work/pillow-rs/pillow-rs-py/python/pillow_rs/image.py,outside_selected_manifest,,,,,0,
4634a840bcfa479729d707a6acc76a58b002ff6a,true,12.2.1,/Users/lazytrot/work/pillow-rs/pillow-rs-py/python/PIL/__init__.py,/Users/lazytrot/work/pillow-rs/pillow-rs-py/python/pillow_rs/_core.abi3.so,PIL.ImageEnhance.Image.reduce,method,ImageEnhance,pillow_rs.image,/Users/lazytrot/work/pillow-rs/pillow-rs-py/python/pillow_rs/image.py,outside_selected_manifest,,,,,0,
4634a840bcfa479729d707a6acc76a58b002ff6a,true,12.2.1,/Users/lazytrot/work/pillow-rs/pillow-rs-py/python/PIL/__init__.py,/Users/lazytrot/work/pillow-rs/pillow-rs-py/python/pillow_rs/_core.abi3.so,PIL.ImageEnhance.Image.remap_palette,method,ImageEnhance,pillow_rs.image,/Users/lazytrot/work/pillow-rs/pillow-rs-py/python/pillow_rs/image.py,outside_selected_manifest,,,,,0,
4634a840bcfa479729d707a6acc76a58b002ff6a,true,12.2.1,/Users/lazytrot/work/pillow-rs/pillow-rs-py/python/PIL/__init__.py,/Users/lazytrot/work/pillow-rs/pillow-rs-py/python/pillow_rs/_core.abi3.so,PIL.ImageEnhance.Image.resize,method,ImageEnhance,pillow_rs.image,/Users/lazytrot/work/pillow-rs/pillow-rs-py/python/pillow_rs/image.py,outside_selected_manifest,,,,,0,
4634a840bcfa479729d707a6acc76a58b002ff6a,true,12.2.1,/Users/lazytrot/work/pillow-rs/pillow-rs-py/python/PIL/__init__.py,/Users/lazytrot/work/pillow-rs/pillow-rs-py/python/pillow_rs/_core.abi3.so,PIL.ImageEnhance.Image.rotate,method,ImageEnhance,pillow_rs.image,/Users/lazytrot/work/pillow-rs/pillow-rs-py/python/pillow_rs/image.py,outside_selected_manifest,,,,,0,
4634a840bcfa479729d707a6acc76a58b002ff6a,true,12.2.1,/Users/lazytrot/work/pillow-rs/pillow-rs-py/python/PIL/__init__.py,/Users/lazytrot/work/pillow-rs/pillow-rs-py/python/pillow_rs/_core.abi3.so,PIL.ImageEnhance.Image.save,method,ImageEnhance,pillow_rs.image,/Users/lazytrot/work/pillow-rs/pillow-rs-py/python/pillow_rs/image.py,outside_selected_manifest,,,,,0,
4634a840bcfa479729d707a6acc76a58b002ff6a,true,12.2.1,/Users/lazytrot/work/pillow-rs/pillow-rs-py/python/PIL/__init__.py,/Users/lazytrot/work/pillow-rs/pillow-rs-py/python/pillow_rs/_core.abi3.so,PIL.ImageEnhance.Image.seek,method,ImageEnhance,pillow_rs.image,/Users/lazytrot/work/pillow-rs/pillow-rs-py/python/pillow_rs/image.py,outside_selected_manifest,,,,,0,
4634a840bcfa479729d707a6acc76a58b002ff6a,true,12.2.1,/Users/lazytrot/work/pillow-rs/pillow-rs-py/python/PIL/__init__.py,/Users/lazytrot/work/pillow-rs/pillow-rs-py/python/pillow_rs/_core.abi3.so,PIL.ImageEnhance.Image.show,method,ImageEnhance,pillow_rs.image,/Users/lazytrot/work/pillow-rs/pillow-rs-py/python/pillow_rs/image.py,outside_selected_manifest,,,,,0,
4634a840bcfa479729d707a6acc76a58b002ff6a,true,12.2.1,/Users/lazytrot/work/pillow-rs/pillow-rs-py/python/PIL/__init__.py,/Users/lazytrot/work/pillow-rs/pillow-rs-py/python/pillow_rs/_core.abi3.so,PIL.ImageEnhance.Image.size,property,ImageEnhance,,,outside_selected_manifest,,,,,0,
4634a840bcfa479729d707a6acc76a58b002ff6a,true,12.2.1,/Users/lazytrot/work/pillow-rs/pillow-rs-py/python/PIL/__init__.py,/Users/lazytrot/work/pillow-rs/pillow-rs-py/python/pillow_rs/_core.abi3.so,PIL.ImageEnhance.Image.split,method,ImageEnhance,pillow_rs.image,/Users/lazytrot/work/pillow-rs/pillow-rs-py/python/pillow_rs/image.py,outside_selected_manifest,,,,,0,
4634a840bcfa479729d707a6acc76a58b002ff6a,true,12.2.1,/Users/lazytrot/work/pillow-rs/pillow-rs-py/python/PIL/__init__.py,/Users/lazytrot/work/pillow-rs/pillow-rs-py/python/pillow_rs/_core.abi3.so,PIL.ImageEnhance.Image.tell,method,ImageEnhance,pillow_rs.image,/Users/lazytrot/work/pillow-rs/pillow-rs-py/python/pillow_rs/image.py,outside_selected_manifest,,,,,0,
4634a840bcfa479729d707a6acc76a58b002ff6a,true,12.2.1,/Users/lazytrot/work/pillow-rs/pillow-rs-py/python/PIL/__init__.py,/Users/lazytrot/work/pillow-rs/pillow-rs-py/python/pillow_rs/_core.abi3.so,PIL.ImageEnhance.Image.thumbnail,method,ImageEnhance,pillow_rs.image,/Users/lazytrot/work/pillow-rs/pillow-rs-py/python/pillow_rs/image.py,outside_selected_manifest,,,,,0,
4634a840bcfa479729d707a6acc76a58b002ff6a,true,12.2.1,/Users/lazytrot/work/pillow-rs/pillow-rs-py/python/PIL/__init__.py,/Users/lazytrot/work/pillow-rs/pillow-rs-py/python/pillow_rs/_core.abi3.so,PIL.ImageEnhance.Image.tobitmap,method,ImageEnhance,pillow_rs.image,/Users/lazytrot/work/pillow-rs/pillow-rs-py/python/pillow_rs/image.py,outside_selected_manifest,,,,,0,
4634a840bcfa479729d707a6acc76a58b002ff6a,true,12.2.1,/Users/lazytrot/work/pillow-rs/pillow-rs-py/python/PIL/__init__.py,/Users/lazytrot/work/pillow-rs/pillow-rs-py/python/pillow_rs/_core.abi3.so,PIL.ImageEnhance.Image.tobytes,method,ImageEnhance,pillow_rs.image,/Users/lazytrot/work/pillow-rs/pillow-rs-py/python/pillow_rs/image.py,outside_selected_manifest,,,,,0,
4634a840bcfa479729d707a6acc76a58b002ff6a,true,12.2.1,/Users/lazytrot/work/pillow-rs/pillow-rs-py/python/PIL/__init__.py,/Users/lazytrot/work/pillow-rs/pillow-rs-py/python/pillow_rs/_core.abi3.so,PIL.ImageEnhance.Image.toqimage,method,ImageEnhance,pillow_rs.image,/Users/lazytrot/work/pillow-rs/pillow-rs-py/python/pillow_rs/image.py,outside_selected_manifest,,,,,0,
4634a840bcfa479729d707a6acc76a58b002ff6a,true,12.2.1,/Users/lazytrot/work/pillow-rs/pillow-rs-py/python/PIL/__init__.py,/Users/lazytrot/work/pillow-rs/pillow-rs-py/python/pillow_rs/_core.abi3.so,PIL.ImageEnhance.Image.toqpixmap,method,ImageEnhance,pillow_rs.image,/Users/lazytrot/work/pillow-rs/pillow-rs-py/python/pillow_rs/image.py,outside_selected_manifest,,,,,0,
4634a840bcfa479729d707a6acc76a58b002ff6a,true,12.2.1,/Users/lazytrot/work/pillow-rs/pillow-rs-py/python/PIL/__init__.py,/Users/lazytrot/work/pillow-rs/pillow-rs-py/python/pillow_rs/_core.abi3.so,PIL.ImageEnhance.Image.transform,method,ImageEnhance,pillow_rs.image,/Users/lazytrot/work/pillow-rs/pillow-rs-py/python/pillow_rs/image.py,outside_selected_manifest,,,,,0,
4634a840bcfa479729d707a6acc76a58b002ff6a,true,12.2.1,/Users/lazytrot/work/pillow-rs/pillow-rs-py/python/PIL/__init__.py,/Users/lazytrot/work/pillow-rs/pillow-rs-py/python/pillow_rs/_core.abi3.so,PIL.ImageEnhance.Image.transpose,method,ImageEnhance,pillow_rs.image,/Users/lazytrot/work/pillow-rs/pillow-rs-py/python/pillow_rs/image.py,outside_selected_manifest,,,,,0,
4634a840bcfa479729d707a6acc76a58b002ff6a,true,12.2.1,/Users/lazytrot/work/pillow-rs/pillow-rs-py/python/PIL/__init__.py,/Users/lazytrot/work/pillow-rs/pillow-rs-py/python/pillow_rs/_core.abi3.so,PIL.ImageEnhance.Image.verify,method,ImageEnhance,pillow_rs.image,/Users/lazytrot/work/pillow-rs/pillow-rs-py/python/pillow_rs/image.py,outside_selected_manifest,,,,,0,
4634a840bcfa479729d707a6acc76a58b002ff6a,true,12.2.1,/Users/lazytrot/work/pillow-rs/pillow-rs-py/python/PIL/__init__.py,/Users/lazytrot/work/pillow-rs/pillow-rs-py/python/pillow_rs/_core.abi3.so,PIL.ImageEnhance.Image.width,property,ImageEnhance,,,outside_selected_manifest,,,,,0,
4634a840bcfa479729d707a6acc76a58b002ff6a,true,12.2.1,/Users/lazytrot/work/pillow-rs/pillow-rs-py/python/PIL/__init__.py,/Users/lazytrot/work/pillow-rs/pillow-rs-py/python/pillow_rs/_core.abi3.so,PIL.ImageEnhance.Sharpness,class,ImageEnhance,pillow_rs.imageenhance,/Users/lazytrot/work/pillow-rs/pillow-rs-py/python/pillow_rs/imageenhance.py,selected_manifest,PIL.ImageEnhance.Sharpness,PIL.ImageEnhance.Sharpness,type,python-cpu,1,pil-imageenhance.sharpness.standard
4634a840bcfa479729d707a6acc76a58b002ff6a,true,12.2.1,/Users/lazytrot/work/pillow-rs/pillow-rs-py/python/PIL/__init__.py,/Users/lazytrot/work/pillow-rs/pillow-rs-py/python/pillow_rs/_core.abi3.so,PIL.ImageEnhance.Sharpness.enhance,method,ImageEnhance,pillow_rs.imageenhance,/Users/lazytrot/work/pillow-rs/pillow-rs-py/python/pillow_rs/imageenhance.py,selected_manifest,PIL.ImageEnhance.Sharpness.enhance,PIL.ImageEnhance.Sharpness.enhance,method,python-cpu,7,pil-imageenhance-sharpness.enhance.identity-material-rgb-noise-1024x768;pil-imageenhance-sharpness.enhance.material-l-noise-1024x768;pil-imageenhance-sharpness.enhance.material-la-520x512;pil-imageenhance-sharpness.enhance.material-rgbx-x-byte-1024x768;pil-imageenhance-sharpness.enhance.standard;pipeline-op.sharpness.benchmark-materialized;pipeline-op.sharpness.matrix-32x24
4634a840bcfa479729d707a6acc76a58b002ff6a,true,12.2.1,/Users/lazytrot/work/pillow-rs/pillow-rs-py/python/PIL/__init__.py,/Users/lazytrot/work/pillow-rs/pillow-rs-py/python/pillow_rs/_core.abi3.so,PIL.ImageFilter.BLUR,class,ImageFilter,pillow_rs.imagefilter,/Users/lazytrot/work/pillow-rs/pillow-rs-py/python/pillow_rs/imagefilter.py,selected_manifest,PIL.ImageFilter.BLUR,PIL.ImageFilter.BLUR,type,python-cpu,1,pil-imagefilter.blur.standard
4634a840bcfa479729d707a6acc76a58b002ff6a,true,12.2.1,/Users/lazytrot/work/pillow-rs/pillow-rs-py/python/PIL/__init__.py,/Users/lazytrot/work/pillow-rs/pillow-rs-py/python/pillow_rs/_core.abi3.so,PIL.ImageFilter.BoxBlur,class,ImageFilter,pillow_rs.imagefilter,/Users/lazytrot/work/pillow-rs/pillow-rs-py/python/pillow_rs/imagefilter.py,selected_manifest,PIL.ImageFilter.BoxBlur,PIL.ImageFilter.BoxBlur,type,python-cpu,3,pil-imagefilter.boxblur.standard;pipeline-op.boxblur.material-l-noise-1024x768-radius-1;pipeline-op.boxblur.material-rgb-noise-1024x768-radius-1
4634a840bcfa479729d707a6acc76a58b002ff6a,true,12.2.1,/Users/lazytrot/work/pillow-rs/pillow-rs-py/python/PIL/__init__.py,/Users/lazytrot/work/pillow-rs/pillow-rs-py/python/pillow_rs/_core.abi3.so,PIL.ImageFilter.BoxBlur.radius,property,ImageFilter,pillow_rs.imagefilter,/Users/lazytrot/work/pillow-rs/pillow-rs-py/python/pillow_rs/imagefilter.py,outside_selected_manifest,,,,,0,
4634a840bcfa479729d707a6acc76a58b002ff6a,true,12.2.1,/Users/lazytrot/work/pillow-rs/pillow-rs-py/python/PIL/__init__.py,/Users/lazytrot/work/pillow-rs/pillow-rs-py/python/pillow_rs/_core.abi3.so,PIL.ImageFilter.CONTOUR,class,ImageFilter,pillow_rs.imagefilter,/Users/lazytrot/work/pillow-rs/pillow-rs-py/python/pillow_rs/imagefilter.py,selected_manifest,PIL.ImageFilter.CONTOUR,PIL.ImageFilter.CONTOUR,type,python-cpu,1,pil-imagefilter.contour.standard
4634a840bcfa479729d707a6acc76a58b002ff6a,true,12.2.1,/Users/lazytrot/work/pillow-rs/pillow-rs-py/python/PIL/__init__.py,/Users/lazytrot/work/pillow-rs/pillow-rs-py/python/pillow_rs/_core.abi3.so,PIL.ImageFilter.Color3DLUT,class,ImageFilter,pillow_rs.imagefilter,/Users/lazytrot/work/pillow-rs/pillow-rs-py/python/pillow_rs/imagefilter.py,selected_manifest,PIL.ImageFilter.Color3DLUT,PIL.ImageFilter.Color3DLUT,type,python-cpu,1,pil-imagefilter.color3dlut.standard
4634a840bcfa479729d707a6acc76a58b002ff6a,true,12.2.1,/Users/lazytrot/work/pillow-rs/pillow-rs-py/python/PIL/__init__.py,/Users/lazytrot/work/pillow-rs/pillow-rs-py/python/pillow_rs/_core.abi3.so,PIL.ImageFilter.Color3DLUT.__repr__,method,ImageFilter,pillow_rs.imagefilter,/Users/lazytrot/work/pillow-rs/pillow-rs-py/python/pillow_rs/imagefilter.py,selected_manifest,PIL.ImageFilter.Color3DLUT.__repr__,PIL.ImageFilter.Color3DLUT.__repr__,method,python-cpu,1,pil-imagefilter-color3dlut.repr.standard
4634a840bcfa479729d707a6acc76a58b002ff6a,true,12.2.1,/Users/lazytrot/work/pillow-rs/pillow-rs-py/python/PIL/__init__.py,/Users/lazytrot/work/pillow-rs/pillow-rs-py/python/pillow_rs/_core.abi3.so,PIL.ImageFilter.Color3DLUT.channels,property,ImageFilter,pillow_rs.imagefilter,/Users/lazytrot/work/pillow-rs/pillow-rs-py/python/pillow_rs/imagefilter.py,outside_selected_manifest,,,,,0,
4634a840bcfa479729d707a6acc76a58b002ff6a,true,12.2.1,/Users/lazytrot/work/pillow-rs/pillow-rs-py/python/PIL/__init__.py,/Users/lazytrot/work/pillow-rs/pillow-rs-py/python/pillow_rs/_core.abi3.so,PIL.ImageFilter.Color3DLUT.generate,method,ImageFilter,pillow_rs.imagefilter,/Users/lazytrot/work/pillow-rs/pillow-rs-py/python/pillow_rs/imagefilter.py,selected_manifest,PIL.ImageFilter.Color3DLUT.generate,PIL.ImageFilter.Color3DLUT.generate,function,python-cpu,1,pil-imagefilter-color3dlut.generate.standard
4634a840bcfa479729d707a6acc76a58b002ff6a,true,12.2.1,/Users/lazytrot/work/pillow-rs/pillow-rs-py/python/PIL/__init__.py,/Users/lazytrot/work/pillow-rs/pillow-rs-py/python/pillow_rs/_core.abi3.so,PIL.ImageFilter.Color3DLUT.mode,property,ImageFilter,pillow_rs.imagefilter,/Users/lazytrot/work/pillow-rs/pillow-rs-py/python/pillow_rs/imagefilter.py,outside_selected_manifest,,,,,0,
4634a840bcfa479729d707a6acc76a58b002ff6a,true,12.2.1,/Users/lazytrot/work/pillow-rs/pillow-rs-py/python/PIL/__init__.py,/Users/lazytrot/work/pillow-rs/pillow-rs-py/python/pillow_rs/_core.abi3.so,PIL.ImageFilter.Color3DLUT.size,property,ImageFilter,pillow_rs.imagefilter,/Users/lazytrot/work/pillow-rs/pillow-rs-py/python/pillow_rs/imagefilter.py,outside_selected_manifest,,,,,0,
4634a840bcfa479729d707a6acc76a58b002ff6a,true,12.2.1,/Users/lazytrot/work/pillow-rs/pillow-rs-py/python/PIL/__init__.py,/Users/lazytrot/work/pillow-rs/pillow-rs-py/python/pillow_rs/_core.abi3.so,PIL.ImageFilter.Color3DLUT.table,property,ImageFilter,pillow_rs.imagefilter,/Users/lazytrot/work/pillow-rs/pillow-rs-py/python/pillow_rs/imagefilter.py,outside_selected_manifest,,,,,0,
4634a840bcfa479729d707a6acc76a58b002ff6a,true,12.2.1,/Users/lazytrot/work/pillow-rs/pillow-rs-py/python/PIL/__init__.py,/Users/lazytrot/work/pillow-rs/pillow-rs-py/python/pillow_rs/_core.abi3.so,PIL.ImageFilter.Color3DLUT.transform,method,ImageFilter,pillow_rs.imagefilter,/Users/lazytrot/work/pillow-rs/pillow-rs-py/python/pillow_rs/imagefilter.py,selected_manifest,PIL.ImageFilter.Color3DLUT.transform,PIL.ImageFilter.Color3DLUT.transform,method,python-cpu,1,pil-imagefilter-color3dlut.transform.standard
4634a840bcfa479729d707a6acc76a58b002ff6a,true,12.2.1,/Users/lazytrot/work/pillow-rs/pillow-rs-py/python/PIL/__init__.py,/Users/lazytrot/work/pillow-rs/pillow-rs-py/python/pillow_rs/_core.abi3.so,PIL.ImageFilter.DETAIL,class,ImageFilter,pillow_rs.imagefilter,/Users/lazytrot/work/pillow-rs/pillow-rs-py/python/pillow_rs/imagefilter.py,selected_manifest,PIL.ImageFilter.DETAIL,PIL.ImageFilter.DETAIL,type,python-cpu,1,pil-imagefilter.detail.standard
4634a840bcfa479729d707a6acc76a58b002ff6a,true,12.2.1,/Users/lazytrot/work/pillow-rs/pillow-rs-py/python/PIL/__init__.py,/Users/lazytrot/work/pillow-rs/pillow-rs-py/python/pillow_rs/_core.abi3.so,PIL.ImageFilter.EDGE_ENHANCE,class,ImageFilter,pillow_rs.imagefilter,/Users/lazytrot/work/pillow-rs/pillow-rs-py/python/pillow_rs/imagefilter.py,selected_manifest,PIL.ImageFilter.EDGE_ENHANCE,PIL.ImageFilter.EDGE_ENHANCE,type,python-cpu,1,pil-imagefilter.edge-enhance.standard
4634a840bcfa479729d707a6acc76a58b002ff6a,true,12.2.1,/Users/lazytrot/work/pillow-rs/pillow-rs-py/python/PIL/__init__.py,/Users/lazytrot/work/pillow-rs/pillow-rs-py/python/pillow_rs/_core.abi3.so,PIL.ImageFilter.EDGE_ENHANCE_MORE,class,ImageFilter,pillow_rs.imagefilter,/Users/lazytrot/work/pillow-rs/pillow-rs-py/python/pillow_rs/imagefilter.py,selected_manifest,PIL.ImageFilter.EDGE_ENHANCE_MORE,PIL.ImageFilter.EDGE_ENHANCE_MORE,type,python-cpu,1,pil-imagefilter.edge-enhance-more.standard
4634a840bcfa479729d707a6acc76a58b002ff6a,true,12.2.1,/Users/lazytrot/work/pillow-rs/pillow-rs-py/python/PIL/__init__.py,/Users/lazytrot/work/pillow-rs/pillow-rs-py/python/pillow_rs/_core.abi3.so,PIL.ImageFilter.EMBOSS,class,ImageFilter,pillow_rs.imagefilter,/Users/lazytrot/work/pillow-rs/pillow-rs-py/python/pillow_rs/imagefilter.py,selected_manifest,PIL.ImageFilter.EMBOSS,PIL.ImageFilter.EMBOSS,type,python-cpu,1,pil-imagefilter.emboss.standard
4634a840bcfa479729d707a6acc76a58b002ff6a,true,12.2.1,/Users/lazytrot/work/pillow-rs/pillow-rs-py/python/PIL/__init__.py,/Users/lazytrot/work/pillow-rs/pillow-rs-py/python/pillow_rs/_core.abi3.so,PIL.ImageFilter.FIND_EDGES,class,ImageFilter,pillow_rs.imagefilter,/Users/lazytrot/work/pillow-rs/pillow-rs-py/python/pillow_rs/imagefilter.py,selected_manifest,PIL.ImageFilter.FIND_EDGES,PIL.ImageFilter.FIND_EDGES,type,python-cpu,1,pil-imagefilter.find-edges.standard
4634a840bcfa479729d707a6acc76a58b002ff6a,true,12.2.1,/Users/lazytrot/work/pillow-rs/pillow-rs-py/python/PIL/__init__.py,/Users/lazytrot/work/pillow-rs/pillow-rs-py/python/pillow_rs/_core.abi3.so,PIL.ImageFilter.GaussianBlur,class,ImageFilter,pillow_rs.imagefilter,/Users/lazytrot/work/pillow-rs/pillow-rs-py/python/pillow_rs/imagefilter.py,selected_manifest,PIL.ImageFilter.GaussianBlur,PIL.ImageFilter.GaussianBlur,type,python-cpu,3,pil-imagefilter.gaussianblur.standard;pipeline-op.gaussianblur.material-l-noise-1024x768;pipeline-op.gaussianblur.material-la-noise-1024x768
4634a840bcfa479729d707a6acc76a58b002ff6a,true,12.2.1,/Users/lazytrot/work/pillow-rs/pillow-rs-py/python/PIL/__init__.py,/Users/lazytrot/work/pillow-rs/pillow-rs-py/python/pillow_rs/_core.abi3.so,PIL.ImageFilter.GaussianBlur.radius,property,ImageFilter,pillow_rs.imagefilter,/Users/lazytrot/work/pillow-rs/pillow-rs-py/python/pillow_rs/imagefilter.py,outside_selected_manifest,,,,,0,
4634a840bcfa479729d707a6acc76a58b002ff6a,true,12.2.1,/Users/lazytrot/work/pillow-rs/pillow-rs-py/python/PIL/__init__.py,/Users/lazytrot/work/pillow-rs/pillow-rs-py/python/pillow_rs/_core.abi3.so,PIL.ImageFilter.Image,class,ImageFilter,pillow_rs.image,/Users/lazytrot/work/pillow-rs/pillow-rs-py/python/pillow_rs/image.py,outside_selected_manifest,,,,,0,
4634a840bcfa479729d707a6acc76a58b002ff6a,true,12.2.1,/Users/lazytrot/work/pillow-rs/pillow-rs-py/python/PIL/__init__.py,/Users/lazytrot/work/pillow-rs/pillow-rs-py/python/pillow_rs/_core.abi3.so,PIL.ImageFilter.Image.__eq__,method,ImageFilter,pillow_rs.image,/Users/lazytrot/work/pillow-rs/pillow-rs-py/python/pillow_rs/image.py,outside_selected_manifest,,,,,0,
4634a840bcfa479729d707a6acc76a58b002ff6a,true,12.2.1,/Users/lazytrot/work/pillow-rs/pillow-rs-py/python/PIL/__init__.py,/Users/lazytrot/work/pillow-rs/pillow-rs-py/python/pillow_rs/_core.abi3.so,PIL.ImageFilter.Image.__repr__,method,ImageFilter,pillow_rs.image,/Users/lazytrot/work/pillow-rs/pillow-rs-py/python/pillow_rs/image.py,outside_selected_manifest,,,,,0,
4634a840bcfa479729d707a6acc76a58b002ff6a,true,12.2.1,/Users/lazytrot/work/pillow-rs/pillow-rs-py/python/PIL/__init__.py,/Users/lazytrot/work/pillow-rs/pillow-rs-py/python/pillow_rs/_core.abi3.so,PIL.ImageFilter.Image.alpha_composite,method,ImageFilter,pillow_rs.image,/Users/lazytrot/work/pillow-rs/pillow-rs-py/python/pillow_rs/image.py,outside_selected_manifest,,,,,0,
4634a840bcfa479729d707a6acc76a58b002ff6a,true,12.2.1,/Users/lazytrot/work/pillow-rs/pillow-rs-py/python/PIL/__init__.py,/Users/lazytrot/work/pillow-rs/pillow-rs-py/python/pillow_rs/_core.abi3.so,PIL.ImageFilter.Image.apply_transparency,method,ImageFilter,pillow_rs.image,/Users/lazytrot/work/pillow-rs/pillow-rs-py/python/pillow_rs/image.py,outside_selected_manifest,,,,,0,
4634a840bcfa479729d707a6acc76a58b002ff6a,true,12.2.1,/Users/lazytrot/work/pillow-rs/pillow-rs-py/python/PIL/__init__.py,/Users/lazytrot/work/pillow-rs/pillow-rs-py/python/pillow_rs/_core.abi3.so,PIL.ImageFilter.Image.close,method,ImageFilter,pillow_rs.image,/Users/lazytrot/work/pillow-rs/pillow-rs-py/python/pillow_rs/image.py,outside_selected_manifest,,,,,0,
4634a840bcfa479729d707a6acc76a58b002ff6a,true,12.2.1,/Users/lazytrot/work/pillow-rs/pillow-rs-py/python/PIL/__init__.py,/Users/lazytrot/work/pillow-rs/pillow-rs-py/python/pillow_rs/_core.abi3.so,PIL.ImageFilter.Image.convert,method,ImageFilter,pillow_rs.image,/Users/lazytrot/work/pillow-rs/pillow-rs-py/python/pillow_rs/image.py,outside_selected_manifest,,,,,0,
4634a840bcfa479729d707a6acc76a58b002ff6a,true,12.2.1,/Users/lazytrot/work/pillow-rs/pillow-rs-py/python/PIL/__init__.py,/Users/lazytrot/work/pillow-rs/pillow-rs-py/python/pillow_rs/_core.abi3.so,PIL.ImageFilter.Image.copy,method,ImageFilter,pillow_rs.image,/Users/lazytrot/work/pillow-rs/pillow-rs-py/python/pillow_rs/image.py,outside_selected_manifest,,,,,0,
4634a840bcfa479729d707a6acc76a58b002ff6a,true,12.2.1,/Users/lazytrot/work/pillow-rs/pillow-rs-py/python/PIL/__init__.py,/Users/lazytrot/work/pillow-rs/pillow-rs-py/python/pillow_rs/_core.abi3.so,PIL.ImageFilter.Image.crop,method,ImageFilter,pillow_rs.image,/Users/lazytrot/work/pillow-rs/pillow-rs-py/python/pillow_rs/image.py,outside_selected_manifest,,,,,0,
4634a840bcfa479729d707a6acc76a58b002ff6a,true,12.2.1,/Users/lazytrot/work/pillow-rs/pillow-rs-py/python/PIL/__init__.py,/Users/lazytrot/work/pillow-rs/pillow-rs-py/python/pillow_rs/_core.abi3.so,PIL.ImageFilter.Image.draft,method,ImageFilter,pillow_rs.image,/Users/lazytrot/work/pillow-rs/pillow-rs-py/python/pillow_rs/image.py,outside_selected_manifest,,,,,0,
4634a840bcfa479729d707a6acc76a58b002ff6a,true,12.2.1,/Users/lazytrot/work/pillow-rs/pillow-rs-py/python/PIL/__init__.py,/Users/lazytrot/work/pillow-rs/pillow-rs-py/python/pillow_rs/_core.abi3.so,PIL.ImageFilter.Image.effect_mandelbrot,method,ImageFilter,pillow_rs.image,/Users/lazytrot/work/pillow-rs/pillow-rs-py/python/pillow_rs/image.py,outside_selected_manifest,,,,,0,
4634a840bcfa479729d707a6acc76a58b002ff6a,true,12.2.1,/Users/lazytrot/work/pillow-rs/pillow-rs-py/python/PIL/__init__.py,/Users/lazytrot/work/pillow-rs/pillow-rs-py/python/pillow_rs/_core.abi3.so,PIL.ImageFilter.Image.effect_noise,method,ImageFilter,pillow_rs.image,/Users/lazytrot/work/pillow-rs/pillow-rs-py/python/pillow_rs/image.py,outside_selected_manifest,,,,,0,
4634a840bcfa479729d707a6acc76a58b002ff6a,true,12.2.1,/Users/lazytrot/work/pillow-rs/pillow-rs-py/python/PIL/__init__.py,/Users/lazytrot/work/pillow-rs/pillow-rs-py/python/pillow_rs/_core.abi3.so,PIL.ImageFilter.Image.effect_spread,method,ImageFilter,pillow_rs.image,/Users/lazytrot/work/pillow-rs/pillow-rs-py/python/pillow_rs/image.py,outside_selected_manifest,,,,,0,
4634a840bcfa479729d707a6acc76a58b002ff6a,true,12.2.1,/Users/lazytrot/work/pillow-rs/pillow-rs-py/python/PIL/__init__.py,/Users/lazytrot/work/pillow-rs/pillow-rs-py/python/pillow_rs/_core.abi3.so,PIL.ImageFilter.Image.entropy,method,ImageFilter,pillow_rs.image,/Users/lazytrot/work/pillow-rs/pillow-rs-py/python/pillow_rs/image.py,outside_selected_manifest,,,,,0,
4634a840bcfa479729d707a6acc76a58b002ff6a,true,12.2.1,/Users/lazytrot/work/pillow-rs/pillow-rs-py/python/PIL/__init__.py,/Users/lazytrot/work/pillow-rs/pillow-rs-py/python/pillow_rs/_core.abi3.so,PIL.ImageFilter.Image.eval,method,ImageFilter,pillow_rs.image,/Users/lazytrot/work/pillow-rs/pillow-rs-py/python/pillow_rs/image.py,outside_selected_manifest,,,,,0,
4634a840bcfa479729d707a6acc76a58b002ff6a,true,12.2.1,/Users/lazytrot/work/pillow-rs/pillow-rs-py/python/PIL/__init__.py,/Users/lazytrot/work/pillow-rs/pillow-rs-py/python/pillow_rs/_core.abi3.so,PIL.ImageFilter.Image.filter,method,ImageFilter,pillow_rs.image,/Users/lazytrot/work/pillow-rs/pillow-rs-py/python/pillow_rs/image.py,outside_selected_manifest,,,,,0,
4634a840bcfa479729d707a6acc76a58b002ff6a,true,12.2.1,/Users/lazytrot/work/pillow-rs/pillow-rs-py/python/PIL/__init__.py,/Users/lazytrot/work/pillow-rs/pillow-rs-py/python/pillow_rs/_core.abi3.so,PIL.ImageFilter.Image.format,property,ImageFilter,,,outside_selected_manifest,,,,,0,
4634a840bcfa479729d707a6acc76a58b002ff6a,true,12.2.1,/Users/lazytrot/work/pillow-rs/pillow-rs-py/python/PIL/__init__.py,/Users/lazytrot/work/pillow-rs/pillow-rs-py/python/pillow_rs/_core.abi3.so,PIL.ImageFilter.Image.fromarray,method,ImageFilter,pillow_rs.image,/Users/lazytrot/work/pillow-rs/pillow-rs-py/python/pillow_rs/image.py,outside_selected_manifest,,,,,0,
4634a840bcfa479729d707a6acc76a58b002ff6a,true,12.2.1,/Users/lazytrot/work/pillow-rs/pillow-rs-py/python/PIL/__init__.py,/Users/lazytrot/work/pillow-rs/pillow-rs-py/python/pillow_rs/_core.abi3.so,PIL.ImageFilter.Image.frombuffer,method,ImageFilter,pillow_rs.image,/Users/lazytrot/work/pillow-rs/pillow-rs-py/python/pillow_rs/image.py,outside_selected_manifest,,,,,0,
4634a840bcfa479729d707a6acc76a58b002ff6a,true,12.2.1,/Users/lazytrot/work/pillow-rs/pillow-rs-py/python/PIL/__init__.py,/Users/lazytrot/work/pillow-rs/pillow-rs-py/python/pillow_rs/_core.abi3.so,PIL.ImageFilter.Image.frombytes,method,ImageFilter,pillow_rs.image,/Users/lazytrot/work/pillow-rs/pillow-rs-py/python/pillow_rs/image.py,outside_selected_manifest,,,,,0,
4634a840bcfa479729d707a6acc76a58b002ff6a,true,12.2.1,/Users/lazytrot/work/pillow-rs/pillow-rs-py/python/PIL/__init__.py,/Users/lazytrot/work/pillow-rs/pillow-rs-py/python/pillow_rs/_core.abi3.so,PIL.ImageFilter.Image.get_child_images,method,ImageFilter,pillow_rs.image,/Users/lazytrot/work/pillow-rs/pillow-rs-py/python/pillow_rs/image.py,outside_selected_manifest,,,,,0,
4634a840bcfa479729d707a6acc76a58b002ff6a,true,12.2.1,/Users/lazytrot/work/pillow-rs/pillow-rs-py/python/PIL/__init__.py,/Users/lazytrot/work/pillow-rs/pillow-rs-py/python/pillow_rs/_core.abi3.so,PIL.ImageFilter.Image.get_flattened_data,method,ImageFilter,pillow_rs.image,/Users/lazytrot/work/pillow-rs/pillow-rs-py/python/pillow_rs/image.py,outside_selected_manifest,,,,,0,
4634a840bcfa479729d707a6acc76a58b002ff6a,true,12.2.1,/Users/lazytrot/work/pillow-rs/pillow-rs-py/python/PIL/__init__.py,/Users/lazytrot/work/pillow-rs/pillow-rs-py/python/pillow_rs/_core.abi3.so,PIL.ImageFilter.Image.getbands,method,ImageFilter,pillow_rs.image,/Users/lazytrot/work/pillow-rs/pillow-rs-py/python/pillow_rs/image.py,outside_selected_manifest,,,,,0,
4634a840bcfa479729d707a6acc76a58b002ff6a,true,12.2.1,/Users/lazytrot/work/pillow-rs/pillow-rs-py/python/PIL/__init__.py,/Users/lazytrot/work/pillow-rs/pillow-rs-py/python/pillow_rs/_core.abi3.so,PIL.ImageFilter.Image.getbbox,method,ImageFilter,pillow_rs.image,/Users/lazytrot/work/pillow-rs/pillow-rs-py/python/pillow_rs/image.py,outside_selected_manifest,,,,,0,
4634a840bcfa479729d707a6acc76a58b002ff6a,true,12.2.1,/Users/lazytrot/work/pillow-rs/pillow-rs-py/python/PIL/__init__.py,/Users/lazytrot/work/pillow-rs/pillow-rs-py/python/pillow_rs/_core.abi3.so,PIL.ImageFilter.Image.getchannel,method,ImageFilter,pillow_rs.image,/Users/lazytrot/work/pillow-rs/pillow-rs-py/python/pillow_rs/image.py,outside_selected_manifest,,,,,0,
4634a840bcfa479729d707a6acc76a58b002ff6a,true,12.2.1,/Users/lazytrot/work/pillow-rs/pillow-rs-py/python/PIL/__init__.py,/Users/lazytrot/work/pillow-rs/pillow-rs-py/python/pillow_rs/_core.abi3.so,PIL.ImageFilter.Image.getcolors,method,ImageFilter,pillow_rs.image,/Users/lazytrot/work/pillow-rs/pillow-rs-py/python/pillow_rs/image.py,outside_selected_manifest,,,,,0,
4634a840bcfa479729d707a6acc76a58b002ff6a,true,12.2.1,/Users/lazytrot/work/pillow-rs/pillow-rs-py/python/PIL/__init__.py,/Users/lazytrot/work/pillow-rs/pillow-rs-py/python/pillow_rs/_core.abi3.so,PIL.ImageFilter.Image.getdata,method,ImageFilter,pillow_rs.image,/Users/lazytrot/work/pillow-rs/pillow-rs-py/python/pillow_rs/image.py,outside_selected_manifest,,,,,0,
4634a840bcfa479729d707a6acc76a58b002ff6a,true,12.2.1,/Users/lazytrot/work/pillow-rs/pillow-rs-py/python/PIL/__init__.py,/Users/lazytrot/work/pillow-rs/pillow-rs-py/python/pillow_rs/_core.abi3.so,PIL.ImageFilter.Image.getexif,method,ImageFilter,pillow_rs.image,/Users/lazytrot/work/pillow-rs/pillow-rs-py/python/pillow_rs/image.py,outside_selected_manifest,,,,,0,
4634a840bcfa479729d707a6acc76a58b002ff6a,true,12.2.1,/Users/lazytrot/work/pillow-rs/pillow-rs-py/python/PIL/__init__.py,/Users/lazytrot/work/pillow-rs/pillow-rs-py/python/pillow_rs/_core.abi3.so,PIL.ImageFilter.Image.getextrema,method,ImageFilter,pillow_rs.image,/Users/lazytrot/work/pillow-rs/pillow-rs-py/python/pillow_rs/image.py,outside_selected_manifest,,,,,0,
4634a840bcfa479729d707a6acc76a58b002ff6a,true,12.2.1,/Users/lazytrot/work/pillow-rs/pillow-rs-py/python/PIL/__init__.py,/Users/lazytrot/work/pillow-rs/pillow-rs-py/python/pillow_rs/_core.abi3.so,PIL.ImageFilter.Image.getim,method,ImageFilter,pillow_rs.image,/Users/lazytrot/work/pillow-rs/pillow-rs-py/python/pillow_rs/image.py,outside_selected_manifest,,,,,0,
4634a840bcfa479729d707a6acc76a58b002ff6a,true,12.2.1,/Users/lazytrot/work/pillow-rs/pillow-rs-py/python/PIL/__init__.py,/Users/lazytrot/work/pillow-rs/pillow-rs-py/python/pillow_rs/_core.abi3.so,PIL.ImageFilter.Image.getpalette,method,ImageFilter,pillow_rs.image,/Users/lazytrot/work/pillow-rs/pillow-rs-py/python/pillow_rs/image.py,outside_selected_manifest,,,,,0,
4634a840bcfa479729d707a6acc76a58b002ff6a,true,12.2.1,/Users/lazytrot/work/pillow-rs/pillow-rs-py/python/PIL/__init__.py,/Users/lazytrot/work/pillow-rs/pillow-rs-py/python/pillow_rs/_core.abi3.so,PIL.ImageFilter.Image.getpixel,method,ImageFilter,pillow_rs.image,/Users/lazytrot/work/pillow-rs/pillow-rs-py/python/pillow_rs/image.py,outside_selected_manifest,,,,,0,
4634a840bcfa479729d707a6acc76a58b002ff6a,true,12.2.1,/Users/lazytrot/work/pillow-rs/pillow-rs-py/python/PIL/__init__.py,/Users/lazytrot/work/pillow-rs/pillow-rs-py/python/pillow_rs/_core.abi3.so,PIL.ImageFilter.Image.getprojection,method,ImageFilter,pillow_rs.image,/Users/lazytrot/work/pillow-rs/pillow-rs-py/python/pillow_rs/image.py,outside_selected_manifest,,,,,0,
4634a840bcfa479729d707a6acc76a58b002ff6a,true,12.2.1,/Users/lazytrot/work/pillow-rs/pillow-rs-py/python/PIL/__init__.py,/Users/lazytrot/work/pillow-rs/pillow-rs-py/python/pillow_rs/_core.abi3.so,PIL.ImageFilter.Image.getxmp,method,ImageFilter,pillow_rs.image,/Users/lazytrot/work/pillow-rs/pillow-rs-py/python/pillow_rs/image.py,outside_selected_manifest,,,,,0,
4634a840bcfa479729d707a6acc76a58b002ff6a,true,12.2.1,/Users/lazytrot/work/pillow-rs/pillow-rs-py/python/PIL/__init__.py,/Users/lazytrot/work/pillow-rs/pillow-rs-py/python/pillow_rs/_core.abi3.so,PIL.ImageFilter.Image.has_transparency_data,property,ImageFilter,,,outside_selected_manifest,,,,,0,
4634a840bcfa479729d707a6acc76a58b002ff6a,true,12.2.1,/Users/lazytrot/work/pillow-rs/pillow-rs-py/python/PIL/__init__.py,/Users/lazytrot/work/pillow-rs/pillow-rs-py/python/pillow_rs/_core.abi3.so,PIL.ImageFilter.Image.height,property,ImageFilter,,,outside_selected_manifest,,,,,0,
4634a840bcfa479729d707a6acc76a58b002ff6a,true,12.2.1,/Users/lazytrot/work/pillow-rs/pillow-rs-py/python/PIL/__init__.py,/Users/lazytrot/work/pillow-rs/pillow-rs-py/python/pillow_rs/_core.abi3.so,PIL.ImageFilter.Image.histogram,method,ImageFilter,pillow_rs.image,/Users/lazytrot/work/pillow-rs/pillow-rs-py/python/pillow_rs/image.py,outside_selected_manifest,,,,,0,
4634a840bcfa479729d707a6acc76a58b002ff6a,true,12.2.1,/Users/lazytrot/work/pillow-rs/pillow-rs-py/python/PIL/__init__.py,/Users/lazytrot/work/pillow-rs/pillow-rs-py/python/pillow_rs/_core.abi3.so,PIL.ImageFilter.Image.info,property,ImageFilter,,,outside_selected_manifest,,,,,0,
4634a840bcfa479729d707a6acc76a58b002ff6a,true,12.2.1,/Users/lazytrot/work/pillow-rs/pillow-rs-py/python/PIL/__init__.py,/Users/lazytrot/work/pillow-rs/pillow-rs-py/python/pillow_rs/_core.abi3.so,PIL.ImageFilter.Image.linear_gradient,method,ImageFilter,pillow_rs.image,/Users/lazytrot/work/pillow-rs/pillow-rs-py/python/pillow_rs/image.py,outside_selected_manifest,,,,,0,
4634a840bcfa479729d707a6acc76a58b002ff6a,true,12.2.1,/Users/lazytrot/work/pillow-rs/pillow-rs-py/python/PIL/__init__.py,/Users/lazytrot/work/pillow-rs/pillow-rs-py/python/pillow_rs/_core.abi3.so,PIL.ImageFilter.Image.load,method,ImageFilter,pillow_rs.image,/Users/lazytrot/work/pillow-rs/pillow-rs-py/python/pillow_rs/image.py,outside_selected_manifest,,,,,0,
4634a840bcfa479729d707a6acc76a58b002ff6a,true,12.2.1,/Users/lazytrot/work/pillow-rs/pillow-rs-py/python/PIL/__init__.py,/Users/lazytrot/work/pillow-rs/pillow-rs-py/python/pillow_rs/_core.abi3.so,PIL.ImageFilter.Image.mode,property,ImageFilter,,,outside_selected_manifest,,,,,0,
4634a840bcfa479729d707a6acc76a58b002ff6a,true,12.2.1,/Users/lazytrot/work/pillow-rs/pillow-rs-py/python/PIL/__init__.py,/Users/lazytrot/work/pillow-rs/pillow-rs-py/python/pillow_rs/_core.abi3.so,PIL.ImageFilter.Image.new,method,ImageFilter,pillow_rs.image,/Users/lazytrot/work/pillow-rs/pillow-rs-py/python/pillow_rs/image.py,outside_selected_manifest,,,,,0,
4634a840bcfa479729d707a6acc76a58b002ff6a,true,12.2.1,/Users/lazytrot/work/pillow-rs/pillow-rs-py/python/PIL/__init__.py,/Users/lazytrot/work/pillow-rs/pillow-rs-py/python/pillow_rs/_core.abi3.so,PIL.ImageFilter.Image.open,method,ImageFilter,pillow_rs.image,/Users/lazytrot/work/pillow-rs/pillow-rs-py/python/pillow_rs/image.py,outside_selected_manifest,,,,,0,
4634a840bcfa479729d707a6acc76a58b002ff6a,true,12.2.1,/Users/lazytrot/work/pillow-rs/pillow-rs-py/python/PIL/__init__.py,/Users/lazytrot/work/pillow-rs/pillow-rs-py/python/pillow_rs/_core.abi3.so,PIL.ImageFilter.Image.palette,property,ImageFilter,,,outside_selected_manifest,,,,,0,
4634a840bcfa479729d707a6acc76a58b002ff6a,true,12.2.1,/Users/lazytrot/work/pillow-rs/pillow-rs-py/python/PIL/__init__.py,/Users/lazytrot/work/pillow-rs/pillow-rs-py/python/pillow_rs/_core.abi3.so,PIL.ImageFilter.Image.paste,method,ImageFilter,pillow_rs.image,/Users/lazytrot/work/pillow-rs/pillow-rs-py/python/pillow_rs/image.py,outside_selected_manifest,,,,,0,
4634a840bcfa479729d707a6acc76a58b002ff6a,true,12.2.1,/Users/lazytrot/work/pillow-rs/pillow-rs-py/python/PIL/__init__.py,/Users/lazytrot/work/pillow-rs/pillow-rs-py/python/pillow_rs/_core.abi3.so,PIL.ImageFilter.Image.point,method,ImageFilter,pillow_rs.image,/Users/lazytrot/work/pillow-rs/pillow-rs-py/python/pillow_rs/image.py,outside_selected_manifest,,,,,0,
4634a840bcfa479729d707a6acc76a58b002ff6a,true,12.2.1,/Users/lazytrot/work/pillow-rs/pillow-rs-py/python/PIL/__init__.py,/Users/lazytrot/work/pillow-rs/pillow-rs-py/python/pillow_rs/_core.abi3.so,PIL.ImageFilter.Image.putalpha,method,ImageFilter,pillow_rs.image,/Users/lazytrot/work/pillow-rs/pillow-rs-py/python/pillow_rs/image.py,outside_selected_manifest,,,,,0,
4634a840bcfa479729d707a6acc76a58b002ff6a,true,12.2.1,/Users/lazytrot/work/pillow-rs/pillow-rs-py/python/PIL/__init__.py,/Users/lazytrot/work/pillow-rs/pillow-rs-py/python/pillow_rs/_core.abi3.so,PIL.ImageFilter.Image.putdata,method,ImageFilter,pillow_rs.image,/Users/lazytrot/work/pillow-rs/pillow-rs-py/python/pillow_rs/image.py,outside_selected_manifest,,,,,0,
4634a840bcfa479729d707a6acc76a58b002ff6a,true,12.2.1,/Users/lazytrot/work/pillow-rs/pillow-rs-py/python/PIL/__init__.py,/Users/lazytrot/work/pillow-rs/pillow-rs-py/python/pillow_rs/_core.abi3.so,PIL.ImageFilter.Image.putpalette,method,ImageFilter,pillow_rs.image,/Users/lazytrot/work/pillow-rs/pillow-rs-py/python/pillow_rs/image.py,outside_selected_manifest,,,,,0,
4634a840bcfa479729d707a6acc76a58b002ff6a,true,12.2.1,/Users/lazytrot/work/pillow-rs/pillow-rs-py/python/PIL/__init__.py,/Users/lazytrot/work/pillow-rs/pillow-rs-py/python/pillow_rs/_core.abi3.so,PIL.ImageFilter.Image.putpixel,method,ImageFilter,pillow_rs.image,/Users/lazytrot/work/pillow-rs/pillow-rs-py/python/pillow_rs/image.py,outside_selected_manifest,,,,,0,
4634a840bcfa479729d707a6acc76a58b002ff6a,true,12.2.1,/Users/lazytrot/work/pillow-rs/pillow-rs-py/python/PIL/__init__.py,/Users/lazytrot/work/pillow-rs/pillow-rs-py/python/pillow_rs/_core.abi3.so,PIL.ImageFilter.Image.quantize,method,ImageFilter,pillow_rs.image,/Users/lazytrot/work/pillow-rs/pillow-rs-py/python/pillow_rs/image.py,outside_selected_manifest,,,,,0,
4634a840bcfa479729d707a6acc76a58b002ff6a,true,12.2.1,/Users/lazytrot/work/pillow-rs/pillow-rs-py/python/PIL/__init__.py,/Users/lazytrot/work/pillow-rs/pillow-rs-py/python/pillow_rs/_core.abi3.so,PIL.ImageFilter.Image.radial_gradient,method,ImageFilter,pillow_rs.image,/Users/lazytrot/work/pillow-rs/pillow-rs-py/python/pillow_rs/image.py,outside_selected_manifest,,,,,0,
4634a840bcfa479729d707a6acc76a58b002ff6a,true,12.2.1,/Users/lazytrot/work/pillow-rs/pillow-rs-py/python/PIL/__init__.py,/Users/lazytrot/work/pillow-rs/pillow-rs-py/python/pillow_rs/_core.abi3.so,PIL.ImageFilter.Image.reduce,method,ImageFilter,pillow_rs.image,/Users/lazytrot/work/pillow-rs/pillow-rs-py/python/pillow_rs/image.py,outside_selected_manifest,,,,,0,
4634a840bcfa479729d707a6acc76a58b002ff6a,true,12.2.1,/Users/lazytrot/work/pillow-rs/pillow-rs-py/python/PIL/__init__.py,/Users/lazytrot/work/pillow-rs/pillow-rs-py/python/pillow_rs/_core.abi3.so,PIL.ImageFilter.Image.remap_palette,method,ImageFilter,pillow_rs.image,/Users/lazytrot/work/pillow-rs/pillow-rs-py/python/pillow_rs/image.py,outside_selected_manifest,,,,,0,
4634a840bcfa479729d707a6acc76a58b002ff6a,true,12.2.1,/Users/lazytrot/work/pillow-rs/pillow-rs-py/python/PIL/__init__.py,/Users/lazytrot/work/pillow-rs/pillow-rs-py/python/pillow_rs/_core.abi3.so,PIL.ImageFilter.Image.resize,method,ImageFilter,pillow_rs.image,/Users/lazytrot/work/pillow-rs/pillow-rs-py/python/pillow_rs/image.py,outside_selected_manifest,,,,,0,
4634a840bcfa479729d707a6acc76a58b002ff6a,true,12.2.1,/Users/lazytrot/work/pillow-rs/pillow-rs-py/python/PIL/__init__.py,/Users/lazytrot/work/pillow-rs/pillow-rs-py/python/pillow_rs/_core.abi3.so,PIL.ImageFilter.Image.rotate,method,ImageFilter,pillow_rs.image,/Users/lazytrot/work/pillow-rs/pillow-rs-py/python/pillow_rs/image.py,outside_selected_manifest,,,,,0,
4634a840bcfa479729d707a6acc76a58b002ff6a,true,12.2.1,/Users/lazytrot/work/pillow-rs/pillow-rs-py/python/PIL/__init__.py,/Users/lazytrot/work/pillow-rs/pillow-rs-py/python/pillow_rs/_core.abi3.so,PIL.ImageFilter.Image.save,method,ImageFilter,pillow_rs.image,/Users/lazytrot/work/pillow-rs/pillow-rs-py/python/pillow_rs/image.py,outside_selected_manifest,,,,,0,
4634a840bcfa479729d707a6acc76a58b002ff6a,true,12.2.1,/Users/lazytrot/work/pillow-rs/pillow-rs-py/python/PIL/__init__.py,/Users/lazytrot/work/pillow-rs/pillow-rs-py/python/pillow_rs/_core.abi3.so,PIL.ImageFilter.Image.seek,method,ImageFilter,pillow_rs.image,/Users/lazytrot/work/pillow-rs/pillow-rs-py/python/pillow_rs/image.py,outside_selected_manifest,,,,,0,
4634a840bcfa479729d707a6acc76a58b002ff6a,true,12.2.1,/Users/lazytrot/work/pillow-rs/pillow-rs-py/python/PIL/__init__.py,/Users/lazytrot/work/pillow-rs/pillow-rs-py/python/pillow_rs/_core.abi3.so,PIL.ImageFilter.Image.show,method,ImageFilter,pillow_rs.image,/Users/lazytrot/work/pillow-rs/pillow-rs-py/python/pillow_rs/image.py,outside_selected_manifest,,,,,0,
4634a840bcfa479729d707a6acc76a58b002ff6a,true,12.2.1,/Users/lazytrot/work/pillow-rs/pillow-rs-py/python/PIL/__init__.py,/Users/lazytrot/work/pillow-rs/pillow-rs-py/python/pillow_rs/_core.abi3.so,PIL.ImageFilter.Image.size,property,ImageFilter,,,outside_selected_manifest,,,,,0,
4634a840bcfa479729d707a6acc76a58b002ff6a,true,12.2.1,/Users/lazytrot/work/pillow-rs/pillow-rs-py/python/PIL/__init__.py,/Users/lazytrot/work/pillow-rs/pillow-rs-py/python/pillow_rs/_core.abi3.so,PIL.ImageFilter.Image.split,method,ImageFilter,pillow_rs.image,/Users/lazytrot/work/pillow-rs/pillow-rs-py/python/pillow_rs/image.py,outside_selected_manifest,,,,,0,
4634a840bcfa479729d707a6acc76a58b002ff6a,true,12.2.1,/Users/lazytrot/work/pillow-rs/pillow-rs-py/python/PIL/__init__.py,/Users/lazytrot/work/pillow-rs/pillow-rs-py/python/pillow_rs/_core.abi3.so,PIL.ImageFilter.Image.tell,method,ImageFilter,pillow_rs.image,/Users/lazytrot/work/pillow-rs/pillow-rs-py/python/pillow_rs/image.py,outside_selected_manifest,,,,,0,
4634a840bcfa479729d707a6acc76a58b002ff6a,true,12.2.1,/Users/lazytrot/work/pillow-rs/pillow-rs-py/python/PIL/__init__.py,/Users/lazytrot/work/pillow-rs/pillow-rs-py/python/pillow_rs/_core.abi3.so,PIL.ImageFilter.Image.thumbnail,method,ImageFilter,pillow_rs.image,/Users/lazytrot/work/pillow-rs/pillow-rs-py/python/pillow_rs/image.py,outside_selected_manifest,,,,,0,
4634a840bcfa479729d707a6acc76a58b002ff6a,true,12.2.1,/Users/lazytrot/work/pillow-rs/pillow-rs-py/python/PIL/__init__.py,/Users/lazytrot/work/pillow-rs/pillow-rs-py/python/pillow_rs/_core.abi3.so,PIL.ImageFilter.Image.tobitmap,method,ImageFilter,pillow_rs.image,/Users/lazytrot/work/pillow-rs/pillow-rs-py/python/pillow_rs/image.py,outside_selected_manifest,,,,,0,
4634a840bcfa479729d707a6acc76a58b002ff6a,true,12.2.1,/Users/lazytrot/work/pillow-rs/pillow-rs-py/python/PIL/__init__.py,/Users/lazytrot/work/pillow-rs/pillow-rs-py/python/pillow_rs/_core.abi3.so,PIL.ImageFilter.Image.tobytes,method,ImageFilter,pillow_rs.image,/Users/lazytrot/work/pillow-rs/pillow-rs-py/python/pillow_rs/image.py,outside_selected_manifest,,,,,0,
4634a840bcfa479729d707a6acc76a58b002ff6a,true,12.2.1,/Users/lazytrot/work/pillow-rs/pillow-rs-py/python/PIL/__init__.py,/Users/lazytrot/work/pillow-rs/pillow-rs-py/python/pillow_rs/_core.abi3.so,PIL.ImageFilter.Image.toqimage,method,ImageFilter,pillow_rs.image,/Users/lazytrot/work/pillow-rs/pillow-rs-py/python/pillow_rs/image.py,outside_selected_manifest,,,,,0,
4634a840bcfa479729d707a6acc76a58b002ff6a,true,12.2.1,/Users/lazytrot/work/pillow-rs/pillow-rs-py/python/PIL/__init__.py,/Users/lazytrot/work/pillow-rs/pillow-rs-py/python/pillow_rs/_core.abi3.so,PIL.ImageFilter.Image.toqpixmap,method,ImageFilter,pillow_rs.image,/Users/lazytrot/work/pillow-rs/pillow-rs-py/python/pillow_rs/image.py,outside_selected_manifest,,,,,0,
4634a840bcfa479729d707a6acc76a58b002ff6a,true,12.2.1,/Users/lazytrot/work/pillow-rs/pillow-rs-py/python/PIL/__init__.py,/Users/lazytrot/work/pillow-rs/pillow-rs-py/python/pillow_rs/_core.abi3.so,PIL.ImageFilter.Image.transform,method,ImageFilter,pillow_rs.image,/Users/lazytrot/work/pillow-rs/pillow-rs-py/python/pillow_rs/image.py,outside_selected_manifest,,,,,0,
4634a840bcfa479729d707a6acc76a58b002ff6a,true,12.2.1,/Users/lazytrot/work/pillow-rs/pillow-rs-py/python/PIL/__init__.py,/Users/lazytrot/work/pillow-rs/pillow-rs-py/python/pillow_rs/_core.abi3.so,PIL.ImageFilter.Image.transpose,method,ImageFilter,pillow_rs.image,/Users/lazytrot/work/pillow-rs/pillow-rs-py/python/pillow_rs/image.py,outside_selected_manifest,,,,,0,
4634a840bcfa479729d707a6acc76a58b002ff6a,true,12.2.1,/Users/lazytrot/work/pillow-rs/pillow-rs-py/python/PIL/__init__.py,/Users/lazytrot/work/pillow-rs/pillow-rs-py/python/pillow_rs/_core.abi3.so,PIL.ImageFilter.Image.verify,method,ImageFilter,pillow_rs.image,/Users/lazytrot/work/pillow-rs/pillow-rs-py/python/pillow_rs/image.py,outside_selected_manifest,,,,,0,
4634a840bcfa479729d707a6acc76a58b002ff6a,true,12.2.1,/Users/lazytrot/work/pillow-rs/pillow-rs-py/python/PIL/__init__.py,/Users/lazytrot/work/pillow-rs/pillow-rs-py/python/pillow_rs/_core.abi3.so,PIL.ImageFilter.Image.width,property,ImageFilter,,,outside_selected_manifest,,,,,0,
4634a840bcfa479729d707a6acc76a58b002ff6a,true,12.2.1,/Users/lazytrot/work/pillow-rs/pillow-rs-py/python/PIL/__init__.py,/Users/lazytrot/work/pillow-rs/pillow-rs-py/python/pillow_rs/_core.abi3.so,PIL.ImageFilter.Kernel,class,ImageFilter,pillow_rs.imagefilter,/Users/lazytrot/work/pillow-rs/pillow-rs-py/python/pillow_rs/imagefilter.py,selected_manifest,PIL.ImageFilter.Kernel,PIL.ImageFilter.Kernel,type,python-cpu,23,pil-imagefilter.kernel.standard;pipeline-chain.convolution.crossover.l-3x3-invert.512x512;pipeline-chain.convolution.crossover.l-5x5-scale.512x512;pipeline-chain.convolution.crossover.la-3x3-alpha.512x512;pipeline-chain.convolution.crossover.rgb-3x3-mirror.512x512;pipeline-chain.convolution.material.l-3x3-invert.256x256;pipeline-chain.convolution.material.l-5x5-scale.256x256;pipeline-chain.convolution.material.la-3x3-alpha.256x256;pipeline-chain.convolution.material.rgb-3x3-mirror.256x256;pipeline-chain.convolution.material.rgb-5x5-pad.256x256;pipeline-chain.convolution.material.rgba-3x3-transpose.256x256;pipeline-chain.convolution.native.l-3x3-invert.1024x768;pipeline-chain.convolution.native.l-5x5-scale.1024x768;pipeline-chain.convolution.native.la-3x3-alpha.1024x768;pipeline-chain.convolution.native.la-5x5-mirror.1024x768;pipeline-chain.convolution.native.rgb-3x3-mirror.1024x768;pipeline-chain.convolution.native.rgb-5x5-pad.1024x768;pipeline-chain.convolution.native.rgba-3x3-transpose.1024x768;pipeline-chain.convolution.native.rgba-5x5-invert.1024x768;pipeline-chain.matrix-096;pipeline-chain.matrix-097;pipeline-chain.matrix-098;pipeline-chain.matrix-099
4634a840bcfa479729d707a6acc76a58b002ff6a,true,12.2.1,/Users/lazytrot/work/pillow-rs/pillow-rs-py/python/PIL/__init__.py,/Users/lazytrot/work/pillow-rs/pillow-rs-py/python/pillow_rs/_core.abi3.so,PIL.ImageFilter.Kernel.kernel,property,ImageFilter,pillow_rs.imagefilter,/Users/lazytrot/work/pillow-rs/pillow-rs-py/python/pillow_rs/imagefilter.py,outside_selected_manifest,,,,,0,
4634a840bcfa479729d707a6acc76a58b002ff6a,true,12.2.1,/Users/lazytrot/work/pillow-rs/pillow-rs-py/python/PIL/__init__.py,/Users/lazytrot/work/pillow-rs/pillow-rs-py/python/pillow_rs/_core.abi3.so,PIL.ImageFilter.Kernel.offset,property,ImageFilter,pillow_rs.imagefilter,/Users/lazytrot/work/pillow-rs/pillow-rs-py/python/pillow_rs/imagefilter.py,outside_selected_manifest,,,,,0,
4634a840bcfa479729d707a6acc76a58b002ff6a,true,12.2.1,/Users/lazytrot/work/pillow-rs/pillow-rs-py/python/PIL/__init__.py,/Users/lazytrot/work/pillow-rs/pillow-rs-py/python/pillow_rs/_core.abi3.so,PIL.ImageFilter.Kernel.scale,property,ImageFilter,pillow_rs.imagefilter,/Users/lazytrot/work/pillow-rs/pillow-rs-py/python/pillow_rs/imagefilter.py,outside_selected_manifest,,,,,0,
4634a840bcfa479729d707a6acc76a58b002ff6a,true,12.2.1,/Users/lazytrot/work/pillow-rs/pillow-rs-py/python/PIL/__init__.py,/Users/lazytrot/work/pillow-rs/pillow-rs-py/python/pillow_rs/_core.abi3.so,PIL.ImageFilter.Kernel.size,property,ImageFilter,pillow_rs.imagefilter,/Users/lazytrot/work/pillow-rs/pillow-rs-py/python/pillow_rs/imagefilter.py,outside_selected_manifest,,,,,0,
4634a840bcfa479729d707a6acc76a58b002ff6a,true,12.2.1,/Users/lazytrot/work/pillow-rs/pillow-rs-py/python/PIL/__init__.py,/Users/lazytrot/work/pillow-rs/pillow-rs-py/python/pillow_rs/_core.abi3.so,PIL.ImageFilter.MaxFilter,class,ImageFilter,pillow_rs.imagefilter,/Users/lazytrot/work/pillow-rs/pillow-rs-py/python/pillow_rs/imagefilter.py,selected_manifest,PIL.ImageFilter.MaxFilter,PIL.ImageFilter.MaxFilter,type,python-cpu,4,pil-imagefilter.maxfilter.standard;pipeline-op.maxfilter.material-l-noise-1024x768;pipeline-op.maxfilter.material-la-noise-1024x768;pipeline-op.maxfilter.material-rgb-noise-1024x768
4634a840bcfa479729d707a6acc76a58b002ff6a,true,12.2.1,/Users/lazytrot/work/pillow-rs/pillow-rs-py/python/PIL/__init__.py,/Users/lazytrot/work/pillow-rs/pillow-rs-py/python/pillow_rs/_core.abi3.so,PIL.ImageFilter.MaxFilter.size,property,ImageFilter,pillow_rs.imagefilter,/Users/lazytrot/work/pillow-rs/pillow-rs-py/python/pillow_rs/imagefilter.py,outside_selected_manifest,,,,,0,
4634a840bcfa479729d707a6acc76a58b002ff6a,true,12.2.1,/Users/lazytrot/work/pillow-rs/pillow-rs-py/python/PIL/__init__.py,/Users/lazytrot/work/pillow-rs/pillow-rs-py/python/pillow_rs/_core.abi3.so,PIL.ImageFilter.MedianFilter,class,ImageFilter,pillow_rs.imagefilter,/Users/lazytrot/work/pillow-rs/pillow-rs-py/python/pillow_rs/imagefilter.py,selected_manifest,PIL.ImageFilter.MedianFilter,PIL.ImageFilter.MedianFilter,type,python-cpu,4,pil-imagefilter.medianfilter.standard;pipeline-op.medianfilter.material-l-noise-1024x768;pipeline-op.medianfilter.material-la-noise-1024x768;pipeline-op.medianfilter.material-rgb-noise-1024x768
4634a840bcfa479729d707a6acc76a58b002ff6a,true,12.2.1,/Users/lazytrot/work/pillow-rs/pillow-rs-py/python/PIL/__init__.py,/Users/lazytrot/work/pillow-rs/pillow-rs-py/python/pillow_rs/_core.abi3.so,PIL.ImageFilter.MedianFilter.size,property,ImageFilter,pillow_rs.imagefilter,/Users/lazytrot/work/pillow-rs/pillow-rs-py/python/pillow_rs/imagefilter.py,outside_selected_manifest,,,,,0,
4634a840bcfa479729d707a6acc76a58b002ff6a,true,12.2.1,/Users/lazytrot/work/pillow-rs/pillow-rs-py/python/PIL/__init__.py,/Users/lazytrot/work/pillow-rs/pillow-rs-py/python/pillow_rs/_core.abi3.so,PIL.ImageFilter.MinFilter,class,ImageFilter,pillow_rs.imagefilter,/Users/lazytrot/work/pillow-rs/pillow-rs-py/python/pillow_rs/imagefilter.py,selected_manifest,PIL.ImageFilter.MinFilter,PIL.ImageFilter.MinFilter,type,python-cpu,4,pil-imagefilter.minfilter.standard;pipeline-op.minfilter.material-l-noise-1024x768;pipeline-op.minfilter.material-la-noise-1024x768;pipeline-op.minfilter.material-rgb-noise-1024x768
4634a840bcfa479729d707a6acc76a58b002ff6a,true,12.2.1,/Users/lazytrot/work/pillow-rs/pillow-rs-py/python/PIL/__init__.py,/Users/lazytrot/work/pillow-rs/pillow-rs-py/python/pillow_rs/_core.abi3.so,PIL.ImageFilter.MinFilter.size,property,ImageFilter,pillow_rs.imagefilter,/Users/lazytrot/work/pillow-rs/pillow-rs-py/python/pillow_rs/imagefilter.py,outside_selected_manifest,,,,,0,
4634a840bcfa479729d707a6acc76a58b002ff6a,true,12.2.1,/Users/lazytrot/work/pillow-rs/pillow-rs-py/python/PIL/__init__.py,/Users/lazytrot/work/pillow-rs/pillow-rs-py/python/pillow_rs/_core.abi3.so,PIL.ImageFilter.ModeFilter,class,ImageFilter,pillow_rs.imagefilter,/Users/lazytrot/work/pillow-rs/pillow-rs-py/python/pillow_rs/imagefilter.py,selected_manifest,PIL.ImageFilter.ModeFilter,PIL.ImageFilter.ModeFilter,type,python-cpu,1,pil-imagefilter.modefilter.standard
4634a840bcfa479729d707a6acc76a58b002ff6a,true,12.2.1,/Users/lazytrot/work/pillow-rs/pillow-rs-py/python/PIL/__init__.py,/Users/lazytrot/work/pillow-rs/pillow-rs-py/python/pillow_rs/_core.abi3.so,PIL.ImageFilter.ModeFilter.size,property,ImageFilter,pillow_rs.imagefilter,/Users/lazytrot/work/pillow-rs/pillow-rs-py/python/pillow_rs/imagefilter.py,outside_selected_manifest,,,,,0,
4634a840bcfa479729d707a6acc76a58b002ff6a,true,12.2.1,/Users/lazytrot/work/pillow-rs/pillow-rs-py/python/PIL/__init__.py,/Users/lazytrot/work/pillow-rs/pillow-rs-py/python/pillow_rs/_core.abi3.so,PIL.ImageFilter.RankFilter,class,ImageFilter,pillow_rs.imagefilter,/Users/lazytrot/work/pillow-rs/pillow-rs-py/python/pillow_rs/imagefilter.py,selected_manifest,PIL.ImageFilter.RankFilter,PIL.ImageFilter.RankFilter,type,python-cpu,2,pil-imagefilter.rankfilter.standard;pipeline-chain.rank-filter.large-l-9x9
4634a840bcfa479729d707a6acc76a58b002ff6a,true,12.2.1,/Users/lazytrot/work/pillow-rs/pillow-rs-py/python/PIL/__init__.py,/Users/lazytrot/work/pillow-rs/pillow-rs-py/python/pillow_rs/_core.abi3.so,PIL.ImageFilter.RankFilter.rank,property,ImageFilter,pillow_rs.imagefilter,/Users/lazytrot/work/pillow-rs/pillow-rs-py/python/pillow_rs/imagefilter.py,outside_selected_manifest,,,,,0,
4634a840bcfa479729d707a6acc76a58b002ff6a,true,12.2.1,/Users/lazytrot/work/pillow-rs/pillow-rs-py/python/PIL/__init__.py,/Users/lazytrot/work/pillow-rs/pillow-rs-py/python/pillow_rs/_core.abi3.so,PIL.ImageFilter.RankFilter.size,property,ImageFilter,pillow_rs.imagefilter,/Users/lazytrot/work/pillow-rs/pillow-rs-py/python/pillow_rs/imagefilter.py,outside_selected_manifest,,,,,0,
4634a840bcfa479729d707a6acc76a58b002ff6a,true,12.2.1,/Users/lazytrot/work/pillow-rs/pillow-rs-py/python/PIL/__init__.py,/Users/lazytrot/work/pillow-rs/pillow-rs-py/python/pillow_rs/_core.abi3.so,PIL.ImageFilter.SHARPEN,class,ImageFilter,pillow_rs.imagefilter,/Users/lazytrot/work/pillow-rs/pillow-rs-py/python/pillow_rs/imagefilter.py,selected_manifest,PIL.ImageFilter.SHARPEN,PIL.ImageFilter.SHARPEN,type,python-cpu,1,pil-imagefilter.sharpen.standard
4634a840bcfa479729d707a6acc76a58b002ff6a,true,12.2.1,/Users/lazytrot/work/pillow-rs/pillow-rs-py/python/PIL/__init__.py,/Users/lazytrot/work/pillow-rs/pillow-rs-py/python/pillow_rs/_core.abi3.so,PIL.ImageFilter.SMOOTH,class,ImageFilter,pillow_rs.imagefilter,/Users/lazytrot/work/pillow-rs/pillow-rs-py/python/pillow_rs/imagefilter.py,selected_manifest,PIL.ImageFilter.SMOOTH,PIL.ImageFilter.SMOOTH,type,python-cpu,1,pil-imagefilter.smooth.standard
4634a840bcfa479729d707a6acc76a58b002ff6a,true,12.2.1,/Users/lazytrot/work/pillow-rs/pillow-rs-py/python/PIL/__init__.py,/Users/lazytrot/work/pillow-rs/pillow-rs-py/python/pillow_rs/_core.abi3.so,PIL.ImageFilter.SMOOTH_MORE,class,ImageFilter,pillow_rs.imagefilter,/Users/lazytrot/work/pillow-rs/pillow-rs-py/python/pillow_rs/imagefilter.py,selected_manifest,PIL.ImageFilter.SMOOTH_MORE,PIL.ImageFilter.SMOOTH_MORE,type,python-cpu,1,pil-imagefilter.smooth-more.standard
4634a840bcfa479729d707a6acc76a58b002ff6a,true,12.2.1,/Users/lazytrot/work/pillow-rs/pillow-rs-py/python/PIL/__init__.py,/Users/lazytrot/work/pillow-rs/pillow-rs-py/python/pillow_rs/_core.abi3.so,PIL.ImageFilter.UnsharpMask,class,ImageFilter,pillow_rs.imagefilter,/Users/lazytrot/work/pillow-rs/pillow-rs-py/python/pillow_rs/imagefilter.py,selected_manifest,PIL.ImageFilter.UnsharpMask,PIL.ImageFilter.UnsharpMask,type,python-cpu,2,pil-imagefilter.unsharpmask.standard;pipeline-op.unsharpmask.material-rgb-noise-1024x768-radius-2
4634a840bcfa479729d707a6acc76a58b002ff6a,true,12.2.1,/Users/lazytrot/work/pillow-rs/pillow-rs-py/python/PIL/__init__.py,/Users/lazytrot/work/pillow-rs/pillow-rs-py/python/pillow_rs/_core.abi3.so,PIL.ImageFilter.UnsharpMask.percent,property,ImageFilter,pillow_rs.imagefilter,/Users/lazytrot/work/pillow-rs/pillow-rs-py/python/pillow_rs/imagefilter.py,outside_selected_manifest,,,,,0,
4634a840bcfa479729d707a6acc76a58b002ff6a,true,12.2.1,/Users/lazytrot/work/pillow-rs/pillow-rs-py/python/PIL/__init__.py,/Users/lazytrot/work/pillow-rs/pillow-rs-py/python/pillow_rs/_core.abi3.so,PIL.ImageFilter.UnsharpMask.radius,property,ImageFilter,pillow_rs.imagefilter,/Users/lazytrot/work/pillow-rs/pillow-rs-py/python/pillow_rs/imagefilter.py,outside_selected_manifest,,,,,0,
4634a840bcfa479729d707a6acc76a58b002ff6a,true,12.2.1,/Users/lazytrot/work/pillow-rs/pillow-rs-py/python/PIL/__init__.py,/Users/lazytrot/work/pillow-rs/pillow-rs-py/python/pillow_rs/_core.abi3.so,PIL.ImageFilter.UnsharpMask.threshold,property,ImageFilter,pillow_rs.imagefilter,/Users/lazytrot/work/pillow-rs/pillow-rs-py/python/pillow_rs/imagefilter.py,outside_selected_manifest,,,,,0,
4634a840bcfa479729d707a6acc76a58b002ff6a,true,12.2.1,/Users/lazytrot/work/pillow-rs/pillow-rs-py/python/PIL/__init__.py,/Users/lazytrot/work/pillow-rs/pillow-rs-py/python/pillow_rs/_core.abi3.so,PIL.ImageFilter.apply_filter,function,ImageFilter,pillow_rs.imagefilter,/Users/lazytrot/work/pillow-rs/pillow-rs-py/python/pillow_rs/imagefilter.py,outside_selected_manifest,,,,,0,
4634a840bcfa479729d707a6acc76a58b002ff6a,true,12.2.1,/Users/lazytrot/work/pillow-rs/pillow-rs-py/python/PIL/__init__.py,/Users/lazytrot/work/pillow-rs/pillow-rs-py/python/pillow_rs/_core.abi3.so,PIL.ImageFont.FreeTypeFont,class,ImageFont,pillow_rs.imagefont,/Users/lazytrot/work/pillow-rs/pillow-rs-py/python/pillow_rs/imagefont.py,selected_manifest,PIL.ImageFont.FreeTypeFont,PIL.ImageFont.FreeTypeFont,type,python-cpu,1,pil-imagefont.freetypefont.standard
4634a840bcfa479729d707a6acc76a58b002ff6a,true,12.2.1,/Users/lazytrot/work/pillow-rs/pillow-rs-py/python/PIL/__init__.py,/Users/lazytrot/work/pillow-rs/pillow-rs-py/python/pillow_rs/_core.abi3.so,PIL.ImageFont.FreeTypeFont.encoding,property,ImageFont,pillow_rs.imagefont,/Users/lazytrot/work/pillow-rs/pillow-rs-py/python/pillow_rs/imagefont.py,outside_selected_manifest,,,,,0,
4634a840bcfa479729d707a6acc76a58b002ff6a,true,12.2.1,/Users/lazytrot/work/pillow-rs/pillow-rs-py/python/PIL/__init__.py,/Users/lazytrot/work/pillow-rs/pillow-rs-py/python/pillow_rs/_core.abi3.so,PIL.ImageFont.FreeTypeFont.font,property,ImageFont,pillow_rs.imagefont,/Users/lazytrot/work/pillow-rs/pillow-rs-py/python/pillow_rs/imagefont.py,outside_selected_manifest,,,,,0,
4634a840bcfa479729d707a6acc76a58b002ff6a,true,12.2.1,/Users/lazytrot/work/pillow-rs/pillow-rs-py/python/PIL/__init__.py,/Users/lazytrot/work/pillow-rs/pillow-rs-py/python/pillow_rs/_core.abi3.so,PIL.ImageFont.FreeTypeFont.font_bytes,property,ImageFont,pillow_rs.imagefont,/Users/lazytrot/work/pillow-rs/pillow-rs-py/python/pillow_rs/imagefont.py,outside_selected_manifest,,,,,0,
4634a840bcfa479729d707a6acc76a58b002ff6a,true,12.2.1,/Users/lazytrot/work/pillow-rs/pillow-rs-py/python/PIL/__init__.py,/Users/lazytrot/work/pillow-rs/pillow-rs-py/python/pillow_rs/_core.abi3.so,PIL.ImageFont.FreeTypeFont.font_variant,method,ImageFont,pillow_rs.imagefont,/Users/lazytrot/work/pillow-rs/pillow-rs-py/python/pillow_rs/imagefont.py,selected_manifest,PIL.ImageFont.FreeTypeFont.font_variant,PIL.ImageFont.FreeTypeFont.font_variant,method,python-cpu,1,pil-imagefont-freetypefont.font-variant.standard
4634a840bcfa479729d707a6acc76a58b002ff6a,true,12.2.1,/Users/lazytrot/work/pillow-rs/pillow-rs-py/python/PIL/__init__.py,/Users/lazytrot/work/pillow-rs/pillow-rs-py/python/pillow_rs/_core.abi3.so,PIL.ImageFont.FreeTypeFont.get_variation_axes,method,ImageFont,pillow_rs.imagefont,/Users/lazytrot/work/pillow-rs/pillow-rs-py/python/pillow_rs/imagefont.py,selected_manifest,PIL.ImageFont.FreeTypeFont.get_variation_axes,PIL.ImageFont.FreeTypeFont.get_variation_axes,method,python-cpu,1,pil-imagefont-freetypefont.get-variation-axes.standard
4634a840bcfa479729d707a6acc76a58b002ff6a,true,12.2.1,/Users/lazytrot/work/pillow-rs/pillow-rs-py/python/PIL/__init__.py,/Users/lazytrot/work/pillow-rs/pillow-rs-py/python/pillow_rs/_core.abi3.so,PIL.ImageFont.FreeTypeFont.get_variation_names,method,ImageFont,pillow_rs.imagefont,/Users/lazytrot/work/pillow-rs/pillow-rs-py/python/pillow_rs/imagefont.py,selected_manifest,PIL.ImageFont.FreeTypeFont.get_variation_names,PIL.ImageFont.FreeTypeFont.get_variation_names,method,python-cpu,1,pil-imagefont-freetypefont.get-variation-names.standard
4634a840bcfa479729d707a6acc76a58b002ff6a,true,12.2.1,/Users/lazytrot/work/pillow-rs/pillow-rs-py/python/PIL/__init__.py,/Users/lazytrot/work/pillow-rs/pillow-rs-py/python/pillow_rs/_core.abi3.so,PIL.ImageFont.FreeTypeFont.getbbox,method,ImageFont,pillow_rs.imagefont,/Users/lazytrot/work/pillow-rs/pillow-rs-py/python/pillow_rs/imagefont.py,selected_manifest,PIL.ImageFont.FreeTypeFont.getbbox,PIL.ImageFont.FreeTypeFont.getbbox,method,python-cpu,1,pil-imagefont-freetypefont.getbbox.standard
4634a840bcfa479729d707a6acc76a58b002ff6a,true,12.2.1,/Users/lazytrot/work/pillow-rs/pillow-rs-py/python/PIL/__init__.py,/Users/lazytrot/work/pillow-rs/pillow-rs-py/python/pillow_rs/_core.abi3.so,PIL.ImageFont.FreeTypeFont.getlength,method,ImageFont,pillow_rs.imagefont,/Users/lazytrot/work/pillow-rs/pillow-rs-py/python/pillow_rs/imagefont.py,selected_manifest,PIL.ImageFont.FreeTypeFont.getlength,PIL.ImageFont.FreeTypeFont.getlength,method,python-cpu,1,pil-imagefont-freetypefont.getlength.standard
4634a840bcfa479729d707a6acc76a58b002ff6a,true,12.2.1,/Users/lazytrot/work/pillow-rs/pillow-rs-py/python/PIL/__init__.py,/Users/lazytrot/work/pillow-rs/pillow-rs-py/python/pillow_rs/_core.abi3.so,PIL.ImageFont.FreeTypeFont.getmask,method,ImageFont,pillow_rs.imagefont,/Users/lazytrot/work/pillow-rs/pillow-rs-py/python/pillow_rs/imagefont.py,selected_manifest,PIL.ImageFont.FreeTypeFont.getmask,PIL.ImageFont.FreeTypeFont.getmask,method,python-cpu,1,pil-imagefont-freetypefont.getmask.standard
4634a840bcfa479729d707a6acc76a58b002ff6a,true,12.2.1,/Users/lazytrot/work/pillow-rs/pillow-rs-py/python/PIL/__init__.py,/Users/lazytrot/work/pillow-rs/pillow-rs-py/python/pillow_rs/_core.abi3.so,PIL.ImageFont.FreeTypeFont.getmask2,method,ImageFont,pillow_rs.imagefont,/Users/lazytrot/work/pillow-rs/pillow-rs-py/python/pillow_rs/imagefont.py,selected_manifest,PIL.ImageFont.FreeTypeFont.getmask2,PIL.ImageFont.FreeTypeFont.getmask2,method,python-cpu,1,pil-imagefont-freetypefont.getmask2.standard
4634a840bcfa479729d707a6acc76a58b002ff6a,true,12.2.1,/Users/lazytrot/work/pillow-rs/pillow-rs-py/python/PIL/__init__.py,/Users/lazytrot/work/pillow-rs/pillow-rs-py/python/pillow_rs/_core.abi3.so,PIL.ImageFont.FreeTypeFont.getmetrics,method,ImageFont,pillow_rs.imagefont,/Users/lazytrot/work/pillow-rs/pillow-rs-py/python/pillow_rs/imagefont.py,selected_manifest,PIL.ImageFont.FreeTypeFont.getmetrics,PIL.ImageFont.FreeTypeFont.getmetrics,method,python-cpu,1,pil-imagefont-freetypefont.getmetrics.standard
4634a840bcfa479729d707a6acc76a58b002ff6a,true,12.2.1,/Users/lazytrot/work/pillow-rs/pillow-rs-py/python/PIL/__init__.py,/Users/lazytrot/work/pillow-rs/pillow-rs-py/python/pillow_rs/_core.abi3.so,PIL.ImageFont.FreeTypeFont.getname,method,ImageFont,pillow_rs.imagefont,/Users/lazytrot/work/pillow-rs/pillow-rs-py/python/pillow_rs/imagefont.py,selected_manifest,PIL.ImageFont.FreeTypeFont.getname,PIL.ImageFont.FreeTypeFont.getname,method,python-cpu,1,pil-imagefont-freetypefont.getname.standard
4634a840bcfa479729d707a6acc76a58b002ff6a,true,12.2.1,/Users/lazytrot/work/pillow-rs/pillow-rs-py/python/PIL/__init__.py,/Users/lazytrot/work/pillow-rs/pillow-rs-py/python/pillow_rs/_core.abi3.so,PIL.ImageFont.FreeTypeFont.index,property,ImageFont,pillow_rs.imagefont,/Users/lazytrot/work/pillow-rs/pillow-rs-py/python/pillow_rs/imagefont.py,outside_selected_manifest,,,,,0,
4634a840bcfa479729d707a6acc76a58b002ff6a,true,12.2.1,/Users/lazytrot/work/pillow-rs/pillow-rs-py/python/PIL/__init__.py,/Users/lazytrot/work/pillow-rs/pillow-rs-py/python/pillow_rs/_core.abi3.so,PIL.ImageFont.FreeTypeFont.layout_engine,property,ImageFont,pillow_rs.imagefont,/Users/lazytrot/work/pillow-rs/pillow-rs-py/python/pillow_rs/imagefont.py,outside_selected_manifest,,,,,0,
4634a840bcfa479729d707a6acc76a58b002ff6a,true,12.2.1,/Users/lazytrot/work/pillow-rs/pillow-rs-py/python/PIL/__init__.py,/Users/lazytrot/work/pillow-rs/pillow-rs-py/python/pillow_rs/_core.abi3.so,PIL.ImageFont.FreeTypeFont.path,property,ImageFont,pillow_rs.imagefont,/Users/lazytrot/work/pillow-rs/pillow-rs-py/python/pillow_rs/imagefont.py,outside_selected_manifest,,,,,0,
4634a840bcfa479729d707a6acc76a58b002ff6a,true,12.2.1,/Users/lazytrot/work/pillow-rs/pillow-rs-py/python/PIL/__init__.py,/Users/lazytrot/work/pillow-rs/pillow-rs-py/python/pillow_rs/_core.abi3.so,PIL.ImageFont.FreeTypeFont.set_variation_by_axes,method,ImageFont,pillow_rs.imagefont,/Users/lazytrot/work/pillow-rs/pillow-rs-py/python/pillow_rs/imagefont.py,selected_manifest,PIL.ImageFont.FreeTypeFont.set_variation_by_axes,PIL.ImageFont.FreeTypeFont.set_variation_by_axes,method,python-cpu,1,pil-imagefont-freetypefont.set-variation-by-axes.standard
4634a840bcfa479729d707a6acc76a58b002ff6a,true,12.2.1,/Users/lazytrot/work/pillow-rs/pillow-rs-py/python/PIL/__init__.py,/Users/lazytrot/work/pillow-rs/pillow-rs-py/python/pillow_rs/_core.abi3.so,PIL.ImageFont.FreeTypeFont.set_variation_by_name,method,ImageFont,pillow_rs.imagefont,/Users/lazytrot/work/pillow-rs/pillow-rs-py/python/pillow_rs/imagefont.py,selected_manifest,PIL.ImageFont.FreeTypeFont.set_variation_by_name,PIL.ImageFont.FreeTypeFont.set_variation_by_name,method,python-cpu,1,pil-imagefont-freetypefont.set-variation-by-name.standard
4634a840bcfa479729d707a6acc76a58b002ff6a,true,12.2.1,/Users/lazytrot/work/pillow-rs/pillow-rs-py/python/PIL/__init__.py,/Users/lazytrot/work/pillow-rs/pillow-rs-py/python/pillow_rs/_core.abi3.so,PIL.ImageFont.FreeTypeFont.size,property,ImageFont,pillow_rs.imagefont,/Users/lazytrot/work/pillow-rs/pillow-rs-py/python/pillow_rs/imagefont.py,outside_selected_manifest,,,,,0,
4634a840bcfa479729d707a6acc76a58b002ff6a,true,12.2.1,/Users/lazytrot/work/pillow-rs/pillow-rs-py/python/PIL/__init__.py,/Users/lazytrot/work/pillow-rs/pillow-rs-py/python/pillow_rs/_core.abi3.so,PIL.ImageFont.ImageFont,class,ImageFont,pillow_rs.imagefont,/Users/lazytrot/work/pillow-rs/pillow-rs-py/python/pillow_rs/imagefont.py,selected_manifest,PIL.ImageFont.ImageFont,PIL.ImageFont.ImageFont,type,python-cpu,1,pil-imagefont.imagefont.standard
4634a840bcfa479729d707a6acc76a58b002ff6a,true,12.2.1,/Users/lazytrot/work/pillow-rs/pillow-rs-py/python/PIL/__init__.py,/Users/lazytrot/work/pillow-rs/pillow-rs-py/python/pillow_rs/_core.abi3.so,PIL.ImageFont.ImageFont.getbbox,method,ImageFont,pillow_rs.imagefont,/Users/lazytrot/work/pillow-rs/pillow-rs-py/python/pillow_rs/imagefont.py,selected_manifest,PIL.ImageFont.ImageFont.getbbox,PIL.ImageFont.ImageFont.getbbox,method,python-cpu,1,pil-imagefont-imagefont.getbbox.standard
4634a840bcfa479729d707a6acc76a58b002ff6a,true,12.2.1,/Users/lazytrot/work/pillow-rs/pillow-rs-py/python/PIL/__init__.py,/Users/lazytrot/work/pillow-rs/pillow-rs-py/python/pillow_rs/_core.abi3.so,PIL.ImageFont.ImageFont.getlength,method,ImageFont,pillow_rs.imagefont,/Users/lazytrot/work/pillow-rs/pillow-rs-py/python/pillow_rs/imagefont.py,selected_manifest,PIL.ImageFont.ImageFont.getlength,PIL.ImageFont.ImageFont.getlength,method,python-cpu,1,pil-imagefont-imagefont.getlength.standard
4634a840bcfa479729d707a6acc76a58b002ff6a,true,12.2.1,/Users/lazytrot/work/pillow-rs/pillow-rs-py/python/PIL/__init__.py,/Users/lazytrot/work/pillow-rs/pillow-rs-py/python/pillow_rs/_core.abi3.so,PIL.ImageFont.ImageFont.getmask,method,ImageFont,pillow_rs.imagefont,/Users/lazytrot/work/pillow-rs/pillow-rs-py/python/pillow_rs/imagefont.py,selected_manifest,PIL.ImageFont.ImageFont.getmask,PIL.ImageFont.ImageFont.getmask,method,python-cpu,1,pil-imagefont-imagefont.getmask.standard
4634a840bcfa479729d707a6acc76a58b002ff6a,true,12.2.1,/Users/lazytrot/work/pillow-rs/pillow-rs-py/python/PIL/__init__.py,/Users/lazytrot/work/pillow-rs/pillow-rs-py/python/pillow_rs/_core.abi3.so,PIL.ImageFont.ImagingCore,class,ImageFont,pillow_rs.imagefont,/Users/lazytrot/work/pillow-rs/pillow-rs-py/python/pillow_rs/imagefont.py,outside_selected_manifest,,,,,0,
4634a840bcfa479729d707a6acc76a58b002ff6a,true,12.2.1,/Users/lazytrot/work/pillow-rs/pillow-rs-py/python/PIL/__init__.py,/Users/lazytrot/work/pillow-rs/pillow-rs-py/python/pillow_rs/_core.abi3.so,PIL.ImageFont.ImagingCore.__bytes__,method,ImageFont,pillow_rs.imagefont,/Users/lazytrot/work/pillow-rs/pillow-rs-py/python/pillow_rs/imagefont.py,outside_selected_manifest,,,,,0,
4634a840bcfa479729d707a6acc76a58b002ff6a,true,12.2.1,/Users/lazytrot/work/pillow-rs/pillow-rs-py/python/PIL/__init__.py,/Users/lazytrot/work/pillow-rs/pillow-rs-py/python/pillow_rs/_core.abi3.so,PIL.ImageFont.ImagingCore.__getitem__,method,ImageFont,pillow_rs.imagefont,/Users/lazytrot/work/pillow-rs/pillow-rs-py/python/pillow_rs/imagefont.py,outside_selected_manifest,,,,,0,
4634a840bcfa479729d707a6acc76a58b002ff6a,true,12.2.1,/Users/lazytrot/work/pillow-rs/pillow-rs-py/python/PIL/__init__.py,/Users/lazytrot/work/pillow-rs/pillow-rs-py/python/pillow_rs/_core.abi3.so,PIL.ImageFont.ImagingCore.__iter__,method,ImageFont,pillow_rs.imagefont,/Users/lazytrot/work/pillow-rs/pillow-rs-py/python/pillow_rs/imagefont.py,outside_selected_manifest,,,,,0,
4634a840bcfa479729d707a6acc76a58b002ff6a,true,12.2.1,/Users/lazytrot/work/pillow-rs/pillow-rs-py/python/PIL/__init__.py,/Users/lazytrot/work/pillow-rs/pillow-rs-py/python/pillow_rs/_core.abi3.so,PIL.ImageFont.ImagingCore.__len__,method,ImageFont,pillow_rs.imagefont,/Users/lazytrot/work/pillow-rs/pillow-rs-py/python/pillow_rs/imagefont.py,outside_selected_manifest,,,,,0,
4634a840bcfa479729d707a6acc76a58b002ff6a,true,12.2.1,/Users/lazytrot/work/pillow-rs/pillow-rs-py/python/PIL/__init__.py,/Users/lazytrot/work/pillow-rs/pillow-rs-py/python/pillow_rs/_core.abi3.so,PIL.ImageFont.ImagingCore.mode,property,ImageFont,,,outside_selected_manifest,,,,,0,
4634a840bcfa479729d707a6acc76a58b002ff6a,true,12.2.1,/Users/lazytrot/work/pillow-rs/pillow-rs-py/python/PIL/__init__.py,/Users/lazytrot/work/pillow-rs/pillow-rs-py/python/pillow_rs/_core.abi3.so,PIL.ImageFont.ImagingCore.size,property,ImageFont,,,outside_selected_manifest,,,,,0,
4634a840bcfa479729d707a6acc76a58b002ff6a,true,12.2.1,/Users/lazytrot/work/pillow-rs/pillow-rs-py/python/PIL/__init__.py,/Users/lazytrot/work/pillow-rs/pillow-rs-py/python/pillow_rs/_core.abi3.so,PIL.ImageFont.ImagingCore.tobytes,method,ImageFont,pillow_rs.imagefont,/Users/lazytrot/work/pillow-rs/pillow-rs-py/python/pillow_rs/imagefont.py,outside_selected_manifest,,,,,0,
4634a840bcfa479729d707a6acc76a58b002ff6a,true,12.2.1,/Users/lazytrot/work/pillow-rs/pillow-rs-py/python/PIL/__init__.py,/Users/lazytrot/work/pillow-rs/pillow-rs-py/python/pillow_rs/_core.abi3.so,PIL.ImageFont.ImagingCore.transpose,method,ImageFont,pillow_rs.imagefont,/Users/lazytrot/work/pillow-rs/pillow-rs-py/python/pillow_rs/imagefont.py,outside_selected_manifest,,,,,0,
4634a840bcfa479729d707a6acc76a58b002ff6a,true,12.2.1,/Users/lazytrot/work/pillow-rs/pillow-rs-py/python/PIL/__init__.py,/Users/lazytrot/work/pillow-rs/pillow-rs-py/python/pillow_rs/_core.abi3.so,PIL.ImageFont.Layout,class,ImageFont,pillow_rs.imagefont,/Users/lazytrot/work/pillow-rs/pillow-rs-py/python/pillow_rs/imagefont.py,outside_selected_manifest,,,,,0,
4634a840bcfa479729d707a6acc76a58b002ff6a,true,12.2.1,/Users/lazytrot/work/pillow-rs/pillow-rs-py/python/PIL/__init__.py,/Users/lazytrot/work/pillow-rs/pillow-rs-py/python/pillow_rs/_core.abi3.so,PIL.ImageFont.MAX_STRING_LENGTH,constant,PIL,,,selected_manifest,PIL.ImageFont.MAX_STRING_LENGTH,PIL.ImageFont.MAX_STRING_LENGTH,constant,,0,
4634a840bcfa479729d707a6acc76a58b002ff6a,true,12.2.1,/Users/lazytrot/work/pillow-rs/pillow-rs-py/python/PIL/__init__.py,/Users/lazytrot/work/pillow-rs/pillow-rs-py/python/pillow_rs/_core.abi3.so,PIL.ImageFont.TransposedFont,class,ImageFont,pillow_rs.imagefont,/Users/lazytrot/work/pillow-rs/pillow-rs-py/python/pillow_rs/imagefont.py,selected_manifest,PIL.ImageFont.TransposedFont,PIL.ImageFont.TransposedFont,type,python-cpu,1,pil-imagefont.transposedfont.standard
4634a840bcfa479729d707a6acc76a58b002ff6a,true,12.2.1,/Users/lazytrot/work/pillow-rs/pillow-rs-py/python/PIL/__init__.py,/Users/lazytrot/work/pillow-rs/pillow-rs-py/python/pillow_rs/_core.abi3.so,PIL.ImageFont.TransposedFont.font,property,ImageFont,pillow_rs.imagefont,/Users/lazytrot/work/pillow-rs/pillow-rs-py/python/pillow_rs/imagefont.py,outside_selected_manifest,,,,,0,
4634a840bcfa479729d707a6acc76a58b002ff6a,true,12.2.1,/Users/lazytrot/work/pillow-rs/pillow-rs-py/python/PIL/__init__.py,/Users/lazytrot/work/pillow-rs/pillow-rs-py/python/pillow_rs/_core.abi3.so,PIL.ImageFont.TransposedFont.getbbox,method,ImageFont,pillow_rs.imagefont,/Users/lazytrot/work/pillow-rs/pillow-rs-py/python/pillow_rs/imagefont.py,selected_manifest,PIL.ImageFont.TransposedFont.getbbox,PIL.ImageFont.TransposedFont.getbbox,method,python-cpu,1,pil-imagefont-transposedfont.getbbox.standard
4634a840bcfa479729d707a6acc76a58b002ff6a,true,12.2.1,/Users/lazytrot/work/pillow-rs/pillow-rs-py/python/PIL/__init__.py,/Users/lazytrot/work/pillow-rs/pillow-rs-py/python/pillow_rs/_core.abi3.so,PIL.ImageFont.TransposedFont.getlength,method,ImageFont,pillow_rs.imagefont,/Users/lazytrot/work/pillow-rs/pillow-rs-py/python/pillow_rs/imagefont.py,selected_manifest,PIL.ImageFont.TransposedFont.getlength,PIL.ImageFont.TransposedFont.getlength,method,python-cpu,1,pil-imagefont-transposedfont.getlength.standard
4634a840bcfa479729d707a6acc76a58b002ff6a,true,12.2.1,/Users/lazytrot/work/pillow-rs/pillow-rs-py/python/PIL/__init__.py,/Users/lazytrot/work/pillow-rs/pillow-rs-py/python/pillow_rs/_core.abi3.so,PIL.ImageFont.TransposedFont.getmask,method,ImageFont,pillow_rs.imagefont,/Users/lazytrot/work/pillow-rs/pillow-rs-py/python/pillow_rs/imagefont.py,selected_manifest,PIL.ImageFont.TransposedFont.getmask,PIL.ImageFont.TransposedFont.getmask,method,python-cpu,1,pil-imagefont-transposedfont.getmask.standard
4634a840bcfa479729d707a6acc76a58b002ff6a,true,12.2.1,/Users/lazytrot/work/pillow-rs/pillow-rs-py/python/PIL/__init__.py,/Users/lazytrot/work/pillow-rs/pillow-rs-py/python/pillow_rs/_core.abi3.so,PIL.ImageFont.TransposedFont.orientation,property,ImageFont,pillow_rs.imagefont,/Users/lazytrot/work/pillow-rs/pillow-rs-py/python/pillow_rs/imagefont.py,outside_selected_manifest,,,,,0,
4634a840bcfa479729d707a6acc76a58b002ff6a,true,12.2.1,/Users/lazytrot/work/pillow-rs/pillow-rs-py/python/PIL/__init__.py,/Users/lazytrot/work/pillow-rs/pillow-rs-py/python/pillow_rs/_core.abi3.so,PIL.ImageFont.load,function,ImageFont,pillow_rs.imagefont,/Users/lazytrot/work/pillow-rs/pillow-rs-py/python/pillow_rs/imagefont.py,selected_manifest,PIL.ImageFont.load,PIL.ImageFont.load,function,python-cpu,1,pil-imagefont.load.standard
4634a840bcfa479729d707a6acc76a58b002ff6a,true,12.2.1,/Users/lazytrot/work/pillow-rs/pillow-rs-py/python/PIL/__init__.py,/Users/lazytrot/work/pillow-rs/pillow-rs-py/python/pillow_rs/_core.abi3.so,PIL.ImageFont.load_default,function,ImageFont,pillow_rs.imagefont,/Users/lazytrot/work/pillow-rs/pillow-rs-py/python/pillow_rs/imagefont.py,selected_manifest,PIL.ImageFont.load_default,PIL.ImageFont.load_default,function,python-cpu,1,pil-imagefont.load-default.standard
4634a840bcfa479729d707a6acc76a58b002ff6a,true,12.2.1,/Users/lazytrot/work/pillow-rs/pillow-rs-py/python/PIL/__init__.py,/Users/lazytrot/work/pillow-rs/pillow-rs-py/python/pillow_rs/_core.abi3.so,PIL.ImageFont.load_default_imagefont,function,ImageFont,pillow_rs.imagefont,/Users/lazytrot/work/pillow-rs/pillow-rs-py/python/pillow_rs/imagefont.py,selected_manifest,PIL.ImageFont.load_default_imagefont,PIL.ImageFont.load_default_imagefont,function,python-cpu,1,pil-imagefont.load-default-imagefont.standard
4634a840bcfa479729d707a6acc76a58b002ff6a,true,12.2.1,/Users/lazytrot/work/pillow-rs/pillow-rs-py/python/PIL/__init__.py,/Users/lazytrot/work/pillow-rs/pillow-rs-py/python/pillow_rs/_core.abi3.so,PIL.ImageFont.load_path,function,ImageFont,pillow_rs.imagefont,/Users/lazytrot/work/pillow-rs/pillow-rs-py/python/pillow_rs/imagefont.py,selected_manifest,PIL.ImageFont.load_path,PIL.ImageFont.load_path,function,python-cpu,1,pil-imagefont.load-path.standard
4634a840bcfa479729d707a6acc76a58b002ff6a,true,12.2.1,/Users/lazytrot/work/pillow-rs/pillow-rs-py/python/PIL/__init__.py,/Users/lazytrot/work/pillow-rs/pillow-rs-py/python/pillow_rs/_core.abi3.so,PIL.ImageFont.truetype,function,ImageFont,pillow_rs.imagefont,/Users/lazytrot/work/pillow-rs/pillow-rs-py/python/pillow_rs/imagefont.py,selected_manifest,PIL.ImageFont.truetype,PIL.ImageFont.truetype,function,python-cpu,1,pil-imagefont.truetype.standard
4634a840bcfa479729d707a6acc76a58b002ff6a,true,12.2.1,/Users/lazytrot/work/pillow-rs/pillow-rs-py/python/PIL/__init__.py,/Users/lazytrot/work/pillow-rs/pillow-rs-py/python/pillow_rs/_core.abi3.so,PIL.ImageFormat,class,PIL,pillow_rs.enums,/Users/lazytrot/work/pillow-rs/pillow-rs-py/python/pillow_rs/enums.py,outside_selected_manifest,,,,,0,
4634a840bcfa479729d707a6acc76a58b002ff6a,true,12.2.1,/Users/lazytrot/work/pillow-rs/pillow-rs-py/python/PIL/__init__.py,/Users/lazytrot/work/pillow-rs/pillow-rs-py/python/pillow_rs/_core.abi3.so,PIL.ImageMode,class,PIL,pillow_rs.enums,/Users/lazytrot/work/pillow-rs/pillow-rs-py/python/pillow_rs/enums.py,outside_selected_manifest,,,,,0,
4634a840bcfa479729d707a6acc76a58b002ff6a,true,12.2.1,/Users/lazytrot/work/pillow-rs/pillow-rs-py/python/PIL/__init__.py,/Users/lazytrot/work/pillow-rs/pillow-rs-py/python/pillow_rs/_core.abi3.so,PIL.ImageOps.Image,class,ImageOps,pillow_rs.image,/Users/lazytrot/work/pillow-rs/pillow-rs-py/python/pillow_rs/image.py,outside_selected_manifest,,,,,0,
4634a840bcfa479729d707a6acc76a58b002ff6a,true,12.2.1,/Users/lazytrot/work/pillow-rs/pillow-rs-py/python/PIL/__init__.py,/Users/lazytrot/work/pillow-rs/pillow-rs-py/python/pillow_rs/_core.abi3.so,PIL.ImageOps.Image.__eq__,method,ImageOps,pillow_rs.image,/Users/lazytrot/work/pillow-rs/pillow-rs-py/python/pillow_rs/image.py,outside_selected_manifest,,,,,0,
4634a840bcfa479729d707a6acc76a58b002ff6a,true,12.2.1,/Users/lazytrot/work/pillow-rs/pillow-rs-py/python/PIL/__init__.py,/Users/lazytrot/work/pillow-rs/pillow-rs-py/python/pillow_rs/_core.abi3.so,PIL.ImageOps.Image.__repr__,method,ImageOps,pillow_rs.image,/Users/lazytrot/work/pillow-rs/pillow-rs-py/python/pillow_rs/image.py,outside_selected_manifest,,,,,0,
4634a840bcfa479729d707a6acc76a58b002ff6a,true,12.2.1,/Users/lazytrot/work/pillow-rs/pillow-rs-py/python/PIL/__init__.py,/Users/lazytrot/work/pillow-rs/pillow-rs-py/python/pillow_rs/_core.abi3.so,PIL.ImageOps.Image.alpha_composite,method,ImageOps,pillow_rs.image,/Users/lazytrot/work/pillow-rs/pillow-rs-py/python/pillow_rs/image.py,outside_selected_manifest,,,,,0,
4634a840bcfa479729d707a6acc76a58b002ff6a,true,12.2.1,/Users/lazytrot/work/pillow-rs/pillow-rs-py/python/PIL/__init__.py,/Users/lazytrot/work/pillow-rs/pillow-rs-py/python/pillow_rs/_core.abi3.so,PIL.ImageOps.Image.apply_transparency,method,ImageOps,pillow_rs.image,/Users/lazytrot/work/pillow-rs/pillow-rs-py/python/pillow_rs/image.py,outside_selected_manifest,,,,,0,
4634a840bcfa479729d707a6acc76a58b002ff6a,true,12.2.1,/Users/lazytrot/work/pillow-rs/pillow-rs-py/python/PIL/__init__.py,/Users/lazytrot/work/pillow-rs/pillow-rs-py/python/pillow_rs/_core.abi3.so,PIL.ImageOps.Image.close,method,ImageOps,pillow_rs.image,/Users/lazytrot/work/pillow-rs/pillow-rs-py/python/pillow_rs/image.py,outside_selected_manifest,,,,,0,
4634a840bcfa479729d707a6acc76a58b002ff6a,true,12.2.1,/Users/lazytrot/work/pillow-rs/pillow-rs-py/python/PIL/__init__.py,/Users/lazytrot/work/pillow-rs/pillow-rs-py/python/pillow_rs/_core.abi3.so,PIL.ImageOps.Image.convert,method,ImageOps,pillow_rs.image,/Users/lazytrot/work/pillow-rs/pillow-rs-py/python/pillow_rs/image.py,outside_selected_manifest,,,,,0,
4634a840bcfa479729d707a6acc76a58b002ff6a,true,12.2.1,/Users/lazytrot/work/pillow-rs/pillow-rs-py/python/PIL/__init__.py,/Users/lazytrot/work/pillow-rs/pillow-rs-py/python/pillow_rs/_core.abi3.so,PIL.ImageOps.Image.copy,method,ImageOps,pillow_rs.image,/Users/lazytrot/work/pillow-rs/pillow-rs-py/python/pillow_rs/image.py,outside_selected_manifest,,,,,0,
4634a840bcfa479729d707a6acc76a58b002ff6a,true,12.2.1,/Users/lazytrot/work/pillow-rs/pillow-rs-py/python/PIL/__init__.py,/Users/lazytrot/work/pillow-rs/pillow-rs-py/python/pillow_rs/_core.abi3.so,PIL.ImageOps.Image.crop,method,ImageOps,pillow_rs.image,/Users/lazytrot/work/pillow-rs/pillow-rs-py/python/pillow_rs/image.py,outside_selected_manifest,,,,,0,
4634a840bcfa479729d707a6acc76a58b002ff6a,true,12.2.1,/Users/lazytrot/work/pillow-rs/pillow-rs-py/python/PIL/__init__.py,/Users/lazytrot/work/pillow-rs/pillow-rs-py/python/pillow_rs/_core.abi3.so,PIL.ImageOps.Image.draft,method,ImageOps,pillow_rs.image,/Users/lazytrot/work/pillow-rs/pillow-rs-py/python/pillow_rs/image.py,outside_selected_manifest,,,,,0,
4634a840bcfa479729d707a6acc76a58b002ff6a,true,12.2.1,/Users/lazytrot/work/pillow-rs/pillow-rs-py/python/PIL/__init__.py,/Users/lazytrot/work/pillow-rs/pillow-rs-py/python/pillow_rs/_core.abi3.so,PIL.ImageOps.Image.effect_mandelbrot,method,ImageOps,pillow_rs.image,/Users/lazytrot/work/pillow-rs/pillow-rs-py/python/pillow_rs/image.py,outside_selected_manifest,,,,,0,
4634a840bcfa479729d707a6acc76a58b002ff6a,true,12.2.1,/Users/lazytrot/work/pillow-rs/pillow-rs-py/python/PIL/__init__.py,/Users/lazytrot/work/pillow-rs/pillow-rs-py/python/pillow_rs/_core.abi3.so,PIL.ImageOps.Image.effect_noise,method,ImageOps,pillow_rs.image,/Users/lazytrot/work/pillow-rs/pillow-rs-py/python/pillow_rs/image.py,outside_selected_manifest,,,,,0,
4634a840bcfa479729d707a6acc76a58b002ff6a,true,12.2.1,/Users/lazytrot/work/pillow-rs/pillow-rs-py/python/PIL/__init__.py,/Users/lazytrot/work/pillow-rs/pillow-rs-py/python/pillow_rs/_core.abi3.so,PIL.ImageOps.Image.effect_spread,method,ImageOps,pillow_rs.image,/Users/lazytrot/work/pillow-rs/pillow-rs-py/python/pillow_rs/image.py,outside_selected_manifest,,,,,0,
4634a840bcfa479729d707a6acc76a58b002ff6a,true,12.2.1,/Users/lazytrot/work/pillow-rs/pillow-rs-py/python/PIL/__init__.py,/Users/lazytrot/work/pillow-rs/pillow-rs-py/python/pillow_rs/_core.abi3.so,PIL.ImageOps.Image.entropy,method,ImageOps,pillow_rs.image,/Users/lazytrot/work/pillow-rs/pillow-rs-py/python/pillow_rs/image.py,outside_selected_manifest,,,,,0,
4634a840bcfa479729d707a6acc76a58b002ff6a,true,12.2.1,/Users/lazytrot/work/pillow-rs/pillow-rs-py/python/PIL/__init__.py,/Users/lazytrot/work/pillow-rs/pillow-rs-py/python/pillow_rs/_core.abi3.so,PIL.ImageOps.Image.eval,method,ImageOps,pillow_rs.image,/Users/lazytrot/work/pillow-rs/pillow-rs-py/python/pillow_rs/image.py,outside_selected_manifest,,,,,0,
4634a840bcfa479729d707a6acc76a58b002ff6a,true,12.2.1,/Users/lazytrot/work/pillow-rs/pillow-rs-py/python/PIL/__init__.py,/Users/lazytrot/work/pillow-rs/pillow-rs-py/python/pillow_rs/_core.abi3.so,PIL.ImageOps.Image.filter,method,ImageOps,pillow_rs.image,/Users/lazytrot/work/pillow-rs/pillow-rs-py/python/pillow_rs/image.py,outside_selected_manifest,,,,,0,
4634a840bcfa479729d707a6acc76a58b002ff6a,true,12.2.1,/Users/lazytrot/work/pillow-rs/pillow-rs-py/python/PIL/__init__.py,/Users/lazytrot/work/pillow-rs/pillow-rs-py/python/pillow_rs/_core.abi3.so,PIL.ImageOps.Image.format,property,ImageOps,,,outside_selected_manifest,,,,,0,
4634a840bcfa479729d707a6acc76a58b002ff6a,true,12.2.1,/Users/lazytrot/work/pillow-rs/pillow-rs-py/python/PIL/__init__.py,/Users/lazytrot/work/pillow-rs/pillow-rs-py/python/pillow_rs/_core.abi3.so,PIL.ImageOps.Image.fromarray,method,ImageOps,pillow_rs.image,/Users/lazytrot/work/pillow-rs/pillow-rs-py/python/pillow_rs/image.py,outside_selected_manifest,,,,,0,
4634a840bcfa479729d707a6acc76a58b002ff6a,true,12.2.1,/Users/lazytrot/work/pillow-rs/pillow-rs-py/python/PIL/__init__.py,/Users/lazytrot/work/pillow-rs/pillow-rs-py/python/pillow_rs/_core.abi3.so,PIL.ImageOps.Image.frombuffer,method,ImageOps,pillow_rs.image,/Users/lazytrot/work/pillow-rs/pillow-rs-py/python/pillow_rs/image.py,outside_selected_manifest,,,,,0,
4634a840bcfa479729d707a6acc76a58b002ff6a,true,12.2.1,/Users/lazytrot/work/pillow-rs/pillow-rs-py/python/PIL/__init__.py,/Users/lazytrot/work/pillow-rs/pillow-rs-py/python/pillow_rs/_core.abi3.so,PIL.ImageOps.Image.frombytes,method,ImageOps,pillow_rs.image,/Users/lazytrot/work/pillow-rs/pillow-rs-py/python/pillow_rs/image.py,outside_selected_manifest,,,,,0,
4634a840bcfa479729d707a6acc76a58b002ff6a,true,12.2.1,/Users/lazytrot/work/pillow-rs/pillow-rs-py/python/PIL/__init__.py,/Users/lazytrot/work/pillow-rs/pillow-rs-py/python/pillow_rs/_core.abi3.so,PIL.ImageOps.Image.get_child_images,method,ImageOps,pillow_rs.image,/Users/lazytrot/work/pillow-rs/pillow-rs-py/python/pillow_rs/image.py,outside_selected_manifest,,,,,0,
4634a840bcfa479729d707a6acc76a58b002ff6a,true,12.2.1,/Users/lazytrot/work/pillow-rs/pillow-rs-py/python/PIL/__init__.py,/Users/lazytrot/work/pillow-rs/pillow-rs-py/python/pillow_rs/_core.abi3.so,PIL.ImageOps.Image.get_flattened_data,method,ImageOps,pillow_rs.image,/Users/lazytrot/work/pillow-rs/pillow-rs-py/python/pillow_rs/image.py,outside_selected_manifest,,,,,0,
4634a840bcfa479729d707a6acc76a58b002ff6a,true,12.2.1,/Users/lazytrot/work/pillow-rs/pillow-rs-py/python/PIL/__init__.py,/Users/lazytrot/work/pillow-rs/pillow-rs-py/python/pillow_rs/_core.abi3.so,PIL.ImageOps.Image.getbands,method,ImageOps,pillow_rs.image,/Users/lazytrot/work/pillow-rs/pillow-rs-py/python/pillow_rs/image.py,outside_selected_manifest,,,,,0,
4634a840bcfa479729d707a6acc76a58b002ff6a,true,12.2.1,/Users/lazytrot/work/pillow-rs/pillow-rs-py/python/PIL/__init__.py,/Users/lazytrot/work/pillow-rs/pillow-rs-py/python/pillow_rs/_core.abi3.so,PIL.ImageOps.Image.getbbox,method,ImageOps,pillow_rs.image,/Users/lazytrot/work/pillow-rs/pillow-rs-py/python/pillow_rs/image.py,outside_selected_manifest,,,,,0,
4634a840bcfa479729d707a6acc76a58b002ff6a,true,12.2.1,/Users/lazytrot/work/pillow-rs/pillow-rs-py/python/PIL/__init__.py,/Users/lazytrot/work/pillow-rs/pillow-rs-py/python/pillow_rs/_core.abi3.so,PIL.ImageOps.Image.getchannel,method,ImageOps,pillow_rs.image,/Users/lazytrot/work/pillow-rs/pillow-rs-py/python/pillow_rs/image.py,outside_selected_manifest,,,,,0,
4634a840bcfa479729d707a6acc76a58b002ff6a,true,12.2.1,/Users/lazytrot/work/pillow-rs/pillow-rs-py/python/PIL/__init__.py,/Users/lazytrot/work/pillow-rs/pillow-rs-py/python/pillow_rs/_core.abi3.so,PIL.ImageOps.Image.getcolors,method,ImageOps,pillow_rs.image,/Users/lazytrot/work/pillow-rs/pillow-rs-py/python/pillow_rs/image.py,outside_selected_manifest,,,,,0,
4634a840bcfa479729d707a6acc76a58b002ff6a,true,12.2.1,/Users/lazytrot/work/pillow-rs/pillow-rs-py/python/PIL/__init__.py,/Users/lazytrot/work/pillow-rs/pillow-rs-py/python/pillow_rs/_core.abi3.so,PIL.ImageOps.Image.getdata,method,ImageOps,pillow_rs.image,/Users/lazytrot/work/pillow-rs/pillow-rs-py/python/pillow_rs/image.py,outside_selected_manifest,,,,,0,
4634a840bcfa479729d707a6acc76a58b002ff6a,true,12.2.1,/Users/lazytrot/work/pillow-rs/pillow-rs-py/python/PIL/__init__.py,/Users/lazytrot/work/pillow-rs/pillow-rs-py/python/pillow_rs/_core.abi3.so,PIL.ImageOps.Image.getexif,method,ImageOps,pillow_rs.image,/Users/lazytrot/work/pillow-rs/pillow-rs-py/python/pillow_rs/image.py,outside_selected_manifest,,,,,0,
4634a840bcfa479729d707a6acc76a58b002ff6a,true,12.2.1,/Users/lazytrot/work/pillow-rs/pillow-rs-py/python/PIL/__init__.py,/Users/lazytrot/work/pillow-rs/pillow-rs-py/python/pillow_rs/_core.abi3.so,PIL.ImageOps.Image.getextrema,method,ImageOps,pillow_rs.image,/Users/lazytrot/work/pillow-rs/pillow-rs-py/python/pillow_rs/image.py,outside_selected_manifest,,,,,0,
4634a840bcfa479729d707a6acc76a58b002ff6a,true,12.2.1,/Users/lazytrot/work/pillow-rs/pillow-rs-py/python/PIL/__init__.py,/Users/lazytrot/work/pillow-rs/pillow-rs-py/python/pillow_rs/_core.abi3.so,PIL.ImageOps.Image.getim,method,ImageOps,pillow_rs.image,/Users/lazytrot/work/pillow-rs/pillow-rs-py/python/pillow_rs/image.py,outside_selected_manifest,,,,,0,
4634a840bcfa479729d707a6acc76a58b002ff6a,true,12.2.1,/Users/lazytrot/work/pillow-rs/pillow-rs-py/python/PIL/__init__.py,/Users/lazytrot/work/pillow-rs/pillow-rs-py/python/pillow_rs/_core.abi3.so,PIL.ImageOps.Image.getpalette,method,ImageOps,pillow_rs.image,/Users/lazytrot/work/pillow-rs/pillow-rs-py/python/pillow_rs/image.py,outside_selected_manifest,,,,,0,
4634a840bcfa479729d707a6acc76a58b002ff6a,true,12.2.1,/Users/lazytrot/work/pillow-rs/pillow-rs-py/python/PIL/__init__.py,/Users/lazytrot/work/pillow-rs/pillow-rs-py/python/pillow_rs/_core.abi3.so,PIL.ImageOps.Image.getpixel,method,ImageOps,pillow_rs.image,/Users/lazytrot/work/pillow-rs/pillow-rs-py/python/pillow_rs/image.py,outside_selected_manifest,,,,,0,
4634a840bcfa479729d707a6acc76a58b002ff6a,true,12.2.1,/Users/lazytrot/work/pillow-rs/pillow-rs-py/python/PIL/__init__.py,/Users/lazytrot/work/pillow-rs/pillow-rs-py/python/pillow_rs/_core.abi3.so,PIL.ImageOps.Image.getprojection,method,ImageOps,pillow_rs.image,/Users/lazytrot/work/pillow-rs/pillow-rs-py/python/pillow_rs/image.py,outside_selected_manifest,,,,,0,
4634a840bcfa479729d707a6acc76a58b002ff6a,true,12.2.1,/Users/lazytrot/work/pillow-rs/pillow-rs-py/python/PIL/__init__.py,/Users/lazytrot/work/pillow-rs/pillow-rs-py/python/pillow_rs/_core.abi3.so,PIL.ImageOps.Image.getxmp,method,ImageOps,pillow_rs.image,/Users/lazytrot/work/pillow-rs/pillow-rs-py/python/pillow_rs/image.py,outside_selected_manifest,,,,,0,
4634a840bcfa479729d707a6acc76a58b002ff6a,true,12.2.1,/Users/lazytrot/work/pillow-rs/pillow-rs-py/python/PIL/__init__.py,/Users/lazytrot/work/pillow-rs/pillow-rs-py/python/pillow_rs/_core.abi3.so,PIL.ImageOps.Image.has_transparency_data,property,ImageOps,,,outside_selected_manifest,,,,,0,
4634a840bcfa479729d707a6acc76a58b002ff6a,true,12.2.1,/Users/lazytrot/work/pillow-rs/pillow-rs-py/python/PIL/__init__.py,/Users/lazytrot/work/pillow-rs/pillow-rs-py/python/pillow_rs/_core.abi3.so,PIL.ImageOps.Image.height,property,ImageOps,,,outside_selected_manifest,,,,,0,
4634a840bcfa479729d707a6acc76a58b002ff6a,true,12.2.1,/Users/lazytrot/work/pillow-rs/pillow-rs-py/python/PIL/__init__.py,/Users/lazytrot/work/pillow-rs/pillow-rs-py/python/pillow_rs/_core.abi3.so,PIL.ImageOps.Image.histogram,method,ImageOps,pillow_rs.image,/Users/lazytrot/work/pillow-rs/pillow-rs-py/python/pillow_rs/image.py,outside_selected_manifest,,,,,0,
4634a840bcfa479729d707a6acc76a58b002ff6a,true,12.2.1,/Users/lazytrot/work/pillow-rs/pillow-rs-py/python/PIL/__init__.py,/Users/lazytrot/work/pillow-rs/pillow-rs-py/python/pillow_rs/_core.abi3.so,PIL.ImageOps.Image.info,property,ImageOps,,,outside_selected_manifest,,,,,0,
4634a840bcfa479729d707a6acc76a58b002ff6a,true,12.2.1,/Users/lazytrot/work/pillow-rs/pillow-rs-py/python/PIL/__init__.py,/Users/lazytrot/work/pillow-rs/pillow-rs-py/python/pillow_rs/_core.abi3.so,PIL.ImageOps.Image.linear_gradient,method,ImageOps,pillow_rs.image,/Users/lazytrot/work/pillow-rs/pillow-rs-py/python/pillow_rs/image.py,outside_selected_manifest,,,,,0,
4634a840bcfa479729d707a6acc76a58b002ff6a,true,12.2.1,/Users/lazytrot/work/pillow-rs/pillow-rs-py/python/PIL/__init__.py,/Users/lazytrot/work/pillow-rs/pillow-rs-py/python/pillow_rs/_core.abi3.so,PIL.ImageOps.Image.load,method,ImageOps,pillow_rs.image,/Users/lazytrot/work/pillow-rs/pillow-rs-py/python/pillow_rs/image.py,outside_selected_manifest,,,,,0,
4634a840bcfa479729d707a6acc76a58b002ff6a,true,12.2.1,/Users/lazytrot/work/pillow-rs/pillow-rs-py/python/PIL/__init__.py,/Users/lazytrot/work/pillow-rs/pillow-rs-py/python/pillow_rs/_core.abi3.so,PIL.ImageOps.Image.mode,property,ImageOps,,,outside_selected_manifest,,,,,0,
4634a840bcfa479729d707a6acc76a58b002ff6a,true,12.2.1,/Users/lazytrot/work/pillow-rs/pillow-rs-py/python/PIL/__init__.py,/Users/lazytrot/work/pillow-rs/pillow-rs-py/python/pillow_rs/_core.abi3.so,PIL.ImageOps.Image.new,method,ImageOps,pillow_rs.image,/Users/lazytrot/work/pillow-rs/pillow-rs-py/python/pillow_rs/image.py,outside_selected_manifest,,,,,0,
4634a840bcfa479729d707a6acc76a58b002ff6a,true,12.2.1,/Users/lazytrot/work/pillow-rs/pillow-rs-py/python/PIL/__init__.py,/Users/lazytrot/work/pillow-rs/pillow-rs-py/python/pillow_rs/_core.abi3.so,PIL.ImageOps.Image.open,method,ImageOps,pillow_rs.image,/Users/lazytrot/work/pillow-rs/pillow-rs-py/python/pillow_rs/image.py,outside_selected_manifest,,,,,0,
4634a840bcfa479729d707a6acc76a58b002ff6a,true,12.2.1,/Users/lazytrot/work/pillow-rs/pillow-rs-py/python/PIL/__init__.py,/Users/lazytrot/work/pillow-rs/pillow-rs-py/python/pillow_rs/_core.abi3.so,PIL.ImageOps.Image.palette,property,ImageOps,,,outside_selected_manifest,,,,,0,
4634a840bcfa479729d707a6acc76a58b002ff6a,true,12.2.1,/Users/lazytrot/work/pillow-rs/pillow-rs-py/python/PIL/__init__.py,/Users/lazytrot/work/pillow-rs/pillow-rs-py/python/pillow_rs/_core.abi3.so,PIL.ImageOps.Image.paste,method,ImageOps,pillow_rs.image,/Users/lazytrot/work/pillow-rs/pillow-rs-py/python/pillow_rs/image.py,outside_selected_manifest,,,,,0,
4634a840bcfa479729d707a6acc76a58b002ff6a,true,12.2.1,/Users/lazytrot/work/pillow-rs/pillow-rs-py/python/PIL/__init__.py,/Users/lazytrot/work/pillow-rs/pillow-rs-py/python/pillow_rs/_core.abi3.so,PIL.ImageOps.Image.point,method,ImageOps,pillow_rs.image,/Users/lazytrot/work/pillow-rs/pillow-rs-py/python/pillow_rs/image.py,outside_selected_manifest,,,,,0,
4634a840bcfa479729d707a6acc76a58b002ff6a,true,12.2.1,/Users/lazytrot/work/pillow-rs/pillow-rs-py/python/PIL/__init__.py,/Users/lazytrot/work/pillow-rs/pillow-rs-py/python/pillow_rs/_core.abi3.so,PIL.ImageOps.Image.putalpha,method,ImageOps,pillow_rs.image,/Users/lazytrot/work/pillow-rs/pillow-rs-py/python/pillow_rs/image.py,outside_selected_manifest,,,,,0,
4634a840bcfa479729d707a6acc76a58b002ff6a,true,12.2.1,/Users/lazytrot/work/pillow-rs/pillow-rs-py/python/PIL/__init__.py,/Users/lazytrot/work/pillow-rs/pillow-rs-py/python/pillow_rs/_core.abi3.so,PIL.ImageOps.Image.putdata,method,ImageOps,pillow_rs.image,/Users/lazytrot/work/pillow-rs/pillow-rs-py/python/pillow_rs/image.py,outside_selected_manifest,,,,,0,
4634a840bcfa479729d707a6acc76a58b002ff6a,true,12.2.1,/Users/lazytrot/work/pillow-rs/pillow-rs-py/python/PIL/__init__.py,/Users/lazytrot/work/pillow-rs/pillow-rs-py/python/pillow_rs/_core.abi3.so,PIL.ImageOps.Image.putpalette,method,ImageOps,pillow_rs.image,/Users/lazytrot/work/pillow-rs/pillow-rs-py/python/pillow_rs/image.py,outside_selected_manifest,,,,,0,
4634a840bcfa479729d707a6acc76a58b002ff6a,true,12.2.1,/Users/lazytrot/work/pillow-rs/pillow-rs-py/python/PIL/__init__.py,/Users/lazytrot/work/pillow-rs/pillow-rs-py/python/pillow_rs/_core.abi3.so,PIL.ImageOps.Image.putpixel,method,ImageOps,pillow_rs.image,/Users/lazytrot/work/pillow-rs/pillow-rs-py/python/pillow_rs/image.py,outside_selected_manifest,,,,,0,
4634a840bcfa479729d707a6acc76a58b002ff6a,true,12.2.1,/Users/lazytrot/work/pillow-rs/pillow-rs-py/python/PIL/__init__.py,/Users/lazytrot/work/pillow-rs/pillow-rs-py/python/pillow_rs/_core.abi3.so,PIL.ImageOps.Image.quantize,method,ImageOps,pillow_rs.image,/Users/lazytrot/work/pillow-rs/pillow-rs-py/python/pillow_rs/image.py,outside_selected_manifest,,,,,0,
4634a840bcfa479729d707a6acc76a58b002ff6a,true,12.2.1,/Users/lazytrot/work/pillow-rs/pillow-rs-py/python/PIL/__init__.py,/Users/lazytrot/work/pillow-rs/pillow-rs-py/python/pillow_rs/_core.abi3.so,PIL.ImageOps.Image.radial_gradient,method,ImageOps,pillow_rs.image,/Users/lazytrot/work/pillow-rs/pillow-rs-py/python/pillow_rs/image.py,outside_selected_manifest,,,,,0,
4634a840bcfa479729d707a6acc76a58b002ff6a,true,12.2.1,/Users/lazytrot/work/pillow-rs/pillow-rs-py/python/PIL/__init__.py,/Users/lazytrot/work/pillow-rs/pillow-rs-py/python/pillow_rs/_core.abi3.so,PIL.ImageOps.Image.reduce,method,ImageOps,pillow_rs.image,/Users/lazytrot/work/pillow-rs/pillow-rs-py/python/pillow_rs/image.py,outside_selected_manifest,,,,,0,
4634a840bcfa479729d707a6acc76a58b002ff6a,true,12.2.1,/Users/lazytrot/work/pillow-rs/pillow-rs-py/python/PIL/__init__.py,/Users/lazytrot/work/pillow-rs/pillow-rs-py/python/pillow_rs/_core.abi3.so,PIL.ImageOps.Image.remap_palette,method,ImageOps,pillow_rs.image,/Users/lazytrot/work/pillow-rs/pillow-rs-py/python/pillow_rs/image.py,outside_selected_manifest,,,,,0,
4634a840bcfa479729d707a6acc76a58b002ff6a,true,12.2.1,/Users/lazytrot/work/pillow-rs/pillow-rs-py/python/PIL/__init__.py,/Users/lazytrot/work/pillow-rs/pillow-rs-py/python/pillow_rs/_core.abi3.so,PIL.ImageOps.Image.resize,method,ImageOps,pillow_rs.image,/Users/lazytrot/work/pillow-rs/pillow-rs-py/python/pillow_rs/image.py,outside_selected_manifest,,,,,0,
4634a840bcfa479729d707a6acc76a58b002ff6a,true,12.2.1,/Users/lazytrot/work/pillow-rs/pillow-rs-py/python/PIL/__init__.py,/Users/lazytrot/work/pillow-rs/pillow-rs-py/python/pillow_rs/_core.abi3.so,PIL.ImageOps.Image.rotate,method,ImageOps,pillow_rs.image,/Users/lazytrot/work/pillow-rs/pillow-rs-py/python/pillow_rs/image.py,outside_selected_manifest,,,,,0,
4634a840bcfa479729d707a6acc76a58b002ff6a,true,12.2.1,/Users/lazytrot/work/pillow-rs/pillow-rs-py/python/PIL/__init__.py,/Users/lazytrot/work/pillow-rs/pillow-rs-py/python/pillow_rs/_core.abi3.so,PIL.ImageOps.Image.save,method,ImageOps,pillow_rs.image,/Users/lazytrot/work/pillow-rs/pillow-rs-py/python/pillow_rs/image.py,outside_selected_manifest,,,,,0,
4634a840bcfa479729d707a6acc76a58b002ff6a,true,12.2.1,/Users/lazytrot/work/pillow-rs/pillow-rs-py/python/PIL/__init__.py,/Users/lazytrot/work/pillow-rs/pillow-rs-py/python/pillow_rs/_core.abi3.so,PIL.ImageOps.Image.seek,method,ImageOps,pillow_rs.image,/Users/lazytrot/work/pillow-rs/pillow-rs-py/python/pillow_rs/image.py,outside_selected_manifest,,,,,0,
4634a840bcfa479729d707a6acc76a58b002ff6a,true,12.2.1,/Users/lazytrot/work/pillow-rs/pillow-rs-py/python/PIL/__init__.py,/Users/lazytrot/work/pillow-rs/pillow-rs-py/python/pillow_rs/_core.abi3.so,PIL.ImageOps.Image.show,method,ImageOps,pillow_rs.image,/Users/lazytrot/work/pillow-rs/pillow-rs-py/python/pillow_rs/image.py,outside_selected_manifest,,,,,0,
4634a840bcfa479729d707a6acc76a58b002ff6a,true,12.2.1,/Users/lazytrot/work/pillow-rs/pillow-rs-py/python/PIL/__init__.py,/Users/lazytrot/work/pillow-rs/pillow-rs-py/python/pillow_rs/_core.abi3.so,PIL.ImageOps.Image.size,property,ImageOps,,,outside_selected_manifest,,,,,0,
4634a840bcfa479729d707a6acc76a58b002ff6a,true,12.2.1,/Users/lazytrot/work/pillow-rs/pillow-rs-py/python/PIL/__init__.py,/Users/lazytrot/work/pillow-rs/pillow-rs-py/python/pillow_rs/_core.abi3.so,PIL.ImageOps.Image.split,method,ImageOps,pillow_rs.image,/Users/lazytrot/work/pillow-rs/pillow-rs-py/python/pillow_rs/image.py,outside_selected_manifest,,,,,0,
4634a840bcfa479729d707a6acc76a58b002ff6a,true,12.2.1,/Users/lazytrot/work/pillow-rs/pillow-rs-py/python/PIL/__init__.py,/Users/lazytrot/work/pillow-rs/pillow-rs-py/python/pillow_rs/_core.abi3.so,PIL.ImageOps.Image.tell,method,ImageOps,pillow_rs.image,/Users/lazytrot/work/pillow-rs/pillow-rs-py/python/pillow_rs/image.py,outside_selected_manifest,,,,,0,
4634a840bcfa479729d707a6acc76a58b002ff6a,true,12.2.1,/Users/lazytrot/work/pillow-rs/pillow-rs-py/python/PIL/__init__.py,/Users/lazytrot/work/pillow-rs/pillow-rs-py/python/pillow_rs/_core.abi3.so,PIL.ImageOps.Image.thumbnail,method,ImageOps,pillow_rs.image,/Users/lazytrot/work/pillow-rs/pillow-rs-py/python/pillow_rs/image.py,outside_selected_manifest,,,,,0,
4634a840bcfa479729d707a6acc76a58b002ff6a,true,12.2.1,/Users/lazytrot/work/pillow-rs/pillow-rs-py/python/PIL/__init__.py,/Users/lazytrot/work/pillow-rs/pillow-rs-py/python/pillow_rs/_core.abi3.so,PIL.ImageOps.Image.tobitmap,method,ImageOps,pillow_rs.image,/Users/lazytrot/work/pillow-rs/pillow-rs-py/python/pillow_rs/image.py,outside_selected_manifest,,,,,0,
4634a840bcfa479729d707a6acc76a58b002ff6a,true,12.2.1,/Users/lazytrot/work/pillow-rs/pillow-rs-py/python/PIL/__init__.py,/Users/lazytrot/work/pillow-rs/pillow-rs-py/python/pillow_rs/_core.abi3.so,PIL.ImageOps.Image.tobytes,method,ImageOps,pillow_rs.image,/Users/lazytrot/work/pillow-rs/pillow-rs-py/python/pillow_rs/image.py,outside_selected_manifest,,,,,0,
4634a840bcfa479729d707a6acc76a58b002ff6a,true,12.2.1,/Users/lazytrot/work/pillow-rs/pillow-rs-py/python/PIL/__init__.py,/Users/lazytrot/work/pillow-rs/pillow-rs-py/python/pillow_rs/_core.abi3.so,PIL.ImageOps.Image.toqimage,method,ImageOps,pillow_rs.image,/Users/lazytrot/work/pillow-rs/pillow-rs-py/python/pillow_rs/image.py,outside_selected_manifest,,,,,0,
4634a840bcfa479729d707a6acc76a58b002ff6a,true,12.2.1,/Users/lazytrot/work/pillow-rs/pillow-rs-py/python/PIL/__init__.py,/Users/lazytrot/work/pillow-rs/pillow-rs-py/python/pillow_rs/_core.abi3.so,PIL.ImageOps.Image.toqpixmap,method,ImageOps,pillow_rs.image,/Users/lazytrot/work/pillow-rs/pillow-rs-py/python/pillow_rs/image.py,outside_selected_manifest,,,,,0,
4634a840bcfa479729d707a6acc76a58b002ff6a,true,12.2.1,/Users/lazytrot/work/pillow-rs/pillow-rs-py/python/PIL/__init__.py,/Users/lazytrot/work/pillow-rs/pillow-rs-py/python/pillow_rs/_core.abi3.so,PIL.ImageOps.Image.transform,method,ImageOps,pillow_rs.image,/Users/lazytrot/work/pillow-rs/pillow-rs-py/python/pillow_rs/image.py,outside_selected_manifest,,,,,0,
4634a840bcfa479729d707a6acc76a58b002ff6a,true,12.2.1,/Users/lazytrot/work/pillow-rs/pillow-rs-py/python/PIL/__init__.py,/Users/lazytrot/work/pillow-rs/pillow-rs-py/python/pillow_rs/_core.abi3.so,PIL.ImageOps.Image.transpose,method,ImageOps,pillow_rs.image,/Users/lazytrot/work/pillow-rs/pillow-rs-py/python/pillow_rs/image.py,outside_selected_manifest,,,,,0,
4634a840bcfa479729d707a6acc76a58b002ff6a,true,12.2.1,/Users/lazytrot/work/pillow-rs/pillow-rs-py/python/PIL/__init__.py,/Users/lazytrot/work/pillow-rs/pillow-rs-py/python/pillow_rs/_core.abi3.so,PIL.ImageOps.Image.verify,method,ImageOps,pillow_rs.image,/Users/lazytrot/work/pillow-rs/pillow-rs-py/python/pillow_rs/image.py,outside_selected_manifest,,,,,0,
4634a840bcfa479729d707a6acc76a58b002ff6a,true,12.2.1,/Users/lazytrot/work/pillow-rs/pillow-rs-py/python/PIL/__init__.py,/Users/lazytrot/work/pillow-rs/pillow-rs-py/python/pillow_rs/_core.abi3.so,PIL.ImageOps.Image.width,property,ImageOps,,,outside_selected_manifest,,,,,0,
4634a840bcfa479729d707a6acc76a58b002ff6a,true,12.2.1,/Users/lazytrot/work/pillow-rs/pillow-rs-py/python/PIL/__init__.py,/Users/lazytrot/work/pillow-rs/pillow-rs-py/python/pillow_rs/_core.abi3.so,PIL.ImageOps.autocontrast,function,ImageOps,pillow_rs.imageops,/Users/lazytrot/work/pillow-rs/pillow-rs-py/python/pillow_rs/imageops.py,selected_manifest,PIL.ImageOps.autocontrast,PIL.ImageOps.autocontrast,function,python-cpu,9,pil-imageops.autocontrast.standard;pipeline-chain.loaded-10.rgb-jpeg-512x384;pipeline-chain.loaded-10.rgba-png-512x384;pipeline-matrix.expanded.autocontrast.1024x768;pipeline-matrix.expanded.autocontrast.1x1;pipeline-matrix.expanded.autocontrast.256x256;pipeline-matrix.expanded.autocontrast.32x32;pipeline-op.autocontrast.benchmark-materialized;pipeline-op.autocontrast.matrix-32x24
4634a840bcfa479729d707a6acc76a58b002ff6a,true,12.2.1,/Users/lazytrot/work/pillow-rs/pillow-rs-py/python/PIL/__init__.py,/Users/lazytrot/work/pillow-rs/pillow-rs-py/python/pillow_rs/_core.abi3.so,PIL.ImageOps.colorize,function,ImageOps,pillow_rs.imageops,/Users/lazytrot/work/pillow-rs/pillow-rs-py/python/pillow_rs/imageops.py,selected_manifest,PIL.ImageOps.colorize,PIL.ImageOps.colorize,function,python-cpu,4,pil-imageops.colorize.materialized-noise-l-1024x768;pil-imageops.colorize.standard;pipeline-op.colorize.benchmark-materialized;pipeline-op.colorize.matrix-32x24
4634a840bcfa479729d707a6acc76a58b002ff6a,true,12.2.1,/Users/lazytrot/work/pillow-rs/pillow-rs-py/python/PIL/__init__.py,/Users/lazytrot/work/pillow-rs/pillow-rs-py/python/pillow_rs/_core.abi3.so,PIL.ImageOps.contain,function,ImageOps,pillow_rs.imageops,/Users/lazytrot/work/pillow-rs/pillow-rs-py/python/pillow_rs/imageops.py,selected_manifest,PIL.ImageOps.contain,PIL.ImageOps.contain,function,python-cpu,3,pil-imageops.contain.standard;pipeline-op.contain.benchmark-materialized;pipeline-op.contain.matrix-32x24
4634a840bcfa479729d707a6acc76a58b002ff6a,true,12.2.1,/Users/lazytrot/work/pillow-rs/pillow-rs-py/python/PIL/__init__.py,/Users/lazytrot/work/pillow-rs/pillow-rs-py/python/pillow_rs/_core.abi3.so,PIL.ImageOps.cover,function,ImageOps,pillow_rs.imageops,/Users/lazytrot/work/pillow-rs/pillow-rs-py/python/pillow_rs/imageops.py,selected_manifest,PIL.ImageOps.cover,PIL.ImageOps.cover,function,python-cpu,9,pil-imageops.cover.materialized.cmyk-noise-1024x768;pil-imageops.cover.materialized.hsv-noise-1024x768;pil-imageops.cover.materialized.l-noise-1024x768;pil-imageops.cover.materialized.la-noise-1024x768;pil-imageops.cover.materialized.rgb-noise-1024x768;pil-imageops.cover.materialized.rgba-noise-1024x768;pil-imageops.cover.standard;pipeline-op.cover.benchmark-materialized;pipeline-op.cover.matrix-32x24
4634a840bcfa479729d707a6acc76a58b002ff6a,true,12.2.1,/Users/lazytrot/work/pillow-rs/pillow-rs-py/python/PIL/__init__.py,/Users/lazytrot/work/pillow-rs/pillow-rs-py/python/pillow_rs/_core.abi3.so,PIL.ImageOps.crop,function,ImageOps,pillow_rs.imageops,/Users/lazytrot/work/pillow-rs/pillow-rs-py/python/pillow_rs/imageops.py,selected_manifest,PIL.ImageOps.crop,PIL.ImageOps.crop,function,python-cpu,8,pil-imageops.crop.standard;pipeline-chain.geometry-copy.cropborder-chain-rgba-1024x768;pipeline-chain.geometry-copy.cropborder-l-1024x768;pipeline-chain.geometry-copy.cropborder-la-1024x768;pipeline-chain.geometry-copy.cropborder-rgb-1024x768;pipeline-chain.geometry-copy.cropborder-rgba-1024x768;pipeline-op.cropborder.benchmark-materialized;pipeline-op.cropborder.matrix-32x24
4634a840bcfa479729d707a6acc76a58b002ff6a,true,12.2.1,/Users/lazytrot/work/pillow-rs/pillow-rs-py/python/PIL/__init__.py,/Users/lazytrot/work/pillow-rs/pillow-rs-py/python/pillow_rs/_core.abi3.so,PIL.ImageOps.deform,function,ImageOps,pillow_rs.imageops,/Users/lazytrot/work/pillow-rs/pillow-rs-py/python/pillow_rs/imageops.py,selected_manifest,PIL.ImageOps.deform,PIL.ImageOps.deform,function,python-cpu,1,pil-imageops.deform.standard
4634a840bcfa479729d707a6acc76a58b002ff6a,true,12.2.1,/Users/lazytrot/work/pillow-rs/pillow-rs-py/python/PIL/__init__.py,/Users/lazytrot/work/pillow-rs/pillow-rs-py/python/pillow_rs/_core.abi3.so,PIL.ImageOps.equalize,function,ImageOps,pillow_rs.imageops,/Users/lazytrot/work/pillow-rs/pillow-rs-py/python/pillow_rs/imageops.py,selected_manifest,PIL.ImageOps.equalize,PIL.ImageOps.equalize,function,python-cpu,10,pil-imageops.equalize.standard;pipeline-chain.matrix-012;pipeline-chain.reviewed.equalize-autocontrast-invert;pipeline-matrix.expanded.equalize.1024x768;pipeline-matrix.expanded.equalize.1x1;pipeline-matrix.expanded.equalize.256x256;pipeline-matrix.expanded.equalize.32x32;pipeline-op.equalize.benchmark-materialized;pipeline-op.equalize.matrix-32x24;pipeline-op.equalizemasked.benchmark-materialized
4634a840bcfa479729d707a6acc76a58b002ff6a,true,12.2.1,/Users/lazytrot/work/pillow-rs/pillow-rs-py/python/PIL/__init__.py,/Users/lazytrot/work/pillow-rs/pillow-rs-py/python/pillow_rs/_core.abi3.so,PIL.ImageOps.exif_transpose,function,ImageOps,pillow_rs.imageops,/Users/lazytrot/work/pillow-rs/pillow-rs-py/python/pillow_rs/imageops.py,selected_manifest,PIL.ImageOps.exif_transpose,PIL.ImageOps.exif_transpose,function,python-cpu,1,pil-imageops.exif-transpose.standard
4634a840bcfa479729d707a6acc76a58b002ff6a,true,12.2.1,/Users/lazytrot/work/pillow-rs/pillow-rs-py/python/PIL/__init__.py,/Users/lazytrot/work/pillow-rs/pillow-rs-py/python/pillow_rs/_core.abi3.so,PIL.ImageOps.expand,function,ImageOps,pillow_rs.imageops,/Users/lazytrot/work/pillow-rs/pillow-rs-py/python/pillow_rs/imageops.py,selected_manifest,PIL.ImageOps.expand,PIL.ImageOps.expand,function,python-cpu,12,pil-imageops.expand.materialized.cmyk-noise-1024x768;pil-imageops.expand.materialized.hsv-noise-1024x768;pil-imageops.expand.materialized.l-noise-1024x768;pil-imageops.expand.materialized.la-noise-1024x768;pil-imageops.expand.materialized.rgb-noise-1024x768;pil-imageops.expand.materialized.rgba-noise-1024x768;pil-imageops.expand.materialized.rgbx-noise-1024x768;pil-imageops.expand.standard;pipeline-chain.matrix-011;pipeline-chain.reviewed.crop-expand-mirror;pipeline-op.expand.benchmark-materialized;pipeline-op.expand.matrix-32x24
4634a840bcfa479729d707a6acc76a58b002ff6a,true,12.2.1,/Users/lazytrot/work/pillow-rs/pillow-rs-py/python/PIL/__init__.py,/Users/lazytrot/work/pillow-rs/pillow-rs-py/python/pillow_rs/_core.abi3.so,PIL.ImageOps.fit,function,ImageOps,pillow_rs.imageops,/Users/lazytrot/work/pillow-rs/pillow-rs-py/python/pillow_rs/imageops.py,selected_manifest,PIL.ImageOps.fit,PIL.ImageOps.fit,function,python-cpu,3,pil-imageops.fit.standard;pipeline-op.fit.benchmark-materialized;pipeline-op.fit.matrix-32x24
4634a840bcfa479729d707a6acc76a58b002ff6a,true,12.2.1,/Users/lazytrot/work/pillow-rs/pillow-rs-py/python/PIL/__init__.py,/Users/lazytrot/work/pillow-rs/pillow-rs-py/python/pillow_rs/_core.abi3.so,PIL.ImageOps.flip,function,ImageOps,pillow_rs.imageops,/Users/lazytrot/work/pillow-rs/pillow-rs-py/python/pillow_rs/imageops.py,selected_manifest,PIL.ImageOps.flip,PIL.ImageOps.flip,function,python-cpu,8,pil-imageops.flip.materialized-rgb-noise-1024x768;pil-imageops.flip.native-l-1024x768;pil-imageops.flip.native-mode1-1024x768;pil-imageops.flip.native-pa-1024x768;pil-imageops.flip.native-rgba-1024x768;pil-imageops.flip.standard;pipeline-op.flip.benchmark-materialized;pipeline-op.flip.matrix-32x24
4634a840bcfa479729d707a6acc76a58b002ff6a,true,12.2.1,/Users/lazytrot/work/pillow-rs/pillow-rs-py/python/PIL/__init__.py,/Users/lazytrot/work/pillow-rs/pillow-rs-py/python/pillow_rs/_core.abi3.so,PIL.ImageOps.grayscale,function,ImageOps,pillow_rs.imageops,/Users/lazytrot/work/pillow-rs/pillow-rs-py/python/pillow_rs/imageops.py,selected_manifest,PIL.ImageOps.grayscale,PIL.ImageOps.grayscale,function,python-cpu,10,pil-imageops.grayscale.standard;pipeline-chain.grayscale.material-cmyk-1024x768;pipeline-matrix.expanded.grayscale.1024x768;pipeline-matrix.expanded.grayscale.1x1;pipeline-matrix.expanded.grayscale.256x256;pipeline-matrix.expanded.grayscale.32x32;pipeline-op.grayscale.benchmark-materialized;pipeline-op.grayscale.material-rgb-noise-1024x768;pipeline-op.grayscale.material-ycbcr-noise-1024x768;pipeline-op.grayscale.matrix-32x24
4634a840bcfa479729d707a6acc76a58b002ff6a,true,12.2.1,/Users/lazytrot/work/pillow-rs/pillow-rs-py/python/PIL/__init__.py,/Users/lazytrot/work/pillow-rs/pillow-rs-py/python/pillow_rs/_core.abi3.so,PIL.ImageOps.invert,function,ImageOps,pillow_rs.imageops,/Users/lazytrot/work/pillow-rs/pillow-rs-py/python/pillow_rs/imageops.py,selected_manifest,PIL.ImageOps.invert,PIL.ImageOps.invert,function,python-cpu,46,pil-imageops.invert.standard;pipeline-chain.loaded-10.rgb-jpeg-512x384;pipeline-chain.loaded-10.rgba-png-512x384;pipeline-chain.long-point.invert-1;pipeline-chain.long-point.invert-10000;pipeline-chain.long-point.invert-1024;pipeline-chain.long-point.invert-64;pipeline-chain.long-point.invert-8;pipeline-chain.metadata-cache.invert-1.rgb;pipeline-chain.metadata-cache.invert-64.rgb;pipeline-chain.metadata-cache.invert-8.l;pipeline-chain.point-fusion.l-001;pipeline-chain.point-fusion.l-002;pipeline-chain.point-fusion.l-003;pipeline-chain.point-fusion.l-004;pipeline-chain.point-fusion.l-005;pipeline-chain.point-fusion.rgb-001;pipeline-chain.point-fusion.rgb-002;pipeline-chain.point-fusion.rgb-003;pipeline-chain.point-fusion.rgb-004;pipeline-chain.point-fusion.rgb-005;pipeline-chain.simd-crossover.invert-mirror.1024x1024;pipeline-chain.simd-crossover.invert-mirror.1024x768;pipeline-chain.simd-crossover.invert-mirror.1x1;pipeline-chain.simd-crossover.invert-mirror.256x256;pipeline-chain.simd-crossover.invert-mirror.32x32;pipeline-chain.simd-lut.l.1024x1024;pipeline-chain.simd-lut.l.1024x768;pipeline-chain.simd-lut.l.256x256;pipeline-chain.simd-lut.l.32x32;pipeline-chain.simd-lut.rgb.1024x1024;pipeline-chain.simd-lut.rgb.1024x768;pipeline-chain.simd-lut.rgb.256x256;pipeline-chain.simd-lut.rgb.32x32;pipeline-lifecycle.cold.gaussianblur-invert.rgb-1024;pipeline-lifecycle.cold.invert-mirror.rgb-1024;pipeline-lifecycle.resident.gaussianblur-invert.rgb-1024;pipeline-lifecycle.resident.invert-mirror.rgb-1024;pipeline-matrix.expanded.invert.1024x768;pipeline-matrix.expanded.invert.1x1;pipeline-matrix.expanded.invert.256x256;pipeline-matrix.expanded.invert.32x32;pipeline-op.invert.benchmark-materialized;pipeline-op.invert.matrix-32x24;pipeline.quick.gaussianblur-invert.rgb-1024;pipeline.quick.invert-mirror.rgb-1024
4634a840bcfa479729d707a6acc76a58b002ff6a,true,12.2.1,/Users/lazytrot/work/pillow-rs/pillow-rs-py/python/PIL/__init__.py,/Users/lazytrot/work/pillow-rs/pillow-rs-py/python/pillow_rs/_core.abi3.so,PIL.ImageOps.mirror,function,ImageOps,pillow_rs.imageops,/Users/lazytrot/work/pillow-rs/pillow-rs-py/python/pillow_rs/imageops.py,selected_manifest,PIL.ImageOps.mirror,PIL.ImageOps.mirror,function,python-cpu;python-gpu;python-simd,20,pil-imageops.mirror.materialized-rgb-noise-1024x768;pil-imageops.mirror.standard;pipeline-chain.loaded-10.rgb-jpeg-512x384;pipeline-chain.loaded-10.rgba-png-512x384;pipeline-chain.simd-crossover.invert-mirror.1024x1024;pipeline-chain.simd-crossover.invert-mirror.1024x768;pipeline-chain.simd-crossover.invert-mirror.1x1;pipeline-chain.simd-crossover.invert-mirror.256x256;pipeline-chain.simd-crossover.invert-mirror.32x32;pipeline-chain.simd-vector-mirror.l.1024x1024;pipeline-chain.simd-vector-mirror.l.32x32;pipeline-chain.simd-vector-mirror.la.1024x1024;pipeline-chain.simd-vector-mirror.la.32x32;pipeline-chain.simd-vector-mirror.rgba.1024x1024;pipeline-chain.simd-vector-mirror.rgba.32x32;pipeline-lifecycle.cold.invert-mirror.rgb-1024;pipeline-lifecycle.resident.invert-mirror.rgb-1024;pipeline-op.mirror.benchmark-materialized;pipeline-op.mirror.matrix-32x24;pipeline.quick.invert-mirror.rgb-1024
4634a840bcfa479729d707a6acc76a58b002ff6a,true,12.2.1,/Users/lazytrot/work/pillow-rs/pillow-rs-py/python/PIL/__init__.py,/Users/lazytrot/work/pillow-rs/pillow-rs-py/python/pillow_rs/_core.abi3.so,PIL.ImageOps.pad,function,ImageOps,pillow_rs.imageops,/Users/lazytrot/work/pillow-rs/pillow-rs-py/python/pillow_rs/imageops.py,selected_manifest,PIL.ImageOps.pad,PIL.ImageOps.pad,function,python-cpu,16,pil-imageops.pad.materialized.native-cmyk-noise-1024x768-square;pil-imageops.pad.materialized.native-hsv-noise-1024x768-square;pil-imageops.pad.materialized.native-l-noise-1024x768-square;pil-imageops.pad.materialized.native-l-noise-1024x768-to-768-square;pil-imageops.pad.materialized.native-la-noise-1024x768-square;pil-imageops.pad.materialized.native-rgb-noise-1024x768-square;pil-imageops.pad.materialized.native-rgba-noise-1024x768-square;pil-imageops.pad.materialized.native-rgbx-noise-1024x768-square;pil-imageops.pad.materialized.native-rgbx-resize-1024x768-to-768-square;pil-imageops.pad.standard;pipeline-chain.matrix-076;pipeline-chain.matrix-077;pipeline-chain.matrix-078;pipeline-chain.matrix-079;pipeline-op.pad.benchmark-materialized;pipeline-op.pad.matrix-32x24
4634a840bcfa479729d707a6acc76a58b002ff6a,true,12.2.1,/Users/lazytrot/work/pillow-rs/pillow-rs-py/python/PIL/__init__.py,/Users/lazytrot/work/pillow-rs/pillow-rs-py/python/pillow_rs/_core.abi3.so,PIL.ImageOps.posterize,function,ImageOps,pillow_rs.imageops,/Users/lazytrot/work/pillow-rs/pillow-rs-py/python/pillow_rs/imageops.py,selected_manifest,PIL.ImageOps.posterize,PIL.ImageOps.posterize,function,python-cpu,25,pil-imageops.posterize.standard;pipeline-chain.matrix-002;pipeline-chain.point-fusion.l-001;pipeline-chain.point-fusion.l-002;pipeline-chain.point-fusion.l-003;pipeline-chain.point-fusion.l-004;pipeline-chain.point-fusion.l-005;pipeline-chain.point-fusion.rgb-001;pipeline-chain.point-fusion.rgb-002;pipeline-chain.point-fusion.rgb-003;pipeline-chain.point-fusion.rgb-004;pipeline-chain.point-fusion.rgb-005;pipeline-chain.reviewed.point-solarize-posterize;pipeline-chain.simd-lut.l.1024x1024;pipeline-chain.simd-lut.l.1024x768;pipeline-chain.simd-lut.l.256x256;pipeline-chain.simd-lut.l.32x32;pipeline-chain.simd-lut.rgb.1024x1024;pipeline-chain.simd-lut.rgb.1024x768;pipeline-chain.simd-lut.rgb.256x256;pipeline-chain.simd-lut.rgb.32x32;pipeline-op.posterize.benchmark-materialized;pipeline-op.posterize.material-l-noise-1024x768;pipeline-op.posterize.material-rgb-noise-1024x768;pipeline-op.posterize.matrix-32x24
4634a840bcfa479729d707a6acc76a58b002ff6a,true,12.2.1,/Users/lazytrot/work/pillow-rs/pillow-rs-py/python/PIL/__init__.py,/Users/lazytrot/work/pillow-rs/pillow-rs-py/python/pillow_rs/_core.abi3.so,PIL.ImageOps.scale,function,ImageOps,pillow_rs.imageops,/Users/lazytrot/work/pillow-rs/pillow-rs-py/python/pillow_rs/imageops.py,selected_manifest,PIL.ImageOps.scale,PIL.ImageOps.scale,function,python-cpu,3,pil-imageops.scale.standard;pipeline-op.scale.benchmark-materialized;pipeline-op.scale.matrix-32x24
4634a840bcfa479729d707a6acc76a58b002ff6a,true,12.2.1,/Users/lazytrot/work/pillow-rs/pillow-rs-py/python/PIL/__init__.py,/Users/lazytrot/work/pillow-rs/pillow-rs-py/python/pillow_rs/_core.abi3.so,PIL.ImageOps.solarize,function,ImageOps,pillow_rs.imageops,/Users/lazytrot/work/pillow-rs/pillow-rs-py/python/pillow_rs/imageops.py,selected_manifest,PIL.ImageOps.solarize,PIL.ImageOps.solarize,function,python-cpu,21,pil-imageops.solarize.standard;pipeline-chain.point-fusion.l-001;pipeline-chain.point-fusion.l-002;pipeline-chain.point-fusion.l-003;pipeline-chain.point-fusion.l-004;pipeline-chain.point-fusion.l-005;pipeline-chain.point-fusion.rgb-001;pipeline-chain.point-fusion.rgb-002;pipeline-chain.point-fusion.rgb-003;pipeline-chain.point-fusion.rgb-004;pipeline-chain.point-fusion.rgb-005;pipeline-chain.simd-lut.l.1024x1024;pipeline-chain.simd-lut.l.1024x768;pipeline-chain.simd-lut.l.256x256;pipeline-chain.simd-lut.l.32x32;pipeline-chain.simd-lut.rgb.1024x1024;pipeline-chain.simd-lut.rgb.1024x768;pipeline-chain.simd-lut.rgb.256x256;pipeline-chain.simd-lut.rgb.32x32;pipeline-op.solarize.benchmark-materialized;pipeline-op.solarize.matrix-32x24
4634a840bcfa479729d707a6acc76a58b002ff6a,true,12.2.1,/Users/lazytrot/work/pillow-rs/pillow-rs-py/python/PIL/__init__.py,/Users/lazytrot/work/pillow-rs/pillow-rs-py/python/pillow_rs/_core.abi3.so,PIL.ImagePalette.ImagePalette,class,ImagePalette,pillow_rs.imagepalette,/Users/lazytrot/work/pillow-rs/pillow-rs-py/python/pillow_rs/imagepalette.py,selected_manifest,PIL.ImagePalette.ImagePalette,PIL.ImagePalette.ImagePalette,type,python-cpu,1,pil-imagepalette.imagepalette.standard
4634a840bcfa479729d707a6acc76a58b002ff6a,true,12.2.1,/Users/lazytrot/work/pillow-rs/pillow-rs-py/python/PIL/__init__.py,/Users/lazytrot/work/pillow-rs/pillow-rs-py/python/pillow_rs/_core.abi3.so,PIL.ImagePalette.ImagePalette.copy,method,ImagePalette,pillow_rs.imagepalette,/Users/lazytrot/work/pillow-rs/pillow-rs-py/python/pillow_rs/imagepalette.py,selected_manifest,PIL.ImagePalette.ImagePalette.copy,PIL.ImagePalette.ImagePalette.copy,method,python-cpu,1,pil-imagepalette-imagepalette.copy.standard
4634a840bcfa479729d707a6acc76a58b002ff6a,true,12.2.1,/Users/lazytrot/work/pillow-rs/pillow-rs-py/python/PIL/__init__.py,/Users/lazytrot/work/pillow-rs/pillow-rs-py/python/pillow_rs/_core.abi3.so,PIL.ImagePalette.ImagePalette.dirty,property,ImagePalette,pillow_rs.imagepalette,/Users/lazytrot/work/pillow-rs/pillow-rs-py/python/pillow_rs/imagepalette.py,outside_selected_manifest,,,,,0,
4634a840bcfa479729d707a6acc76a58b002ff6a,true,12.2.1,/Users/lazytrot/work/pillow-rs/pillow-rs-py/python/PIL/__init__.py,/Users/lazytrot/work/pillow-rs/pillow-rs-py/python/pillow_rs/_core.abi3.so,PIL.ImagePalette.ImagePalette.getcolor,method,ImagePalette,pillow_rs.imagepalette,/Users/lazytrot/work/pillow-rs/pillow-rs-py/python/pillow_rs/imagepalette.py,selected_manifest,PIL.ImagePalette.ImagePalette.getcolor,PIL.ImagePalette.ImagePalette.getcolor,method,python-cpu,1,pil-imagepalette-imagepalette.getcolor.standard
4634a840bcfa479729d707a6acc76a58b002ff6a,true,12.2.1,/Users/lazytrot/work/pillow-rs/pillow-rs-py/python/PIL/__init__.py,/Users/lazytrot/work/pillow-rs/pillow-rs-py/python/pillow_rs/_core.abi3.so,PIL.ImagePalette.ImagePalette.getdata,method,ImagePalette,pillow_rs.imagepalette,/Users/lazytrot/work/pillow-rs/pillow-rs-py/python/pillow_rs/imagepalette.py,selected_manifest,PIL.ImagePalette.ImagePalette.getdata,PIL.ImagePalette.ImagePalette.getdata,method,python-cpu,1,pil-imagepalette-imagepalette.getdata.standard
4634a840bcfa479729d707a6acc76a58b002ff6a,true,12.2.1,/Users/lazytrot/work/pillow-rs/pillow-rs-py/python/PIL/__init__.py,/Users/lazytrot/work/pillow-rs/pillow-rs-py/python/pillow_rs/_core.abi3.so,PIL.ImagePalette.ImagePalette.mode,property,ImagePalette,pillow_rs.imagepalette,/Users/lazytrot/work/pillow-rs/pillow-rs-py/python/pillow_rs/imagepalette.py,outside_selected_manifest,,,,,0,
4634a840bcfa479729d707a6acc76a58b002ff6a,true,12.2.1,/Users/lazytrot/work/pillow-rs/pillow-rs-py/python/PIL/__init__.py,/Users/lazytrot/work/pillow-rs/pillow-rs-py/python/pillow_rs/_core.abi3.so,PIL.ImagePalette.ImagePalette.palette,property,ImagePalette,,,outside_selected_manifest,,,,,0,
4634a840bcfa479729d707a6acc76a58b002ff6a,true,12.2.1,/Users/lazytrot/work/pillow-rs/pillow-rs-py/python/PIL/__init__.py,/Users/lazytrot/work/pillow-rs/pillow-rs-py/python/pillow_rs/_core.abi3.so,PIL.ImagePalette.ImagePalette.rawmode,property,ImagePalette,pillow_rs.imagepalette,/Users/lazytrot/work/pillow-rs/pillow-rs-py/python/pillow_rs/imagepalette.py,outside_selected_manifest,,,,,0,
4634a840bcfa479729d707a6acc76a58b002ff6a,true,12.2.1,/Users/lazytrot/work/pillow-rs/pillow-rs-py/python/PIL/__init__.py,/Users/lazytrot/work/pillow-rs/pillow-rs-py/python/pillow_rs/_core.abi3.so,PIL.ImagePalette.ImagePalette.save,method,ImagePalette,pillow_rs.imagepalette,/Users/lazytrot/work/pillow-rs/pillow-rs-py/python/pillow_rs/imagepalette.py,selected_manifest,PIL.ImagePalette.ImagePalette.save,PIL.ImagePalette.ImagePalette.save,method,python-cpu,1,pil-imagepalette-imagepalette.save.standard
4634a840bcfa479729d707a6acc76a58b002ff6a,true,12.2.1,/Users/lazytrot/work/pillow-rs/pillow-rs-py/python/PIL/__init__.py,/Users/lazytrot/work/pillow-rs/pillow-rs-py/python/pillow_rs/_core.abi3.so,PIL.ImagePalette.ImagePalette.tobytes,method,ImagePalette,pillow_rs.imagepalette,/Users/lazytrot/work/pillow-rs/pillow-rs-py/python/pillow_rs/imagepalette.py,selected_manifest,PIL.ImagePalette.ImagePalette.tobytes,PIL.ImagePalette.ImagePalette.tobytes,method,python-cpu,1,pil-imagepalette-imagepalette.tobytes.standard
4634a840bcfa479729d707a6acc76a58b002ff6a,true,12.2.1,/Users/lazytrot/work/pillow-rs/pillow-rs-py/python/PIL/__init__.py,/Users/lazytrot/work/pillow-rs/pillow-rs-py/python/pillow_rs/_core.abi3.so,PIL.ImageSequence.Iterator,type,PIL,,,selected_manifest,PIL.ImageSequence.Iterator,PIL.ImageSequence.Iterator,type,python-cpu,1,pil-imagesequence.iterator.standard
4634a840bcfa479729d707a6acc76a58b002ff6a,true,12.2.1,/Users/lazytrot/work/pillow-rs/pillow-rs-py/python/PIL/__init__.py,/Users/lazytrot/work/pillow-rs/pillow-rs-py/python/pillow_rs/_core.abi3.so,PIL.ImageSequence.Iterator.__iter__,method,PIL,,,selected_manifest,PIL.ImageSequence.Iterator.__iter__,PIL.ImageSequence.Iterator.__iter__,method,python-cpu,1,pil-imagesequence-iterator.iter.standard
4634a840bcfa479729d707a6acc76a58b002ff6a,true,12.2.1,/Users/lazytrot/work/pillow-rs/pillow-rs-py/python/PIL/__init__.py,/Users/lazytrot/work/pillow-rs/pillow-rs-py/python/pillow_rs/_core.abi3.so,PIL.ImageSequence.Iterator.__next__,method,PIL,,,selected_manifest,PIL.ImageSequence.Iterator.__next__,PIL.ImageSequence.Iterator.__next__,method,python-cpu,1,pil-imagesequence-iterator.next.standard
4634a840bcfa479729d707a6acc76a58b002ff6a,true,12.2.1,/Users/lazytrot/work/pillow-rs/pillow-rs-py/python/PIL/__init__.py,/Users/lazytrot/work/pillow-rs/pillow-rs-py/python/pillow_rs/_core.abi3.so,PIL.ImageStat.Image,class,ImageStat,pillow_rs.image,/Users/lazytrot/work/pillow-rs/pillow-rs-py/python/pillow_rs/image.py,outside_selected_manifest,,,,,0,
4634a840bcfa479729d707a6acc76a58b002ff6a,true,12.2.1,/Users/lazytrot/work/pillow-rs/pillow-rs-py/python/PIL/__init__.py,/Users/lazytrot/work/pillow-rs/pillow-rs-py/python/pillow_rs/_core.abi3.so,PIL.ImageStat.Image.__eq__,method,ImageStat,pillow_rs.image,/Users/lazytrot/work/pillow-rs/pillow-rs-py/python/pillow_rs/image.py,outside_selected_manifest,,,,,0,
4634a840bcfa479729d707a6acc76a58b002ff6a,true,12.2.1,/Users/lazytrot/work/pillow-rs/pillow-rs-py/python/PIL/__init__.py,/Users/lazytrot/work/pillow-rs/pillow-rs-py/python/pillow_rs/_core.abi3.so,PIL.ImageStat.Image.__repr__,method,ImageStat,pillow_rs.image,/Users/lazytrot/work/pillow-rs/pillow-rs-py/python/pillow_rs/image.py,outside_selected_manifest,,,,,0,
4634a840bcfa479729d707a6acc76a58b002ff6a,true,12.2.1,/Users/lazytrot/work/pillow-rs/pillow-rs-py/python/PIL/__init__.py,/Users/lazytrot/work/pillow-rs/pillow-rs-py/python/pillow_rs/_core.abi3.so,PIL.ImageStat.Image.alpha_composite,method,ImageStat,pillow_rs.image,/Users/lazytrot/work/pillow-rs/pillow-rs-py/python/pillow_rs/image.py,outside_selected_manifest,,,,,0,
4634a840bcfa479729d707a6acc76a58b002ff6a,true,12.2.1,/Users/lazytrot/work/pillow-rs/pillow-rs-py/python/PIL/__init__.py,/Users/lazytrot/work/pillow-rs/pillow-rs-py/python/pillow_rs/_core.abi3.so,PIL.ImageStat.Image.apply_transparency,method,ImageStat,pillow_rs.image,/Users/lazytrot/work/pillow-rs/pillow-rs-py/python/pillow_rs/image.py,outside_selected_manifest,,,,,0,
4634a840bcfa479729d707a6acc76a58b002ff6a,true,12.2.1,/Users/lazytrot/work/pillow-rs/pillow-rs-py/python/PIL/__init__.py,/Users/lazytrot/work/pillow-rs/pillow-rs-py/python/pillow_rs/_core.abi3.so,PIL.ImageStat.Image.close,method,ImageStat,pillow_rs.image,/Users/lazytrot/work/pillow-rs/pillow-rs-py/python/pillow_rs/image.py,outside_selected_manifest,,,,,0,
4634a840bcfa479729d707a6acc76a58b002ff6a,true,12.2.1,/Users/lazytrot/work/pillow-rs/pillow-rs-py/python/PIL/__init__.py,/Users/lazytrot/work/pillow-rs/pillow-rs-py/python/pillow_rs/_core.abi3.so,PIL.ImageStat.Image.convert,method,ImageStat,pillow_rs.image,/Users/lazytrot/work/pillow-rs/pillow-rs-py/python/pillow_rs/image.py,outside_selected_manifest,,,,,0,
4634a840bcfa479729d707a6acc76a58b002ff6a,true,12.2.1,/Users/lazytrot/work/pillow-rs/pillow-rs-py/python/PIL/__init__.py,/Users/lazytrot/work/pillow-rs/pillow-rs-py/python/pillow_rs/_core.abi3.so,PIL.ImageStat.Image.copy,method,ImageStat,pillow_rs.image,/Users/lazytrot/work/pillow-rs/pillow-rs-py/python/pillow_rs/image.py,outside_selected_manifest,,,,,0,
4634a840bcfa479729d707a6acc76a58b002ff6a,true,12.2.1,/Users/lazytrot/work/pillow-rs/pillow-rs-py/python/PIL/__init__.py,/Users/lazytrot/work/pillow-rs/pillow-rs-py/python/pillow_rs/_core.abi3.so,PIL.ImageStat.Image.crop,method,ImageStat,pillow_rs.image,/Users/lazytrot/work/pillow-rs/pillow-rs-py/python/pillow_rs/image.py,outside_selected_manifest,,,,,0,
4634a840bcfa479729d707a6acc76a58b002ff6a,true,12.2.1,/Users/lazytrot/work/pillow-rs/pillow-rs-py/python/PIL/__init__.py,/Users/lazytrot/work/pillow-rs/pillow-rs-py/python/pillow_rs/_core.abi3.so,PIL.ImageStat.Image.draft,method,ImageStat,pillow_rs.image,/Users/lazytrot/work/pillow-rs/pillow-rs-py/python/pillow_rs/image.py,outside_selected_manifest,,,,,0,
4634a840bcfa479729d707a6acc76a58b002ff6a,true,12.2.1,/Users/lazytrot/work/pillow-rs/pillow-rs-py/python/PIL/__init__.py,/Users/lazytrot/work/pillow-rs/pillow-rs-py/python/pillow_rs/_core.abi3.so,PIL.ImageStat.Image.effect_mandelbrot,method,ImageStat,pillow_rs.image,/Users/lazytrot/work/pillow-rs/pillow-rs-py/python/pillow_rs/image.py,outside_selected_manifest,,,,,0,
4634a840bcfa479729d707a6acc76a58b002ff6a,true,12.2.1,/Users/lazytrot/work/pillow-rs/pillow-rs-py/python/PIL/__init__.py,/Users/lazytrot/work/pillow-rs/pillow-rs-py/python/pillow_rs/_core.abi3.so,PIL.ImageStat.Image.effect_noise,method,ImageStat,pillow_rs.image,/Users/lazytrot/work/pillow-rs/pillow-rs-py/python/pillow_rs/image.py,outside_selected_manifest,,,,,0,
4634a840bcfa479729d707a6acc76a58b002ff6a,true,12.2.1,/Users/lazytrot/work/pillow-rs/pillow-rs-py/python/PIL/__init__.py,/Users/lazytrot/work/pillow-rs/pillow-rs-py/python/pillow_rs/_core.abi3.so,PIL.ImageStat.Image.effect_spread,method,ImageStat,pillow_rs.image,/Users/lazytrot/work/pillow-rs/pillow-rs-py/python/pillow_rs/image.py,outside_selected_manifest,,,,,0,
4634a840bcfa479729d707a6acc76a58b002ff6a,true,12.2.1,/Users/lazytrot/work/pillow-rs/pillow-rs-py/python/PIL/__init__.py,/Users/lazytrot/work/pillow-rs/pillow-rs-py/python/pillow_rs/_core.abi3.so,PIL.ImageStat.Image.entropy,method,ImageStat,pillow_rs.image,/Users/lazytrot/work/pillow-rs/pillow-rs-py/python/pillow_rs/image.py,outside_selected_manifest,,,,,0,
4634a840bcfa479729d707a6acc76a58b002ff6a,true,12.2.1,/Users/lazytrot/work/pillow-rs/pillow-rs-py/python/PIL/__init__.py,/Users/lazytrot/work/pillow-rs/pillow-rs-py/python/pillow_rs/_core.abi3.so,PIL.ImageStat.Image.eval,method,ImageStat,pillow_rs.image,/Users/lazytrot/work/pillow-rs/pillow-rs-py/python/pillow_rs/image.py,outside_selected_manifest,,,,,0,
4634a840bcfa479729d707a6acc76a58b002ff6a,true,12.2.1,/Users/lazytrot/work/pillow-rs/pillow-rs-py/python/PIL/__init__.py,/Users/lazytrot/work/pillow-rs/pillow-rs-py/python/pillow_rs/_core.abi3.so,PIL.ImageStat.Image.filter,method,ImageStat,pillow_rs.image,/Users/lazytrot/work/pillow-rs/pillow-rs-py/python/pillow_rs/image.py,outside_selected_manifest,,,,,0,
4634a840bcfa479729d707a6acc76a58b002ff6a,true,12.2.1,/Users/lazytrot/work/pillow-rs/pillow-rs-py/python/PIL/__init__.py,/Users/lazytrot/work/pillow-rs/pillow-rs-py/python/pillow_rs/_core.abi3.so,PIL.ImageStat.Image.format,property,ImageStat,,,outside_selected_manifest,,,,,0,
4634a840bcfa479729d707a6acc76a58b002ff6a,true,12.2.1,/Users/lazytrot/work/pillow-rs/pillow-rs-py/python/PIL/__init__.py,/Users/lazytrot/work/pillow-rs/pillow-rs-py/python/pillow_rs/_core.abi3.so,PIL.ImageStat.Image.fromarray,method,ImageStat,pillow_rs.image,/Users/lazytrot/work/pillow-rs/pillow-rs-py/python/pillow_rs/image.py,outside_selected_manifest,,,,,0,
4634a840bcfa479729d707a6acc76a58b002ff6a,true,12.2.1,/Users/lazytrot/work/pillow-rs/pillow-rs-py/python/PIL/__init__.py,/Users/lazytrot/work/pillow-rs/pillow-rs-py/python/pillow_rs/_core.abi3.so,PIL.ImageStat.Image.frombuffer,method,ImageStat,pillow_rs.image,/Users/lazytrot/work/pillow-rs/pillow-rs-py/python/pillow_rs/image.py,outside_selected_manifest,,,,,0,
4634a840bcfa479729d707a6acc76a58b002ff6a,true,12.2.1,/Users/lazytrot/work/pillow-rs/pillow-rs-py/python/PIL/__init__.py,/Users/lazytrot/work/pillow-rs/pillow-rs-py/python/pillow_rs/_core.abi3.so,PIL.ImageStat.Image.frombytes,method,ImageStat,pillow_rs.image,/Users/lazytrot/work/pillow-rs/pillow-rs-py/python/pillow_rs/image.py,outside_selected_manifest,,,,,0,
4634a840bcfa479729d707a6acc76a58b002ff6a,true,12.2.1,/Users/lazytrot/work/pillow-rs/pillow-rs-py/python/PIL/__init__.py,/Users/lazytrot/work/pillow-rs/pillow-rs-py/python/pillow_rs/_core.abi3.so,PIL.ImageStat.Image.get_child_images,method,ImageStat,pillow_rs.image,/Users/lazytrot/work/pillow-rs/pillow-rs-py/python/pillow_rs/image.py,outside_selected_manifest,,,,,0,
4634a840bcfa479729d707a6acc76a58b002ff6a,true,12.2.1,/Users/lazytrot/work/pillow-rs/pillow-rs-py/python/PIL/__init__.py,/Users/lazytrot/work/pillow-rs/pillow-rs-py/python/pillow_rs/_core.abi3.so,PIL.ImageStat.Image.get_flattened_data,method,ImageStat,pillow_rs.image,/Users/lazytrot/work/pillow-rs/pillow-rs-py/python/pillow_rs/image.py,outside_selected_manifest,,,,,0,
4634a840bcfa479729d707a6acc76a58b002ff6a,true,12.2.1,/Users/lazytrot/work/pillow-rs/pillow-rs-py/python/PIL/__init__.py,/Users/lazytrot/work/pillow-rs/pillow-rs-py/python/pillow_rs/_core.abi3.so,PIL.ImageStat.Image.getbands,method,ImageStat,pillow_rs.image,/Users/lazytrot/work/pillow-rs/pillow-rs-py/python/pillow_rs/image.py,outside_selected_manifest,,,,,0,
4634a840bcfa479729d707a6acc76a58b002ff6a,true,12.2.1,/Users/lazytrot/work/pillow-rs/pillow-rs-py/python/PIL/__init__.py,/Users/lazytrot/work/pillow-rs/pillow-rs-py/python/pillow_rs/_core.abi3.so,PIL.ImageStat.Image.getbbox,method,ImageStat,pillow_rs.image,/Users/lazytrot/work/pillow-rs/pillow-rs-py/python/pillow_rs/image.py,outside_selected_manifest,,,,,0,
4634a840bcfa479729d707a6acc76a58b002ff6a,true,12.2.1,/Users/lazytrot/work/pillow-rs/pillow-rs-py/python/PIL/__init__.py,/Users/lazytrot/work/pillow-rs/pillow-rs-py/python/pillow_rs/_core.abi3.so,PIL.ImageStat.Image.getchannel,method,ImageStat,pillow_rs.image,/Users/lazytrot/work/pillow-rs/pillow-rs-py/python/pillow_rs/image.py,outside_selected_manifest,,,,,0,
4634a840bcfa479729d707a6acc76a58b002ff6a,true,12.2.1,/Users/lazytrot/work/pillow-rs/pillow-rs-py/python/PIL/__init__.py,/Users/lazytrot/work/pillow-rs/pillow-rs-py/python/pillow_rs/_core.abi3.so,PIL.ImageStat.Image.getcolors,method,ImageStat,pillow_rs.image,/Users/lazytrot/work/pillow-rs/pillow-rs-py/python/pillow_rs/image.py,outside_selected_manifest,,,,,0,
4634a840bcfa479729d707a6acc76a58b002ff6a,true,12.2.1,/Users/lazytrot/work/pillow-rs/pillow-rs-py/python/PIL/__init__.py,/Users/lazytrot/work/pillow-rs/pillow-rs-py/python/pillow_rs/_core.abi3.so,PIL.ImageStat.Image.getdata,method,ImageStat,pillow_rs.image,/Users/lazytrot/work/pillow-rs/pillow-rs-py/python/pillow_rs/image.py,outside_selected_manifest,,,,,0,
4634a840bcfa479729d707a6acc76a58b002ff6a,true,12.2.1,/Users/lazytrot/work/pillow-rs/pillow-rs-py/python/PIL/__init__.py,/Users/lazytrot/work/pillow-rs/pillow-rs-py/python/pillow_rs/_core.abi3.so,PIL.ImageStat.Image.getexif,method,ImageStat,pillow_rs.image,/Users/lazytrot/work/pillow-rs/pillow-rs-py/python/pillow_rs/image.py,outside_selected_manifest,,,,,0,
4634a840bcfa479729d707a6acc76a58b002ff6a,true,12.2.1,/Users/lazytrot/work/pillow-rs/pillow-rs-py/python/PIL/__init__.py,/Users/lazytrot/work/pillow-rs/pillow-rs-py/python/pillow_rs/_core.abi3.so,PIL.ImageStat.Image.getextrema,method,ImageStat,pillow_rs.image,/Users/lazytrot/work/pillow-rs/pillow-rs-py/python/pillow_rs/image.py,outside_selected_manifest,,,,,0,
4634a840bcfa479729d707a6acc76a58b002ff6a,true,12.2.1,/Users/lazytrot/work/pillow-rs/pillow-rs-py/python/PIL/__init__.py,/Users/lazytrot/work/pillow-rs/pillow-rs-py/python/pillow_rs/_core.abi3.so,PIL.ImageStat.Image.getim,method,ImageStat,pillow_rs.image,/Users/lazytrot/work/pillow-rs/pillow-rs-py/python/pillow_rs/image.py,outside_selected_manifest,,,,,0,
4634a840bcfa479729d707a6acc76a58b002ff6a,true,12.2.1,/Users/lazytrot/work/pillow-rs/pillow-rs-py/python/PIL/__init__.py,/Users/lazytrot/work/pillow-rs/pillow-rs-py/python/pillow_rs/_core.abi3.so,PIL.ImageStat.Image.getpalette,method,ImageStat,pillow_rs.image,/Users/lazytrot/work/pillow-rs/pillow-rs-py/python/pillow_rs/image.py,outside_selected_manifest,,,,,0,
4634a840bcfa479729d707a6acc76a58b002ff6a,true,12.2.1,/Users/lazytrot/work/pillow-rs/pillow-rs-py/python/PIL/__init__.py,/Users/lazytrot/work/pillow-rs/pillow-rs-py/python/pillow_rs/_core.abi3.so,PIL.ImageStat.Image.getpixel,method,ImageStat,pillow_rs.image,/Users/lazytrot/work/pillow-rs/pillow-rs-py/python/pillow_rs/image.py,outside_selected_manifest,,,,,0,
4634a840bcfa479729d707a6acc76a58b002ff6a,true,12.2.1,/Users/lazytrot/work/pillow-rs/pillow-rs-py/python/PIL/__init__.py,/Users/lazytrot/work/pillow-rs/pillow-rs-py/python/pillow_rs/_core.abi3.so,PIL.ImageStat.Image.getprojection,method,ImageStat,pillow_rs.image,/Users/lazytrot/work/pillow-rs/pillow-rs-py/python/pillow_rs/image.py,outside_selected_manifest,,,,,0,
4634a840bcfa479729d707a6acc76a58b002ff6a,true,12.2.1,/Users/lazytrot/work/pillow-rs/pillow-rs-py/python/PIL/__init__.py,/Users/lazytrot/work/pillow-rs/pillow-rs-py/python/pillow_rs/_core.abi3.so,PIL.ImageStat.Image.getxmp,method,ImageStat,pillow_rs.image,/Users/lazytrot/work/pillow-rs/pillow-rs-py/python/pillow_rs/image.py,outside_selected_manifest,,,,,0,
4634a840bcfa479729d707a6acc76a58b002ff6a,true,12.2.1,/Users/lazytrot/work/pillow-rs/pillow-rs-py/python/PIL/__init__.py,/Users/lazytrot/work/pillow-rs/pillow-rs-py/python/pillow_rs/_core.abi3.so,PIL.ImageStat.Image.has_transparency_data,property,ImageStat,,,outside_selected_manifest,,,,,0,
4634a840bcfa479729d707a6acc76a58b002ff6a,true,12.2.1,/Users/lazytrot/work/pillow-rs/pillow-rs-py/python/PIL/__init__.py,/Users/lazytrot/work/pillow-rs/pillow-rs-py/python/pillow_rs/_core.abi3.so,PIL.ImageStat.Image.height,property,ImageStat,,,outside_selected_manifest,,,,,0,
4634a840bcfa479729d707a6acc76a58b002ff6a,true,12.2.1,/Users/lazytrot/work/pillow-rs/pillow-rs-py/python/PIL/__init__.py,/Users/lazytrot/work/pillow-rs/pillow-rs-py/python/pillow_rs/_core.abi3.so,PIL.ImageStat.Image.histogram,method,ImageStat,pillow_rs.image,/Users/lazytrot/work/pillow-rs/pillow-rs-py/python/pillow_rs/image.py,outside_selected_manifest,,,,,0,
4634a840bcfa479729d707a6acc76a58b002ff6a,true,12.2.1,/Users/lazytrot/work/pillow-rs/pillow-rs-py/python/PIL/__init__.py,/Users/lazytrot/work/pillow-rs/pillow-rs-py/python/pillow_rs/_core.abi3.so,PIL.ImageStat.Image.info,property,ImageStat,,,outside_selected_manifest,,,,,0,
4634a840bcfa479729d707a6acc76a58b002ff6a,true,12.2.1,/Users/lazytrot/work/pillow-rs/pillow-rs-py/python/PIL/__init__.py,/Users/lazytrot/work/pillow-rs/pillow-rs-py/python/pillow_rs/_core.abi3.so,PIL.ImageStat.Image.linear_gradient,method,ImageStat,pillow_rs.image,/Users/lazytrot/work/pillow-rs/pillow-rs-py/python/pillow_rs/image.py,outside_selected_manifest,,,,,0,
4634a840bcfa479729d707a6acc76a58b002ff6a,true,12.2.1,/Users/lazytrot/work/pillow-rs/pillow-rs-py/python/PIL/__init__.py,/Users/lazytrot/work/pillow-rs/pillow-rs-py/python/pillow_rs/_core.abi3.so,PIL.ImageStat.Image.load,method,ImageStat,pillow_rs.image,/Users/lazytrot/work/pillow-rs/pillow-rs-py/python/pillow_rs/image.py,outside_selected_manifest,,,,,0,
4634a840bcfa479729d707a6acc76a58b002ff6a,true,12.2.1,/Users/lazytrot/work/pillow-rs/pillow-rs-py/python/PIL/__init__.py,/Users/lazytrot/work/pillow-rs/pillow-rs-py/python/pillow_rs/_core.abi3.so,PIL.ImageStat.Image.mode,property,ImageStat,,,outside_selected_manifest,,,,,0,
4634a840bcfa479729d707a6acc76a58b002ff6a,true,12.2.1,/Users/lazytrot/work/pillow-rs/pillow-rs-py/python/PIL/__init__.py,/Users/lazytrot/work/pillow-rs/pillow-rs-py/python/pillow_rs/_core.abi3.so,PIL.ImageStat.Image.new,method,ImageStat,pillow_rs.image,/Users/lazytrot/work/pillow-rs/pillow-rs-py/python/pillow_rs/image.py,outside_selected_manifest,,,,,0,
4634a840bcfa479729d707a6acc76a58b002ff6a,true,12.2.1,/Users/lazytrot/work/pillow-rs/pillow-rs-py/python/PIL/__init__.py,/Users/lazytrot/work/pillow-rs/pillow-rs-py/python/pillow_rs/_core.abi3.so,PIL.ImageStat.Image.open,method,ImageStat,pillow_rs.image,/Users/lazytrot/work/pillow-rs/pillow-rs-py/python/pillow_rs/image.py,outside_selected_manifest,,,,,0,
4634a840bcfa479729d707a6acc76a58b002ff6a,true,12.2.1,/Users/lazytrot/work/pillow-rs/pillow-rs-py/python/PIL/__init__.py,/Users/lazytrot/work/pillow-rs/pillow-rs-py/python/pillow_rs/_core.abi3.so,PIL.ImageStat.Image.palette,property,ImageStat,,,outside_selected_manifest,,,,,0,
4634a840bcfa479729d707a6acc76a58b002ff6a,true,12.2.1,/Users/lazytrot/work/pillow-rs/pillow-rs-py/python/PIL/__init__.py,/Users/lazytrot/work/pillow-rs/pillow-rs-py/python/pillow_rs/_core.abi3.so,PIL.ImageStat.Image.paste,method,ImageStat,pillow_rs.image,/Users/lazytrot/work/pillow-rs/pillow-rs-py/python/pillow_rs/image.py,outside_selected_manifest,,,,,0,
4634a840bcfa479729d707a6acc76a58b002ff6a,true,12.2.1,/Users/lazytrot/work/pillow-rs/pillow-rs-py/python/PIL/__init__.py,/Users/lazytrot/work/pillow-rs/pillow-rs-py/python/pillow_rs/_core.abi3.so,PIL.ImageStat.Image.point,method,ImageStat,pillow_rs.image,/Users/lazytrot/work/pillow-rs/pillow-rs-py/python/pillow_rs/image.py,outside_selected_manifest,,,,,0,
4634a840bcfa479729d707a6acc76a58b002ff6a,true,12.2.1,/Users/lazytrot/work/pillow-rs/pillow-rs-py/python/PIL/__init__.py,/Users/lazytrot/work/pillow-rs/pillow-rs-py/python/pillow_rs/_core.abi3.so,PIL.ImageStat.Image.putalpha,method,ImageStat,pillow_rs.image,/Users/lazytrot/work/pillow-rs/pillow-rs-py/python/pillow_rs/image.py,outside_selected_manifest,,,,,0,
4634a840bcfa479729d707a6acc76a58b002ff6a,true,12.2.1,/Users/lazytrot/work/pillow-rs/pillow-rs-py/python/PIL/__init__.py,/Users/lazytrot/work/pillow-rs/pillow-rs-py/python/pillow_rs/_core.abi3.so,PIL.ImageStat.Image.putdata,method,ImageStat,pillow_rs.image,/Users/lazytrot/work/pillow-rs/pillow-rs-py/python/pillow_rs/image.py,outside_selected_manifest,,,,,0,
4634a840bcfa479729d707a6acc76a58b002ff6a,true,12.2.1,/Users/lazytrot/work/pillow-rs/pillow-rs-py/python/PIL/__init__.py,/Users/lazytrot/work/pillow-rs/pillow-rs-py/python/pillow_rs/_core.abi3.so,PIL.ImageStat.Image.putpalette,method,ImageStat,pillow_rs.image,/Users/lazytrot/work/pillow-rs/pillow-rs-py/python/pillow_rs/image.py,outside_selected_manifest,,,,,0,
4634a840bcfa479729d707a6acc76a58b002ff6a,true,12.2.1,/Users/lazytrot/work/pillow-rs/pillow-rs-py/python/PIL/__init__.py,/Users/lazytrot/work/pillow-rs/pillow-rs-py/python/pillow_rs/_core.abi3.so,PIL.ImageStat.Image.putpixel,method,ImageStat,pillow_rs.image,/Users/lazytrot/work/pillow-rs/pillow-rs-py/python/pillow_rs/image.py,outside_selected_manifest,,,,,0,
4634a840bcfa479729d707a6acc76a58b002ff6a,true,12.2.1,/Users/lazytrot/work/pillow-rs/pillow-rs-py/python/PIL/__init__.py,/Users/lazytrot/work/pillow-rs/pillow-rs-py/python/pillow_rs/_core.abi3.so,PIL.ImageStat.Image.quantize,method,ImageStat,pillow_rs.image,/Users/lazytrot/work/pillow-rs/pillow-rs-py/python/pillow_rs/image.py,outside_selected_manifest,,,,,0,
4634a840bcfa479729d707a6acc76a58b002ff6a,true,12.2.1,/Users/lazytrot/work/pillow-rs/pillow-rs-py/python/PIL/__init__.py,/Users/lazytrot/work/pillow-rs/pillow-rs-py/python/pillow_rs/_core.abi3.so,PIL.ImageStat.Image.radial_gradient,method,ImageStat,pillow_rs.image,/Users/lazytrot/work/pillow-rs/pillow-rs-py/python/pillow_rs/image.py,outside_selected_manifest,,,,,0,
4634a840bcfa479729d707a6acc76a58b002ff6a,true,12.2.1,/Users/lazytrot/work/pillow-rs/pillow-rs-py/python/PIL/__init__.py,/Users/lazytrot/work/pillow-rs/pillow-rs-py/python/pillow_rs/_core.abi3.so,PIL.ImageStat.Image.reduce,method,ImageStat,pillow_rs.image,/Users/lazytrot/work/pillow-rs/pillow-rs-py/python/pillow_rs/image.py,outside_selected_manifest,,,,,0,
4634a840bcfa479729d707a6acc76a58b002ff6a,true,12.2.1,/Users/lazytrot/work/pillow-rs/pillow-rs-py/python/PIL/__init__.py,/Users/lazytrot/work/pillow-rs/pillow-rs-py/python/pillow_rs/_core.abi3.so,PIL.ImageStat.Image.remap_palette,method,ImageStat,pillow_rs.image,/Users/lazytrot/work/pillow-rs/pillow-rs-py/python/pillow_rs/image.py,outside_selected_manifest,,,,,0,
4634a840bcfa479729d707a6acc76a58b002ff6a,true,12.2.1,/Users/lazytrot/work/pillow-rs/pillow-rs-py/python/PIL/__init__.py,/Users/lazytrot/work/pillow-rs/pillow-rs-py/python/pillow_rs/_core.abi3.so,PIL.ImageStat.Image.resize,method,ImageStat,pillow_rs.image,/Users/lazytrot/work/pillow-rs/pillow-rs-py/python/pillow_rs/image.py,outside_selected_manifest,,,,,0,
4634a840bcfa479729d707a6acc76a58b002ff6a,true,12.2.1,/Users/lazytrot/work/pillow-rs/pillow-rs-py/python/PIL/__init__.py,/Users/lazytrot/work/pillow-rs/pillow-rs-py/python/pillow_rs/_core.abi3.so,PIL.ImageStat.Image.rotate,method,ImageStat,pillow_rs.image,/Users/lazytrot/work/pillow-rs/pillow-rs-py/python/pillow_rs/image.py,outside_selected_manifest,,,,,0,
4634a840bcfa479729d707a6acc76a58b002ff6a,true,12.2.1,/Users/lazytrot/work/pillow-rs/pillow-rs-py/python/PIL/__init__.py,/Users/lazytrot/work/pillow-rs/pillow-rs-py/python/pillow_rs/_core.abi3.so,PIL.ImageStat.Image.save,method,ImageStat,pillow_rs.image,/Users/lazytrot/work/pillow-rs/pillow-rs-py/python/pillow_rs/image.py,outside_selected_manifest,,,,,0,
4634a840bcfa479729d707a6acc76a58b002ff6a,true,12.2.1,/Users/lazytrot/work/pillow-rs/pillow-rs-py/python/PIL/__init__.py,/Users/lazytrot/work/pillow-rs/pillow-rs-py/python/pillow_rs/_core.abi3.so,PIL.ImageStat.Image.seek,method,ImageStat,pillow_rs.image,/Users/lazytrot/work/pillow-rs/pillow-rs-py/python/pillow_rs/image.py,outside_selected_manifest,,,,,0,
4634a840bcfa479729d707a6acc76a58b002ff6a,true,12.2.1,/Users/lazytrot/work/pillow-rs/pillow-rs-py/python/PIL/__init__.py,/Users/lazytrot/work/pillow-rs/pillow-rs-py/python/pillow_rs/_core.abi3.so,PIL.ImageStat.Image.show,method,ImageStat,pillow_rs.image,/Users/lazytrot/work/pillow-rs/pillow-rs-py/python/pillow_rs/image.py,outside_selected_manifest,,,,,0,
4634a840bcfa479729d707a6acc76a58b002ff6a,true,12.2.1,/Users/lazytrot/work/pillow-rs/pillow-rs-py/python/PIL/__init__.py,/Users/lazytrot/work/pillow-rs/pillow-rs-py/python/pillow_rs/_core.abi3.so,PIL.ImageStat.Image.size,property,ImageStat,,,outside_selected_manifest,,,,,0,
4634a840bcfa479729d707a6acc76a58b002ff6a,true,12.2.1,/Users/lazytrot/work/pillow-rs/pillow-rs-py/python/PIL/__init__.py,/Users/lazytrot/work/pillow-rs/pillow-rs-py/python/pillow_rs/_core.abi3.so,PIL.ImageStat.Image.split,method,ImageStat,pillow_rs.image,/Users/lazytrot/work/pillow-rs/pillow-rs-py/python/pillow_rs/image.py,outside_selected_manifest,,,,,0,
4634a840bcfa479729d707a6acc76a58b002ff6a,true,12.2.1,/Users/lazytrot/work/pillow-rs/pillow-rs-py/python/PIL/__init__.py,/Users/lazytrot/work/pillow-rs/pillow-rs-py/python/pillow_rs/_core.abi3.so,PIL.ImageStat.Image.tell,method,ImageStat,pillow_rs.image,/Users/lazytrot/work/pillow-rs/pillow-rs-py/python/pillow_rs/image.py,outside_selected_manifest,,,,,0,
4634a840bcfa479729d707a6acc76a58b002ff6a,true,12.2.1,/Users/lazytrot/work/pillow-rs/pillow-rs-py/python/PIL/__init__.py,/Users/lazytrot/work/pillow-rs/pillow-rs-py/python/pillow_rs/_core.abi3.so,PIL.ImageStat.Image.thumbnail,method,ImageStat,pillow_rs.image,/Users/lazytrot/work/pillow-rs/pillow-rs-py/python/pillow_rs/image.py,outside_selected_manifest,,,,,0,
4634a840bcfa479729d707a6acc76a58b002ff6a,true,12.2.1,/Users/lazytrot/work/pillow-rs/pillow-rs-py/python/PIL/__init__.py,/Users/lazytrot/work/pillow-rs/pillow-rs-py/python/pillow_rs/_core.abi3.so,PIL.ImageStat.Image.tobitmap,method,ImageStat,pillow_rs.image,/Users/lazytrot/work/pillow-rs/pillow-rs-py/python/pillow_rs/image.py,outside_selected_manifest,,,,,0,
4634a840bcfa479729d707a6acc76a58b002ff6a,true,12.2.1,/Users/lazytrot/work/pillow-rs/pillow-rs-py/python/PIL/__init__.py,/Users/lazytrot/work/pillow-rs/pillow-rs-py/python/pillow_rs/_core.abi3.so,PIL.ImageStat.Image.tobytes,method,ImageStat,pillow_rs.image,/Users/lazytrot/work/pillow-rs/pillow-rs-py/python/pillow_rs/image.py,outside_selected_manifest,,,,,0,
4634a840bcfa479729d707a6acc76a58b002ff6a,true,12.2.1,/Users/lazytrot/work/pillow-rs/pillow-rs-py/python/PIL/__init__.py,/Users/lazytrot/work/pillow-rs/pillow-rs-py/python/pillow_rs/_core.abi3.so,PIL.ImageStat.Image.toqimage,method,ImageStat,pillow_rs.image,/Users/lazytrot/work/pillow-rs/pillow-rs-py/python/pillow_rs/image.py,outside_selected_manifest,,,,,0,
4634a840bcfa479729d707a6acc76a58b002ff6a,true,12.2.1,/Users/lazytrot/work/pillow-rs/pillow-rs-py/python/PIL/__init__.py,/Users/lazytrot/work/pillow-rs/pillow-rs-py/python/pillow_rs/_core.abi3.so,PIL.ImageStat.Image.toqpixmap,method,ImageStat,pillow_rs.image,/Users/lazytrot/work/pillow-rs/pillow-rs-py/python/pillow_rs/image.py,outside_selected_manifest,,,,,0,
4634a840bcfa479729d707a6acc76a58b002ff6a,true,12.2.1,/Users/lazytrot/work/pillow-rs/pillow-rs-py/python/PIL/__init__.py,/Users/lazytrot/work/pillow-rs/pillow-rs-py/python/pillow_rs/_core.abi3.so,PIL.ImageStat.Image.transform,method,ImageStat,pillow_rs.image,/Users/lazytrot/work/pillow-rs/pillow-rs-py/python/pillow_rs/image.py,outside_selected_manifest,,,,,0,
4634a840bcfa479729d707a6acc76a58b002ff6a,true,12.2.1,/Users/lazytrot/work/pillow-rs/pillow-rs-py/python/PIL/__init__.py,/Users/lazytrot/work/pillow-rs/pillow-rs-py/python/pillow_rs/_core.abi3.so,PIL.ImageStat.Image.transpose,method,ImageStat,pillow_rs.image,/Users/lazytrot/work/pillow-rs/pillow-rs-py/python/pillow_rs/image.py,outside_selected_manifest,,,,,0,
4634a840bcfa479729d707a6acc76a58b002ff6a,true,12.2.1,/Users/lazytrot/work/pillow-rs/pillow-rs-py/python/PIL/__init__.py,/Users/lazytrot/work/pillow-rs/pillow-rs-py/python/pillow_rs/_core.abi3.so,PIL.ImageStat.Image.verify,method,ImageStat,pillow_rs.image,/Users/lazytrot/work/pillow-rs/pillow-rs-py/python/pillow_rs/image.py,outside_selected_manifest,,,,,0,
4634a840bcfa479729d707a6acc76a58b002ff6a,true,12.2.1,/Users/lazytrot/work/pillow-rs/pillow-rs-py/python/PIL/__init__.py,/Users/lazytrot/work/pillow-rs/pillow-rs-py/python/pillow_rs/_core.abi3.so,PIL.ImageStat.Image.width,property,ImageStat,,,outside_selected_manifest,,,,,0,
4634a840bcfa479729d707a6acc76a58b002ff6a,true,12.2.1,/Users/lazytrot/work/pillow-rs/pillow-rs-py/python/PIL/__init__.py,/Users/lazytrot/work/pillow-rs/pillow-rs-py/python/pillow_rs/_core.abi3.so,PIL.ImageStat.Stat,class,ImageStat,pillow_rs.imagestat,/Users/lazytrot/work/pillow-rs/pillow-rs-py/python/pillow_rs/imagestat.py,selected_manifest,PIL.ImageStat.Stat,PIL.ImageStat.Stat,type,python-cpu,3,pil-imagestat.stat.standard;pipeline-chain.terminal-read.imagestat.cmyk-1024x768;pipeline-chain.terminal-read.imagestat.i-1024x768
4634a840bcfa479729d707a6acc76a58b002ff6a,true,12.2.1,/Users/lazytrot/work/pillow-rs/pillow-rs-py/python/PIL/__init__.py,/Users/lazytrot/work/pillow-rs/pillow-rs-py/python/pillow_rs/_core.abi3.so,PIL.ImageStat.Stat.count,property,ImageStat,pillow_rs.imagestat,/Users/lazytrot/work/pillow-rs/pillow-rs-py/python/pillow_rs/imagestat.py,selected_manifest,PIL.ImageStat.Stat.count,PIL.ImageStat.Stat.count,property_get,python-cpu,3,pil-imagestat-stat.count.standard;pipeline-chain.terminal-read.imagestat.cmyk-1024x768;pipeline-chain.terminal-read.imagestat.i-1024x768
4634a840bcfa479729d707a6acc76a58b002ff6a,true,12.2.1,/Users/lazytrot/work/pillow-rs/pillow-rs-py/python/PIL/__init__.py,/Users/lazytrot/work/pillow-rs/pillow-rs-py/python/pillow_rs/_core.abi3.so,PIL.ImageStat.Stat.extrema,property,ImageStat,pillow_rs.imagestat,/Users/lazytrot/work/pillow-rs/pillow-rs-py/python/pillow_rs/imagestat.py,selected_manifest,PIL.ImageStat.Stat.extrema,PIL.ImageStat.Stat.extrema,property_get,python-cpu,3,pil-imagestat-stat.extrema.standard;pipeline-chain.terminal-read.imagestat.cmyk-1024x768;pipeline-chain.terminal-read.imagestat.i-1024x768
4634a840bcfa479729d707a6acc76a58b002ff6a,true,12.2.1,/Users/lazytrot/work/pillow-rs/pillow-rs-py/python/PIL/__init__.py,/Users/lazytrot/work/pillow-rs/pillow-rs-py/python/pillow_rs/_core.abi3.so,PIL.ImageStat.Stat.mean,property,ImageStat,pillow_rs.imagestat,/Users/lazytrot/work/pillow-rs/pillow-rs-py/python/pillow_rs/imagestat.py,selected_manifest,PIL.ImageStat.Stat.mean,PIL.ImageStat.Stat.mean,property_get,python-cpu,3,pil-imagestat-stat.mean.standard;pipeline-chain.terminal-read.imagestat.cmyk-1024x768;pipeline-chain.terminal-read.imagestat.i-1024x768
4634a840bcfa479729d707a6acc76a58b002ff6a,true,12.2.1,/Users/lazytrot/work/pillow-rs/pillow-rs-py/python/PIL/__init__.py,/Users/lazytrot/work/pillow-rs/pillow-rs-py/python/pillow_rs/_core.abi3.so,PIL.ImageStat.Stat.median,property,ImageStat,pillow_rs.imagestat,/Users/lazytrot/work/pillow-rs/pillow-rs-py/python/pillow_rs/imagestat.py,selected_manifest,PIL.ImageStat.Stat.median,PIL.ImageStat.Stat.median,property_get,python-cpu,3,pil-imagestat-stat.median.standard;pipeline-chain.terminal-read.imagestat.cmyk-1024x768;pipeline-chain.terminal-read.imagestat.i-1024x768
4634a840bcfa479729d707a6acc76a58b002ff6a,true,12.2.1,/Users/lazytrot/work/pillow-rs/pillow-rs-py/python/PIL/__init__.py,/Users/lazytrot/work/pillow-rs/pillow-rs-py/python/pillow_rs/_core.abi3.so,PIL.ImageStat.Stat.rms,property,ImageStat,pillow_rs.imagestat,/Users/lazytrot/work/pillow-rs/pillow-rs-py/python/pillow_rs/imagestat.py,selected_manifest,PIL.ImageStat.Stat.rms,PIL.ImageStat.Stat.rms,property_get,python-cpu,3,pil-imagestat-stat.rms.standard;pipeline-chain.terminal-read.imagestat.cmyk-1024x768;pipeline-chain.terminal-read.imagestat.i-1024x768
4634a840bcfa479729d707a6acc76a58b002ff6a,true,12.2.1,/Users/lazytrot/work/pillow-rs/pillow-rs-py/python/PIL/__init__.py,/Users/lazytrot/work/pillow-rs/pillow-rs-py/python/pillow_rs/_core.abi3.so,PIL.ImageStat.Stat.stddev,property,ImageStat,pillow_rs.imagestat,/Users/lazytrot/work/pillow-rs/pillow-rs-py/python/pillow_rs/imagestat.py,selected_manifest,PIL.ImageStat.Stat.stddev,PIL.ImageStat.Stat.stddev,property_get,python-cpu,3,pil-imagestat-stat.stddev.standard;pipeline-chain.terminal-read.imagestat.cmyk-1024x768;pipeline-chain.terminal-read.imagestat.i-1024x768
4634a840bcfa479729d707a6acc76a58b002ff6a,true,12.2.1,/Users/lazytrot/work/pillow-rs/pillow-rs-py/python/PIL/__init__.py,/Users/lazytrot/work/pillow-rs/pillow-rs-py/python/pillow_rs/_core.abi3.so,PIL.ImageStat.Stat.sum,property,ImageStat,pillow_rs.imagestat,/Users/lazytrot/work/pillow-rs/pillow-rs-py/python/pillow_rs/imagestat.py,selected_manifest,PIL.ImageStat.Stat.sum,PIL.ImageStat.Stat.sum,property_get,python-cpu,3,pil-imagestat-stat.sum.standard;pipeline-chain.terminal-read.imagestat.cmyk-1024x768;pipeline-chain.terminal-read.imagestat.i-1024x768
4634a840bcfa479729d707a6acc76a58b002ff6a,true,12.2.1,/Users/lazytrot/work/pillow-rs/pillow-rs-py/python/PIL/__init__.py,/Users/lazytrot/work/pillow-rs/pillow-rs-py/python/pillow_rs/_core.abi3.so,PIL.ImageStat.Stat.sum2,property,ImageStat,pillow_rs.imagestat,/Users/lazytrot/work/pillow-rs/pillow-rs-py/python/pillow_rs/imagestat.py,selected_manifest,PIL.ImageStat.Stat.sum2,PIL.ImageStat.Stat.sum2,property_get,python-cpu,3,pil-imagestat-stat.sum2.standard;pipeline-chain.terminal-read.imagestat.cmyk-1024x768;pipeline-chain.terminal-read.imagestat.i-1024x768
4634a840bcfa479729d707a6acc76a58b002ff6a,true,12.2.1,/Users/lazytrot/work/pillow-rs/pillow-rs-py/python/PIL/__init__.py,/Users/lazytrot/work/pillow-rs/pillow-rs-py/python/pillow_rs/_core.abi3.so,PIL.ImageStat.Stat.var,property,ImageStat,pillow_rs.imagestat,/Users/lazytrot/work/pillow-rs/pillow-rs-py/python/pillow_rs/imagestat.py,selected_manifest,PIL.ImageStat.Stat.var,PIL.ImageStat.Stat.var,property_get,python-cpu,3,pil-imagestat-stat.var.standard;pipeline-chain.terminal-read.imagestat.cmyk-1024x768;pipeline-chain.terminal-read.imagestat.i-1024x768
4634a840bcfa479729d707a6acc76a58b002ff6a,true,12.2.1,/Users/lazytrot/work/pillow-rs/pillow-rs-py/python/PIL/__init__.py,/Users/lazytrot/work/pillow-rs/pillow-rs-py/python/pillow_rs/_core.abi3.so,PIL.Palette,class,PIL,pillow_rs.enums,/Users/lazytrot/work/pillow-rs/pillow-rs-py/python/pillow_rs/enums.py,outside_selected_manifest,,,,,0,
4634a840bcfa479729d707a6acc76a58b002ff6a,true,12.2.1,/Users/lazytrot/work/pillow-rs/pillow-rs-py/python/PIL/__init__.py,/Users/lazytrot/work/pillow-rs/pillow-rs-py/python/pillow_rs/_core.abi3.so,PIL.QueueFull,class,PIL,pillow_rs.gpu_batch,/Users/lazytrot/work/pillow-rs/pillow-rs-py/python/pillow_rs/gpu_batch.py,outside_selected_manifest,,,,,0,
4634a840bcfa479729d707a6acc76a58b002ff6a,true,12.2.1,/Users/lazytrot/work/pillow-rs/pillow-rs-py/python/PIL/__init__.py,/Users/lazytrot/work/pillow-rs/pillow-rs-py/python/pillow_rs/_core.abi3.so,PIL.Resampling,class,PIL,pillow_rs.enums,/Users/lazytrot/work/pillow-rs/pillow-rs-py/python/pillow_rs/enums.py,outside_selected_manifest,,,,,0,
4634a840bcfa479729d707a6acc76a58b002ff6a,true,12.2.1,/Users/lazytrot/work/pillow-rs/pillow-rs-py/python/PIL/__init__.py,/Users/lazytrot/work/pillow-rs/pillow-rs-py/python/pillow_rs/_core.abi3.so,PIL.ResultBackpressure,class,PIL,pillow_rs.gpu_batch,/Users/lazytrot/work/pillow-rs/pillow-rs-py/python/pillow_rs/gpu_batch.py,outside_selected_manifest,,,,,0,
4634a840bcfa479729d707a6acc76a58b002ff6a,true,12.2.1,/Users/lazytrot/work/pillow-rs/pillow-rs-py/python/PIL/__init__.py,/Users/lazytrot/work/pillow-rs/pillow-rs-py/python/pillow_rs/_core.abi3.so,PIL.Results,class,PIL,pillow_rs.gpu_batch,/Users/lazytrot/work/pillow-rs/pillow-rs-py/python/pillow_rs/gpu_batch.py,outside_selected_manifest,,,,,0,
4634a840bcfa479729d707a6acc76a58b002ff6a,true,12.2.1,/Users/lazytrot/work/pillow-rs/pillow-rs-py/python/PIL/__init__.py,/Users/lazytrot/work/pillow-rs/pillow-rs-py/python/pillow_rs/_core.abi3.so,PIL.Results.__iter__,method,PIL,pillow_rs.gpu_batch,/Users/lazytrot/work/pillow-rs/pillow-rs-py/python/pillow_rs/gpu_batch.py,outside_selected_manifest,,,,,0,
4634a840bcfa479729d707a6acc76a58b002ff6a,true,12.2.1,/Users/lazytrot/work/pillow-rs/pillow-rs-py/python/PIL/__init__.py,/Users/lazytrot/work/pillow-rs/pillow-rs-py/python/pillow_rs/_core.abi3.so,PIL.Results.__next__,method,PIL,pillow_rs.gpu_batch,/Users/lazytrot/work/pillow-rs/pillow-rs-py/python/pillow_rs/gpu_batch.py,outside_selected_manifest,,,,,0,
4634a840bcfa479729d707a6acc76a58b002ff6a,true,12.2.1,/Users/lazytrot/work/pillow-rs/pillow-rs-py/python/PIL/__init__.py,/Users/lazytrot/work/pillow-rs/pillow-rs-py/python/pillow_rs/_core.abi3.so,PIL.Results.close,method,PIL,pillow_rs.gpu_batch,/Users/lazytrot/work/pillow-rs/pillow-rs-py/python/pillow_rs/gpu_batch.py,outside_selected_manifest,,,,,0,
4634a840bcfa479729d707a6acc76a58b002ff6a,true,12.2.1,/Users/lazytrot/work/pillow-rs/pillow-rs-py/python/PIL/__init__.py,/Users/lazytrot/work/pillow-rs/pillow-rs-py/python/pillow_rs/_core.abi3.so,PIL.Transpose,class,PIL,pillow_rs.enums,/Users/lazytrot/work/pillow-rs/pillow-rs-py/python/pillow_rs/enums.py,outside_selected_manifest,,,,,0,
4634a840bcfa479729d707a6acc76a58b002ff6a,true,12.2.1,/Users/lazytrot/work/pillow-rs/pillow-rs-py/python/PIL/__init__.py,/Users/lazytrot/work/pillow-rs/pillow-rs-py/python/pillow_rs/_core.abi3.so,PIL.Transpose.from_int,method,PIL,pillow_rs.enums,/Users/lazytrot/work/pillow-rs/pillow-rs-py/python/pillow_rs/enums.py,outside_selected_manifest,,,,,0,
4634a840bcfa479729d707a6acc76a58b002ff6a,true,12.2.1,/Users/lazytrot/work/pillow-rs/pillow-rs-py/python/PIL/__init__.py,/Users/lazytrot/work/pillow-rs/pillow-rs-py/python/pillow_rs/_core.abi3.so,PIL.active_backends,function,PIL,pillow_rs,/Users/lazytrot/work/pillow-rs/pillow-rs-py/python/pillow_rs/__init__.py,outside_selected_manifest,,,,,0,
4634a840bcfa479729d707a6acc76a58b002ff6a,true,12.2.1,/Users/lazytrot/work/pillow-rs/pillow-rs-py/python/PIL/__init__.py,/Users/lazytrot/work/pillow-rs/pillow-rs-py/python/pillow_rs/_core.abi3.so,PIL.available_backends,function,PIL,pillow_rs,/Users/lazytrot/work/pillow-rs/pillow-rs-py/python/pillow_rs/__init__.py,outside_selected_manifest,,,,,0,
4634a840bcfa479729d707a6acc76a58b002ff6a,true,12.2.1,/Users/lazytrot/work/pillow-rs/pillow-rs-py/python/PIL/__init__.py,/Users/lazytrot/work/pillow-rs/pillow-rs-py/python/pillow_rs/_core.abi3.so,PIL.backend_enabled,function,PIL,pillow_rs,/Users/lazytrot/work/pillow-rs/pillow-rs-py/python/pillow_rs/__init__.py,outside_selected_manifest,,,,,0,
4634a840bcfa479729d707a6acc76a58b002ff6a,true,12.2.1,/Users/lazytrot/work/pillow-rs/pillow-rs-py/python/PIL/__init__.py,/Users/lazytrot/work/pillow-rs/pillow-rs-py/python/pillow_rs/_core.abi3.so,PIL.disable_backend,function,PIL,pillow_rs,/Users/lazytrot/work/pillow-rs/pillow-rs-py/python/pillow_rs/__init__.py,outside_selected_manifest,,,,,0,
4634a840bcfa479729d707a6acc76a58b002ff6a,true,12.2.1,/Users/lazytrot/work/pillow-rs/pillow-rs-py/python/PIL/__init__.py,/Users/lazytrot/work/pillow-rs/pillow-rs-py/python/pillow_rs/_core.abi3.so,PIL.enable_backend,function,PIL,pillow_rs,/Users/lazytrot/work/pillow-rs/pillow-rs-py/python/pillow_rs/__init__.py,outside_selected_manifest,,,,,0,
