surface_id,source_file,representative_mcp_ranges,uncovered_lines,uncovered_branches,uncovered_functions,region_count,initial_surface_category,input_surface,public_to_rust_chain,pillow_python_reference,why_not_reachable_or_first_divergence,wrong_implementation_question,right_rust_specific_implementation,classification,fixability,evidence_refs,agent_owner,investigation_status,agent_update,coverage_snapshot_id,coverage_run_id,coverage_command_id,coverage_command_name,coverage_suite,coverage_scope,coverage_outer_commit,coverage_measurement_commit,coverage_claim_status,coverage_snapshot_metrics,coverage_lineage_note,ranked_range_classification,first_divergence_location,divergence_id,coverage_insight_item_count,coverage_insight_source,coverage_insight_note
surface-001,pillow-rs/src/compute/pool_gpu/mod.rs,353;402;424,442,179,38,156,GPU/internal/defensive,public GPU enablement plus Image.new/paste/point/putdata inputs,Public GPU enablement plus Image.new/paste/point/putdata inputs -> PyImage/RsImage pipeline -> GpuPool::execute_batch -> GPU preflight -> batch capacity -> upload/packing guards.,"Pillow 12.2.0 exposes Image.new, Image.Image.paste, point, and putdata, but has no Python GPU-capacity analogue.","For valid public inputs, primary/output dimensions route to CPU before upload_rgba, auxiliary dimensions route to CPU before pack_rgba, and gpu_batch_capacity includes PutData payload size before pack_put_data. Public putdata also rejects more entries than the image pixel count. The target error branches therefore require bypassing preflight or malformed internal state.",No. The guards correctly defend GPU storage and preserve CPU fallback/error ordering.,"Keep checked pixel arithmetic, capacity errors, preflight ordering, and CPU fallback unchanged; do not add a public bypass.",unreachable,not_a_bug,"snapshot dbf551d1-12ce-4a17-84ff-79835939ff9e; pillow-rs/src/compute/pool_gpu/mod.rs:349-357,397-427,2873-3017,3075-3126,3430-3575; pillow-rs/src/image.rs:4790-4798; pillow-rs-py/src/putdata.rs:217-245; Pillow 12.2.0 PIL/Image.py:3195,1841,1989,2104",luna-01,complete,Luna investigation: GPU capacity/packing guards are unreachable from valid public inputs; no runtime fix indicated.,dbf551d1-12ce-4a17-84ff-79835939ff9e,cfa9906d-c8f9-4c12-b34b-ef226035d5d7,cb6bdc19-2ffc-46a0-8095-5a800879f8f9,pillow-rs strict CPU SIMD GPU coverage 870a1f4fb,pillow-rs-current-cpu-simd-gpu-coverage-20260815,CPU+SIMD+GPU snapshot; GPU included per latest task scope; fontdone and image-slash-star excluded,ed3fb5a377cea66e64d68936df679aa7ff7d749e,870a1f4fb6d74bcd4849dea9ded09e4cdce5e5ee,supported,regions 56232/62303; lines 35005/38270; branches 5630/6738; functions 2731/3160,"MCP snapshot measured commit differs from run checkout commit; snapshot/run IDs, suite, and artifact path are recorded for audit.",unreachable,none identified in assigned ranked ranges,none,50,ranked_targets,Exactly 50 ranked targets returned; each row is one target. Region ranges are representative where MCP marks regions_truncated=true; region_count remains authoritative.
surface-002,pillow-rs/src/image.rs,233;262;285,333,71,67,99,planner/internal/validation,public image operations and mode/size metadata,rotate: pillow_rs.Image.rotate -> PyImage::rotate -> Image::rotate_with_input -> PipelineOp::Rotate -> Image::size -> known_pipeline_op_dimensions -> round_dimension; convert: pillow_rs.Image.convert -> PyImage::convert -> Image::convert_with_input -> Image::convert -> PipelineOp::Convert -> Image::mode; putalpha: pillow_rs.Image.putalpha -> PyImage::putalpha_input -> Image::putalpha_with_input -> Image::putalpha -> PipelineOp::PutAlpha -> mode planner/materialization; scale: pillow_rs.ImageOps.scale -> ops_scale -> imageops_scale_with_input -> PipelineOp::Scale -> size/mode planners.,"Pillow 12.2.0 rotate(NaN, expand=True) raises ValueError('cannot convert float NaN to integer'); scale(NaN) raises the same ValueError, scale(inf) raises OverflowError, and factors rounding to zero dimensions raise ValueError('height and width must be > 0').","known_putalpha_mode and ColorMode wildcards are unreachable from supported public modes. round_dimension is public through rotate(NaN, expand=True), but the first divergence is earlier: rotate_with_input queues a non-finite angle, planning falls back to materialization, and Rust reports zero dimensions instead of Pillow's conversion ValueError. ImageOps.scale also diverges for NaN/inf and zero rounded dimensions; valid L/LA/RGB/RGBA/P/PA/CMYK metadata matched.",Are planner fallback arms missing public mode implementations? No. The confirmed defects are public non-finite rotate/scale validation and Scale's zero-dimension clamp.,"Keep Option fallbacks at lines 233,262,285. Validate non-finite rotate angles before modulo or PipelineOp::Rotate queueing. Make scale_with_input reproduce Pillow's eager NaN ValueError, infinity OverflowError, and zero-dimension ValueError paths, removing the effective zero-to-one clamp while preserving valid metadata propagation.",mixed_reachability_with_confirmed_runtime_validation_bugs,needs_runtime_fix,"pillow-rs/src/image.rs:224-296,304-391,4263-4343; pillow-rs/src/ops/rotate.rs:136-219; pillow-rs/src/ops/imageops.rs:822-842; pillow-rs-py/src/lib.rs:705-727,738-768,1174-1184,3567-3578; .venv/lib/python3.12/site-packages/PIL/Image.py:2049-2102,2475-2589; .venv/lib/python3.12/site-packages/PIL/ImageOps.py:392-414; Pillow 12.2.0 rotate/scale probes",luna-002-targeted,complete,"Targeted Luna verification: mode wildcards remain unreachable, while public rotate/scale validation bugs are confirmed and fixable within current scope.",dbf551d1-12ce-4a17-84ff-79835939ff9e,cfa9906d-c8f9-4c12-b34b-ef226035d5d7,cb6bdc19-2ffc-46a0-8095-5a800879f8f9,pillow-rs strict CPU SIMD GPU coverage 870a1f4fb,pillow-rs-current-cpu-simd-gpu-coverage-20260815,CPU+SIMD+GPU snapshot; GPU included per latest task scope; fontdone and image-slash-star excluded,ed3fb5a377cea66e64d68936df679aa7ff7d749e,870a1f4fb6d74bcd4849dea9ded09e4cdce5e5ee,supported,regions 56232/62303; lines 35005/38270; branches 5630/6738; functions 2731/3160,"MCP snapshot measured commit differs from run checkout commit; snapshot/run IDs, suite, and artifact path are recorded for audit.",mixed_reachable_bug_candidate,pillow-rs/src/image.rs:304-391 and pillow-rs/src/ops/rotate.rs:136-219; pillow-rs/src/ops/imageops.rs:822-842,D-002,50,ranked_targets,Exactly 50 ranked targets returned; each row is one target. Region ranges are representative where MCP marks regions_truncated=true; region_count remains authoritative.
surface-003,pillow-rs/src/compute/pool_simd/ops/adapters.rs,333;372;382,301,138,16,165,SIMD/adapter validation,public byte-image operations and conversions,Pillow Image.point/Image.eval -> pillow-rs-py PyImage::point -> image_eval_validated or image_eval_callable -> PipelineOp::Eval -> SIMD simd_eval/native_point_lut -> native_lut_tables and 16-byte chunk conversion.,"Pillow 12.2.0 PIL/Image.py:1989-2047,3772-3785; Pillow validates/constructs per-band LUTs before pixel execution.","The Rust binding validates non-callable LUTs before queuing Eval, and callable LUTs always produce complete 256-entry tables. native_lut_tables therefore receives a valid 256-entry table for L images, so invalid-length and fallback returns do not execute. chunks_exact_mut(16) yields exactly 16-byte slices, so the try_from failure arm is impossible by iterator contract. Other valid modes bypass this native adapter.","No. These are defensive adapter guards for malformed internal LUT lengths or impossible chunk shapes, not incorrect results for valid Pillow inputs.","Retain the exact LUT-length check, defensive [u8;16] conversion, SIMD chunk processing, scalar remainder handling, and public validation/fallback dispatch before the native adapter.",unreachable,not_a_bug,"snapshot dbf551d1-12ce-4a17-84ff-79835939ff9e; pillow-rs/src/compute/pool_simd/ops/adapters.rs:331-399,3790-3819; pillow-rs/src/compute/pool_simd/mod.rs:28-80,320-326; pillow-rs/src/ops/module_fns.rs:365-403; pillow-rs-py/src/lib.rs:1318-1345; Pillow 12.2.0 PIL/Image.py:1989-2047,3772-3785",luna-02,complete,Luna investigation: adapter guards are unreachable for valid public LUTs and remain defensive.,dbf551d1-12ce-4a17-84ff-79835939ff9e,cfa9906d-c8f9-4c12-b34b-ef226035d5d7,cb6bdc19-2ffc-46a0-8095-5a800879f8f9,pillow-rs strict CPU SIMD GPU coverage 870a1f4fb,pillow-rs-current-cpu-simd-gpu-coverage-20260815,CPU+SIMD+GPU snapshot; GPU included per latest task scope; fontdone and image-slash-star excluded,ed3fb5a377cea66e64d68936df679aa7ff7d749e,870a1f4fb6d74bcd4849dea9ded09e4cdce5e5ee,supported,regions 56232/62303; lines 35005/38270; branches 5630/6738; functions 2731/3160,"MCP snapshot measured commit differs from run checkout commit; snapshot/run IDs, suite, and artifact path are recorded for audit.",unreachable,none identified in assigned ranked ranges,none,50,ranked_targets,Exactly 50 ranked targets returned; each row is one target. Region ranges are representative where MCP marks regions_truncated=true; region_count remains authoritative.
surface-004,pillow-rs/src/raster/dynamic.rs,159-163;167-179;181,286,2,19,81,typed-raster/internal,public decode and typed/mode conversion inputs,Pillow Image.open/load/new/frombytes/frombuffer/convert/transpose/crop -> PyImage/RustImage routes -> Image materialization or raw construction -> decoded_to_dynamic -> DynamicImage::from_decoded -> typed DynamicImage clone/clone_from arms.,"Pillow 12.2.0 PIL/Image.py:242-263,3195-3287,3290-3349; Pillow exposes I;16 modes but no public Rgb16/Rgba16/Rgb32F/Rgba32F mode names.","DynamicImage::from_decoded can construct LumaA16, Rgb16, Rgba16, Rgb32F, and Rgba32F from matching internal data, but no Python-facing target route supplies one. Raw constructors create only ImageLuma16 for I;16; I and F use byte RGBA storage. PNG maps 16-bit RGB/RGBA to Rgb8/Rgba8; clone_from has no repository call site and is Rust-internal.",No implementation bug is established. These typed arms are valid internal format-matrix behavior; the current public decoder and constructor scope does not instantiate them.,"Keep exhaustive Clone and clone_from arms for every DynamicImage variant. If typed alpha/color/float formats become public, add decoder/constructor routes and parity cases together; otherwise retain them as internal zero-gain coverage.",unreachable_current_public_scope,unfixable_without_scope_change,"snapshot dbf551d1-12ce-4a17-84ff-79835939ff9e; pillow-rs/src/raster/dynamic.rs:119-180,800-871; pillow-rs/src/image.rs:1320-1412,1521-1635,2020-2038,5937-5968; pillow-rs-py/src/lib.rs:546-615,1376-1389; Pillow 12.2.0 PIL/Image.py:242-263,3195-3349; image-slash-star decoder evidence intentionally not modified",luna-02,complete,Luna investigation: typed DynamicImage arms are internal zero-gain variants under the current public decoder/constructor scope.,dbf551d1-12ce-4a17-84ff-79835939ff9e,cfa9906d-c8f9-4c12-b34b-ef226035d5d7,cb6bdc19-2ffc-46a0-8095-5a800879f8f9,pillow-rs strict CPU SIMD GPU coverage 870a1f4fb,pillow-rs-current-cpu-simd-gpu-coverage-20260815,CPU+SIMD+GPU snapshot; GPU included per latest task scope; fontdone and image-slash-star excluded,ed3fb5a377cea66e64d68936df679aa7ff7d749e,870a1f4fb6d74bcd4849dea9ded09e4cdce5e5ee,supported,regions 56232/62303; lines 35005/38270; branches 5630/6738; functions 2731/3160,"MCP snapshot measured commit differs from run checkout commit; snapshot/run IDs, suite, and artifact path are recorded for audit.",unreachable_current_public_scope,none identified in assigned ranked ranges,none,50,ranked_targets,Exactly 50 ranked targets returned; each row is one target. Region ranges are representative where MCP marks regions_truncated=true; region_count remains authoritative.
surface-005,pillow-rs/src/compute/pool_simd/ops/scalar.rs,108;160-161;335,264,177,4,105,SIMD/scalar fallback,public mode-specific image operations,ImageEnhance.Brightness -> PyImage.enhance_brightness -> Image::enhance_brightness -> PipelineOp::Brightness -> SimdPool::execute_batch -> adapters::simd_brightness; ImageOps.flip and ImageChops.screen follow analogous SIMD adapter paths.,"Pillow 12.2.0: PIL.ImageEnhance.Brightness.enhance, PIL.ImageOps.flip, and PIL.ImageChops.screen.",The target scalar arms require a packed fallback with a non-alpha/non-gray mode code. Valid L/LA/RGB/RGBA and logical P/PA/YCbCr/HSV routes use native adapters; CMYK uses mode code 4; tagged I/F/I;16 modes map to mode code 3. Pillow rejects the typed modes for Brightness and Screen. No valid Pillow input was shown to produce the target mode combinations.,No wrong scalar implementation is established. Any typed Brightness/Screen divergence would occur before these target arms.,Retain native adapter selection and the complete scalar fallback. Preserve mode_to_u32 mappings and do not force invalid mode combinations solely to manufacture coverage.,unreachable,not_a_bug,"snapshot dbf551d1-12ce-4a17-84ff-79835939ff9e; pillow-rs/src/compute/pool_simd/ops/scalar.rs:83-112,140-165,316-348; pillow-rs/src/compute/pool_simd/ops/adapters.rs:23-37,573-650,1363-1373,1675-1710,1859-1874,2910-2924; pillow-rs/src/ops/enhance.rs:7-33; pillow-rs/src/ops/imageops.rs:450-458; pillow-rs/src/ops/chops.rs:73-85; Pillow 12.2.0 mode probes",luna-03,complete,Luna investigation: scalar fallback combinations are bypassed by supported SIMD mode routes; no runtime fix indicated.,dbf551d1-12ce-4a17-84ff-79835939ff9e,cfa9906d-c8f9-4c12-b34b-ef226035d5d7,cb6bdc19-2ffc-46a0-8095-5a800879f8f9,pillow-rs strict CPU SIMD GPU coverage 870a1f4fb,pillow-rs-current-cpu-simd-gpu-coverage-20260815,CPU+SIMD+GPU snapshot; GPU included per latest task scope; fontdone and image-slash-star excluded,ed3fb5a377cea66e64d68936df679aa7ff7d749e,870a1f4fb6d74bcd4849dea9ded09e4cdce5e5ee,supported,regions 56232/62303; lines 35005/38270; branches 5630/6738; functions 2731/3160,"MCP snapshot measured commit differs from run checkout commit; snapshot/run IDs, suite, and artifact path are recorded for audit.",unreachable,none identified in assigned ranked ranges,none,50,ranked_targets,Exactly 50 ranked targets returned; each row is one target. Region ranges are representative where MCP marks regions_truncated=true; region_count remains authoritative.
surface-006,pillow-rs/src/compute/registry.rs,109;128;193-195,241,99,5,136,registry/control-plane,public operation dispatch and backend selection,Public quantize calls Image::quantize_with_input -> direct quantize/quantize_to_palette; public gradients and Mandelbrot call PyO3 image_* wrappers -> core module_fns constructors -> eager Image::frombytes. These routes do not construct legacy PipelineOp variants before registry::variant_key.,"Pillow 12.2.0: PIL.Image.Image.quantize, PIL.Image.linear_gradient, PIL.Image.radial_gradient, and PIL.Image.effect_mandelbrot.","variant_key arms for Quantize, LinearGradient, RadialGradient, and EffectMandelbrot are deprecated descriptors retained for metadata/control-plane compatibility. Public constructors materialize directly. Quantize has no registry insertion; gradient and Mandelbrot entries are gpu_only_entry entries with no CPU/SIMD executor. The cached-error arm requires registry initialization failure, not a public operation input.",No public implementation error is shown. A registry miss or missing CPU/SIMD executor for these legacy descriptors is expected under the current eager-constructor design.,"Retain legacy variant_key mappings and OnceLock error propagation. Only deliberate backend-scope expansion should add executors and reroute public constructors, with operation-specific parity validation.",unreachable,not_a_bug,"snapshot dbf551d1-12ce-4a17-84ff-79835939ff9e; pillow-rs/src/compute/registry.rs:100-110,119-206,285-294,390-392,2130-2145; pillow-rs/src/ops/module_fns.rs:441-485,497-542,554-650; pillow-rs/src/ops/quantize.rs:2062-2112,2157-2185; pillow-rs-py/src/lib.rs:964-986,3890-3920; Pillow 12.2.0",luna-03,complete,Luna investigation: registry descriptors are legacy/control-plane paths; valid public constructors bypass them and miss/error arms are defensive.,dbf551d1-12ce-4a17-84ff-79835939ff9e,cfa9906d-c8f9-4c12-b34b-ef226035d5d7,cb6bdc19-2ffc-46a0-8095-5a800879f8f9,pillow-rs strict CPU SIMD GPU coverage 870a1f4fb,pillow-rs-current-cpu-simd-gpu-coverage-20260815,CPU+SIMD+GPU snapshot; GPU included per latest task scope; fontdone and image-slash-star excluded,ed3fb5a377cea66e64d68936df679aa7ff7d749e,870a1f4fb6d74bcd4849dea9ded09e4cdce5e5ee,supported,regions 56232/62303; lines 35005/38270; branches 5630/6738; functions 2731/3160,"MCP snapshot measured commit differs from run checkout commit; snapshot/run IDs, suite, and artifact path are recorded for audit.",unreachable,none identified in assigned ranked ranges,none,50,ranked_targets,Exactly 50 ranked targets returned; each row is one target. Region ranges are representative where MCP marks regions_truncated=true; region_count remains authoritative.
surface-007,pillow-rs/src/lib.rs,362-364;367;372-373,216,0,37,59,core public/private mixed,public core operations and constructors,PIL.ImageFont.truetype/load_default -> pillow-rs Python facade -> PyFont::truetype/load_default -> pillow_rs::imagefont_from_source/imagefont_load_default -> FreeTypeFont::from_source -> FreeTypeFont::from_bytes_with_options/from_bytes; target root byte wrappers are separate public forwarding aliases.,"Pillow 12.2.0 PIL.ImageFont.FreeTypeFont.__init__, ImageFont.truetype, and ImageFont.load_default.","The snapshot is for the imaging CPU/SIMD/GPU lane, while these are fontdone/FreeType constructor boundaries. The Python path is reachable through adjacent source/default constructors but does not directly call the two target root aliases. No implementation divergence is established.",Omission from the imaging snapshot is not evidence of a constructor or binding defect; this requires separate fontdone parity coverage.,Make no imaging-runtime change. Preserve thin forwarding constructors and host-source conversion; assess direct byte-constructor/error parity only under expanded fontdone scope.,font_scope_excluded,unfixable_without_scope_change,"snapshot dbf551d1-12ce-4a17-84ff-79835939ff9e; pillow-rs/src/lib.rs:361-373; pillow-rs/src/font/mod.rs:391-431; pillow-rs-py/src/lib.rs:2137-2163; pillow-rs-py/python/pillow_rs/imagefont.py:191-205,431-444; Pillow 12.2.0 PIL/ImageFont.py:218-281,787-793,1068-1084",luna-04,complete,Luna investigation: font constructor boundary is excluded from the imaging audit; no runtime change.,dbf551d1-12ce-4a17-84ff-79835939ff9e,cfa9906d-c8f9-4c12-b34b-ef226035d5d7,cb6bdc19-2ffc-46a0-8095-5a800879f8f9,pillow-rs strict CPU SIMD GPU coverage 870a1f4fb,pillow-rs-current-cpu-simd-gpu-coverage-20260815,CPU+SIMD+GPU snapshot; GPU included per latest task scope; fontdone and image-slash-star excluded,ed3fb5a377cea66e64d68936df679aa7ff7d749e,870a1f4fb6d74bcd4849dea9ded09e4cdce5e5ee,supported,regions 56232/62303; lines 35005/38270; branches 5630/6738; functions 2731/3160,"MCP snapshot measured commit differs from run checkout commit; snapshot/run IDs, suite, and artifact path are recorded for audit.",font_scope_excluded,none identified in assigned ranked ranges,none,50,ranked_targets,Exactly 50 ranked targets returned; each row is one target. Region ranges are representative where MCP marks regions_truncated=true; region_count remains authoritative.
surface-008,pillow-rs-py/src/lib.rs,61;535;819,130,25,32,52,binding/macro/error,public Python binding calls and errors,ImageSequence.Iterator -> pillow_rs.imagesequence.Iterator -> _core.Iterator -> PyImageSequenceIterator; Image.filter -> pillow_rs.image.Image.filter -> PyImage::filter -> validation -> cloned PyImage -> filter._apply -> PyImage result.,"Pillow 12.2.0 ImageSequence.Iterator implements __getitem__, __iter__, and __next__; Image.filter accepts objects/classes exposing filter().","lib.rs:61 and :535 are #[pymethods] macro attribution points, not standalone branches. lib.rs:819 is reachable through maintained target ImageFilter objects using _apply; BLUR succeeds. The first divergence for omitted protocols is Iterator indexing (Pillow supports iterator[0], Rust raises TypeError); standard Pillow Filter.filter objects are also rejected. These are compatibility features absent from the maintained endpoint scope, not core algorithm defects.","Is a missing Pillow __getitem__/filter protocol a bug in the maintained endpoint, or an out-of-scope compatibility expansion?","Retain Rust iterator state and named-filter core dispatch. If protocol scope expands, add a thin PyO3 __getitem__ bridge mapping seek/EOFError to indexed results/IndexError and a host-side filter() adapter; do not add image algorithms to PyO3/core.",scope_excluded_compatibility_gap_with_reachable_binding_bridge,unfixable_without_scope_change,"pillow-rs-py/src/lib.rs:54-99,794-825; pillow-rs-py/python/pillow_rs/imagesequence.py:1-10; pillow-rs-py/python/pillow_rs/imagefilter.py:7-14; pillow-rs-py/tests/fixtures/manifest.yaml:4534-4577; pillow-rs/tests/fixtures/manifest.yaml:29381-29415,29474-29517; .venv/lib/python3.12/site-packages/PIL/ImageSequence.py:26-63; .venv/lib/python3.12/site-packages/PIL/Image.py:1443-1468; .venv/lib/python3.12/site-packages/PIL/ImageFilter.py:34-51; Pillow 12.2.0 iterator/filter probes",luna-008-targeted,complete,Targeted Luna verification: maintained _apply/BLUR binding is reachable; missing Iterator.__getitem__/Filter.filter interoperability is an explicit scope-excluded compatibility gap.,dbf551d1-12ce-4a17-84ff-79835939ff9e,cfa9906d-c8f9-4c12-b34b-ef226035d5d7,cb6bdc19-2ffc-46a0-8095-5a800879f8f9,pillow-rs strict CPU SIMD GPU coverage 870a1f4fb,pillow-rs-current-cpu-simd-gpu-coverage-20260815,CPU+SIMD+GPU snapshot; GPU included per latest task scope; fontdone and image-slash-star excluded,ed3fb5a377cea66e64d68936df679aa7ff7d749e,870a1f4fb6d74bcd4849dea9ded09e4cdce5e5ee,supported,regions 56232/62303; lines 35005/38270; branches 5630/6738; functions 2731/3160,"MCP snapshot measured commit differs from run checkout commit; snapshot/run IDs, suite, and artifact path are recorded for audit.",mixed_reachable_bridge,pillow-rs-py/python/pillow_rs/imagesequence.py:1-10 (__getitem__) and imagefilter.py:7-14 (filter protocol),D-008,50,ranked_targets,Exactly 50 ranked targets returned; each row is one target. Region ranges are representative where MCP marks regions_truncated=true; region_count remains authoritative.
surface-009,pillow-rs/src/raster/traits/primitive.rs,69-71;99-101;144-146,103,41,10,26,generic/monomorphization,public typed raster operations,Pillow typed image operations -> PyImage -> Image constructors/materialization -> DynamicImage conversion -> generic FromColor/rgb_to_luma -> Primitive/Enlargeable methods.,"Pillow 12.2.0 exposes scalar I;16*, I, and F modes, but Image.new rejects RGB16, RGBA16, RGB32F, and RGBA32F.","The target f32/f64 implementations require RGB/RGBA f32 source pixels, while u16::clamp_from requires RGB/RGBA u16 source pixels. Maintained Python constructors create Luma<u16> for I;16* and Rgba<u8> storage for I/F, so these monomorphizations are not produced. DynamicImage can represent missing variants, but enabled public decoder emission is not established.",No parity divergence is evidenced; these are generic implementations and uncovered bodies are not proof of incorrect behavior.,Retain generic Primitive and Enlargeable implementations and the generic conversion matrix. Do not add Python-facing routes or specializations solely to instantiate uncovered combinations.,unreachable,not_a_bug,"snapshot dbf551d1-12ce-4a17-84ff-79835939ff9e; pillow-rs/src/raster/traits/primitive.rs:64-101,140-146; pillow-rs/src/raster/color/from_primitive.rs:84-92; pillow-rs/src/raster/color/from_color.rs:33-53; pillow-rs/src/raster/dynamic.rs:132-148,264-290,800-868; Pillow 12.2.0 Image.new mode probe",luna-05,complete,Luna investigation: generic typed monomorphizations are not produced by maintained public raster routes; no runtime fix indicated.,dbf551d1-12ce-4a17-84ff-79835939ff9e,cfa9906d-c8f9-4c12-b34b-ef226035d5d7,cb6bdc19-2ffc-46a0-8095-5a800879f8f9,pillow-rs strict CPU SIMD GPU coverage 870a1f4fb,pillow-rs-current-cpu-simd-gpu-coverage-20260815,CPU+SIMD+GPU snapshot; GPU included per latest task scope; fontdone and image-slash-star excluded,ed3fb5a377cea66e64d68936df679aa7ff7d749e,870a1f4fb6d74bcd4849dea9ded09e4cdce5e5ee,supported,regions 56232/62303; lines 35005/38270; branches 5630/6738; functions 2731/3160,"MCP snapshot measured commit differs from run checkout commit; snapshot/run IDs, suite, and artifact path are recorded for audit.",unreachable,none identified in assigned ranked ranges,none,50,ranked_targets,Exactly 50 ranked targets returned; each row is one target. Region ranges are representative where MCP marks regions_truncated=true; region_count remains authoritative.
surface-010,pillow-rs/src/draw/mod.rs,369;475-477;514,88,35,13,29,public draw candidate,PIL.ImageDraw public primitives,"pillow_rs.imagedraw.Draw.__init__ -> PyDraw::new -> Draw::new/validate_mode; ImageDraw.shape(Outline, fill=None, outline=None) -> PyDraw::shape -> Draw::shape_with_input/shape -> default_shape_ink -> polygon pipeline operation.","Pillow 12.2.0: ImageDraw.Draw(Image.new('I;16', ...)).shape(Outline) draws nonzero pixels with value 65535; invalid explicit mode overrides raise ValueError('mode mismatch').","The no-override return at draw/mod.rs:369 is not reached through PyDraw::new because Draw::new always populates draw_mode. Draw::mode at lines 475-477 is public in core but not exposed by PyDraw. However default_shape_ink's wildcard at line 514 is reached by public ImageDraw.shape for I;16 with omitted colors; it returns None, so Draw::shape is a no-op while Pillow writes 65535.","Yes. The first confirmed divergence is I;16 default shape ink. The CPU draw fallback also converts non-8-bit images through to_rgba8(), so adding an 8-bit RGBA tuple would not preserve 16-bit semantics.",Add explicit I;16/I;16L/I;16B/I;16N default ink using a native u16 Luma16 draw path or equivalent mode-aware conversion writing 65535 while preserving byte-order tags. Leave validate_mode and core mode getter unchanged.,implementation_bug_candidate,needs_runtime_fix,"snapshot dbf551d1-12ce-4a17-84ff-79835939ff9e; pillow-rs/src/draw/mod.rs:347-377,474-515,746-824; pillow-rs-py/src/lib.rs:2800-2808,2978-2999; pillow-rs/src/compute/pool_cpu/ops/draw.rs:16-40; Pillow 12.2.0 I;16 shape probe",luna-05,complete,Luna investigation: public I;16 ImageDraw.shape default ink diverges from Pillow; no files changed.,dbf551d1-12ce-4a17-84ff-79835939ff9e,cfa9906d-c8f9-4c12-b34b-ef226035d5d7,cb6bdc19-2ffc-46a0-8095-5a800879f8f9,pillow-rs strict CPU SIMD GPU coverage 870a1f4fb,pillow-rs-current-cpu-simd-gpu-coverage-20260815,CPU+SIMD+GPU snapshot; GPU included per latest task scope; fontdone and image-slash-star excluded,ed3fb5a377cea66e64d68936df679aa7ff7d749e,870a1f4fb6d74bcd4849dea9ded09e4cdce5e5ee,supported,regions 56232/62303; lines 35005/38270; branches 5630/6738; functions 2731/3160,"MCP snapshot measured commit differs from run checkout commit; snapshot/run IDs, suite, and artifact path are recorded for audit.",mixed_reachable_defensive,pillow-rs/src/draw/mod.rs:514,D-010,50,ranked_targets,Exactly 50 ranked targets returned; each row is one target. Region ranges are representative where MCP marks regions_truncated=true; region_count remains authoritative.
surface-011,pillow-rs/src/compute/pool_cpu/ops/effects.rs,513;869-870;873,71,18,33,18,public effects/defensive,public effect operations and validation,ImageEnhance.Brightness/Contrast/Color/Sharpness; ImageOps.autocontrast/invert/solarize/equalize -> Python facade -> PyImage -> Rust effect planner/CPU effects,Pillow 12.2.0 accepts supported L/RGB/RGBA effects; ImageOps wrappers normalize mode and arguments before ImagingCore calls; fillcolor is normalized by public constructors.,"effects.rs:513 is an exhaustive post-validation merge fallback after supported mode/band cases. effects.rs:869-873 handles transform fill=None, but public constructors normalize omitted fillcolor to Some(mode-appropriate zero) before this layer. No supported public input reaches these residual arms.","Are the uncovered effect merge and fill-none branches missing valid Pillow inputs, or are they defensive states after the public normalizers?",Keep exhaustive fallback handling and defensive fill logic. Do not add synthetic inputs merely to cover states that the public facade normalizes away.,unreachable,not_a_bug,"pillow-rs/src/compute/pool_cpu/ops/effects.rs:480-525,860-880; pillow-rs/src/ops/transform.rs public fill normalization; pillow-rs-py/python/pillow_rs/image.py effect/transform facade; Pillow 12.2.0 ImageEnhance/ImageOps behavior",luna-011-012,complete,Luna investigator: exhaustive effect fallback and fill=None paths are defensive after mode/fill validation; no files changed; no managed coverage run.,dbf551d1-12ce-4a17-84ff-79835939ff9e,cfa9906d-c8f9-4c12-b34b-ef226035d5d7,cb6bdc19-2ffc-46a0-8095-5a800879f8f9,pillow-rs strict CPU SIMD GPU coverage 870a1f4fb,pillow-rs-current-cpu-simd-gpu-coverage-20260815,CPU+SIMD+GPU snapshot; GPU included per latest task scope; fontdone and image-slash-star excluded,ed3fb5a377cea66e64d68936df679aa7ff7d749e,870a1f4fb6d74bcd4849dea9ded09e4cdce5e5ee,supported,regions 56232/62303; lines 35005/38270; branches 5630/6738; functions 2731/3160,"MCP snapshot measured commit differs from run checkout commit; snapshot/run IDs, suite, and artifact path are recorded for audit.",unreachable,none identified in assigned ranked ranges,none,50,ranked_targets,Exactly 50 ranked targets returned; each row is one target. Region ranges are representative where MCP marks regions_truncated=true; region_count remains authoritative.
surface-012,pillow-rs/src/compute/pool_cpu/ops/draw.rs,190;229;244,59,56,2,39,public draw/early-return,public ImageDraw operations,ImageDraw.rounded_rectangle/rectangle -> Python facade -> PyImageDraw binding -> Rust DrawOp planner -> CPU draw.rs,Pillow 12.2.0 ImageDraw.rounded_rectangle validates rectangle geometry and raises ValueError for reversed coordinates; radius zero otherwise follows rectangle drawing.,"draw.rs:244 is reached from the public rounded_rectangle path when radius is zero, but reversed axes are not rejected before queuing DrawRectangle; the operation then silently returns. draw.rs:190 is defensive validation and :229 is a valid wide-outline path.",Does the radius-zero early fallback need to preserve Pillow's public reversed-coordinate error semantics instead of silently accepting an invalid rectangle?,Validate x1 >= x0 and y1 >= y0 at the public/native rounded-rectangle planner before the radius-zero rectangle fallback; retain the existing defensive queue guards.,implementation_bug_candidate,needs_runtime_fix,pillow-rs/src/compute/pool_cpu/ops/draw.rs:180-250; pillow-rs-py/python/pillow_rs/imagedraw.py; Pillow 12.2.0 ImageDraw.rounded_rectangle; public reversed-coordinate probe,luna-011-012,complete,Luna investigator: public radius-zero reversed rectangles diverge from Pillow (silent no-op vs ValueError); proposed validation fix; no files changed.,dbf551d1-12ce-4a17-84ff-79835939ff9e,cfa9906d-c8f9-4c12-b34b-ef226035d5d7,cb6bdc19-2ffc-46a0-8095-5a800879f8f9,pillow-rs strict CPU SIMD GPU coverage 870a1f4fb,pillow-rs-current-cpu-simd-gpu-coverage-20260815,CPU+SIMD+GPU snapshot; GPU included per latest task scope; fontdone and image-slash-star excluded,ed3fb5a377cea66e64d68936df679aa7ff7d749e,870a1f4fb6d74bcd4849dea9ded09e4cdce5e5ee,supported,regions 56232/62303; lines 35005/38270; branches 5630/6738; functions 2731/3160,"MCP snapshot measured commit differs from run checkout commit; snapshot/run IDs, suite, and artifact path are recorded for audit.",mixed_reachable_defensive,pillow-rs/src/compute/pool_cpu/ops/draw.rs:244,D-012,50,ranked_targets,Exactly 50 ranked targets returned; each row is one target. Region ranges are representative where MCP marks regions_truncated=true; region_count remains authoritative.
surface-013,pillow-rs/src/ops/analysis.rs,106;128;312-313,52,27,0,13,public analysis/validation,"histogram, stat, and mask inputs",Image.histogram/ImageStat.Stat/Image.getbbox -> Python facade -> PyImage binding -> Rust histogram/stat/getbbox paths,Pillow 12.2.0 Image.histogram routes I/F through extrema and raises ValueError('min/max not given') for empty images; ImageStat.Stat(mask) delegates to masked histogram; getbbox delegates to ImagingCore.getbbox.,"analysis.rs:106 and :128 are empty-vector guards, unreachable after histogram_with_mask rejects empty I/F images at :446-447. The typed getbbox fallback is outside maintained 8-bit/L16 public construction paths. First confirmed divergence is stat(mask): image.rs:2825 validates the mask, then :2826 calls unmasked stat(), while Pillow restricts statistics to masked pixels.","Are the uncovered histogram/getbbox branches missing public inputs, or does the public masked-stat path discard the mask?","Retain the defensive histogram and alpha-mode guards. Implement mask-aware statistics after validation, using masked histogram accumulation rather than delegating to unmasked self.stat().",implementation_bug_candidate,needs_runtime_fix,"pillow-rs/src/ops/analysis.rs:97-128,180-333,418-458; pillow-rs/src/image.rs:2815-2826; pillow-rs-py/src/lib.rs:989-997,1037-1058; pillow-rs-py/python/pillow_rs/image.py:261-271; pillow-rs-py/python/pillow_rs/imagestat.py:9-20; Pillow 12.2.0 masked-stat probe",luna-013-014,complete,"Luna investigator: empty histogram/getbbox arms are defensive, but public masked-stat path discards the mask; proposed masked accumulation fix; no files changed.",dbf551d1-12ce-4a17-84ff-79835939ff9e,cfa9906d-c8f9-4c12-b34b-ef226035d5d7,cb6bdc19-2ffc-46a0-8095-5a800879f8f9,pillow-rs strict CPU SIMD GPU coverage 870a1f4fb,pillow-rs-current-cpu-simd-gpu-coverage-20260815,CPU+SIMD+GPU snapshot; GPU included per latest task scope; fontdone and image-slash-star excluded,ed3fb5a377cea66e64d68936df679aa7ff7d749e,870a1f4fb6d74bcd4849dea9ded09e4cdce5e5ee,supported,regions 56232/62303; lines 35005/38270; branches 5630/6738; functions 2731/3160,"MCP snapshot measured commit differs from run checkout commit; snapshot/run IDs, suite, and artifact path are recorded for audit.",unreachable_or_zero_gain,pillow-rs/src/image.rs:2825-2826 (mask discarded by stat path),D-013,50,ranked_targets,Exactly 50 ranked targets returned; each row is one target. Region ranges are representative where MCP marks regions_truncated=true; region_count remains authoritative.
surface-014,pillow-rs/src/ops/pil_resize.rs,113-115;208;230,49,43,4,30,public resize/validation,PIL resize and thumbnail inputs,Image.resize/Image.thumbnail -> Python facade -> PyImage binding -> Image.resize/thumbnail -> execute_resize/execute_thumbnail -> pil_resize,"Pillow 12.2.0 Image.resize validates filters and positive output dimensions, forces NEAREST for 1/P, preserves typed modes, and returns early for identity. Image.thumbnail computes aspect-preserving bounds and no-ops when requested bounds already contain the source.","pil_resize.rs:113-115 is only the typed DynamicImage fallback; supported public modes use explicit 8-bit arms, I/F paths, or dedicated L16. The :208 and :230 count==0 guards are defensive: positive sizes and supported kernels produce coefficients. A nearby public divergence remains: Image.new('L',(0,1)).thumbnail((0,2)) returns None in Pillow, while thumbnail_dimensions rejects the zero bound with ZeroDivisionError.","Are the pil_resize fallback and empty-coefficient guards missed valid public resize paths, or is thumbnail dimension normalization wrong for degenerate sources?",Keep the typed fallback and coefficient guards defensive. Correct thumbnail_dimensions ordering and empty-source no-op behavior to match Pillow before zero-division validation; the fix belongs in the public thumbnail normalizer.,unreachable_or_zero_gain,not_a_bug,"pillow-rs/src/ops/pil_resize.rs:95-115,197-239,620-680,1516-1537; pillow-rs/src/ops/resize.rs:78-206; pillow-rs/src/compute/pool_cpu/ops/geometry.rs:803-842,1240-1386; pillow-rs-py/src/lib.rs:683-695,952-962; Pillow 12.2.0 resize/thumbnail source and zero-width probe; nearby defect is tracked as D-049",luna-013-014,complete,Luna investigator: target pil_resize branches are defensive/zero-gain; thumbnail normalization has a separate public fix candidate; no files changed.,dbf551d1-12ce-4a17-84ff-79835939ff9e,cfa9906d-c8f9-4c12-b34b-ef226035d5d7,cb6bdc19-2ffc-46a0-8095-5a800879f8f9,pillow-rs strict CPU SIMD GPU coverage 870a1f4fb,pillow-rs-current-cpu-simd-gpu-coverage-20260815,CPU+SIMD+GPU snapshot; GPU included per latest task scope; fontdone and image-slash-star excluded,ed3fb5a377cea66e64d68936df679aa7ff7d749e,870a1f4fb6d74bcd4849dea9ded09e4cdce5e5ee,supported,regions 56232/62303; lines 35005/38270; branches 5630/6738; functions 2731/3160,"MCP snapshot measured commit differs from run checkout commit; snapshot/run IDs, suite, and artifact path are recorded for audit.",unreachable_or_zero_gain,see surface-049; pillow-rs/src/ops/resize.rs:171-175,D-049,50,ranked_targets,Exactly 50 ranked targets returned; each row is one target. Region ranges are representative where MCP marks regions_truncated=true; region_count remains authoritative.
surface-015,pillow-rs/src/font/imagingft.rs,417;583;590,43,18,11,24,font lane/excluded,public font/imagefont inputs; fontdone excluded,ImageFont.truetype/load_default and FreeType font helpers -> PyO3 font binding -> imagingft/font implementation -> fontdone boundary,"Pillow 12.2.0 font APIs construct/load fonts through ImageFont and FreeType-backed paths, with variation-name and glyph-metric/error handling internal to the font lane.",imagingft.rs residuals are FreeType variation-name and error helpers. They belong to the excluded font scope and are not evidence that supported imaging inputs can reach the CPU image-operation campaign.,Are these uncovered font helpers an imaging coverage gap?,Leave the font implementation and fontdone boundary untouched for this task; analyze them only in the separately scoped font parity campaign.,font_scope_excluded,unfixable_without_scope_change,"pillow-rs/src/font/imagingft.rs:400-430,560-600; pillow-rs/src/font/mod.rs; pillow-rs-py font bindings; user constraint excludes fontdone",luna-015-016,complete,Luna investigator: FreeType variation/error helpers are font-scope residuals; no imaging fix proposed; no files changed.,dbf551d1-12ce-4a17-84ff-79835939ff9e,cfa9906d-c8f9-4c12-b34b-ef226035d5d7,cb6bdc19-2ffc-46a0-8095-5a800879f8f9,pillow-rs strict CPU SIMD GPU coverage 870a1f4fb,pillow-rs-current-cpu-simd-gpu-coverage-20260815,CPU+SIMD+GPU snapshot; GPU included per latest task scope; fontdone and image-slash-star excluded,ed3fb5a377cea66e64d68936df679aa7ff7d749e,870a1f4fb6d74bcd4849dea9ded09e4cdce5e5ee,supported,regions 56232/62303; lines 35005/38270; branches 5630/6738; functions 2731/3160,"MCP snapshot measured commit differs from run checkout commit; snapshot/run IDs, suite, and artifact path are recorded for audit.",font_scope_excluded,none identified in assigned ranked ranges,none,50,ranked_targets,Exactly 50 ranked targets returned; each row is one target. Region ranges are representative where MCP marks regions_truncated=true; region_count remains authoritative.
surface-016,pillow-rs/src/compute/pool_cpu/ops/filter.rs,30;61;120,41,29,3,16,filter/validation,public filter operations,ImageFilter.MaxFilter/MinFilter/RankFilter and Image.filter -> Python facade -> PyImage -> Rust filter planner/CPU filter ops,Pillow 12.2.0 filter APIs validate filter sizes and apply native byte-image filters; MaxFilter/MinFilter/RankFilter can reach optimization paths on sufficiently large supported images.,"filter.rs:30,61,120 are defensive queue/channel/last-operation guards; public Max/Min/RankFilter optimization is reachable with large native byte images, so these ranked gaps are not unreachable surfaces. A separate parameter-size normalization question may exist outside this row.","Are the representative filter residuals truly missing public inputs, or are they defensive guards around a reachable optimization path?",Keep the queue/channel guards. Verify any independent public parameter-normalization mismatch in the dedicated param_filters path rather than forcing coverage of these zero-gain guards.,not_unreachable,not_a_bug,pillow-rs/src/compute/pool_cpu/ops/filter.rs:1-130; pillow-rs/src/ops/filter.rs; pillow-rs-py/python/pillow_rs/image.py filter facade; Pillow 12.2.0 MaxFilter/MinFilter/RankFilter source,luna-015-016,complete,Luna investigator: ranked filter guards are defensive; public large native byte images reach the optimization; no files changed.,dbf551d1-12ce-4a17-84ff-79835939ff9e,cfa9906d-c8f9-4c12-b34b-ef226035d5d7,cb6bdc19-2ffc-46a0-8095-5a800879f8f9,pillow-rs strict CPU SIMD GPU coverage 870a1f4fb,pillow-rs-current-cpu-simd-gpu-coverage-20260815,CPU+SIMD+GPU snapshot; GPU included per latest task scope; fontdone and image-slash-star excluded,ed3fb5a377cea66e64d68936df679aa7ff7d749e,870a1f4fb6d74bcd4849dea9ded09e4cdce5e5ee,supported,regions 56232/62303; lines 35005/38270; branches 5630/6738; functions 2731/3160,"MCP snapshot measured commit differs from run checkout commit; snapshot/run IDs, suite, and artifact path are recorded for audit.",mixed_reachable_defensive,none identified in assigned ranked ranges,none,50,ranked_targets,Exactly 50 ranked targets returned; each row is one target. Region ranges are representative where MCP marks regions_truncated=true; region_count remains authoritative.
surface-017,pillow-rs/src/compute/mod.rs,69-71;77-79;82-84,39,7,12,13,backend/control-plane,public backend-facing image operations,Public image operations -> Python facade -> PyImage -> compute backend selection/telemetry helpers in compute/mod.rs,"Pillow exposes image operations, not the internal backend registry/telemetry control plane represented by these helpers.",compute/mod.rs:69-84 contains backend/control-plane helpers with no maintained public Pillow binding or public input route. Supported image calls enter concrete CPU/SIMD/GPU pool operations instead of these telemetry branches.,Can any supported public Pillow-style input invoke these backend telemetry/control-plane helpers?,Keep control-plane helpers for internal backend management and testability; do not create public APIs or synthetic fixtures solely to exercise them.,unreachable,not_a_bug,pillow-rs/src/compute/mod.rs:1-100; pillow-rs/src/compute/registry.rs; pillow-rs-py backend-facing bindings; public manifest/API surface,luna-017-018,complete,Luna investigator: compute telemetry/control-plane helpers are not exposed by the maintained public API; no files changed.,dbf551d1-12ce-4a17-84ff-79835939ff9e,cfa9906d-c8f9-4c12-b34b-ef226035d5d7,cb6bdc19-2ffc-46a0-8095-5a800879f8f9,pillow-rs strict CPU SIMD GPU coverage 870a1f4fb,pillow-rs-current-cpu-simd-gpu-coverage-20260815,CPU+SIMD+GPU snapshot; GPU included per latest task scope; fontdone and image-slash-star excluded,ed3fb5a377cea66e64d68936df679aa7ff7d749e,870a1f4fb6d74bcd4849dea9ded09e4cdce5e5ee,supported,regions 56232/62303; lines 35005/38270; branches 5630/6738; functions 2731/3160,"MCP snapshot measured commit differs from run checkout commit; snapshot/run IDs, suite, and artifact path are recorded for audit.",unreachable,none identified in assigned ranked ranges,none,50,ranked_targets,Exactly 50 ranked targets returned; each row is one target. Region ranges are representative where MCP marks regions_truncated=true; region_count remains authoritative.
surface-018,pillow-rs/src/checked_dims.rs,106;112;116,39,4,4,11,allocation/validation,public dimensions and image constructors,Image.new/open and geometry-bearing operations -> Python facade -> PyImage -> checked_dims constructors/allocators,Pillow 12.2.0 validates image sizes and rejects negative dimensions; empty dimensions are supported in several constructors/operations subject to mode-specific behavior.,"checked_dims.rs:106/112/116 retains checked arithmetic and zero-size handling. Zero-size images can reach the supported path, but channel==0 and u32*u32 overflow branches cannot be represented by public mode constructors or accepted dimensions before allocation.","Are the residual checked-dimension branches public invalid-input behavior, or guards for states the Rust type/API boundary makes impossible?","Retain checked multiplication, zero-size handling, and overflow guards; use public dimension validation to reject invalid requests without weakening the checked arithmetic.",unreachable,not_a_bug,pillow-rs/src/checked_dims.rs:90-125; pillow-rs/src/image.rs constructors; pillow-rs-py Image.new binding; Pillow 12.2.0 dimension validation,luna-017-018,complete,"Luna investigator: zero-size path is public, but channel-zero and u32×u32 overflow branches are unreachable through supported constructors; guards should remain.",dbf551d1-12ce-4a17-84ff-79835939ff9e,cfa9906d-c8f9-4c12-b34b-ef226035d5d7,cb6bdc19-2ffc-46a0-8095-5a800879f8f9,pillow-rs strict CPU SIMD GPU coverage 870a1f4fb,pillow-rs-current-cpu-simd-gpu-coverage-20260815,CPU+SIMD+GPU snapshot; GPU included per latest task scope; fontdone and image-slash-star excluded,ed3fb5a377cea66e64d68936df679aa7ff7d749e,870a1f4fb6d74bcd4849dea9ded09e4cdce5e5ee,supported,regions 56232/62303; lines 35005/38270; branches 5630/6738; functions 2731/3160,"MCP snapshot measured commit differs from run checkout commit; snapshot/run IDs, suite, and artifact path are recorded for audit.",unreachable,none identified in assigned ranked ranges,none,50,ranked_targets,Exactly 50 ranked targets returned; each row is one target. Region ranges are representative where MCP marks regions_truncated=true; region_count remains authoritative.
surface-019,pillow-rs/src/compute/pool_cpu/ops/chops.rs,280;332-333;336-337,38,2,12,10,public chops/validation,ImageChops public operations,ImageChops.add/subtract/difference/multiply/screen/etc. -> Python facade -> PyImage/ImageChops -> Rust CPU chops operations,"Pillow 12.2.0 ImageChops binary operations require matching image modes and sizes, raising ValueError('images do not match') otherwise.","chops.rs:280 and :332-337 are residual validation/merge paths. Public nonlogical binary operations appear to accept mismatched channel counts by using the minimum channel count, whereas Pillow rejects L versus RGB. The first divergence is shared-mode validation before the CPU operation.",Does ImageChops need to reject mismatched mode/channel images before dispatch instead of silently processing the common channel prefix?,"Add a shared same-mode/channel validation at the public ImageChops boundary, preserving internal defensive guards and exact size validation.",implementation_bug_candidate,needs_runtime_fix,pillow-rs/src/compute/pool_cpu/ops/chops.rs:240-350; pillow-rs/src/ops/chops.rs; pillow-rs-py ImageChops facade/bindings; Pillow 12.2.0 ImageChops binary-op source and L/RGB mismatch probe,luna-019-020,complete,Luna investigator: nonlogical ImageChops binary ops may process min channels for L/RGB instead of Pillow's ValueError; proposed shared-mode validation; no files changed.,dbf551d1-12ce-4a17-84ff-79835939ff9e,cfa9906d-c8f9-4c12-b34b-ef226035d5d7,cb6bdc19-2ffc-46a0-8095-5a800879f8f9,pillow-rs strict CPU SIMD GPU coverage 870a1f4fb,pillow-rs-current-cpu-simd-gpu-coverage-20260815,CPU+SIMD+GPU snapshot; GPU included per latest task scope; fontdone and image-slash-star excluded,ed3fb5a377cea66e64d68936df679aa7ff7d749e,870a1f4fb6d74bcd4849dea9ded09e4cdce5e5ee,supported,regions 56232/62303; lines 35005/38270; branches 5630/6738; functions 2731/3160,"MCP snapshot measured commit differs from run checkout commit; snapshot/run IDs, suite, and artifact path are recorded for audit.",mixed_reachable_defensive,pillow-rs/src/ops/chops.rs -> pillow-rs/src/compute/pool_cpu/ops/chops.rs (same-mode validation),D-019,50,ranked_targets,Exactly 50 ranked targets returned; each row is one target. Region ranges are representative where MCP marks regions_truncated=true; region_count remains authoritative.
surface-020,pillow-rs/src/raster/color/from_color.rs,17-21;62-67;74-79,35,0,6,6,color conversion,public mode conversion inputs,Image.paste on typed modes -> Python facade -> PyImage -> Image::paste planner -> pillow-rs/src/ops/paste.rs -> pool_cpu/ops/effects.rs:220-225 -> raster/color/from_color.rs -> from_primitive.rs,Pillow 12.2.0 I;16 paste with an L source preserves the source's 16-bit sample value rather than scaling an 8-bit value by 257.,"The public I;16 paste Luma<u8>→Luma<u16> path reaches generic FromPrimitive, which multiplies 257 (for example 17 becomes 4369). Pillow preserves 17. The residual conversion arms therefore expose a mode-specific semantic divergence rather than merely an unreachable generic monomorphization.","Is the generic u8-to-u16 conversion appropriate for I;16 paste, or does Pillow require an I;16-specific preserving conversion?",Add an I;16-specific paste conversion that preserves the source numeric sample (with the correct native/declared byte order); do not globally change generic FromPrimitive behavior used by other conversions.,implementation_bug_candidate,needs_runtime_fix,pillow-rs/src/raster/color/from_color.rs:1-90; pillow-rs/src/ops/paste.rs; pillow-rs/src/image.rs typed-mode paths; Pillow 12.2.0 I;16 paste probe (17 remains 17); pillow-rs/src/ops/paste.rs:225; pillow-rs/src/raster/color/from_primitive.rs:38-63,luna-019-020,complete,Luna investigator: public I;16 paste diverges because generic Luma<u8>→Luma<u16> scales by 257; proposed I;16-specific conversion; no files changed.,dbf551d1-12ce-4a17-84ff-79835939ff9e,cfa9906d-c8f9-4c12-b34b-ef226035d5d7,cb6bdc19-2ffc-46a0-8095-5a800879f8f9,pillow-rs strict CPU SIMD GPU coverage 870a1f4fb,pillow-rs-current-cpu-simd-gpu-coverage-20260815,CPU+SIMD+GPU snapshot; GPU included per latest task scope; fontdone and image-slash-star excluded,ed3fb5a377cea66e64d68936df679aa7ff7d749e,870a1f4fb6d74bcd4849dea9ded09e4cdce5e5ee,supported,regions 56232/62303; lines 35005/38270; branches 5630/6738; functions 2731/3160,"MCP snapshot measured commit differs from run checkout commit; snapshot/run IDs, suite, and artifact path are recorded for audit.",reachable,pillow-rs/src/ops/paste.rs:225 -> raster/color/from_color.rs -> from_primitive.rs,D-020,50,ranked_targets,Exactly 50 ranked targets returned; each row is one target. Region ranges are representative where MCP marks regions_truncated=true; region_count remains authoritative.
surface-021,pillow-rs/src/ops/quantize.rs,259;267;429,31,31,1,24,public quantize candidate,Image.quantize public modes and degenerate images,pillow_rs.Image.quantize -> PyImage.quantize -> Image::quantize_with_input -> Image::quantize -> median_cut_quantize_rgb,Pillow 12.2.0 Image.quantize accepts supported RGB/RGBA inputs; empty RGB quantize returns a valid empty P image and solid RGB quantize succeeds.,"For non-empty input every pixel enters QuantHash, so entries cannot be empty at quantize.rs:259. find_initial_bounds returns None only for empty entries, already excluded at :259, so :267 is unreachable. TreeNode children are assigned together and never partially cleared; :429 protects an internal structural invariant. No valid public input reaches these arms.","Could valid quantize inputs create an empty histogram, missing bounds, or a node with exactly one child?",Make no runtime change. Retain the defensive returns and unreachable invariants; do not add synthetic fixtures or alter quantizer behavior solely to cover them.,unreachable,not_a_bug,"pillow-rs-py/python/pillow_rs/image.py:253-259; pillow-rs-py/src/lib.rs:964-986; pillow-rs/src/ops/quantize.rs:232-268,420-429,953-969; Pillow 12.2.0 quantize probes",luna-021-022,complete,Luna investigator: quantize residuals are internal empty-histogram/tree invariants excluded by non-empty public input and atomic child assignment; no files changed.,dbf551d1-12ce-4a17-84ff-79835939ff9e,cfa9906d-c8f9-4c12-b34b-ef226035d5d7,cb6bdc19-2ffc-46a0-8095-5a800879f8f9,pillow-rs strict CPU SIMD GPU coverage 870a1f4fb,pillow-rs-current-cpu-simd-gpu-coverage-20260815,CPU+SIMD+GPU snapshot; GPU included per latest task scope; fontdone and image-slash-star excluded,ed3fb5a377cea66e64d68936df679aa7ff7d749e,870a1f4fb6d74bcd4849dea9ded09e4cdce5e5ee,supported,regions 56232/62303; lines 35005/38270; branches 5630/6738; functions 2731/3160,"MCP snapshot measured commit differs from run checkout commit; snapshot/run IDs, suite, and artifact path are recorded for audit.",unreachable,none identified in assigned ranked ranges,none,50,ranked_targets,Exactly 50 ranked targets returned; each row is one target. Region ranges are representative where MCP marks regions_truncated=true; region_count remains authoritative.
surface-022,pillow-rs/src/raster/color/from_primitive.rs,19-22;24-25;29-32,32,0,7,11,generic conversion,public typed/mode conversion inputs,pillow_rs.Image.convert/fromarray -> PyImage.convert/fromarray -> Image::convert_with_input or from_resolved_array_interface -> DynamicImage conversion; supported Python F images use scalar F storage and color::f_to_l/f_to_rgb,Pillow 12.2.0 accepts scalar float arrays as F but rejects float RGB/RGBA arrays and RGB;F modes; Image.convert uses supported scalar/mode conversion routes.,"The maintained array typemap supports f32 only for scalar F, not shape-tail 3/4 float color images. Image.new/frombytes F creates scalar storage, while DynamicImage Rgb32F/Rgba32F variants have no supported Python constructor or decoder route. Thus the FromPrimitive<f32> arms are not instantiated by supported public inputs; no first divergence is observable there.",Are the generic f32-to-u8/u16 conversions incorrect merely because they lack coverage?,"Make no current runtime change. Preserve scalar F conversion and generic FromPrimitive. If RGB32F/RGBA32F becomes public, add a separate Pillow parity audit for real float buffers and rounding/truncation semantics.",unreachable,not_a_bug,"pillow-rs/src/raster/color/from_primitive.rs:18-35; pillow-rs/src/raster/dynamic.rs:264-290; pillow-rs/src/raster/buffer.rs:1082-1095; pillow-rs/src/ops/array.rs:35-160; pillow-rs/src/color.rs:1007-1053; pillow-rs/src/image.rs:1406-1435; pillow-rs-py/src/lib.rs:738-768,1790-1805; Pillow 12.2.0 float-array probes",luna-021-022,complete,Luna investigator: generic f32 color conversions are unreachable under the supported scalar-F-only public surface; no files changed.,dbf551d1-12ce-4a17-84ff-79835939ff9e,cfa9906d-c8f9-4c12-b34b-ef226035d5d7,cb6bdc19-2ffc-46a0-8095-5a800879f8f9,pillow-rs strict CPU SIMD GPU coverage 870a1f4fb,pillow-rs-current-cpu-simd-gpu-coverage-20260815,CPU+SIMD+GPU snapshot; GPU included per latest task scope; fontdone and image-slash-star excluded,ed3fb5a377cea66e64d68936df679aa7ff7d749e,870a1f4fb6d74bcd4849dea9ded09e4cdce5e5ee,supported,regions 56232/62303; lines 35005/38270; branches 5630/6738; functions 2731/3160,"MCP snapshot measured commit differs from run checkout commit; snapshot/run IDs, suite, and artifact path are recorded for audit.",unreachable,none identified in assigned ranked ranges,none,50,ranked_targets,Exactly 50 ranked targets returned; each row is one target. Region ranges are representative where MCP marks regions_truncated=true; region_count remains authoritative.
surface-023,pillow-rs/src/ops/utils.rs,24-26;28-29;32,31,8,1,10,validation/internal,public operation argument normalization,pillow_rs.image.Image.toqimage -> _align8to32 -> PyO3 align_row_to_32 -> pillow_rs::align_row_to_32 -> ops::utils::align_row_to_32,Pillow 12.2.0 PIL/ImageQt.py aligns normal 1/L/P rows and returns original bytes for an already-aligned zero-width row.,"Normal 1/L/P inputs match Pillow. For width=0, Pillow returns the original bytes through its already-aligned early return, while Rust computes zero bytes per line and raises ValueError. Zero-size images are valid in both public facades; the Qt parity surface is currently excluded from maintained coverage but the binding exposes the helper.","Should zero bytes per line be treated as an already-aligned empty row, matching Pillow, instead of an error?","In align_row_to_32, return data.to_vec() when calculated bytes_per_line is zero before padding or row-count arithmetic; retain checked handling for nonzero rows.",implementation_bug_candidate,needs_runtime_fix,pillow-rs/src/ops/utils.rs:24-36; pillow-rs-py/src/lib.rs:1748-1754; pillow-rs-py/python/pillow_rs/image.py:438-444; .venv/lib/python3.12/site-packages/PIL/ImageQt.py:106-129; zero-width align8to32 probe; docs/pillow-api-inventory.md:332,luna-023-024,complete,Luna investigator: zero-width public alignment diverges from Pillow (empty bytes should be accepted); proposed narrow helper fix; no files changed.,dbf551d1-12ce-4a17-84ff-79835939ff9e,cfa9906d-c8f9-4c12-b34b-ef226035d5d7,cb6bdc19-2ffc-46a0-8095-5a800879f8f9,pillow-rs strict CPU SIMD GPU coverage 870a1f4fb,pillow-rs-current-cpu-simd-gpu-coverage-20260815,CPU+SIMD+GPU snapshot; GPU included per latest task scope; fontdone and image-slash-star excluded,ed3fb5a377cea66e64d68936df679aa7ff7d749e,870a1f4fb6d74bcd4849dea9ded09e4cdce5e5ee,supported,regions 56232/62303; lines 35005/38270; branches 5630/6738; functions 2731/3160,"MCP snapshot measured commit differs from run checkout commit; snapshot/run IDs, suite, and artifact path are recorded for audit.",reachable,pillow-rs/src/ops/utils.rs:24-36,D-023,50,ranked_targets,Exactly 50 ranked targets returned; each row is one target. Region ranges are representative where MCP marks regions_truncated=true; region_count remains authoritative.
surface-024,pillow-rs/src/image_utils.rs,41;49;51,28,2,4,9,utility/validation,public image creation and buffer inputs,Image.resize/crop/rotate/transpose/thumbnail/reduce/filter/transform -> PyO3 PyImage -> Image public operation -> compute backend -> geometry/filter operation -> image_utils::raw_bytes_to_image; Image.frombytes/frombuffer uses a separate path,Pillow 12.2.0 validates raw buffer lengths and modes at public constructors and geometry operations before core reconstruction.,"raw_bytes_to_image is pub(crate), not a public constructor. Supported callers pass channel counts bounded to 1–4 or hardcode 4 and allocate through CheckedDims/exact output lengths, so unsupported-channel and short-buffer branches cannot occur. Zero-sized cases are rejected or handled by separate empty-image paths. No first Rust/Pillow divergence was observed for the target ranges.",Could public raw-byte or geometry inputs bypass mode/channel validation and deliver an invalid channel count or short buffer to this internal helper?,Keep the helper defensive and internal. Preserve CheckedDims allocation at every caller; a future validated layout token could make invalid channels and lengths unrepresentable. Keep public frombytes validation separate.,unreachable,not_a_bug,"pillow-rs/src/image_utils.rs:23-83; pillow-rs/src/raster/color/types.rs:78-110; pillow-rs/src/compute/pool_cpu/ops/geometry.rs:873-912,1165-1211,1328-1357,1465-1476; pillow-rs/src/compute/pool_cpu/ops/filter.rs:1145-1242,1617-1724; pillow-rs/src/ops/param_filters.rs:337-361; pillow-rs/src/image.rs:1521-1579; pillow-rs-py/src/lib.rs:1376-1390; public geometry probe",luna-023-024,complete,Luna investigator: raw_bytes_to_image validation arms are internal invariant guards; no public-input parity bug found; no files changed.,dbf551d1-12ce-4a17-84ff-79835939ff9e,cfa9906d-c8f9-4c12-b34b-ef226035d5d7,cb6bdc19-2ffc-46a0-8095-5a800879f8f9,pillow-rs strict CPU SIMD GPU coverage 870a1f4fb,pillow-rs-current-cpu-simd-gpu-coverage-20260815,CPU+SIMD+GPU snapshot; GPU included per latest task scope; fontdone and image-slash-star excluded,ed3fb5a377cea66e64d68936df679aa7ff7d749e,870a1f4fb6d74bcd4849dea9ded09e4cdce5e5ee,supported,regions 56232/62303; lines 35005/38270; branches 5630/6738; functions 2731/3160,"MCP snapshot measured commit differs from run checkout commit; snapshot/run IDs, suite, and artifact path are recorded for audit.",unreachable,none identified in assigned ranked ranges,none,50,ranked_targets,Exactly 50 ranked targets returned; each row is one target. Region ranges are representative where MCP marks regions_truncated=true; region_count remains authoritative.
surface-025,pillow-rs/src/compute/pool_cpu/ops/imageops.rs,139;368-372;376-377,20,10,4,9,public imageops/validation,public image transform and filter inputs,pillow-rs-py/python/pillow_rs/imageops.py -> PyO3 imageops bindings -> ops/imageops.rs -> Image materialize/evaluate_pipeline -> compute registry -> pool_cpu/ops/imageops.rs,Pillow 12.2.0 ImageOps._lut accepts L/RGB and rejects unsupported modes; ImageOps.expand constructs output in the source mode and permits empty sizes.,"imageops.rs:139 is impossible for valid positive output dimensions because row length is 4*(width+2*border) and offset_x is border. from_raw failure arms at :368-372 and :376-377 cannot occur because raw output is constructed from valid DynamicImage buffers. An adjacent empty-expand divergence occurs earlier at :923, where CheckedDims rejects zero output before the assigned helper.",Should tests fabricate malformed image buffers or invalid zero/overflow dimensions merely to cover defensive shape guards?,"Keep defensive guards and native channel dispatch. If empty-expand parity is addressed separately, use an allow-empty path and return before zero-stride chunks_exact_mut processing; do not force these failure arms.",unreachable,not_a_bug,"pillow-rs/src/compute/pool_cpu/ops/imageops.rs:129-145,341-385,884-970; pillow-rs/src/raster/buffer.rs:623-633,736-745; pillow-rs/src/checked_dims.rs:91-104,147-153; pillow-rs/src/ops/imageops.rs:424-447,582-584; Pillow 12.2.0 ImageOps source and invert/empty-expand probes",luna-025-026,complete,Luna investigator: target imageops guards are unreachable buffer/dimension invariants; no files changed; adjacent empty-expand issue is separately noted.,dbf551d1-12ce-4a17-84ff-79835939ff9e,cfa9906d-c8f9-4c12-b34b-ef226035d5d7,cb6bdc19-2ffc-46a0-8095-5a800879f8f9,pillow-rs strict CPU SIMD GPU coverage 870a1f4fb,pillow-rs-current-cpu-simd-gpu-coverage-20260815,CPU+SIMD+GPU snapshot; GPU included per latest task scope; fontdone and image-slash-star excluded,ed3fb5a377cea66e64d68936df679aa7ff7d749e,870a1f4fb6d74bcd4849dea9ded09e4cdce5e5ee,supported,regions 56232/62303; lines 35005/38270; branches 5630/6738; functions 2731/3160,"MCP snapshot measured commit differs from run checkout commit; snapshot/run IDs, suite, and artifact path are recorded for audit.",unreachable,none identified in assigned ranked ranges,none,50,ranked_targets,Exactly 50 ranked targets returned; each row is one target. Region ranges are representative where MCP marks regions_truncated=true; region_count remains authoritative.
surface-026,pillow-rs/src/compute/pool_simd/mod.rs,34;198-199;211-212,20,6,6,8,SIMD/backend dispatch,public SIMD-capable image operations,pillow-rs-py imageops/backend bindings -> PyO3 operations -> Image::push_op/materialize -> compute route_decision/prepare_execution -> SimdPool::supports/execute_batch -> pool_simd/mod.rs,"Pillow ImageOps operations preserve requested mode; Pillow has no equivalent SIMD backend, so SIMD must preserve public bytes and mode metadata.","pool_simd/mod.rs:34 is unreachable because fused_point_batch first requires byte_point_mode_allowed, whose true cases are exactly L8/LA8/RGB8/RGBA8. Public P/PA normalization can reach the surrounding code, but reconstructed pixel/sample buffers satisfy exact lengths, so from_raw error closures at :198-199 and :211-212 cannot occur. No assigned-range divergence was observed.",Should SIMD tests pass typed modes through the byte-LUT fusion guard or construct malformed palette buffers to cover impossible fallback/error arms?,Retain the early mode guard and exact palette reconstruction. Keep from_raw errors as defensive invariant checks; validate SIMD support at routing time and preserve P/PA normalization for non-merge operations.,unreachable,not_a_bug,"pillow-rs/src/compute/pool_simd/mod.rs:28-45,84-108,186-216,218-360; pillow-rs/src/image.rs:1743-1844,2148-2190; pillow-rs/src/compute/mod.rs:523-588,635-665; pillow-rs/src/raster/buffer.rs:623-633,736-745; pillow-rs-py/src/lib.rs:1627-1679; P/PA normalization probe",luna-025-026,complete,Luna investigator: SIMD fallback and palette reconstruction errors are defensive invariants; no files changed; no managed/GPU coverage ran.,dbf551d1-12ce-4a17-84ff-79835939ff9e,cfa9906d-c8f9-4c12-b34b-ef226035d5d7,cb6bdc19-2ffc-46a0-8095-5a800879f8f9,pillow-rs strict CPU SIMD GPU coverage 870a1f4fb,pillow-rs-current-cpu-simd-gpu-coverage-20260815,CPU+SIMD+GPU snapshot; GPU included per latest task scope; fontdone and image-slash-star excluded,ed3fb5a377cea66e64d68936df679aa7ff7d749e,870a1f4fb6d74bcd4849dea9ded09e4cdce5e5ee,supported,regions 56232/62303; lines 35005/38270; branches 5630/6738; functions 2731/3160,"MCP snapshot measured commit differs from run checkout commit; snapshot/run IDs, suite, and artifact path are recorded for audit.",unreachable,none identified in assigned ranked ranges,none,50,ranked_targets,Exactly 50 ranked targets returned; each row is one target. Region ranges are representative where MCP marks regions_truncated=true; region_count remains authoritative.
surface-027,pillow-rs/src/ops/transform.rs,284;599;605-611,20,3,1,7,public transform/validation,"affine, transpose, and transform inputs",Python Image.transform -> Python facade -> PyImage.transform -> Image::transform_public -> affine pipeline helper; Image.reduce -> PyImage.reduce -> Image::reduce_public. Deprecated transform_affine is bypassed by Python but reached by the WASM facade.,Pillow 12.2.0 PIL/Image.py implements reduce and transform with affine normalization; there is no equivalent public Rust-only transform_affine wrapper.,"transform.rs:284 is unreachable through the Python facade because invalid non-sequence boxes become ReduceBox::InvalidType, not ReduceBox::Invalid; it remains reachable to direct Rust callers. Lines :599 and :605-611 are WASM-reachable but Python-bypassed, queue a valid nearest affine operation, and show no Rust/Pillow divergence. WASM's opaque-black fill is a facade limitation outside these lines.","Is the uncovered code dead for all supported callers, or does a binding still use it? Is ReduceBox::Invalid accidentally reachable from Python, and does the legacy affine wrapper alter maintained Python behavior?","Keep transform_public canonical for Python and retain transform_affine for the existing WASM compatibility API until migration. Keep Invalid as defensive Rust-API validation; do not add invalid Python coverage. If WASM parity expands, normalize fill/method there and delegate to transform_public.",not_unreachable,not_a_bug,"pillow-rs/src/ops/transform.rs:204-292,440-580,584-612; pillow-rs-py/src/lib.rs:261-305,1186-1199; pillow-rs-js/src/lib.rs:658-663; Pillow 12.2.0 transform/reduce source; reduce invalid-box and affine identity probes",luna-027-028,complete,"Luna investigator: mixed surface—reduce Invalid is Python-unreachable, legacy affine is WASM-reachable/Python-bypassed; no Rust parity bug found; no files changed.",dbf551d1-12ce-4a17-84ff-79835939ff9e,cfa9906d-c8f9-4c12-b34b-ef226035d5d7,cb6bdc19-2ffc-46a0-8095-5a800879f8f9,pillow-rs strict CPU SIMD GPU coverage 870a1f4fb,pillow-rs-current-cpu-simd-gpu-coverage-20260815,CPU+SIMD+GPU snapshot; GPU included per latest task scope; fontdone and image-slash-star excluded,ed3fb5a377cea66e64d68936df679aa7ff7d749e,870a1f4fb6d74bcd4849dea9ded09e4cdce5e5ee,supported,regions 56232/62303; lines 35005/38270; branches 5630/6738; functions 2731/3160,"MCP snapshot measured commit differs from run checkout commit; snapshot/run IDs, suite, and artifact path are recorded for audit.",mixed_reachable_defensive,none identified in assigned ranked ranges,none,50,ranked_targets,Exactly 50 ranked targets returned; each row is one target. Region ranges are representative where MCP marks regions_truncated=true; region_count remains authoritative.
surface-028,pillow-rs/src/compute/pool_cpu/mod.rs,27;144;152-153,19,9,4,11,CPU/backend dispatch,public CPU image operations,Python ImageChops.multiply/screen -> Python facade -> PyO3 functions -> pillow_rs ImageChops ops -> lazy PipelineOp -> route/execute -> CpuPool::execute_batch; point/eval follows the same CPU executor.,Pillow 12.2.0 ImageChops.multiply/screen calls core operations directly; no CPU-pool/backend dispatch API is exposed.,pool_cpu/mod.rs:27 is unreachable because fused_point_batch returns before point_band_count for non-byte modes. Line :144 is reachable with different secondary images and correctly declines fusion; :152-153 are reachable with public LA images and shared secondary image. Probes found no Rust/Pillow divergence.,"Could a non-byte DynamicImage reach the point-band wildcard, or could multiply/screen fusion combine different secondary sources or omit LA alpha-band processing?","Preserve byte-mode gating, require shared execution identity for fused multiply/screen, retain explicit LA channel handling, and fall back to separate registry operations for non-shared operands.",not_unreachable,not_a_bug,"pillow-rs/src/compute/pool_cpu/mod.rs:21-28,97-127,137-165,258-301; pillow-rs/src/image.rs:1175-1200; pillow-rs/src/compute/mod.rs:523-587,667-687; pillow-rs-py ImageChops bindings; Pillow 12.2.0 LA multiply/screen probes",luna-027-028,complete,"Luna investigator: point-band wildcard is structurally unreachable, while LA fusion and non-shared fallback are public and correct; no files changed.",dbf551d1-12ce-4a17-84ff-79835939ff9e,cfa9906d-c8f9-4c12-b34b-ef226035d5d7,cb6bdc19-2ffc-46a0-8095-5a800879f8f9,pillow-rs strict CPU SIMD GPU coverage 870a1f4fb,pillow-rs-current-cpu-simd-gpu-coverage-20260815,CPU+SIMD+GPU snapshot; GPU included per latest task scope; fontdone and image-slash-star excluded,ed3fb5a377cea66e64d68936df679aa7ff7d749e,870a1f4fb6d74bcd4849dea9ded09e4cdce5e5ee,supported,regions 56232/62303; lines 35005/38270; branches 5630/6738; functions 2731/3160,"MCP snapshot measured commit differs from run checkout commit; snapshot/run IDs, suite, and artifact path are recorded for audit.",mixed_reachable_defensive,none identified in assigned ranked ranges,none,50,ranked_targets,Exactly 50 ranked targets returned; each row is one target. Region ranges are representative where MCP marks regions_truncated=true; region_count remains authoritative.
surface-029,pillow-rs/src/ops/convert.rs,299;729;834,17,10,10,5,public convert/validation,Image.convert public modes and palettes,"Python Image.convert -> PyImage.convert -> Image::convert_with_input -> Image::convert; P same-mode inputs return before Image::convert, while nonstandard conversions continue through explicit mode tagging and web_palette_quantize.","Pillow 12.2.0 Image.convert handles omitted/same-mode conversion, RGBA->P/PA, and colorspace conversion; probes matched RGB/CMYK/HSV/YCbCr -> PA bytes and palettes.",convert.rs:299 is facade-unreachable because P->P returns a copy before Image::convert and omitted-mode P resolves to RGB. Lines :729 and :834 are reachable: RGB->CMYK reaches explicit mode tagging and CMYK/HSV/YCbCr->PA reaches web_palette_quantize. No divergence observed.,Are all residual branches dead because palette and nonstandard modes bypass public conversion? No; only the P same-mode branch is facade-unreachable.,"Keep the same-mode fast path, Image::push_op Pipeline behavior, explicit nonstandard mode tagging, and direct nonstandard-to-PA web-palette path. No runtime fix indicated.",not_unreachable,not_a_bug,"pillow-rs-py/python/pillow_rs/image.py:188-203; pillow-rs-py/src/lib.rs:738-768; pillow-rs/src/ops/convert.rs:158-226,294-302,620-731,821-838; pillow-rs/src/image.rs:2261-2427; Pillow 12.2.0 convert source; P same-mode and nonstandard->PA probes",luna-029-030,complete,"Luna investigator: convert line 299 is facade-unreachable, but lines 729/834 are public and matched Pillow; no files changed.",dbf551d1-12ce-4a17-84ff-79835939ff9e,cfa9906d-c8f9-4c12-b34b-ef226035d5d7,cb6bdc19-2ffc-46a0-8095-5a800879f8f9,pillow-rs strict CPU SIMD GPU coverage 870a1f4fb,pillow-rs-current-cpu-simd-gpu-coverage-20260815,CPU+SIMD+GPU snapshot; GPU included per latest task scope; fontdone and image-slash-star excluded,ed3fb5a377cea66e64d68936df679aa7ff7d749e,870a1f4fb6d74bcd4849dea9ded09e4cdce5e5ee,supported,regions 56232/62303; lines 35005/38270; branches 5630/6738; functions 2731/3160,"MCP snapshot measured commit differs from run checkout commit; snapshot/run IDs, suite, and artifact path are recorded for audit.",mixed_reachable_defensive,none identified in assigned ranked ranges,none,50,ranked_targets,Exactly 50 ranked targets returned; each row is one target. Region ranges are representative where MCP marks regions_truncated=true; region_count remains authoritative.
surface-030,pillow-rs/src/font/mod.rs,114-115;418;460-463,17,0,3,5,font lane/excluded,public font constructors; fontdone excluded,Variation input: imagefont.py -> PyO3 variation adapter -> font/mod.rs variation setter. Invalid source: imagefont.py -> PyFont::truetype -> source classifier -> FreeTypeFont::from_source -> font/mod.rs. Python bytes getbbox follows getbbox_bytes_with_options and does not call text_bbox_bytes.,"Pillow 12.2.0 loads non-path font inputs through f.read(), accepts str/bytes getbbox inputs, and encodes non-bytes variation names before native lookup.","font/mod.rs:114-115 is reachable for set_variation_by_name(1) and matches Pillow's AttributeError (zero gain). Line :418 is reachable for ImageFont.truetype(123,10) but diverges at the host boundary: RSPIL raises TypeError 'font must be a file path or file-like object', Pillow raises AttributeError for missing read. Lines :460-463 are Python-unreachable because bytes getbbox follows getbbox_bytes_with_options.","Are these rows unreachable solely because fontdone is excluded? No. Variation and invalid-source adapters are Python-reachable; only text_bbox_bytes is absent from the Python route, and invalid-source handling has a host-boundary parity bug candidate independent of fontdone.",Do not modify fontdone. Preserve Pillow's non-path source behavior in the PyO3 host boundary by propagating the original read-attribute failure for unsupported objects instead of converting Invalid into core TypeError. Keep variation-name coercion safe and bytes getbbox on getbbox_bytes_with_options.,font_scope_excluded,unfixable_without_scope_change,"pillow-rs/src/font/mod.rs:110-117,411-421,451-463,679-728; pillow-rs-py/src/lib.rs:2049-2062,2083-2097,2139-2155,2166-2195; .venv/lib/python3.12/site-packages/PIL/ImageFont.py:224-281,384-448,688-705; invalid-source and variation probes",luna-029-030,complete,Luna investigator: fontdone untouched; host-boundary invalid-source exception type diverges from Pillow; no files changed.,dbf551d1-12ce-4a17-84ff-79835939ff9e,cfa9906d-c8f9-4c12-b34b-ef226035d5d7,cb6bdc19-2ffc-46a0-8095-5a800879f8f9,pillow-rs strict CPU SIMD GPU coverage 870a1f4fb,pillow-rs-current-cpu-simd-gpu-coverage-20260815,CPU+SIMD+GPU snapshot; GPU included per latest task scope; fontdone and image-slash-star excluded,ed3fb5a377cea66e64d68936df679aa7ff7d749e,870a1f4fb6d74bcd4849dea9ded09e4cdce5e5ee,supported,regions 56232/62303; lines 35005/38270; branches 5630/6738; functions 2731/3160,"MCP snapshot measured commit differs from run checkout commit; snapshot/run IDs, suite, and artifact path are recorded for audit.",font_scope_excluded,pillow-rs/src/font/mod.rs:418 (deferred font-scope host-boundary mismatch),D-030,50,ranked_targets,Exactly 50 ranked targets returned; each row is one target. Region ranges are representative where MCP marks regions_truncated=true; region_count remains authoritative.
surface-031,pillow-rs/src/font/pilfont.rs,312-314;323-325,16,0,12,2,font lane/excluded,public PIL ImageFont loading and size queries,Public loading reaches PyPilFont loading and pillow-rs/src/font/pilfont.rs. Public bitmap metrics use pillow-rs-py/python/pillow_rs/imagefont.py:164-175 -> PyPilFont.getbbox/getlength/getmask -> getbbox_input/getlength_input/getmask_input. getsize_input is reached only through internal _core.PilFont.getsize at pillow-rs-py/src/lib.rs:2600-2604; mode() has no PyPilFont getter.,"Pillow 12.2.0 PIL/ImageFont.py:183-210,772-784,919-939,942-951; public loading and bitmap metric methods.","The row is partly internal: mode() is Rust-public but Python-facade-unreachable; getsize_input is binding-reachable only through internal _core.PilFont.getsize, not public ImageFont.load*/getbbox/getlength/getmask. No implementation divergence or first divergence was found.","Is internal _core.PilFont.getsize being counted as maintained public ImageFont reachability, and is a public mode or getsize API actually required?",Keep mode() internal and retain getsize_input() as the host text-normalization adapter for the internal binding. Preserve public getbbox/getlength/getmask delegation. No fontdone change is in scope.,font_scope_excluded,unfixable_without_scope_change,"pillow-rs/src/font/pilfont.rs:311-325; pillow-rs-py/python/pillow_rs/imagefont.py:113-175,419-439; pillow-rs-py/src/lib.rs:2533-2620; Pillow 12.2.0 PIL/ImageFont.py:183-210,772-784,919-951",luna-031-032,complete,Luna verification: mode is Python-unexposed and getsize_input is internal-binding reachable only; no parity bug; fontdone remains out of scope.,dbf551d1-12ce-4a17-84ff-79835939ff9e,cfa9906d-c8f9-4c12-b34b-ef226035d5d7,cb6bdc19-2ffc-46a0-8095-5a800879f8f9,pillow-rs strict CPU SIMD GPU coverage 870a1f4fb,pillow-rs-current-cpu-simd-gpu-coverage-20260815,CPU+SIMD+GPU snapshot; GPU included per latest task scope; fontdone and image-slash-star excluded,ed3fb5a377cea66e64d68936df679aa7ff7d749e,870a1f4fb6d74bcd4849dea9ded09e4cdce5e5ee,supported,regions 56232/62303; lines 35005/38270; branches 5630/6738; functions 2731/3160,"MCP snapshot measured commit differs from run checkout commit; snapshot/run IDs, suite, and artifact path are recorded for audit.",font_scope_excluded,none,none,50,ranked_targets,Exactly 50 ranked targets returned; each row is one target. Region ranges are representative where MCP marks regions_truncated=true; region_count remains authoritative.
surface-032,pillow-rs/src/compute/pool_cpu/ops/geometry.rs,461;863-864;866-867,13,25,3,6,geometry/validation,"PIL Image.rotate, crop, and resize geometry inputs","pillow-rs-py/python/pillow_rs/image.py:157-182 -> PyImage.resize/crop/rotate at pillow-rs-py/src/lib.rs:684-727 -> Image::resize, crop_float/crop_signed/crop_box, and rotate_with_input -> PipelineOp -> CPU registry -> execute_resize/execute_crop/execute_rotate in pillow-rs/src/compute/pool_cpu/ops/geometry.rs.","Pillow 12.2.0 PIL/Image.py:1370-1416 (crop),2328-2435 (resize),2475-2589 (rotate).","The defensive classification is sound. geometry.rs:461 is reached only after rotate_arbitrary_generic allocates through CheckedDims::new at :606, so zero output returns before affine_nearest_fixed. Lines :863-867 require reversed unsigned crop coordinates, while public crop validates order and crop_box receives normalized coordinates. Resize rejects non-positive dimensions before queuing. No first divergence was found.",Could an in-scope caller enqueue reversed crop bounds or zero-dimension rotate output after public validation? Source tracing found no such path.,"Keep CheckedDims::new strict, preserve crop extent and coordinate validation in ops/crop.rs, and retain normalized positive crop bounds at the CPU kernel boundary. No implementation change.",unreachable,not_a_bug,"pillow-rs/src/compute/pool_cpu/ops/geometry.rs:437-461,538-617,803-867,981-1059; pillow-rs/src/ops/crop.rs:64-206; pillow-rs/src/ops/resize.rs:78-112,236-244; pillow-rs/src/ops/rotate.rs:134-177; pillow-rs-py/python/pillow_rs/image.py:157-182; pillow-rs-py/src/lib.rs:684-727; Pillow 12.2.0 Image.py crop/resize/rotate",luna-031-032,complete,Luna verification: checked-dimension and normalized-crop invariants make the assigned geometry guards unreachable; no parity bug.,dbf551d1-12ce-4a17-84ff-79835939ff9e,cfa9906d-c8f9-4c12-b34b-ef226035d5d7,cb6bdc19-2ffc-46a0-8095-5a800879f8f9,pillow-rs strict CPU SIMD GPU coverage 870a1f4fb,pillow-rs-current-cpu-simd-gpu-coverage-20260815,CPU+SIMD+GPU snapshot; GPU included per latest task scope; fontdone and image-slash-star excluded,ed3fb5a377cea66e64d68936df679aa7ff7d749e,870a1f4fb6d74bcd4849dea9ded09e4cdce5e5ee,supported,regions 56232/62303; lines 35005/38270; branches 5630/6738; functions 2731/3160,"MCP snapshot measured commit differs from run checkout commit; snapshot/run IDs, suite, and artifact path are recorded for audit.",unreachable,none,none,50,ranked_targets,Exactly 50 ranked targets returned; each row is one target. Region ranges are representative where MCP marks regions_truncated=true; region_count remains authoritative.
surface-033,pillow-rs/src/raster/buffer.rs,169;632;709,15,5,1,9,buffer/validation,"PIL Image.frombytes, getpixel, putpixel, and core image buffers",Image.frombytes/getpixel/putpixel -> pillow-rs Python shims -> PyO3 methods -> Rust Image methods. Python bounds/length checks precede typed ImageBuffer access; ImageBuffer::from_raw is also a public Rust-only API.,"Pillow 12.2.0 PIL/Image.py:932-967,1753-1766,2176-2214,3244-3287; short buffers raise ValueError and invalid coordinates raise IndexError.",The assigned outcomes are defensive: Rows::with_image panics only after an ImageBuffer length invariant is violated; from_raw:632 returns None only for a short direct Rust buffer; get_pixel:709 is an invalid-coordinate panic. Python-facing paths reject these conditions first. No first divergence was found.,Are the buffer and pixel-access failure arms public-input gaps or defensive outcomes after Python validation?,"Retain Option-returning from_raw validation, checked row construction, and Image-level coordinate validation. No runtime change.",mixed_reachable_defensive,not_a_bug,"pillow-rs/src/raster/buffer.rs:157-175,620-633,699-716; pillow-rs/src/image.rs:1521-1585,2462-2475,2545-2549; pillow-rs-py/src/lib.rs:1376-1389,1453-1483; pillow-rs-py/python/pillow_rs/image.py:240-251,493-520",luna-033-034,complete,"Luna verification: public Rust from_raw rejection is reachable, while invalid rows/coordinates are defensive; no parity bug.",dbf551d1-12ce-4a17-84ff-79835939ff9e,cfa9906d-c8f9-4c12-b34b-ef226035d5d7,cb6bdc19-2ffc-46a0-8095-5a800879f8f9,pillow-rs strict CPU SIMD GPU coverage 870a1f4fb,pillow-rs-current-cpu-simd-gpu-coverage-20260815,CPU+SIMD+GPU snapshot; GPU included per latest task scope; fontdone and image-slash-star excluded,ed3fb5a377cea66e64d68936df679aa7ff7d749e,870a1f4fb6d74bcd4849dea9ded09e4cdce5e5ee,supported,regions 56232/62303; lines 35005/38270; branches 5630/6738; functions 2731/3160,"MCP snapshot measured commit differs from run checkout commit; snapshot/run IDs, suite, and artifact path are recorded for audit.",mixed_reachable_defensive,none,none,50,ranked_targets,Exactly 50 ranked targets returned; each row is one target. Region ranges are representative where MCP marks regions_truncated=true; region_count remains authoritative.
surface-034,pillow-rs/src/color.rs,42-49;1155,15,1,5,2,color/validation,PIL Image mode conversion and ImageColor.getrgb/getcolor inputs,Image.convert -> Python Image.convert -> PyImage.convert -> Image::convert_with_input -> Image::convert -> nonstandard-source dispatch -> color::convert_from_nonstandard. Mode metadata separately reaches Image::mode -> mode_from_materialized -> color_type_to_mode. ImageColor.getrgb/getcolor use a separate parser path and do not reach the assigned ranges.,"Pillow 12.2.0 PIL/Image.py:1018-1082,270-280; PIL/ImageColor.py:27-165. Supported mode conversion and invalid ImageColor mode behavior are distinct.","The assigned range is mixed_reachable_defensive: normal ColorType mappings are valid materialization paths, while extended/wildcard mappings are not produced by current DynamicImage variants; convert_from_nonstandard:1155 is unreachable under constrained source modes. A separate public divergence exists outside the assigned range: invalid ImageColor.getcolor modes first diverge at color.rs:579-582, where Rust falls through to RGB while Pillow raises KeyError.","The assigned range has no wrong implementation, but the broader ImageColor invalid-mode surface has a confirmed error-classification mismatch outside these lines.",Keep explicit ColorType mapping and defensive None fallback. Separately validate ImageColor.getcolor mode names against Pillow's supported set before RGB fallback so unknown modes produce a KeyError-compatible error.,implementation_bug_candidate,needs_runtime_fix,"pillow-rs/src/color.rs:36-50,554-583,1142-1156; pillow-rs/src/image.rs:4299-4365; pillow-rs/src/ops/convert.rs:13-35,158-226,258-265,349-415,509-524,821-826; pillow-rs-py/src/lib.rs:738-768,1502-1505,3923-3967; pillow-rs-py/python/pillow_rs/imagecolor.py:1-11; Pillow 12.2.0 Image.py/ImageColor.py",luna-033-034,complete,"Luna verification: assigned range remains mixed, but invalid ImageColor mode is a separate public fix candidate at color.rs:579-582.",dbf551d1-12ce-4a17-84ff-79835939ff9e,cfa9906d-c8f9-4c12-b34b-ef226035d5d7,cb6bdc19-2ffc-46a0-8095-5a800879f8f9,pillow-rs strict CPU SIMD GPU coverage 870a1f4fb,pillow-rs-current-cpu-simd-gpu-coverage-20260815,CPU+SIMD+GPU snapshot; GPU included per latest task scope; fontdone and image-slash-star excluded,ed3fb5a377cea66e64d68936df679aa7ff7d749e,870a1f4fb6d74bcd4849dea9ded09e4cdce5e5ee,supported,regions 56232/62303; lines 35005/38270; branches 5630/6738; functions 2731/3160,"MCP snapshot measured commit differs from run checkout commit; snapshot/run IDs, suite, and artifact path are recorded for audit.",mixed_reachable_defensive,pillow-rs/src/color.rs:579-582 (outside assigned range; invalid ImageColor mode),D-034,50,ranked_targets,Exactly 50 ranked targets returned; each row is one target. Region ranges are representative where MCP marks regions_truncated=true; region_count remains authoritative.
surface-035,pillow-rs/src/ops/imageops.rs,95;274;987,14,11,2,12,public imageops/validation,"PIL.ImageOps.pad, color-bearing imageops, and exif_transpose","pillow-rs-py/python/pillow_rs/imageops.py:63-75 -> pillow-rs-py/src/lib.rs:217-230,331-338,3544-3563,3630-3645 -> pillow-rs/src/ops/imageops.rs:762-820,979-987. String pad colors reach resolve_imageops_color; pad centering defaults become Values, not Default.","Pillow 12.2.0 ImageOps.pad defaults centering to (0.5,0.5), resolves string colors through ImageColor.getcolor, and exif_transpose removes orientation only after a valid orientation is found.","imageops.rs:95 is not reached through public pad because centering_from_python produces Scalar, Values, or Invalid; only fit_with_input normalizes Values to Default. Line :274 is publicly reachable for valid string colors. Line :987 is defensive because exif_remove_orientation follows valid TIFF orientation parsing. No first divergence.","Does public ImageOps.pad reach the Default centering arm, and does valid string-color resolution or EXIF short-data handling diverge from Pillow?","Keep centering, color, and EXIF validation behavior. No runtime fix or coverage-scope change.",mixed_reachable_defensive,not_a_bug,"pillow-rs/src/ops/imageops.rs:89,165,979; pillow-rs-py/src/lib.rs:217,3544-3563,3630-3645; pillow-rs-py/python/pillow_rs/imageops.py:63-75; Pillow 12.2.0 ImageOps.py pad/exif_transpose",luna-035-036,complete,"Luna verification: pad default arm is facade-unreachable, color resolution is public, EXIF short-data branch defensive; no parity bug.",dbf551d1-12ce-4a17-84ff-79835939ff9e,cfa9906d-c8f9-4c12-b34b-ef226035d5d7,cb6bdc19-2ffc-46a0-8095-5a800879f8f9,pillow-rs strict CPU SIMD GPU coverage 870a1f4fb,pillow-rs-current-cpu-simd-gpu-coverage-20260815,CPU+SIMD+GPU snapshot; GPU included per latest task scope; fontdone and image-slash-star excluded,ed3fb5a377cea66e64d68936df679aa7ff7d749e,870a1f4fb6d74bcd4849dea9ded09e4cdce5e5ee,supported,regions 56232/62303; lines 35005/38270; branches 5630/6738; functions 2731/3160,"MCP snapshot measured commit differs from run checkout commit; snapshot/run IDs, suite, and artifact path are recorded for audit.",mixed_reachable_defensive,none,none,50,ranked_targets,Exactly 50 ranked targets returned; each row is one target. Region ranges are representative where MCP marks regions_truncated=true; region_count remains authoritative.
surface-036,pillow-rs/src/raster/color/pixel_rgb.rs,157-161;165-174,15,0,3,2,typed pixel/generic,PIL Image.convert and RGBA pixel conversions to RGB/L/LA,Image.convert -> pillow-rs-py/python/pillow_rs/image.py:188-203 -> PyImage.convert -> Image::convert -> PipelineOp::Convert -> CPU/SIMD conversion paths. Image.getpixel uses PyImage::getpixel_formatted -> DynamicImage::get_pixel; the assigned Rgba<T> methods are not called by these Python paths.,"Pillow 12.2.0 Image.convert uses RGB-to-L ITU-R 601 luma, RGBA-to-RGB drops alpha, and RGBA-to-LA preserves alpha.",The assigned Rgba<T>::to_rgb/to_luma/to_luma_alpha methods are not reached by maintained Python conversion/getpixel paths. Generic buffer conversion uses destination FromColor; the methods are used by DynamicImage's Rust GenericImage::put_pixel implementation with no maintained Python/PyO3 chain. No first divergence.,"Are Rgba<T>::to_rgb, to_luma, and to_luma_alpha reachable through public Image.convert/getpixel, and do their channel semantics diverge from Pillow?",Retain generic methods and alpha/channel/luma semantics. No Rust fix; correct reachability rather than adding coverage inputs.,unreachable,not_a_bug,"pillow-rs/src/raster/color/pixel_rgb.rs:157-174; pillow-rs/src/raster/dynamic.rs:264-290,971; pillow-rs/src/raster/buffer.rs:1077; pillow-rs/src/compute/pool_cpu/ops/color.rs:13; pillow-rs-py/python/pillow_rs/image.py:188-203,240-242; Pillow 12.2.0 Image.py/Convert.c",luna-035-036,complete,Luna verification: assigned Rgba<T> methods are Rust-generic but not reached by maintained Python/PyO3 paths; no parity bug.,dbf551d1-12ce-4a17-84ff-79835939ff9e,cfa9906d-c8f9-4c12-b34b-ef226035d5d7,cb6bdc19-2ffc-46a0-8095-5a800879f8f9,pillow-rs strict CPU SIMD GPU coverage 870a1f4fb,pillow-rs-current-cpu-simd-gpu-coverage-20260815,CPU+SIMD+GPU snapshot; GPU included per latest task scope; fontdone and image-slash-star excluded,ed3fb5a377cea66e64d68936df679aa7ff7d749e,870a1f4fb6d74bcd4849dea9ded09e4cdce5e5ee,supported,regions 56232/62303; lines 35005/38270; branches 5630/6738; functions 2731/3160,"MCP snapshot measured commit differs from run checkout commit; snapshot/run IDs, suite, and artifact path are recorded for audit.",unreachable,none,none,50,ranked_targets,Exactly 50 ranked targets returned; each row is one target. Region ranges are representative where MCP marks regions_truncated=true; region_count remains authoritative.
surface-037,pillow-rs/src/ops/paste.rs,229,13,0,10,1,public paste/validation,"PIL.Image.Image.paste source, box, mask, and destination-mode inputs",pillow-rs-py/python/pillow_rs/image.py:205-213 -> PyO3 PyImage::paste at pillow-rs-py/src/lib.rs:771-783 -> Image::paste_with_input -> PasteSource::solid_color at pillow-rs/src/ops/paste.rs:108-232.,Pillow 12.2.0 Image.paste is implemented at PIL/Image.py:1841-1931 and dispatches constructible destination modes after source/box/mask normalization.,"paste.rs:229 is an internal defensive guard. Public Image.new/frombytes and decoded images produce only modes covered by preceding arms, including 1,L,P,LA,PA,RGB-family,CMYK,YCbCr,HSV,I,F,I;16 variants. No public first divergence.",Can a supported Python destination mode bypass exhaustive solid_color mode arms and reach the wildcard error? No.,Retain exhaustive destination-mode validation and final unsupported-mode ValueError guard. Do not broaden accepted modes without a Pillow mode/storage contract.,unreachable,not_a_bug,"pillow-rs-py/python/pillow_rs/image.py:205-213; pillow-rs-py/src/lib.rs:771-783; pillow-rs/src/ops/paste.rs:108-232,256-362; pillow-rs/src/image.rs:1320-1435,1521-1537; Pillow 12.2.0 PIL/Image.py:1841-1931",luna-037-038,complete,Luna verification: paste wildcard is unreachable from constructible public destination modes; no parity bug.,dbf551d1-12ce-4a17-84ff-79835939ff9e,cfa9906d-c8f9-4c12-b34b-ef226035d5d7,cb6bdc19-2ffc-46a0-8095-5a800879f8f9,pillow-rs strict CPU SIMD GPU coverage 870a1f4fb,pillow-rs-current-cpu-simd-gpu-coverage-20260815,CPU+SIMD+GPU snapshot; GPU included per latest task scope; fontdone and image-slash-star excluded,ed3fb5a377cea66e64d68936df679aa7ff7d749e,870a1f4fb6d74bcd4849dea9ded09e4cdce5e5ee,supported,regions 56232/62303; lines 35005/38270; branches 5630/6738; functions 2731/3160,"MCP snapshot measured commit differs from run checkout commit; snapshot/run IDs, suite, and artifact path are recorded for audit.",unreachable,none,none,50,ranked_targets,Exactly 50 ranked targets returned; each row is one target. Region ranges are representative where MCP marks regions_truncated=true; region_count remains authoritative.
surface-038,pillow-rs/src/compute/pool_cpu/ops/color.rs,133;153;174,13,2,0,5,public color/validation,"PIL Image.convert, remap_palette, and getchannel color operations",Convert: pillow-rs-py/python/pillow_rs/image.py:188-203 -> PyImage.convert -> Image::convert_with_input/convert -> eager Mode1/P handling or PipelineOp::Convert -> CPU registry op_convert. Remap: image.py:566-570 -> PyImage.remap_palette -> Image::remap_palette_with_source -> PipelineOp::RemapPalette -> CPU registry op_remap_palette. getchannel is separate: image.py:273-275 -> PyImage.getchannel -> PipelineOp::ExtractBand and does not reach the assigned lines.,"Pillow 12.2.0 Image.convert, remap_palette, and getchannel validate public mode/palette/band inputs before core operations.",color.rs:133 is a defensive Mode1/P CPU-kernel guard because public conversion eagerly handles targets 1/P. color.rs:153 and :174 are reachable through valid L/P remap_palette calls. No first divergence in the assigned ranges; getchannel is adjacent context only.,Are the Mode1/P guard and remap inverse-map branches incorrectly classified as unreachable? No; the row is mixed.,Keep eager public materialization for 1/P conversion and the defensive op_convert guard. Keep validated L/P remap_palette dispatch/inverse mapping; record getchannel as a separate ExtractBand path.,mixed_reachable_defensive,not_a_bug,"pillow-rs/src/compute/pool_cpu/ops/color.rs:13-184; pillow-rs/src/ops/convert.rs:509-731; pillow-rs/src/image.rs:5010-5062,5774-5868; pillow-rs/src/compute/registry.rs:1010-1048; pillow-rs-py/python/pillow_rs/image.py:188-203,566-570,273-275; pillow-rs-py/src/lib.rs:739-768,1156-1167,1392-1408; Pillow 12.2.0 Image.py",luna-037-038,complete,Luna verification: target color row is mixed reachable/defensive; getchannel uses separate ExtractBand; no assigned-range bug.,dbf551d1-12ce-4a17-84ff-79835939ff9e,cfa9906d-c8f9-4c12-b34b-ef226035d5d7,cb6bdc19-2ffc-46a0-8095-5a800879f8f9,pillow-rs strict CPU SIMD GPU coverage 870a1f4fb,pillow-rs-current-cpu-simd-gpu-coverage-20260815,CPU+SIMD+GPU snapshot; GPU included per latest task scope; fontdone and image-slash-star excluded,ed3fb5a377cea66e64d68936df679aa7ff7d749e,870a1f4fb6d74bcd4849dea9ded09e4cdce5e5ee,supported,regions 56232/62303; lines 35005/38270; branches 5630/6738; functions 2731/3160,"MCP snapshot measured commit differs from run checkout commit; snapshot/run IDs, suite, and artifact path are recorded for audit.",mixed_reachable_defensive,none,none,50,ranked_targets,Exactly 50 ranked targets returned; each row is one target. Region ranges are representative where MCP marks regions_truncated=true; region_count remains authoritative.
surface-039,pillow-rs/src/ops/module_fns.rs,172;280;313,10,6,0,5,binding/module dispatch,"PIL.Image.merge, composite, and eval/point module-level operations",operations.merge -> PyO3 image_merge -> merge_inputs -> merge; operations.composite -> PyO3 image_composite -> composite; operations.eval -> Image.point -> PyO3 point -> eval_callable/eval_validated -> eval_replicated.,Pillow 12.2.0 Image.merge validates mode/bands; composite copies/pastes with mask; eval delegates to point and uses point_transform for I/I;16/F callables.,"module_fns.rs:172 and :280 are reachable and their CMYK tagging/palette preservation match Pillow; :313 is defensive because public getbands yields 1-4 bands. Nearby public divergences occur first at validate_merge_shape :80-90, which accepts only five modes, and at PyO3 point :1326-1338, which always builds an 8-bit LUT for I/I;16/F callables while Pillow uses point_transform.",Does module_fns.rs need Pillow-compatible merge-mode coverage and mode-aware callable point/eval dispatch instead of rejecting supported modes and treating all callables as 8-bit LUTs?,"Retain CMYK metadata tagging, palette propagation, and the defensive band-count guard. Add supported Pillow merge modes and a core mode-aware point-transform path for I/I;16/F callables.",implementation_bug_candidate,needs_runtime_fix,"pillow-rs/src/ops/module_fns.rs:79-172,226-313,334-363; pillow-rs-py/python/pillow_rs/operations.py:52-67,124-126; pillow-rs-py/src/lib.rs:1318-1345,3846-3875; Pillow 12.2.0 Image.py merge/composite/eval and non-byte callable point probes",luna-039-040,complete,"Luna verification: assigned module branches are reachable/sound, but nearby merge-mode and non-byte callable point paths have public fix candidates; no files changed.",dbf551d1-12ce-4a17-84ff-79835939ff9e,cfa9906d-c8f9-4c12-b34b-ef226035d5d7,cb6bdc19-2ffc-46a0-8095-5a800879f8f9,pillow-rs strict CPU SIMD GPU coverage 870a1f4fb,pillow-rs-current-cpu-simd-gpu-coverage-20260815,CPU+SIMD+GPU snapshot; GPU included per latest task scope; fontdone and image-slash-star excluded,ed3fb5a377cea66e64d68936df679aa7ff7d749e,870a1f4fb6d74bcd4849dea9ded09e4cdce5e5ee,supported,regions 56232/62303; lines 35005/38270; branches 5630/6738; functions 2731/3160,"MCP snapshot measured commit differs from run checkout commit; snapshot/run IDs, suite, and artifact path are recorded for audit.",mixed_reachable_defensive,pillow-rs/src/ops/module_fns.rs:80-90 and pillow-rs-py/src/lib.rs:1326-1338 (nearby public divergences),D-039,50,ranked_targets,Exactly 50 ranked targets returned; each row is one target. Region ranges are representative where MCP marks regions_truncated=true; region_count remains authoritative.
surface-040,pillow-rs/src/ops/array.rs,306;319;324,10,2,7,3,array/validation,"PIL.Image.fromarray array-interface dtype, shape, and mode inputs",Image.fromarray -> operations.fromarray -> PyO3 fromarray -> array_interface_descriptor/array_interface_bytes -> resolve_array_layout -> from_resolved_array_interface -> normalize_scalar_array.,"Pillow 12.2.0 Image.fromarray resolves __array_interface__, honors shape/type/raw-mode mapping, and uses obj.tobytes() or obj.tostring() when strides are present.","array.rs:306 and :319 are unreachable for resolver-produced scalar layouts because preceding raw-mode mapping exhausts their arms. :324 is only reached for malformed/custom layouts or unsupported explicit scalar raw-mode strings; normal RGB/LA/L/1 fallback returns earlier. A public divergence occurs earlier for strided array-interface objects with tobytes but no buffer: Pillow succeeds at Image.py:3449-3456, while Rust diverges at PyO3 array_interface_bytes :1756-1773.",Does the PyO3 boundary need Pillow's strides-driven tobytes/tostring fallback instead of requiring every array-interface object to support the buffer protocol?,Make no change to normalize_scalar_array. Extend the binding descriptor/marshalling contract to carry strides and use tobytes/tostring for strided objects; leave scalar normalization/frombytes fallback in core.,implementation_bug_candidate,needs_runtime_fix,"pillow-rs/src/ops/array.rs:171-265,268-327; pillow-rs-py/python/pillow_rs/image.py:522-526; pillow-rs-py/python/pillow_rs/operations.py:80-85; pillow-rs-py/src/lib.rs:1756-1805; Pillow 12.2.0 Image.py:3412-3458; custom strided-array-interface probe",luna-039-040,complete,"Luna verification: array target range is mixed/defensive, with a public strides/tobytes divergence at the earlier PyO3 boundary; no files changed.",dbf551d1-12ce-4a17-84ff-79835939ff9e,cfa9906d-c8f9-4c12-b34b-ef226035d5d7,cb6bdc19-2ffc-46a0-8095-5a800879f8f9,pillow-rs strict CPU SIMD GPU coverage 870a1f4fb,pillow-rs-current-cpu-simd-gpu-coverage-20260815,CPU+SIMD+GPU snapshot; GPU included per latest task scope; fontdone and image-slash-star excluded,ed3fb5a377cea66e64d68936df679aa7ff7d749e,870a1f4fb6d74bcd4849dea9ded09e4cdce5e5ee,supported,regions 56232/62303; lines 35005/38270; branches 5630/6738; functions 2731/3160,"MCP snapshot measured commit differs from run checkout commit; snapshot/run IDs, suite, and artifact path are recorded for audit.",mixed_reachable_defensive,pillow-rs-py/src/lib.rs:1756-1773 (strided array-interface tobytes/tostring fallback),D-040,50,ranked_targets,Exactly 50 ranked targets returned; each row is one target. Region ranges are representative where MCP marks regions_truncated=true; region_count remains authoritative.
surface-041,pillow-rs/src/ops/crop.rs,none (MCP insight had no representative region),6,0,6,0,public crop candidate,Image.crop public boxes and edge cases,pillow_rs.Image.crop -> pillow-rs-py/python/pillow_rs/image.py:167-168 -> PyImage::crop -> Image::crop_float -> Image::crop -> crop_signed/crop_box/crop_canvas in pillow-rs/src/ops/crop.rs,"Pillow 12.2.0 PIL/Image.py:1370-1416; _decompression_bomb_check at 3560-3579. Negative/out-of-bounds padding, zero-size crops, ties-to-even rounding, and warning/error thresholds are public behavior.","crop.rs is reachable through supported public boxes. Normal pixels and edge padding work, but Rust only raises above 2*MAX_IMAGE_PIXELS while Pillow emits DecompressionBombWarning above MAX_IMAGE_PIXELS. The facade exports only DecompressionBombError. The f64-only PyO3 tuple also risks losing Pillow's arbitrary-integer box behavior.","Is crop.rs unreachable? No. Is it fully Pillow-parity correct? No: warning propagation is missing, with an additional large-integer boundary risk.","Return host-neutral crop-warning metadata from core alongside the image, preserving Pillow extent-check ordering and thresholds. Have PyO3 emit the compatible Python warning/category. Preserve exact integer inputs where possible instead of forcing all coordinates through f64; retain ties-to-even rounding and signed clipping/canvas logic.",implementation_bug_candidate,needs_runtime_fix,"pillow-rs/src/ops/crop.rs:26-34,64-190; pillow-rs-py/python/pillow_rs/image.py:167-168; pillow-rs-py/src/lib.rs:698-703,1883-1887; .venv/lib/python3.12/site-packages/PIL/Image.py:1370-1416,3560-3579; 178956970/178956971-pixel crop warning/error probes",luna-041-042,complete,Luna investigator: crop is public and has a confirmed warning/error parity gap plus large-integer boundary risk; no files changed.,dbf551d1-12ce-4a17-84ff-79835939ff9e,cfa9906d-c8f9-4c12-b34b-ef226035d5d7,cb6bdc19-2ffc-46a0-8095-5a800879f8f9,pillow-rs strict CPU SIMD GPU coverage 870a1f4fb,pillow-rs-current-cpu-simd-gpu-coverage-20260815,CPU+SIMD+GPU snapshot; GPU included per latest task scope; fontdone and image-slash-star excluded,ed3fb5a377cea66e64d68936df679aa7ff7d749e,870a1f4fb6d74bcd4849dea9ded09e4cdce5e5ee,supported,regions 56232/62303; lines 35005/38270; branches 5630/6738; functions 2731/3160,"MCP snapshot measured commit differs from run checkout commit; snapshot/run IDs, suite, and artifact path are recorded for audit.",reachable,pillow-rs/src/ops/crop.rs:26-34 -> pillow-rs-py/src/lib.rs:698-703,D-041,50,ranked_targets,Exactly 50 ranked targets returned; each row is one target. Region ranges are representative where MCP marks regions_truncated=true; region_count remains authoritative.
surface-042,pillow-rs/src/raster/color/pixel_luma.rs,14-16;135-137,6,0,2,2,typed pixel/generic,public L/Luma pixel and conversion paths,Public L/LA creation or conversion -> PyO3 Image methods -> Image materialization/conversion -> DynamicImage::to_generic -> ConvertBuffer::convert -> FromColor implementations -> Luma/LumaA pixel accessors,Pillow 12.2.0 Image.convert supports L/LA conversions: L->LA preserves luma and adds 255 alpha; LA->L drops alpha; RGB/RGBA->LA uses ITU-R 601 luma and preserves alpha.,The target Luma::channels and LumaA::channels_mut accessors are reachable through public conversion and pixel-operation paths. They are generic slice accessors with no observed parity divergence; their uncovered status reflects monomorphization/coverage accounting rather than an unreachable public surface.,Are these residual lines dead or defensive-only? No. Are they an independent parity bug? No; they are generic accessors whose execution depends on conversion direction and monomorphization.,"Keep the accessors unchanged. If coverage evidence is desired, use supported public L->LA/LA->L or RGB/RGBA->LA cases that exercise the generic instantiations; do not add internal-only tests or alter denominator policy.",reachable_zero_gain,not_a_bug,"pillow-rs/src/raster/color/pixel_luma.rs:9-20,126-137; pillow-rs/src/raster/color/from_color.rs:13-30,58-103; pillow-rs/src/raster/dynamic.rs:225-290; pillow-rs-py/python/pillow_rs/image.py:188-203; Pillow 12.2.0 L/LA/RGBA conversion probes",luna-041-042,complete,Luna investigator: Luma accessors are public-path reachable generic code with zero observed parity gain; no files changed.,dbf551d1-12ce-4a17-84ff-79835939ff9e,cfa9906d-c8f9-4c12-b34b-ef226035d5d7,cb6bdc19-2ffc-46a0-8095-5a800879f8f9,pillow-rs strict CPU SIMD GPU coverage 870a1f4fb,pillow-rs-current-cpu-simd-gpu-coverage-20260815,CPU+SIMD+GPU snapshot; GPU included per latest task scope; fontdone and image-slash-star excluded,ed3fb5a377cea66e64d68936df679aa7ff7d749e,870a1f4fb6d74bcd4849dea9ded09e4cdce5e5ee,supported,regions 56232/62303; lines 35005/38270; branches 5630/6738; functions 2731/3160,"MCP snapshot measured commit differs from run checkout commit; snapshot/run IDs, suite, and artifact path are recorded for audit.",reachable_zero_gain,none identified in assigned ranked ranges,none,50,ranked_targets,Exactly 50 ranked targets returned; each row is one target. Region ranges are representative where MCP marks regions_truncated=true; region_count remains authoritative.
surface-043,pillow-rs/src/compute/pool_cpu/ops/enhance.rs,135;169,4,4,2,2,public enhance/validation,public ImageEnhance operations,pillow-rs-py/python/pillow_rs/imageenhance.py -> PyO3 ImageEnhance binding -> ops/enhance.rs queues Contrast -> compute registry -> op_enhance_contrast; CMYK reaches cmyk_to_grayscale and other modes reach pil_grayscale,"Pillow 12.2.0 ImageEnhance.Contrast converts to L, computes mean, and accepts zero-sized images with mean 0. Zero-area Contrast enhancement succeeds for L/RGB/RGBA/CMYK/LA.","enhance.rs:135 and :169 are intended empty-image paths, but Rust reaches color.rs CheckedDims validation first; zero dimensions are rejected before n==0. Supported public empty images therefore fail before the target branches, which is a public parity divergence rather than an unreachable input.",Should the n==0 branches be treated as dead defensive code? No. Pillow's public contract requires zero-area contrast enhancement to return an empty image.,"Add a narrow zero-area fast path in pil_grayscale_inner and cmyk_to_grayscale before CheckedDims::new, returning a valid empty GrayImage with preserved dimensions. Let op_enhance_contrast compute mean 0 and preserve source mode/alpha without changing global dimension validation.",implementation_bug_candidate,needs_runtime_fix,"pillow-rs/src/compute/pool_cpu/ops/enhance.rs:128-136,161-170; pillow-rs/src/color.rs:298-305,326-334; pillow-rs-py/src/lib.rs:546-576; .venv/lib/python3.12/site-packages/PIL/ImageEnhance.py:63-81; zero-sized Contrast probe",luna-043-044,complete,"Luna investigator: public zero-area Contrast reaches an earlier dimension rejection, diverging from Pillow; no files changed.",dbf551d1-12ce-4a17-84ff-79835939ff9e,cfa9906d-c8f9-4c12-b34b-ef226035d5d7,cb6bdc19-2ffc-46a0-8095-5a800879f8f9,pillow-rs strict CPU SIMD GPU coverage 870a1f4fb,pillow-rs-current-cpu-simd-gpu-coverage-20260815,CPU+SIMD+GPU snapshot; GPU included per latest task scope; fontdone and image-slash-star excluded,ed3fb5a377cea66e64d68936df679aa7ff7d749e,870a1f4fb6d74bcd4849dea9ded09e4cdce5e5ee,supported,regions 56232/62303; lines 35005/38270; branches 5630/6738; functions 2731/3160,"MCP snapshot measured commit differs from run checkout commit; snapshot/run IDs, suite, and artifact path are recorded for audit.",reachable,"pillow-rs/src/color.rs:298-305,326-334 before target contrast branches",D-043,50,ranked_targets,Exactly 50 ranked targets returned; each row is one target. Region ranges are representative where MCP marks regions_truncated=true; region_count remains authoritative.
surface-044,pillow-rs-py/src/putdata.rs,none (MCP insight had no representative region),3,0,3,0,binding/putdata,Image.putdata public sequence inputs,pillow-rs-py/python/pillow_rs/image.py:309-311 -> PyO3 lib.rs:1467-1474 -> putdata.rs binding; sequence validation -> putdata_bulk/exact/generic sequence -> Image::putdata_value_at or Image::putdata_input,"Pillow 12.2.0 Image.putdata delegates to ImagingCore.putdata. Per-item coercion/write ordering is observable, and custom scalar objects are rejected for RGB multiband input.","All three binding paths are publicly reachable: exact numeric list/tuple reaches putdata_bulk, exact non-bulk values reach putdata_exact_sequence, and custom __getitem__ sequences reach putdata_generic_sequence. The first divergence is putdata.rs:108-125: container exactness is treated as sufficient, so custom elements are coerced in a bulk Vec before any writes. Pillow observes callbacks after earlier pixels are written and rejects custom scalar objects in RGB/RGBA.",Does an exact built-in list or tuple guarantee callback-free numeric elements? No. The bulk predicate incorrectly assumes container exactness makes element coercion side-effect-free.,"Keep sequence and oversized-length preflight. Restrict putdata_bulk to exact built-in primitive numeric elements; if any element is a subclass/custom object, fall back to sequential write_item coercion. Preserve callback-visible write order and Pillow's multiband rejection without changing core algorithms.",implementation_bug_candidate,needs_runtime_fix,"pillow-rs-py/python/pillow_rs/image.py:309-311; pillow-rs-py/src/lib.rs:1467-1474; pillow-rs-py/src/putdata.rs:87-128,131-189,192-245; pillow-rs/src/image.rs:4764-4779,4904-5001; .venv/lib/python3.12/site-packages/PIL/Image.py:2104-2126; custom __index__/RGB scalar probes",luna-043-044,complete,Luna investigator: public putdata bulk classification causes callback-order and custom-element parity divergences; no files changed.,dbf551d1-12ce-4a17-84ff-79835939ff9e,cfa9906d-c8f9-4c12-b34b-ef226035d5d7,cb6bdc19-2ffc-46a0-8095-5a800879f8f9,pillow-rs strict CPU SIMD GPU coverage 870a1f4fb,pillow-rs-current-cpu-simd-gpu-coverage-20260815,CPU+SIMD+GPU snapshot; GPU included per latest task scope; fontdone and image-slash-star excluded,ed3fb5a377cea66e64d68936df679aa7ff7d749e,870a1f4fb6d74bcd4849dea9ded09e4cdce5e5ee,supported,regions 56232/62303; lines 35005/38270; branches 5630/6738; functions 2731/3160,"MCP snapshot measured commit differs from run checkout commit; snapshot/run IDs, suite, and artifact path are recorded for audit.",reachable,pillow-rs-py/src/putdata.rs:108-125,D-044,50,ranked_targets,Exactly 50 ranked targets returned; each row is one target. Region ranges are representative where MCP marks regions_truncated=true; region_count remains authoritative.
surface-045,pillow-rs/src/ops/param_filters.rs,none (MCP insight had no representative region),2,0,2,0,filter/parameters,public filter parameter inputs,pillow_rs.Image.filter -> PyImage.filter -> ImageFilter._apply -> PyO3 parameter methods -> ops/param_filters.rs -> PipelineOp -> CPU/SIMD execution,Pillow 12.2.0 ImageFilter Max/Min/Median/Rank reject zero/even sizes; Rank rejects out-of-range ranks; ModeFilter size 0 is identity; GaussianBlur/BoxBlur accept radius sequences; BoxBlur rejects negative radii.,"The public surface is reachable, but Rust normalizes sizes with size.max(3)|1, clamps ranks, casts negative BoxBlur radii to zero, and rejects tuple radii at PyO3 although Pillow accepts them. These inputs return images or wrong exceptions/results instead of Pillow semantics. ModeFilter size 0 also diverges from identity.","Does the Rust boundary need Pillow-compatible validation and parameter representation instead of silently normalizing sizes, clamping ranks, and narrowing radii?","Add shared signed-input validation before queuing: reject nonpositive/even rank-family sizes and out-of-range ranks, preserve ModeFilter zero/negative/even semantics, allow negative values to reach core validation with Pillow-compatible ValueError, reject negative BoxBlur radii, and represent scalar/sequence blur radii explicitly if the API retains Pillow compatibility.",implementation_bug_candidate,needs_runtime_fix,"pillow-rs/src/ops/param_filters.rs:276-297,324-361,372-508; pillow-rs-py/src/lib.rs:1061-1136; pillow-rs-py/python/pillow_rs/imagefilter.py:57-127; .venv/lib/python3.12/site-packages/PIL/ImageFilter.py:47-51,88-110,123-173,187-228,248-256; invalid/even/zero/radius probes",luna-045-046,complete,Luna investigator: public filter parameter normalization diverges broadly from Pillow; no files changed.,dbf551d1-12ce-4a17-84ff-79835939ff9e,cfa9906d-c8f9-4c12-b34b-ef226035d5d7,cb6bdc19-2ffc-46a0-8095-5a800879f8f9,pillow-rs strict CPU SIMD GPU coverage 870a1f4fb,pillow-rs-current-cpu-simd-gpu-coverage-20260815,CPU+SIMD+GPU snapshot; GPU included per latest task scope; fontdone and image-slash-star excluded,ed3fb5a377cea66e64d68936df679aa7ff7d749e,870a1f4fb6d74bcd4849dea9ded09e4cdce5e5ee,supported,regions 56232/62303; lines 35005/38270; branches 5630/6738; functions 2731/3160,"MCP snapshot measured commit differs from run checkout commit; snapshot/run IDs, suite, and artifact path are recorded for audit.",reachable,"pillow-rs/src/ops/param_filters.rs:276-297,324-361",D-045,50,ranked_targets,Exactly 50 ranked targets returned; each row is one target. Region ranges are representative where MCP marks regions_truncated=true; region_count remains authoritative.
surface-046,pillow-rs/src/ops/enhance.rs,13,1,1,0,1,public enhance/validation,public ImageEnhance operations,"ImageEnhance.Sharpness.__init__ -> pillow-rs-py facade -> PyImage.validate_filter -> Image::validate_filter in ops/filter.rs, before Sharpness.enhance calls PyImage.enhance_sharpness -> ops/enhance.rs",Pillow 12.2.0 ImageEnhance.Sharpness constructs data with image.filter(ImageFilter.SMOOTH); ImageFilter rejects palette images with ValueError('cannot filter palette images').,"ops/enhance.rs:13 is not reached through the supported Sharpness facade because P-mode input is rejected earlier by validate_filter, matching Pillow. A direct internal core call reaches the duplicate guard and returns the same ValueError; the target is defensive rather than a missing public case.",Is enhance.rs:13 a public parity defect? No; it is a preserved low-level guard after the supported facade enforces the same mode rule.,Keep the shared palette-mode guard for direct or alternate binding calls. Do not add public fixtures or alter validation just to force coverage; optional refactoring may centralize the policy while preserving error behavior and early validation.,unreachable,not_a_bug,"pillow-rs/src/ops/enhance.rs:7-18,70-72; pillow-rs/src/ops/filter.rs:122-144; pillow-rs-py/python/pillow_rs/imageenhance.py:32-42; pillow-rs-py/src/lib.rs:834-835,1446-1451; Pillow 12.2.0 Sharpness(P) and direct-core probes",luna-045-046,complete,Luna investigator: Sharpness target is a duplicate defensive guard; public facade rejects P earlier with matching Pillow behavior.,dbf551d1-12ce-4a17-84ff-79835939ff9e,cfa9906d-c8f9-4c12-b34b-ef226035d5d7,cb6bdc19-2ffc-46a0-8095-5a800879f8f9,pillow-rs strict CPU SIMD GPU coverage 870a1f4fb,pillow-rs-current-cpu-simd-gpu-coverage-20260815,CPU+SIMD+GPU snapshot; GPU included per latest task scope; fontdone and image-slash-star excluded,ed3fb5a377cea66e64d68936df679aa7ff7d749e,870a1f4fb6d74bcd4849dea9ded09e4cdce5e5ee,supported,regions 56232/62303; lines 35005/38270; branches 5630/6738; functions 2731/3160,"MCP snapshot measured commit differs from run checkout commit; snapshot/run IDs, suite, and artifact path are recorded for audit.",unreachable,none identified in assigned ranked ranges,none,50,ranked_targets,Exactly 50 ranked targets returned; each row is one target. Region ranges are representative where MCP marks regions_truncated=true; region_count remains authoritative.
surface-047,pillow-rs/src/raster/traits/view.rs,93,1,1,0,1,typed view/validation,public pixel view and image access,"No supported Python facade reaches this default iterator. Image.getdata/getcolors route through PyO3 to Image::getdata/getcolors, but matched ImageBuffer values use buffer::Pixels rather than traits::view::Pixels; GenericImageView is Rust-reexported only.",Pillow 12.2.0 Image.getdata/getcolors/getpixel use ImagingCore and PixelAccess; public values returned by these methods match concrete buffer semantics.,"view.rs:93 is the normal termination branch of the generic Rust trait iterator. Supported Python inputs use the concrete ImageBuffer iterator at buffer.rs:666-672, so no public Python path reaches the target branch or slice-bound behavior.",Does any supported Python operation invoke GenericImageView::pixels rather than the concrete ImageBuffer::pixels implementation?,"Keep iterator termination and bounds logic unchanged. If direct coverage is required, use Rust-only GenericImageView callers or expand scope; do not alter Python behavior, fixtures, or thresholds.",unreachable,not_a_bug,"pillow-rs/src/raster/traits/view.rs:43-53,83-100; pillow-rs/src/raster/buffer.rs:661-672; pillow-rs/src/image.rs:4523-4555,5150-5230; pillow-rs-py/python/pillow_rs/image.py:285-307; pillow-rs-py/src/lib.rs:1236-1290; Pillow 12.2.0 getdata/getcolors probes",luna-047-048,complete,Luna investigator: generic view iterator is not reached by supported Python paths; no files changed.,dbf551d1-12ce-4a17-84ff-79835939ff9e,cfa9906d-c8f9-4c12-b34b-ef226035d5d7,cb6bdc19-2ffc-46a0-8095-5a800879f8f9,pillow-rs strict CPU SIMD GPU coverage 870a1f4fb,pillow-rs-current-cpu-simd-gpu-coverage-20260815,CPU+SIMD+GPU snapshot; GPU included per latest task scope; fontdone and image-slash-star excluded,ed3fb5a377cea66e64d68936df679aa7ff7d749e,870a1f4fb6d74bcd4849dea9ded09e4cdce5e5ee,supported,regions 56232/62303; lines 35005/38270; branches 5630/6738; functions 2731/3160,"MCP snapshot measured commit differs from run checkout commit; snapshot/run IDs, suite, and artifact path are recorded for audit.",unreachable,none identified in assigned ranked ranges,none,50,ranked_targets,Exactly 50 ranked targets returned; each row is one target. Region ranges are representative where MCP marks regions_truncated=true; region_count remains authoritative.
surface-048,pillow-rs/src/ops/filter.rs,none (MCP insight had no representative region),1,0,1,0,public filter candidate,public ImageFilter inputs,Image.filter -> PyImage::filter -> ImageFilter._apply; built-in kernels -> PyImage::filter_name -> Image::filter -> PipelineOp::Filter3x3/Filter5x5; Kernel -> PyImage::kernel_filter -> Image::kernel_filter -> prepare_kernel/validate_kernel_coefficients; param filters route similarly.,"Pillow 12.2.0 Image.filter and ImageFilter require filter/filterargs semantics, preserve floating kernel scale/offset, and enforce per-filter mode restrictions.","The surface is publicly reachable. Rust truncates floating offset to i32 (for offset 1.9, target center 3 vs Pillow 4), clamps zero/negative scale to 0.0001 (target center 0 vs Pillow 255 for scale -1/0), and under-validates modes (PA BoxBlur and I GaussianBlur succeed in Rust but Pillow raises). The Python Kernel() constructor also accepts a form Pillow rejects.","Does the Rust filter boundary preserve Pillow floating-point kernel parameters and exact per-filter mode/error contracts, or does it truncate, clamp, or under-validate before execution?","Carry kernel scale and offset losslessly through PipelineOp, registry/cache keys, and CPU/SIMD executors, preserving Pillow arithmetic/rounding. Centralize a Pillow-versioned filter/mode matrix in validate_filter before queuing. Correct Kernel constructor arguments in the Python facade separately; that part is not a Rust-core change.",implementation_bug_candidate,needs_runtime_fix,"pillow-rs/src/ops/filter.rs:16-47,122-145,158-216,227-266; pillow-rs/src/pipeline.rs:130-148; pillow-rs/src/ops/param_filters.rs:267-566; pillow-rs-py/python/pillow_rs/image.py:224-225; pillow-rs-py/python/pillow_rs/imagefilter.py:7-127,130-216; pillow-rs-py/src/lib.rs:794-849,1061-1154; Pillow 12.2.0 filter source; kernel offset/scale and mode probes",luna-047-048,complete,Luna investigator: public filter execution exposes float-parameter and mode/error parity candidates; no files changed.,dbf551d1-12ce-4a17-84ff-79835939ff9e,cfa9906d-c8f9-4c12-b34b-ef226035d5d7,cb6bdc19-2ffc-46a0-8095-5a800879f8f9,pillow-rs strict CPU SIMD GPU coverage 870a1f4fb,pillow-rs-current-cpu-simd-gpu-coverage-20260815,CPU+SIMD+GPU snapshot; GPU included per latest task scope; fontdone and image-slash-star excluded,ed3fb5a377cea66e64d68936df679aa7ff7d749e,870a1f4fb6d74bcd4849dea9ded09e4cdce5e5ee,supported,regions 56232/62303; lines 35005/38270; branches 5630/6738; functions 2731/3160,"MCP snapshot measured commit differs from run checkout commit; snapshot/run IDs, suite, and artifact path are recorded for audit.",reachable,"pillow-rs/src/ops/filter.rs:30,236 and facade mode validation",D-048,50,ranked_targets,Exactly 50 ranked targets returned; each row is one target. Region ranges are representative where MCP marks regions_truncated=true; region_count remains authoritative.
surface-049,pillow-rs/src/ops/resize.rs,none (MCP insight had no representative region),1,0,1,0,public resize candidate,public resize inputs,pillow_rs.Image.resize/thumbnail and operations.resize/thumbnail -> Python _rust_image methods -> PyImage::resize/thumbnail -> Image::resize/thumbnail -> dimension normalization -> PipelineOp::Resize/Thumbnail -> lazy materialization,Pillow 12.2.0 PIL/Image.py:2366 and :2876. Thumbnail checks bounds/source dimensions before aspect-ratio division and no-ops for empty sources in the probed cases.,"Resize normalization is publicly reachable and matches tested positive, non-positive, and >u32 inputs. Thumbnail diverges before Pillow's no-op check: Rust raises ZeroDivisionError for Image.new('RGB',(0,0)).thumbnail((0,2)), while Pillow returns None unchanged. Zero-width/nonempty cases can also produce different error classes.",Does thumbnail_dimensions apply zero/negative validation before Pillow's size-bound no-op and aspect-ratio control flow?,"Reorder thumbnail_dimensions to reproduce Pillow's pre-division no-op predicate using source dimensions, then preserve Pillow's division and final resize error ordering for zero-width/zero-height sources. Keep i64 validation before u32 clamping and the existing (0,0) no-op sentinel.",implementation_bug_candidate,needs_runtime_fix,"pillow-rs-py/python/pillow_rs/image.py:157-165,227-235; pillow-rs-py/src/lib.rs:683-696,952-962; pillow-rs/src/ops/resize.rs:78-112,125-255; .venv/lib/python3.12/site-packages/PIL/Image.py:2366,2876; empty-source and negative-bound thumbnail probes",luna-049-050,complete,Luna investigator: public thumbnail normalization diverges on empty/degenerate sources; no files changed.,dbf551d1-12ce-4a17-84ff-79835939ff9e,cfa9906d-c8f9-4c12-b34b-ef226035d5d7,cb6bdc19-2ffc-46a0-8095-5a800879f8f9,pillow-rs strict CPU SIMD GPU coverage 870a1f4fb,pillow-rs-current-cpu-simd-gpu-coverage-20260815,CPU+SIMD+GPU snapshot; GPU included per latest task scope; fontdone and image-slash-star excluded,ed3fb5a377cea66e64d68936df679aa7ff7d749e,870a1f4fb6d74bcd4849dea9ded09e4cdce5e5ee,supported,regions 56232/62303; lines 35005/38270; branches 5630/6738; functions 2731/3160,"MCP snapshot measured commit differs from run checkout commit; snapshot/run IDs, suite, and artifact path are recorded for audit.",reachable,pillow-rs/src/ops/resize.rs:171-175,D-049,50,ranked_targets,Exactly 50 ranked targets returned; each row is one target. Region ranges are representative where MCP marks regions_truncated=true; region_count remains authoritative.
surface-050,pillow-rs/src/pipeline.rs,930,1,0,0,1,pipeline/validation,public lazy pipeline composition,"Image.putdata -> PyImage::putdata_formatted -> putdata adapter -> Image::putdata_value_kind/putdata_input/putdata_values, and Image.putalpha -> PyImage::putalpha_input -> Image::putalpha/putalpha_data -> PixelMode::from_name -> PipelineOp::PutData/PutAlpha; line 930 is only an unsupported-mode fallback.",Pillow 12.2.0 Image.putdata and putalpha delegate mode/storage handling to ImagingCore.,The pipeline.rs:930 fallback is not reachable through supported public inputs. All public Rust-created modes are represented by PixelMode or intercepted first. I;16 variants have dedicated putdata branches; putalpha rejects them before from_name. Arbitrary explicit modes cannot be constructed through the public facade.,Is PixelMode::from_name's None branch a defensive guard for an impossible/internal mode string rather than a public pipeline path?,"Keep the fallback as a conservative ValueError guard. Preserve mode-specific handling before enum conversion, especially existing I;16 paths. Extend PixelMode and pipeline representation only if a new mode becomes intentionally supported.",unreachable,not_a_bug,"pillow-rs/src/pipeline.rs:914-930; pillow-rs/src/image.rs:4634-4692,4700-4712,4904-4941,5074-5087,5115-5125; pillow-rs-py/src/putdata.rs:87-128,217-246; pillow-rs-py/src/lib.rs:1174-1183,1467-1474; Pillow 12.2.0 I;16 putdata/putalpha probes",luna-049-050,complete,Luna investigator: pipeline fallback is an internal defensive state; no supported public route or coverage gain identified.,dbf551d1-12ce-4a17-84ff-79835939ff9e,cfa9906d-c8f9-4c12-b34b-ef226035d5d7,cb6bdc19-2ffc-46a0-8095-5a800879f8f9,pillow-rs strict CPU SIMD GPU coverage 870a1f4fb,pillow-rs-current-cpu-simd-gpu-coverage-20260815,CPU+SIMD+GPU snapshot; GPU included per latest task scope; fontdone and image-slash-star excluded,ed3fb5a377cea66e64d68936df679aa7ff7d749e,870a1f4fb6d74bcd4849dea9ded09e4cdce5e5ee,supported,regions 56232/62303; lines 35005/38270; branches 5630/6738; functions 2731/3160,"MCP snapshot measured commit differs from run checkout commit; snapshot/run IDs, suite, and artifact path are recorded for audit.",unreachable,none identified in assigned ranked ranges,none,50,ranked_targets,Exactly 50 ranked targets returned; each row is one target. Region ranges are representative where MCP marks regions_truncated=true; region_count remains authoritative.
